Date,AAPL,ADBE,ADI,ADP,AMAT,AMD,AMGN,AMZN,APP,ASML,AVGO,BKNG,CEG,CMCSA,COST,CRWD,CSCO,GILD,GOOG,GOOGL,HON,INTC,INTU,ISRG,KLAC,LIN,LRCX,MAR,MELI,META,MRVL,MSFT,MU,NFLX,NVDA,ORLY,PANW,PEP,PLTR,QCOM,REGN,SBUX,SHOP,STX,TMUS,TSLA,TXN,VRTX,WDC,WMT
2021-01-04,125.86,485.34,133.39,151.06,83.09,92.30,192.31,159.33,,477.32,38.17,2124.39,,40.69,359.20,200.49,38.04,49.33,85.71,85.60,176.12,44.90,359.56,266.67,246.35,240.73,45.21,120.10,1640.00,266.85,45.39,208.41,72.22,52.29,13.08,30.26,58.61,122.56,23.37,132.49,479.62,91.53,109.24,50.95,127.33,243.26,139.82,229.43,39.31,45.54
2021-01-05,127.41,485.69,135.78,150.64,85.70,92.77,193.24,160.93,,482.44,38.43,2147.94,,40.45,355.03,211.24,38.05,49.24,86.34,86.29,176.55,45.75,356.82,268.35,251.52,244.51,46.77,121.37,1650.00,268.86,46.66,208.61,75.35,52.08,13.37,30.09,58.36,122.92,24.60,135.99,480.21,91.83,111.87,51.02,126.77,245.04,140.85,228.58,39.93,45.30
2021-01-06,123.12,466.31,136.39,150.11,86.87,90.33,197.90,156.92,,467.98,38.19,2208.55,,40.92,349.63,208.85,38.42,50.84,86.06,85.44,179.77,46.20,349.21,264.26,250.97,252.54,46.96,124.54,1571.98,261.26,45.59,203.20,75.20,50.05,12.58,31.01,57.55,121.42,23.54,134.89,466.94,92.50,108.73,50.78,126.46,251.99,141.55,226.65,40.20,45.58
2021-01-07,127.33,477.74,142.15,150.96,90.44,95.16,198.55,158.11,,478.68,39.80,2198.77,,41.00,347.64,221.47,38.90,51.31,88.63,87.99,180.06,47.18,356.59,269.40,263.25,251.81,48.66,125.47,1597.97,266.65,48.05,208.98,77.15,50.89,13.31,31.33,60.52,121.03,25.00,138.91,477.97,91.75,115.95,50.98,128.06,272.01,144.75,232.90,41.20,45.58
2021-01-08,128.42,485.10,143.18,152.92,91.40,94.58,202.35,159.13,,485.66,40.01,2239.70,,41.71,349.55,223.73,38.99,51.73,89.62,89.15,177.88,46.69,362.81,272.92,267.98,251.51,47.44,124.83,1719.00,265.49,48.10,210.25,75.51,51.04,13.24,31.86,61.09,122.48,25.20,139.75,495.38,93.81,118.89,50.04,129.86,293.34,147.53,237.00,39.00,45.57
2021-01-11,125.44,474.24,144.61,150.65,93.69,97.25,201.57,155.71,,484.91,40.02,2180.53,,41.70,343.95,232.24,39.25,51.30,87.62,87.09,176.46,46.59,360.76,271.22,273.59,248.84,48.85,123.84,1761.55,254.84,49.24,208.22,76.73,49.91,13.58,32.26,60.80,120.71,25.93,139.28,499.55,92.86,117.76,49.80,127.81,270.40,147.66,234.64,38.80,45.78
2021-01-12,125.26,471.65,145.33,151.14,95.65,95.36,200.74,156.04,,490.62,40.34,2156.06,,40.47,344.13,233.59,39.62,50.95,86.62,86.16,176.90,48.13,354.29,262.81,275.37,248.00,50.73,122.62,1810.09,249.13,49.63,205.76,77.50,49.42,13.45,33.03,61.75,120.15,26.18,137.80,502.36,91.28,118.82,50.06,123.73,283.15,148.51,229.38,37.56,46.30
2021-01-13,127.30,472.05,144.77,147.21,93.78,91.78,201.71,158.29,,490.74,40.51,2142.40,,40.59,346.73,226.42,39.25,50.50,87.01,86.65,175.33,51.48,353.60,270.48,274.52,249.03,49.79,121.77,1798.19,249.68,49.24,207.11,77.94,50.78,13.49,32.19,60.97,121.13,25.50,140.45,508.46,91.34,119.98,50.79,123.55,284.80,147.74,227.10,37.23,45.83
2021-01-14,125.37,463.27,145.67,144.75,101.19,90.79,205.04,156.37,,519.94,40.58,2142.56,,40.13,342.38,225.62,39.07,51.21,86.30,85.84,176.68,53.56,354.14,265.71,287.56,245.27,52.75,124.10,1852.53,243.73,50.29,203.94,79.29,50.09,13.16,31.43,60.53,120.43,24.92,143.51,514.43,90.39,117.89,50.85,119.89,281.67,148.00,226.12,37.91,45.68
2021-01-15,123.65,458.08,144.11,144.05,98.65,88.21,208.29,155.21,,503.57,40.03,2080.37,,39.41,342.20,219.51,39.31,51.97,86.10,85.67,174.44,52.05,359.47,259.47,287.80,240.06,51.78,122.05,1851.78,249.40,49.76,203.58,78.73,49.80,12.82,31.11,60.81,120.11,25.64,140.15,514.45,90.85,117.05,51.32,122.38,275.39,145.83,225.55,38.54,44.95
2021-01-19,124.32,456.50,146.66,144.82,104.46,89.45,210.64,156.04,,524.57,41.23,2123.37,,39.53,334.93,221.92,39.10,55.04,88.81,88.49,175.11,52.42,372.97,259.47,297.22,240.95,54.86,122.11,1913.21,259.07,52.74,207.21,83.39,50.18,12.99,30.93,60.67,120.68,26.62,146.11,530.31,91.03,117.40,51.92,124.85,281.52,150.14,231.91,39.13,44.57
2021-01-20,128.40,469.73,146.01,145.15,103.14,88.75,214.12,163.17,,524.46,41.46,2120.44,,39.56,341.39,226.33,39.23,55.80,93.58,93.23,176.23,53.04,377.34,266.19,287.99,239.42,53.25,121.98,1984.34,265.40,53.01,214.77,81.44,58.63,13.33,31.08,61.76,120.06,26.34,146.85,538.63,93.63,120.10,52.09,127.20,283.48,149.40,236.70,39.00,45.22
2021-01-21,133.11,472.02,145.51,143.97,103.27,91.53,213.84,165.35,,544.85,41.91,2071.25,,39.76,342.80,221.00,39.03,54.97,93.79,93.44,173.81,56.47,369.87,266.22,288.81,235.51,53.36,121.88,1940.19,270.75,52.43,215.38,82.91,57.98,13.83,31.40,60.94,118.60,25.98,146.98,531.89,92.84,119.82,53.38,125.38,281.66,150.92,238.64,40.27,45.02
2021-01-22,135.25,472.44,142.12,144.82,101.70,92.79,215.08,164.61,,543.62,41.75,2028.35,,39.40,342.33,223.52,38.74,54.94,94.28,93.85,171.29,51.22,363.19,248.03,288.63,233.91,53.33,118.30,1965.05,272.36,51.57,216.31,80.25,56.52,13.67,30.49,60.77,117.73,32.58,144.91,534.17,92.25,119.67,50.89,125.34,282.21,148.95,237.59,38.16,45.48
2021-01-25,139.00,473.44,140.43,146.33,103.41,94.13,218.14,164.70,,541.86,41.73,1981.41,,39.63,341.93,217.49,38.96,55.94,94.20,93.94,170.97,50.12,362.78,250.67,292.32,235.44,53.70,115.14,1880.00,275.85,53.35,219.74,79.27,55.68,13.61,30.00,60.13,119.08,36.23,146.67,544.52,91.84,120.59,51.90,126.05,293.60,149.04,241.31,38.59,45.44
2021-01-26,139.23,476.28,141.54,147.09,100.93,94.71,219.41,166.31,,524.10,41.64,1946.79,,40.54,344.86,206.80,39.16,54.74,95.08,94.62,170.28,49.91,363.14,256.55,287.25,237.98,52.27,115.93,1807.74,279.85,52.93,222.42,77.55,56.19,13.40,30.30,59.04,120.46,35.37,145.02,540.45,92.94,115.98,55.01,126.35,294.36,147.80,237.64,39.18,45.85
2021-01-27,138.16,460.00,134.72,148.11,94.29,88.84,213.01,161.63,,500.83,39.92,1851.50,,39.19,336.75,200.93,39.54,53.74,90.79,90.20,168.86,48.45,351.81,252.91,269.17,225.94,48.71,113.07,1718.70,270.02,50.12,222.97,73.23,52.33,12.88,28.56,55.86,117.27,39.00,137.10,512.10,86.89,109.21,60.83,118.52,288.05,140.43,225.25,40.03,44.71
2021-01-28,133.33,465.67,136.31,149.08,96.75,87.52,210.20,161.88,,522.40,40.55,1996.80,,41.76,337.38,212.49,39.23,53.08,92.40,91.90,171.79,50.69,358.44,255.12,275.47,232.11,47.98,116.19,1844.73,262.94,51.14,228.74,76.45,53.86,13.01,28.82,58.85,118.24,35.66,138.78,502.87,87.14,112.06,56.53,122.85,278.48,145.86,230.04,39.62,44.68
2021-01-29,128.34,458.77,134.59,147.62,92.47,85.64,204.84,160.31,,509.93,40.44,1908.67,,40.12,333.01,215.80,38.57,53.84,91.04,90.62,165.46,50.18,349.99,249.21,265.03,228.26,45.77,111.95,1779.51,256.32,50.44,222.07,76.34,53.24,12.95,28.36,58.46,116.02,35.18,139.43,500.46,85.95,109.86,56.08,121.22,264.51,143.68,229.08,42.47,43.66
2021-02-01,130.46,470.00,138.74,148.72,96.80,87.66,203.99,167.14,,529.24,41.90,1953.96,,40.59,331.20,215.01,39.28,53.43,94.29,93.88,165.62,51.25,361.96,248.70,276.91,232.94,47.42,113.34,1896.79,259.97,51.82,229.43,78.44,53.90,13.20,29.10,60.23,116.36,33.96,144.16,504.67,87.52,114.49,56.60,123.47,279.94,149.55,231.77,43.34,43.28
2021-02-02,131.28,484.93,138.74,150.54,99.08,88.86,204.04,169.00,,528.39,42.81,2027.65,,41.42,335.98,219.64,39.65,53.45,95.59,95.17,169.49,52.43,372.16,252.61,282.74,234.63,48.81,117.53,1909.99,265.00,51.81,229.30,79.60,54.82,13.52,29.66,64.56,117.55,31.02,147.01,496.62,90.24,123.54,56.64,126.81,290.93,151.54,217.33,43.58,43.75
2021-02-03,130.26,481.92,134.82,149.15,95.52,87.89,201.15,165.63,,518.28,41.76,1990.12,,40.85,335.63,218.12,39.60,52.95,102.66,102.10,168.66,52.14,368.32,248.47,270.93,232.66,47.70,118.73,1870.52,264.57,50.09,232.64,77.15,53.94,13.49,29.50,62.93,117.25,31.76,144.80,487.88,89.68,122.42,57.21,124.39,284.90,146.19,211.00,43.43,43.88
2021-02-04,133.62,489.38,137.50,152.49,98.74,87.84,201.27,166.55,,530.24,42.25,2044.74,,41.64,336.90,224.01,40.88,54.02,102.28,101.84,169.88,53.47,380.51,252.35,278.43,231.77,49.13,120.75,1893.35,264.41,49.30,231.69,79.24,55.22,13.63,30.12,63.75,118.66,32.05,132.01,495.49,92.01,126.09,57.43,125.57,283.33,149.15,213.71,44.60,44.30
2021-02-05,133.20,492.12,135.89,149.55,96.32,87.90,200.51,167.61,,527.73,41.83,2057.97,,41.36,336.26,223.53,41.60,56.18,104.05,103.59,171.86,52.92,377.27,254.08,272.57,239.39,48.21,124.63,1918.13,266.01,49.06,231.87,79.10,55.08,13.55,29.89,63.31,119.75,34.05,130.11,495.63,94.53,128.77,58.89,120.45,284.08,147.36,215.26,44.96,44.87
2021-02-08,133.35,493.76,139.95,150.13,101.57,91.47,201.57,166.15,,538.42,42.44,2061.06,,41.96,340.67,222.36,42.34,55.78,103.79,103.37,172.65,53.81,377.61,256.66,286.03,239.36,50.39,124.25,1900.89,264.50,50.57,232.13,81.93,54.79,14.40,30.17,64.23,119.27,36.05,131.49,491.58,94.34,134.51,60.56,121.24,287.81,151.86,214.37,46.75,45.07
2021-02-09,132.47,496.05,139.63,149.64,100.79,90.91,200.79,165.25,,539.85,42.61,2047.04,,42.67,340.41,223.72,41.96,55.23,103.33,102.92,171.09,53.46,379.37,259.78,282.29,237.76,49.94,122.29,1878.00,267.35,50.23,233.37,81.26,55.91,14.22,30.22,65.16,118.59,38.17,130.35,487.39,94.30,143.30,61.37,119.66,283.15,150.62,213.82,46.43,45.32
2021-02-10,131.87,492.67,139.98,149.25,101.27,92.35,202.32,164.33,,541.18,42.20,2102.48,,42.69,337.16,231.35,40.87,55.22,103.92,103.47,171.21,53.53,384.93,262.70,281.63,235.07,50.36,122.00,1905.27,269.75,49.58,232.46,80.31,56.36,14.72,30.43,65.37,116.98,35.70,129.81,487.92,93.99,146.24,60.21,119.69,268.27,151.20,212.53,45.45,44.80
2021-02-11,131.62,496.62,145.07,149.12,108.08,92.66,200.90,163.11,,564.68,42.95,2119.66,,43.08,333.45,234.80,41.17,54.92,103.94,103.58,171.23,55.17,396.10,266.28,307.06,235.43,54.12,121.91,1942.25,268.28,51.07,234.06,84.34,55.76,15.21,28.88,65.18,114.66,33.11,129.86,487.25,93.98,146.33,61.45,119.61,270.55,155.41,210.50,48.14,44.76
2021-02-12,131.85,498.84,146.87,149.33,111.62,93.77,202.76,163.89,,570.86,43.66,2111.14,,43.08,333.97,242.10,40.92,54.89,104.35,103.89,172.41,56.22,401.11,269.27,314.00,235.03,55.44,124.63,1943.00,268.39,52.75,234.54,85.84,55.65,14.92,28.87,65.85,113.72,31.91,132.02,482.36,93.48,145.55,61.24,118.92,272.04,155.78,213.98,49.35,44.90
2021-02-16,129.73,501.64,146.61,148.55,113.20,91.46,199.02,163.45,,575.78,43.91,2144.11,,42.76,335.15,242.42,40.24,53.18,105.23,104.67,172.30,56.82,409.12,263.98,319.08,232.67,55.97,125.52,1939.87,271.84,51.89,233.31,85.57,55.73,15.29,29.52,65.54,114.16,27.84,131.29,477.48,94.24,147.40,60.22,117.30,265.41,156.75,210.27,50.17,45.27
2021-02-17,127.44,491.23,145.93,149.42,110.67,89.94,201.39,165.43,,560.93,43.31,2192.81,,42.89,338.97,238.56,40.02,53.43,105.55,105.06,170.99,56.25,402.87,260.02,312.57,231.87,55.41,126.42,1890.25,271.44,49.40,234.32,83.92,55.13,14.86,29.83,65.90,114.22,27.08,129.14,478.45,93.11,142.50,60.56,116.63,266.05,154.81,214.85,50.65,45.75
2021-02-18,126.34,488.37,144.42,154.31,108.49,88.64,198.76,166.41,,556.06,43.38,2218.35,,42.54,337.91,239.25,40.10,53.53,105.00,104.43,172.36,56.04,402.47,255.84,308.54,232.47,54.64,127.04,1891.09,267.29,49.47,233.93,86.35,54.82,14.79,30.57,65.09,115.00,25.17,128.39,473.83,93.59,138.46,61.46,118.30,262.46,153.06,209.83,51.71,42.78
2021-02-19,126.49,479.12,149.63,151.35,114.26,89.58,198.04,162.49,,567.44,43.98,2251.00,,42.17,335.88,239.20,39.52,52.83,104.20,103.58,172.40,57.31,398.55,250.05,313.77,233.36,56.59,131.18,1910.39,259.52,50.86,231.23,88.71,54.02,14.88,30.69,66.15,112.57,29.00,129.31,467.21,92.16,143.50,62.03,115.47,260.43,154.66,207.02,51.84,43.00
2021-02-22,122.72,467.33,145.47,152.72,110.21,85.37,197.85,159.04,,552.26,42.76,2306.92,,42.49,331.56,225.83,39.31,52.61,102.40,101.87,172.45,55.22,389.06,247.13,300.00,233.53,53.70,137.22,1788.82,258.30,48.70,225.03,84.15,53.38,14.31,30.44,64.06,112.13,28.00,124.42,457.49,90.77,138.13,62.32,113.37,238.17,150.10,214.96,51.07,42.79
2021-02-23,122.59,467.80,144.06,153.84,111.08,84.74,198.70,159.73,,549.94,42.36,2316.10,,43.17,323.93,218.39,39.38,52.26,102.70,102.16,173.65,55.59,386.67,248.24,302.49,240.57,53.21,143.95,1775.79,263.79,47.87,223.84,86.05,54.62,14.10,30.26,62.98,112.80,26.75,122.33,464.89,90.38,130.02,61.24,114.63,232.95,149.89,216.44,50.54,42.10
2021-02-24,122.09,476.62,147.77,157.90,117.68,86.94,196.59,157.98,,568.02,43.17,2398.69,,43.22,322.56,216.60,39.58,52.28,103.91,103.34,178.73,57.47,400.32,252.90,311.65,236.82,56.45,151.60,1714.00,262.25,48.28,225.06,90.23,55.34,14.46,30.39,61.60,112.21,26.39,125.88,455.52,93.06,130.12,63.05,114.78,247.34,155.56,217.04,53.08,41.40
2021-02-25,117.84,459.16,140.99,156.93,109.18,82.42,194.47,152.86,,534.38,41.04,2231.51,,42.28,316.12,208.66,39.39,51.53,100.74,99.97,174.21,54.93,375.91,247.26,289.21,229.75,51.79,144.47,1613.06,252.71,45.63,219.73,85.94,54.67,13.27,29.73,60.01,110.44,23.96,120.92,450.15,92.25,124.51,61.79,116.23,227.41,147.88,212.98,51.02,41.01
2021-02-26,118.11,459.67,142.95,155.58,113.26,84.51,192.25,154.65,,541.37,42.18,2285.81,,42.67,313.37,216.00,38.82,50.39,101.01,100.27,172.13,55.28,378.00,245.60,295.32,227.21,53.64,142.52,1638.11,255.61,47.32,222.98,89.27,53.88,13.68,29.82,59.72,109.75,23.90,121.50,447.55,96.32,128.10,62.11,115.35,225.17,149.38,212.55,51.58,40.38
2021-03-01,124.47,469.57,145.49,158.69,117.15,86.39,194.06,157.31,,557.08,43.95,2277.95,,44.07,314.10,223.40,39.73,51.26,103.23,102.63,175.42,57.19,393.77,253.07,309.33,233.92,56.63,142.91,1713.28,262.85,48.54,227.36,92.42,55.06,13.80,30.08,61.23,110.96,24.81,124.45,459.94,95.28,130.99,62.60,118.81,239.48,154.07,210.38,54.35,40.83
2021-03-02,121.87,466.59,141.55,156.40,112.60,84.13,192.91,154.73,,537.60,43.14,2240.36,,43.91,310.97,222.10,39.39,51.71,102.95,102.38,175.73,55.70,389.25,250.00,293.99,236.27,54.23,143.37,1642.41,256.98,46.88,224.41,88.84,54.78,13.37,30.09,59.11,111.34,24.48,122.26,451.81,95.58,130.91,61.51,117.73,228.81,151.66,212.06,52.34,40.44
2021-03-03,118.89,448.45,137.56,156.00,110.62,80.86,191.41,150.25,,518.94,41.57,2233.28,,43.48,306.67,210.62,39.05,51.50,100.51,99.75,176.10,54.48,376.62,242.38,288.28,230.26,52.13,140.83,1528.00,253.42,44.65,218.36,86.91,52.07,12.77,30.30,57.29,109.70,23.59,118.02,443.73,94.70,122.03,64.41,114.26,217.73,147.93,208.44,52.43,39.65
2021-03-04,117.01,439.06,132.59,152.89,103.72,77.75,189.68,148.88,,487.34,39.82,2178.65,,43.65,302.05,192.99,38.55,51.89,101.62,100.86,172.63,53.05,364.62,236.39,272.92,229.26,50.01,139.35,1458.64,255.63,39.30,217.56,82.25,51.13,12.33,30.02,55.94,110.32,24.73,114.56,446.36,93.52,114.94,60.73,114.04,207.15,141.56,207.79,47.78,39.64
2021-03-05,118.26,440.83,136.59,159.37,108.72,78.52,194.65,150.02,,503.13,40.41,2264.79,,44.58,300.42,183.12,40.02,53.03,104.57,103.99,175.73,55.24,370.32,237.79,280.75,231.33,51.80,141.42,1470.24,262.22,40.69,222.23,86.73,51.64,12.43,31.06,55.79,113.91,23.95,116.31,458.47,93.79,113.10,62.23,119.88,199.32,145.63,211.98,51.23,40.13
2021-03-08,113.33,421.20,132.16,161.30,101.27,73.96,194.72,147.60,,479.41,37.82,2325.30,,44.90,294.84,179.75,41.11,53.14,100.38,99.55,176.68,54.43,358.90,228.30,260.04,236.97,47.53,144.80,1369.54,253.32,39.26,218.19,82.95,49.33,11.56,31.53,55.25,113.14,22.52,110.44,460.08,93.64,107.24,63.24,122.17,187.67,140.57,213.58,51.82,39.74
2021-03-09,117.94,439.18,137.09,163.66,109.45,78.53,195.73,153.14,,515.05,39.82,2323.39,,44.97,301.80,199.10,41.44,52.79,101.80,101.18,176.61,57.00,372.61,234.27,279.07,245.06,51.40,141.49,1452.01,263.67,42.99,224.33,87.09,50.64,12.49,30.99,57.07,113.24,24.26,115.74,467.47,95.00,113.07,63.74,121.44,224.53,147.73,214.04,52.18,40.06
2021-03-10,116.86,437.01,134.96,162.78,107.98,77.52,196.56,152.88,,499.59,39.28,2325.87,,46.30,306.59,194.86,41.78,52.45,101.91,100.97,181.12,56.62,370.91,239.94,268.96,248.15,49.06,141.63,1435.57,262.84,41.99,223.02,83.30,50.45,12.44,31.59,55.78,114.38,24.75,114.63,464.81,96.09,108.79,63.55,122.50,222.69,146.91,214.29,50.11,41.08
2021-03-11,118.79,451.06,138.56,163.15,112.30,81.23,197.59,155.68,,519.71,40.73,2318.74,,46.04,311.15,205.80,42.22,51.78,104.88,104.17,180.77,57.58,386.75,244.00,281.21,249.76,50.63,143.25,1570.78,271.75,45.38,227.54,87.10,52.31,12.96,31.62,57.40,114.07,26.73,118.09,466.81,95.68,114.22,65.52,121.14,233.20,151.71,215.15,51.70,41.07
2021-03-12,117.88,444.30,137.19,164.24,109.52,81.05,196.90,154.47,,513.24,40.50,2357.01,,46.20,313.51,199.00,42.24,51.10,102.26,101.66,182.37,57.21,383.63,244.66,279.23,250.82,49.64,144.57,1550.15,266.31,46.22,226.22,85.60,51.80,12.82,32.18,57.09,113.92,26.92,116.52,468.30,96.12,114.06,65.12,122.22,231.24,150.51,214.33,51.53,41.68
2021-03-15,120.77,447.59,138.53,169.91,110.09,82.50,201.69,154.08,,522.37,42.26,2394.76,,46.56,312.91,200.55,42.75,52.35,102.48,101.88,183.91,58.02,384.49,245.02,283.68,251.29,50.76,147.81,1581.32,271.62,47.40,225.31,86.65,52.03,13.16,32.29,57.38,113.91,26.79,118.00,480.69,97.09,115.90,63.96,120.79,235.98,151.67,219.65,51.63,41.47
2021-03-16,122.30,450.54,140.44,169.19,113.55,82.75,205.42,154.59,,524.46,42.93,2352.61,,46.97,309.82,196.31,42.98,53.13,103.77,103.34,180.18,58.92,383.12,242.21,286.52,252.96,51.88,144.99,1550.49,277.11,47.01,228.10,89.17,52.40,13.26,32.26,56.67,114.75,25.61,119.81,478.93,99.27,114.32,64.02,122.86,225.63,153.61,218.99,52.51,41.46
2021-03-17,121.52,451.01,141.43,168.83,114.90,82.63,208.79,156.79,,534.19,43.41,2416.63,,46.54,311.66,208.03,42.76,53.47,103.70,103.26,181.22,59.83,379.53,241.55,289.78,251.80,52.43,150.11,1537.62,281.80,47.14,227.45,92.42,52.44,13.31,32.20,56.15,114.42,25.21,120.05,492.68,98.48,116.92,66.14,122.40,233.94,155.52,217.08,53.66,41.11
2021-03-18,117.40,439.18,137.11,167.20,109.51,78.12,208.92,151.40,,514.73,41.67,2303.91,,45.22,305.78,190.21,42.22,53.19,100.98,100.24,182.91,57.96,362.33,233.11,273.98,250.26,51.12,148.51,1436.17,276.45,44.64,221.39,87.60,50.48,12.69,32.15,52.92,113.48,23.98,116.31,471.49,95.95,111.71,62.65,120.10,217.72,151.20,213.36,52.06,40.58
2021-03-19,116.87,441.50,139.37,165.28,110.07,79.06,210.22,153.75,,522.59,42.93,2245.79,,44.88,311.40,194.63,42.38,53.50,101.33,100.52,181.12,57.99,369.42,235.83,277.91,251.40,51.41,146.58,1448.89,287.85,46.07,221.03,88.27,51.22,12.81,32.54,52.81,115.17,24.32,117.45,470.52,94.81,112.10,63.30,119.41,218.29,152.60,216.11,53.12,41.12
2021-03-22,120.18,452.41,141.74,165.70,114.35,80.30,213.42,155.54,,549.86,43.00,2190.96,,45.62,316.68,195.73,43.52,54.39,101.10,100.70,180.45,59.69,371.10,238.24,289.75,252.56,53.09,145.82,1476.11,291.25,46.72,226.45,89.02,52.31,13.15,32.72,53.91,118.00,24.22,120.20,479.98,95.91,116.00,64.41,121.25,223.33,156.17,218.82,52.93,41.31
2021-03-23,119.35,460.20,138.06,165.38,111.52,78.38,209.45,156.88,,533.52,41.99,2174.38,,45.43,322.22,190.60,43.27,53.54,101.81,101.23,177.44,57.74,371.28,236.94,281.88,250.24,51.61,137.09,1446.65,288.37,45.23,227.97,83.29,53.51,13.04,32.35,53.93,119.42,23.26,118.79,466.61,94.73,116.20,62.12,119.60,220.72,155.03,213.59,49.27,41.80
2021-03-24,116.97,451.51,138.02,166.49,116.05,76.48,209.82,154.35,,552.34,41.37,2162.34,,45.26,320.04,181.60,42.96,53.41,101.42,100.79,180.53,56.43,365.55,237.02,282.67,252.01,52.38,137.91,1387.85,279.94,44.35,225.94,80.95,52.08,12.61,32.59,53.50,118.86,21.88,114.01,457.23,93.59,110.60,61.03,117.65,210.09,155.13,211.54,47.91,41.54
2021-03-25,117.45,450.99,137.52,168.04,114.72,76.22,210.48,152.31,,557.51,41.77,2227.30,,45.56,327.90,179.16,43.70,53.11,101.39,100.79,181.94,56.41,360.80,234.83,284.11,255.38,51.96,141.08,1402.50,276.57,43.86,222.94,82.01,50.29,12.50,33.13,53.91,119.56,22.58,114.10,460.37,95.71,106.17,62.45,118.72,213.46,154.78,212.36,48.20,41.82
2021-03-26,118.06,469.09,144.14,173.16,123.27,77.41,216.13,152.60,,597.29,43.61,2280.92,,44.66,333.27,177.68,45.49,54.15,100.95,100.41,185.90,59.00,364.86,243.58,303.59,262.87,55.39,141.32,1431.97,280.82,46.04,226.92,85.82,50.81,12.81,33.78,53.28,122.19,22.58,119.21,473.71,97.98,106.52,65.05,118.25,206.24,163.20,214.64,50.64,42.17
2021-03-29,118.23,469.32,141.15,172.98,120.46,77.14,217.93,153.79,,580.42,42.76,2308.24,,44.67,337.19,173.85,45.44,54.94,101.96,101.45,186.19,58.66,362.96,241.32,298.25,262.50,54.07,139.18,1403.42,288.56,45.59,225.73,84.45,51.40,12.92,33.87,53.37,124.00,21.73,117.67,478.29,97.30,103.99,64.37,118.70,203.76,161.45,216.71,49.18,42.65
2021-03-30,116.78,465.46,140.01,168.84,121.47,76.00,213.48,152.76,,574.02,41.27,2292.07,,44.50,331.13,175.28,44.79,54.37,101.94,101.48,185.52,58.00,362.03,242.16,300.87,260.87,54.28,142.68,1428.03,285.76,46.39,222.47,84.40,51.34,12.84,33.94,53.00,122.06,22.04,116.63,467.51,98.31,104.87,64.77,119.84,211.87,161.24,212.99,49.27,42.36
2021-03-31,118.97,475.37,142.27,169.36,128.02,78.50,212.67,154.70,,589.36,41.95,2287.11,,43.79,333.71,182.51,44.74,53.64,102.59,102.28,184.65,58.21,371.14,246.31,313.52,261.69,56.43,142.56,1472.14,292.24,48.01,226.24,86.03,52.17,13.31,33.82,53.68,121.12,23.29,118.86,469.97,97.42,110.65,65.67,120.46,222.64,163.88,214.89,50.24,42.39
2021-04-01,119.80,483.34,147.14,170.20,135.61,81.09,212.98,158.05,,608.20,43.06,2338.77,,44.31,336.04,187.03,44.98,55.15,106.02,105.62,184.42,58.71,382.93,249.20,329.54,262.35,60.61,142.72,1510.50,296.33,48.67,232.55,90.13,53.94,13.78,33.85,54.67,120.98,23.07,123.52,471.74,97.52,115.54,67.16,122.73,220.58,166.55,213.04,53.71,42.33
2021-04-05,122.63,491.62,149.99,173.50,137.08,81.43,215.42,161.34,,611.44,44.19,2365.00,,44.35,341.61,186.62,45.67,55.06,110.37,110.04,186.53,60.52,389.63,255.31,336.93,266.61,62.65,145.28,1503.45,306.50,50.06,239.00,91.43,54.07,13.95,33.94,55.17,122.59,23.44,125.79,481.31,98.98,114.60,67.77,126.34,230.35,170.77,215.32,54.22,43.52
2021-04-06,122.93,491.34,148.36,170.21,133.72,81.44,212.92,161.19,,599.51,43.78,2377.58,,44.59,340.94,194.38,45.34,54.97,110.33,109.56,186.46,59.63,388.72,255.62,328.89,265.40,61.86,145.94,1547.79,303.88,49.84,237.84,91.18,54.45,13.83,34.28,56.23,123.02,23.27,123.76,475.47,100.88,115.61,67.36,126.37,230.54,168.74,215.30,54.81,43.72
2021-04-07,124.57,493.41,146.28,166.97,133.33,82.20,212.08,163.97,,598.14,43.65,2366.43,,44.39,339.70,193.93,45.11,54.45,111.57,111.03,185.87,60.26,388.57,253.67,330.25,262.82,62.46,143.24,1542.00,310.65,49.36,239.79,91.64,54.70,14.11,34.18,56.43,122.80,22.90,124.99,478.56,100.92,115.95,67.56,125.01,223.66,167.44,212.72,54.35,43.63
2021-04-08,126.97,499.84,148.73,169.12,133.53,83.35,211.02,164.96,,610.85,43.92,2383.46,,44.17,341.99,203.45,45.24,53.97,112.35,111.60,187.03,60.98,398.52,256.78,335.95,263.62,63.33,143.84,1588.00,310.58,49.44,243.01,92.94,55.46,14.28,33.88,57.21,122.06,23.41,125.80,473.16,100.78,122.27,68.45,125.10,227.93,169.27,210.28,54.90,43.60
2021-04-09,129.54,504.04,147.93,170.23,133.11,82.76,212.79,168.61,,605.55,43.89,2405.13,,43.55,343.87,202.68,45.39,54.04,113.36,112.60,193.08,62.08,405.20,261.49,334.82,266.05,62.76,142.92,1584.73,310.03,48.67,245.50,92.94,55.53,14.36,34.45,58.25,122.08,24.04,126.01,471.98,100.91,122.73,68.91,124.06,225.67,169.47,213.35,54.89,43.62
2021-04-12,127.83,506.03,146.54,170.52,129.37,78.58,212.78,168.97,,601.83,43.76,2364.87,,43.35,345.38,203.99,44.94,53.67,111.82,111.31,194.46,59.49,403.57,259.75,327.46,266.63,61.65,143.76,1593.65,309.11,48.72,245.56,93.23,55.28,15.17,34.64,59.23,122.47,23.34,123.20,469.63,101.47,120.20,68.38,125.72,233.99,166.87,213.60,53.76,43.63
2021-04-13,130.93,514.86,146.02,172.46,129.46,80.19,213.65,170.00,,600.58,43.88,2360.20,,43.81,345.76,216.35,45.02,53.86,112.44,111.80,194.80,59.32,406.49,264.82,326.54,267.44,61.15,143.24,1598.20,307.35,47.84,248.04,89.87,55.37,15.64,34.36,59.98,122.49,25.42,123.08,473.84,102.85,124.15,68.44,125.75,254.11,165.83,215.94,52.53,43.50
2021-04-14,128.60,510.63,145.38,171.77,128.54,78.55,213.37,166.65,,602.37,43.18,2409.21,,43.33,343.83,208.20,44.77,54.20,111.82,111.18,195.13,58.38,399.07,261.94,319.30,266.28,60.72,143.99,1546.56,300.46,47.17,245.25,88.43,54.00,15.24,34.51,60.16,121.69,23.70,120.79,477.93,102.67,117.99,68.69,124.90,244.08,165.05,217.13,51.70,43.48
2021-04-15,131.00,523.25,147.44,172.44,128.80,83.01,218.07,168.95,65.20,612.96,43.43,2388.59,,44.02,349.16,213.10,45.00,54.59,113.90,113.33,195.52,59.14,405.15,268.24,321.24,269.01,61.58,143.59,1599.48,305.42,47.87,249.01,88.04,54.92,16.10,34.80,61.73,121.86,23.15,123.56,491.32,104.01,120.83,69.59,126.41,246.28,167.51,221.10,51.73,43.74
2021-04-16,130.67,525.08,146.34,173.38,128.15,82.15,218.57,169.97,61.00,616.40,43.32,2431.48,,44.81,350.98,215.20,46.01,55.50,113.95,113.20,197.45,58.89,403.46,270.86,315.98,270.87,61.03,143.06,1591.88,303.80,47.01,250.20,88.42,54.65,15.87,35.37,61.11,123.44,22.47,123.89,499.23,105.51,120.78,70.22,127.93,246.59,166.43,219.39,51.85,43.88
2021-04-19,131.33,516.17,143.95,173.21,125.43,81.11,218.79,168.60,58.86,601.53,41.80,2411.16,,44.02,349.87,213.37,46.06,54.74,114.18,113.55,196.48,57.87,390.33,270.40,307.81,269.45,58.94,142.36,1570.99,299.89,45.78,248.28,86.23,55.44,15.32,35.58,61.16,123.95,21.94,121.24,496.34,104.85,114.58,70.45,126.91,238.21,162.21,219.18,51.41,43.60
2021-04-20,129.65,514.21,141.71,173.26,123.22,79.27,221.50,166.73,60.15,588.96,41.37,2302.00,,44.03,351.94,206.60,45.13,55.10,113.75,113.02,193.38,57.03,393.32,270.37,302.62,267.02,58.12,136.65,1533.41,300.29,44.98,247.82,85.32,54.96,15.13,35.75,60.00,124.77,21.78,119.58,501.04,103.66,112.30,70.52,125.52,239.66,160.66,220.16,51.16,43.94
2021-04-21,130.03,512.34,145.22,174.61,129.41,81.61,221.19,168.10,61.81,625.76,41.60,2314.49,,44.44,354.17,210.37,45.25,55.44,113.73,112.98,196.08,57.94,396.80,297.13,314.83,272.74,60.79,139.34,1576.99,299.12,46.59,250.04,87.28,50.89,15.32,35.55,59.44,125.86,22.63,122.08,503.08,104.08,114.21,71.77,127.03,248.04,163.81,219.76,52.28,44.07
2021-04-22,128.51,507.29,142.54,175.08,126.25,79.06,218.01,165.45,62.10,617.74,41.18,2304.01,,44.23,351.49,216.73,44.88,54.48,112.47,111.70,195.02,56.91,394.69,286.55,308.47,269.69,58.26,141.15,1563.46,294.21,44.27,246.77,82.62,50.88,14.81,35.31,58.80,125.08,22.86,119.20,487.14,103.35,109.66,71.94,126.66,239.90,161.12,215.98,49.87,43.59
2021-04-23,130.83,515.84,145.89,176.00,129.23,82.76,219.70,167.04,58.50,640.48,42.17,2351.50,,44.22,353.40,219.30,45.24,54.35,114.82,114.05,190.97,53.88,402.59,291.84,315.10,272.40,59.49,142.80,1600.91,298.79,45.24,250.59,83.90,50.56,15.23,35.51,59.74,124.87,23.41,121.40,485.36,104.81,109.90,76.28,128.18,243.13,163.74,217.90,51.23,43.66
2021-04-26,131.22,515.70,147.38,175.36,131.57,85.41,218.41,170.45,59.80,640.03,42.69,2413.17,,44.16,348.90,224.47,45.00,54.58,115.39,114.55,188.44,53.44,405.86,288.65,318.65,270.45,60.98,142.92,1623.01,300.68,46.43,250.97,85.67,51.03,15.44,35.08,60.24,122.76,24.11,124.57,497.81,103.35,116.60,79.81,127.40,246.07,165.94,216.97,53.74,43.04
2021-04-27,130.90,517.32,146.38,176.03,131.07,85.21,218.07,170.87,58.85,642.29,42.19,2418.96,,44.15,350.50,221.25,44.77,53.68,114.42,113.61,189.64,52.72,403.75,287.13,313.60,271.10,61.14,144.13,1604.94,301.21,45.07,251.38,87.25,50.56,15.34,35.51,59.75,122.35,23.88,123.71,488.51,103.56,115.69,80.63,127.80,234.91,164.94,215.53,54.53,43.19
2021-04-28,130.11,515.48,143.17,167.70,130.03,84.02,202.33,172.93,58.75,635.16,41.55,2459.16,,43.98,349.91,220.24,44.54,53.49,118.03,116.99,189.59,52.41,403.44,289.60,308.24,268.23,60.49,143.85,1622.00,304.71,45.92,244.27,83.90,50.65,15.24,35.26,60.03,121.45,23.85,122.42,484.50,100.21,128.88,81.46,126.99,231.47,157.67,213.48,53.13,43.03
2021-04-29,130.01,516.09,144.96,169.30,129.74,83.91,200.62,173.57,59.17,632.43,42.19,2455.56,,45.85,354.41,211.53,44.84,52.99,120.51,118.66,190.46,53.01,403.78,287.74,309.68,270.29,60.77,145.37,1588.23,326.94,46.38,242.30,85.88,50.90,15.29,36.48,59.19,123.25,23.37,127.90,481.75,102.20,123.31,82.85,128.85,225.67,161.13,211.86,53.53,43.58
2021-04-30,128.04,508.34,140.51,168.03,127.17,81.62,204.83,173.37,58.01,618.70,41.27,2420.86,,45.65,353.03,208.51,44.36,52.68,119.52,116.71,189.73,52.32,399.91,288.33,299.23,267.02,58.82,142.96,1570.98,322.55,44.36,241.98,83.94,51.35,14.97,36.86,58.90,123.44,23.04,124.42,478.07,102.08,118.25,79.44,127.04,236.48,157.39,218.20,53.16,43.67
2021-05-03,129.09,503.46,138.82,172.05,127.31,78.55,209.74,169.32,60.06,626.55,40.73,2395.69,,45.99,359.89,205.12,44.59,54.61,118.78,116.19,189.87,52.08,399.11,289.18,295.32,269.69,58.52,143.31,1571.53,320.07,43.48,241.67,82.92,50.91,14.80,37.00,58.18,124.84,22.30,123.20,485.34,103.17,112.20,78.38,126.39,228.30,155.90,217.95,52.77,44.35
2021-05-04,124.53,490.70,139.37,174.31,123.35,78.61,211.43,165.59,58.55,602.21,40.22,2339.24,,46.04,356.07,197.79,44.19,54.48,116.75,114.40,191.77,51.75,385.80,283.00,292.20,264.36,57.48,142.08,1526.91,315.88,43.66,237.77,82.32,50.32,14.32,37.33,57.60,123.27,21.64,120.23,481.92,101.74,114.29,75.71,123.53,224.53,156.10,214.85,50.64,43.92
2021-05-05,124.77,486.69,141.22,174.03,124.85,77.83,213.13,163.53,58.18,614.54,40.16,2295.05,,45.86,353.42,193.24,44.56,55.20,116.88,114.79,192.41,51.71,380.39,279.47,295.98,272.41,57.93,139.10,1530.54,312.57,43.95,236.50,83.05,49.61,14.42,37.34,56.86,123.21,21.15,120.70,479.18,101.17,112.04,75.67,128.96,223.65,158.39,213.87,51.61,43.88
2021-05-06,126.37,483.61,142.59,175.52,126.23,77.89,214.80,165.32,56.93,616.89,40.58,2237.55,,46.33,363.15,187.07,45.70,55.23,118.10,115.91,194.51,52.34,382.36,280.82,299.75,276.88,58.54,137.25,1446.34,317.53,44.69,239.63,82.70,49.96,14.49,37.41,56.24,124.64,20.09,121.91,495.33,102.30,109.09,77.00,133.53,221.18,160.67,213.16,52.39,44.19
2021-05-07,127.04,488.73,144.27,175.13,127.40,78.81,217.29,164.58,57.26,630.52,40.95,2284.40,,47.24,364.63,189.18,46.56,55.23,118.96,116.63,194.62,52.77,389.12,285.70,303.36,279.24,59.78,141.20,1481.26,316.60,45.10,242.25,83.86,50.38,14.78,37.49,57.06,124.64,19.75,123.57,493.42,101.94,110.86,78.34,133.76,224.12,163.72,215.01,53.92,43.93
2021-05-10,123.76,479.38,138.34,174.69,119.49,75.99,215.93,159.52,55.50,600.54,39.46,2221.60,,46.76,361.94,187.58,46.33,56.01,116.13,113.65,196.45,51.22,380.87,278.26,284.57,281.19,55.60,135.39,1384.46,303.59,43.49,237.18,78.85,48.67,14.23,37.50,56.89,125.63,18.47,115.58,498.97,101.91,108.02,77.00,130.58,209.68,158.74,212.90,51.64,44.12
2021-05-11,122.84,485.19,138.38,174.75,118.39,76.83,215.66,161.20,53.46,603.79,39.81,2206.46,,46.75,358.81,195.10,46.04,55.79,114.50,112.57,194.94,50.37,383.25,278.92,284.93,278.95,56.17,136.40,1381.42,304.14,43.39,236.27,78.69,49.51,14.27,37.32,57.24,124.72,20.21,115.07,497.83,101.24,111.02,74.79,132.68,205.73,159.74,213.00,51.29,43.72
2021-05-12,119.78,472.09,133.99,170.23,110.09,74.64,214.40,157.60,52.25,576.24,38.21,2132.41,,46.03,353.14,189.27,44.97,55.98,111.04,109.11,187.18,49.07,388.00,270.60,272.09,274.62,52.87,130.85,1302.49,300.19,40.73,229.33,74.90,48.50,13.72,36.55,55.85,123.50,18.89,111.71,503.74,98.27,108.39,72.77,131.38,196.63,153.99,212.68,48.45,42.59
2021-05-13,121.93,474.16,134.52,173.00,114.92,73.09,215.46,158.07,49.87,596.55,38.96,2166.79,,46.66,360.09,183.76,45.74,57.20,112.18,110.54,191.09,49.43,391.53,273.53,281.59,278.33,55.44,134.05,1296.65,302.88,40.82,233.20,75.28,48.67,13.63,36.96,53.98,125.33,18.37,113.94,513.70,98.90,104.78,75.11,132.80,190.56,156.07,214.35,49.95,43.31
2021-05-14,124.35,486.56,137.26,174.91,119.62,74.59,216.38,161.15,57.26,620.17,39.96,2240.62,,47.71,364.73,190.64,46.10,56.88,114.86,112.99,194.23,50.65,404.86,277.79,291.01,281.34,57.17,137.92,1323.10,313.48,42.55,238.11,77.73,49.34,14.21,36.89,56.14,125.52,20.08,116.67,513.15,99.54,108.50,84.46,136.07,196.58,159.80,217.09,54.09,43.71
2021-05-17,123.20,482.74,135.87,174.84,118.41,74.65,217.24,163.52,62.44,608.29,39.80,2182.38,,45.09,364.29,188.53,46.13,57.33,115.13,113.51,193.47,50.63,406.95,272.34,283.36,281.07,56.13,134.62,1336.78,313.00,42.01,235.26,78.40,48.89,14.13,36.88,55.97,125.16,20.46,116.36,520.22,99.34,109.64,89.86,134.80,192.28,157.67,216.35,57.51,43.52
2021-05-18,121.81,480.62,133.84,173.02,116.73,74.44,215.93,161.61,64.29,605.26,39.24,2171.06,,44.68,363.20,196.78,46.13,57.15,114.23,112.20,189.92,50.18,405.02,271.54,279.75,278.38,55.44,134.53,1346.06,307.55,41.66,233.25,76.93,48.63,13.98,36.54,56.68,124.60,21.24,115.56,512.76,99.42,113.34,87.22,129.80,192.62,155.96,214.65,55.10,44.46
2021-05-19,121.65,480.47,140.48,171.49,119.59,76.23,214.01,161.59,64.61,603.91,39.96,2228.38,,44.10,360.21,198.71,45.72,56.86,114.50,112.64,189.07,50.66,408.68,272.32,289.28,276.57,57.09,134.21,1322.31,311.15,43.68,233.83,77.95,48.77,14.03,36.16,55.93,124.53,20.67,117.13,506.85,98.17,117.04,85.83,129.18,187.82,158.45,214.05,53.63,44.47
2021-05-20,124.21,491.67,146.30,174.46,124.87,78.06,216.85,162.38,67.90,621.13,41.17,2263.76,,44.75,363.93,204.03,46.06,57.56,116.85,114.40,189.76,51.20,422.33,277.55,298.25,278.50,59.42,133.77,1374.99,316.13,45.39,237.06,79.13,50.17,14.58,36.43,57.10,126.07,20.61,118.90,509.77,99.72,121.49,83.47,130.92,195.59,161.57,216.61,54.90,44.62
2021-05-21,122.38,488.07,146.20,175.48,123.29,77.17,216.06,160.15,68.35,611.99,40.83,2251.32,,44.78,361.22,210.60,45.69,57.06,116.30,113.77,190.67,51.32,420.55,275.00,295.19,278.91,58.22,133.80,1367.12,313.77,45.36,235.80,78.73,49.79,14.95,36.28,60.41,125.96,20.75,117.84,503.32,99.29,122.41,80.97,130.81,193.63,161.32,213.43,54.44,44.41
2021-05-24,124.01,497.83,149.09,177.06,128.96,77.44,213.26,162.25,70.31,630.88,41.54,2305.41,,45.25,363.81,214.35,46.53,55.97,119.35,117.08,192.21,52.12,427.32,278.31,302.24,281.43,60.17,136.57,1367.33,322.10,46.73,241.19,80.85,50.29,15.57,35.79,60.75,126.60,21.22,119.14,497.11,100.72,126.14,84.61,132.43,202.15,164.53,211.22,55.63,44.42
2021-05-25,123.81,505.08,150.20,175.41,131.76,77.86,208.31,162.95,69.95,643.65,41.58,2296.12,,45.29,365.64,212.86,46.46,54.97,119.47,117.18,191.39,52.04,425.94,282.00,302.59,281.41,60.71,137.44,1365.42,325.24,47.13,242.10,79.22,50.13,15.61,35.65,60.85,126.99,21.48,119.90,494.69,100.82,124.00,80.61,131.49,201.56,164.54,208.76,54.98,44.60
2021-05-26,123.76,506.98,150.35,174.67,131.42,78.34,205.34,163.26,68.62,637.41,41.66,2303.96,,46.22,365.87,219.96,46.11,55.07,120.69,118.04,191.59,52.09,429.65,279.79,302.09,280.03,60.49,139.06,1385.47,325.11,47.71,241.88,80.21,50.24,15.66,35.41,61.29,126.99,22.12,119.30,493.82,101.01,123.88,83.44,134.27,206.38,164.24,206.80,56.27,44.54
2021-05-27,122.23,498.28,150.37,177.24,132.30,78.42,202.55,161.51,69.68,636.76,42.31,2291.96,,46.62,367.65,222.81,46.12,54.70,119.15,117.17,197.57,52.83,419.27,278.12,301.28,280.97,61.22,140.38,1355.00,330.16,47.46,239.78,81.86,50.39,15.45,35.27,61.21,125.45,22.70,119.80,492.02,101.60,124.08,83.13,135.87,210.28,164.91,207.31,57.09,44.39
2021-05-28,121.58,504.58,151.65,176.15,132.60,80.08,204.81,161.15,74.31,646.70,42.73,2318.24,,46.62,358.89,222.15,46.10,54.87,119.60,116.88,197.26,52.27,426.04,280.73,301.61,280.80,61.61,138.20,1358.67,326.17,47.40,240.14,82.06,50.28,16.20,35.67,60.54,126.68,22.95,120.60,499.06,101.94,124.29,82.54,136.00,208.41,165.51,208.63,56.62,44.50
2021-06-01,121.25,495.91,150.81,176.77,132.67,80.81,201.06,160.93,68.86,643.18,42.37,2285.58,,46.30,358.86,222.07,45.86,54.22,120.50,118.08,199.00,52.06,425.62,278.68,300.51,282.36,61.53,139.74,1368.87,326.57,46.86,237.94,82.07,49.91,16.22,35.84,60.06,126.41,23.06,120.07,499.85,101.45,125.16,84.70,136.24,207.97,164.80,209.67,56.86,44.38
2021-06-02,122.01,495.77,151.55,178.32,133.44,81.97,202.42,161.70,70.09,645.37,42.86,2275.41,,46.09,361.10,220.58,46.15,54.81,120.08,117.56,197.12,52.60,432.20,273.85,300.37,281.12,61.53,137.29,1362.45,326.59,46.63,237.85,82.26,49.92,16.74,35.57,59.61,126.92,24.45,120.57,501.97,101.15,122.96,84.51,135.55,201.71,166.32,210.38,57.65,44.29
2021-06-03,120.53,493.14,149.32,177.02,130.92,80.28,202.92,159.35,70.47,637.52,42.05,2253.71,,45.85,364.21,216.00,46.47,55.18,119.25,116.42,195.80,51.47,437.17,272.22,293.89,279.66,60.28,135.14,1324.15,323.50,46.30,236.32,80.00,48.94,16.93,35.22,58.52,127.37,23.63,118.73,502.27,99.46,119.90,84.11,136.84,190.95,162.18,211.15,57.79,44.37
2021-06-04,122.82,504.50,152.55,177.68,134.25,81.58,203.87,160.31,74.36,654.19,42.98,2273.22,,46.34,367.67,206.94,47.12,55.97,121.59,118.70,196.53,52.50,448.20,277.15,301.71,281.10,62.13,136.74,1325.42,327.78,47.79,241.20,81.69,49.47,17.53,35.11,59.56,127.52,24.03,121.04,508.46,100.24,120.57,85.45,138.94,199.68,165.73,209.93,58.08,44.44
2021-06-07,122.83,509.47,151.54,176.78,133.40,81.35,204.17,159.90,77.25,652.93,41.96,2256.37,,46.28,360.92,215.41,46.99,55.96,122.30,119.13,194.94,52.24,443.62,277.04,303.19,273.34,61.58,137.14,1325.19,333.96,47.37,244.11,81.96,49.47,17.57,35.03,59.40,127.44,24.46,120.12,511.53,99.65,123.06,85.04,137.98,201.71,164.40,209.16,57.30,44.15
2021-06-08,123.65,509.20,151.93,178.72,130.42,80.89,203.85,163.21,79.47,651.73,41.94,2261.49,,45.88,360.25,215.14,47.17,56.03,123.13,118.94,196.32,52.16,451.43,277.89,298.67,274.20,60.44,140.26,1311.53,331.08,49.78,242.92,78.54,49.24,17.41,35.27,58.89,126.25,24.38,120.91,503.02,99.82,123.07,86.92,139.79,201.20,162.99,211.13,56.97,43.81
2021-06-09,124.03,514.68,153.28,178.10,129.26,79.96,206.17,164.06,80.25,653.51,41.97,2271.62,,45.74,360.50,213.95,47.08,56.98,123.56,119.41,194.61,52.16,454.41,280.08,299.01,272.31,60.11,138.43,1316.66,327.68,49.41,243.90,76.72,48.58,17.32,35.20,58.73,126.02,24.17,119.73,518.35,99.71,121.56,85.63,141.60,199.59,162.57,213.56,56.34,43.58
2021-06-10,123.04,535.52,154.17,180.63,131.67,81.56,210.58,167.48,81.86,670.12,42.40,2281.82,,46.02,363.39,228.60,47.96,57.51,125.05,120.76,193.28,52.51,457.32,286.38,303.91,272.17,60.75,138.58,1373.35,329.87,50.83,247.41,77.32,48.73,17.39,35.18,60.41,127.31,24.14,120.93,528.47,100.44,123.11,84.02,140.87,203.37,163.93,216.77,55.36,43.83
2021-06-11,124.25,541.26,154.41,180.26,131.34,81.31,208.97,167.34,82.42,667.34,42.59,2262.11,,46.24,362.27,231.27,47.73,57.08,124.67,120.51,192.37,52.94,458.13,288.09,304.68,273.00,60.88,138.11,1392.75,328.68,51.13,248.03,77.38,48.88,17.78,35.65,60.97,127.39,24.67,121.29,522.02,100.75,124.70,83.42,139.75,203.30,164.51,193.02,56.28,44.10
2021-06-14,127.30,556.95,155.18,179.82,133.46,81.55,207.61,169.19,81.89,679.11,43.05,2262.77,,46.57,364.10,233.53,47.21,57.16,125.32,121.44,190.65,53.25,462.79,290.93,309.53,272.71,61.65,138.51,1432.63,334.15,52.79,249.96,78.50,49.99,17.98,35.49,61.26,128.15,25.00,123.72,525.20,100.66,130.66,81.61,139.66,205.90,165.90,194.80,56.23,44.04
2021-06-15,126.48,548.46,154.43,179.70,133.09,80.47,206.46,169.16,81.65,671.89,42.59,2259.75,,46.60,364.25,228.34,46.87,57.10,125.01,120.42,190.08,53.07,456.72,290.79,305.13,272.71,61.13,138.71,1404.78,334.13,52.59,248.48,80.15,49.19,17.75,35.67,60.14,128.16,24.41,122.16,523.95,100.15,132.11,80.98,140.07,199.79,164.46,188.97,56.39,43.86
2021-06-16,126.98,543.33,152.96,178.07,131.49,80.11,206.22,170.76,85.81,669.27,42.14,2256.08,,46.44,359.98,234.17,46.60,56.47,124.67,119.78,187.08,52.36,455.39,290.47,300.67,271.44,60.68,137.85,1427.23,328.50,53.10,247.54,78.50,49.24,17.77,35.63,60.58,126.88,24.80,121.59,520.07,99.68,136.63,79.91,139.33,201.62,163.69,187.49,55.14,42.97
2021-06-17,128.58,551.36,153.14,178.31,131.82,84.56,207.24,174.46,88.22,669.06,42.63,2251.93,,46.76,365.04,241.31,46.30,56.38,125.34,120.75,184.77,52.33,460.62,295.00,303.07,269.27,60.78,136.48,1462.58,333.89,54.09,250.93,78.65,49.83,18.61,35.84,62.01,128.10,25.45,121.95,532.41,99.71,144.93,76.57,140.81,205.53,163.62,188.36,53.26,43.15
2021-06-18,127.28,565.59,149.43,174.16,125.97,84.65,205.45,174.35,88.21,642.48,41.93,2201.48,,46.11,361.37,244.91,45.38,55.86,124.54,119.13,181.53,50.94,459.33,292.95,289.80,264.38,58.20,133.63,1468.06,327.09,53.25,249.51,75.05,50.08,18.60,35.81,61.95,125.43,25.37,119.83,534.31,98.19,146.69,73.54,139.13,207.77,159.63,187.85,52.28,42.35
2021-06-21,129.08,567.35,151.23,177.38,127.72,82.59,206.79,172.70,83.91,651.66,42.36,2221.57,,46.57,366.99,237.68,46.34,56.48,125.43,120.81,184.52,51.13,463.70,298.00,293.92,270.29,58.77,137.53,1476.34,329.70,53.79,252.59,75.17,49.70,18.39,36.47,61.82,126.41,25.42,120.70,530.68,99.33,148.02,73.54,140.05,206.94,162.28,187.70,52.08,42.74
2021-06-22,130.72,575.74,150.79,177.67,128.09,83.58,206.51,175.27,80.30,656.60,42.35,2209.62,,46.85,372.09,256.61,46.41,56.23,125.97,121.33,184.09,51.13,463.37,300.65,293.74,272.18,59.07,136.10,1505.00,336.39,53.34,255.36,75.74,50.88,18.84,36.78,60.90,126.60,25.40,121.71,530.44,100.12,150.84,72.85,140.20,207.90,163.09,188.87,51.52,42.93
2021-06-23,130.44,574.23,150.75,176.26,130.07,83.82,205.47,175.19,81.49,652.61,42.55,2205.09,,45.11,371.89,252.90,45.98,55.90,125.43,121.13,183.38,50.57,464.37,301.81,295.87,266.94,59.30,135.81,1532.76,337.94,53.51,255.13,77.07,51.27,19.01,36.66,61.40,124.94,26.27,122.10,526.24,99.86,150.05,73.07,139.44,218.86,162.27,187.52,52.11,42.60
2021-06-24,130.16,578.26,153.89,177.03,132.72,86.10,207.40,172.45,84.50,665.39,42.86,2205.04,,45.58,371.99,253.70,45.99,56.34,126.25,121.50,185.97,51.31,468.28,301.52,300.66,267.29,60.32,135.52,1542.39,340.51,55.09,256.50,78.59,51.81,19.16,36.64,62.10,125.65,26.53,124.27,540.80,100.24,147.90,74.48,139.99,226.61,164.46,191.94,52.52,42.90
2021-06-25,129.87,579.66,154.47,178.19,130.73,85.62,208.89,170.07,84.86,656.98,42.14,2239.82,,45.87,374.30,253.24,46.24,56.93,125.96,121.50,186.86,51.16,471.64,302.78,301.01,267.27,59.89,134.89,1541.72,338.71,55.25,254.89,80.00,52.71,18.99,37.14,62.60,126.28,26.78,124.02,546.86,101.18,147.35,74.57,139.74,223.96,164.07,194.34,53.25,43.40
2021-06-28,131.50,588.80,157.15,177.53,135.34,87.08,209.03,172.19,82.12,674.12,43.11,2164.12,,45.61,376.23,255.09,46.15,56.78,125.79,121.53,185.20,52.60,472.52,304.14,306.72,271.57,61.46,130.78,1570.72,352.87,57.50,258.45,81.32,53.30,19.94,37.44,63.08,126.83,27.38,125.89,539.06,100.47,149.50,74.32,139.45,229.57,167.00,197.82,52.68,43.27
2021-06-29,133.01,590.75,157.91,178.42,136.24,89.52,208.70,172.41,83.32,673.70,43.51,2132.35,,45.97,378.36,257.12,46.11,56.97,124.99,121.27,184.48,51.93,476.79,306.91,309.52,272.20,61.92,129.94,1583.00,349.15,57.66,261.03,80.88,53.35,19.98,37.66,62.61,126.74,26.63,128.50,542.32,100.49,148.30,75.59,139.41,226.92,168.18,196.78,53.17,43.02
2021-06-30,133.62,585.64,158.61,179.33,136.70,93.93,209.81,172.01,75.17,661.41,43.48,2147.96,,46.36,375.40,251.31,46.19,57.75,124.30,121.09,187.39,51.37,475.60,306.55,308.58,271.01,61.81,131.41,1557.79,345.00,57.24,260.54,82.88,52.82,19.96,37.75,61.84,127.80,26.36,128.78,554.79,100.08,146.10,75.80,139.25,226.57,167.67,201.63,53.56,44.18
2021-07-01,133.93,584.73,155.86,180.40,132.42,93.31,212.52,171.65,70.98,650.37,42.82,2169.49,,46.95,374.32,251.16,46.57,57.98,125.34,121.44,188.47,51.26,476.46,309.15,296.71,272.64,60.14,134.02,1544.99,351.63,56.32,261.22,78.13,53.35,20.17,38.36,61.78,127.83,24.72,126.86,570.76,101.51,145.80,74.67,139.74,225.97,166.40,202.21,53.33,43.65
2021-07-02,136.55,593.07,157.24,181.91,132.63,94.70,214.07,175.55,72.07,658.25,42.69,2197.83,,47.50,378.51,252.59,46.98,58.12,127.67,124.23,189.07,51.94,482.85,312.72,296.78,273.51,59.98,135.97,1551.96,351.94,56.35,267.04,78.34,53.40,20.44,38.79,62.14,128.44,24.44,128.46,579.72,102.91,146.48,75.03,140.66,226.30,167.60,200.54,52.84,43.90
2021-07-06,138.56,596.90,155.07,181.57,131.30,94.47,209.73,183.79,68.06,656.65,43.15,2181.57,,47.08,378.43,264.98,46.49,57.37,128.71,125.16,186.71,51.33,486.08,316.01,296.24,270.45,59.08,134.88,1553.96,350.03,56.42,267.05,79.08,54.16,20.65,38.68,65.32,128.63,24.68,127.21,578.34,103.59,153.80,73.82,141.10,219.86,166.72,200.05,52.04,43.85
2021-07-07,141.05,605.77,152.41,183.59,129.47,90.54,209.36,184.83,66.28,660.78,42.81,2127.03,,47.50,383.95,267.52,46.74,57.33,129.02,125.44,188.57,51.21,491.05,318.23,292.25,274.23,58.29,134.38,1540.90,347.76,55.62,269.23,76.29,53.60,20.33,39.01,64.50,129.20,22.89,126.11,581.97,104.85,152.02,75.71,142.34,214.88,165.48,198.99,52.18,43.77
2021-07-08,139.75,605.95,151.01,182.25,127.22,89.74,210.27,186.57,65.88,644.99,42.90,2124.24,,47.55,386.30,263.39,46.74,56.77,128.13,124.02,187.36,50.69,491.05,317.29,288.48,269.03,57.57,132.48,1526.93,342.96,55.28,266.82,75.20,53.08,19.86,38.77,64.42,129.26,23.08,124.60,571.06,103.82,146.33,74.57,141.20,217.60,164.13,197.74,51.04,43.74
2021-07-09,141.58,604.50,153.19,183.93,129.50,90.90,211.06,185.97,66.18,661.91,43.78,2154.74,,47.38,391.25,264.44,47.16,57.21,128.52,124.49,191.65,51.24,489.52,316.93,293.87,274.40,58.22,137.14,1554.97,347.69,55.99,267.32,76.79,53.60,20.00,39.44,65.04,128.93,23.29,127.43,576.51,105.15,149.50,75.83,140.39,218.98,165.90,198.16,52.81,43.96
2021-07-12,140.98,600.20,154.36,183.96,131.32,90.81,210.35,185.93,67.20,677.66,44.29,2163.58,,47.57,386.99,261.79,46.71,57.09,129.50,125.93,192.23,51.91,490.66,319.68,298.88,274.22,59.41,136.46,1526.00,350.41,56.32,266.72,77.59,53.73,20.47,39.43,64.75,128.96,22.95,128.36,570.18,106.03,149.47,76.71,141.24,228.57,167.34,198.34,53.35,43.88
2021-07-13,142.09,605.01,154.10,184.10,130.83,90.26,210.74,183.87,68.98,676.33,44.13,2148.31,,47.21,386.21,261.16,46.79,57.04,129.93,126.30,191.43,52.04,492.20,318.75,296.58,271.59,59.34,133.16,1548.21,349.35,55.77,270.24,76.51,54.07,20.20,39.30,64.67,131.93,22.45,127.20,573.14,107.01,151.65,76.29,142.08,222.85,166.72,198.33,52.74,44.05
2021-07-14,145.52,608.83,153.08,184.63,130.22,89.05,210.63,184.08,65.16,685.99,43.91,2136.70,,47.17,388.95,254.23,47.46,56.97,131.01,127.19,194.58,51.72,491.11,318.36,294.21,272.88,58.70,134.40,1507.01,344.92,55.02,271.71,76.55,54.79,19.80,39.67,64.38,133.30,21.56,129.52,577.16,107.23,146.30,77.26,143.16,217.79,166.79,197.89,52.69,44.35
2021-07-15,144.86,606.17,150.78,186.92,127.86,86.93,212.29,181.56,63.43,673.95,43.52,2129.61,,47.32,390.73,249.30,47.08,57.28,130.20,125.96,198.88,51.07,488.78,317.89,289.10,273.78,58.02,134.30,1508.48,341.78,54.72,270.29,75.02,54.29,18.92,39.83,64.64,133.91,21.47,127.45,585.37,106.49,144.15,74.27,142.63,216.87,164.15,200.09,50.36,44.38
2021-07-16,142.83,606.10,147.81,185.63,123.05,85.89,213.44,178.68,60.75,658.14,42.68,2105.39,,46.99,389.35,249.96,47.12,57.56,130.77,125.93,196.77,50.30,487.17,316.70,279.08,271.92,55.90,129.99,1512.51,338.50,53.02,270.02,73.16,53.03,18.12,40.09,64.72,134.40,21.37,125.88,579.33,106.28,144.26,72.81,143.66,214.74,162.29,202.28,48.32,44.35
2021-07-19,138.98,602.05,146.47,182.09,123.47,86.58,212.38,177.48,60.51,654.86,42.46,2029.63,,46.24,392.94,250.40,46.56,57.22,128.20,123.56,188.51,50.00,484.52,310.73,280.14,266.86,56.19,125.95,1497.27,334.33,53.83,266.42,72.74,53.23,18.74,39.63,64.91,134.38,21.54,125.05,581.30,103.22,147.20,72.67,139.04,215.41,162.39,199.24,47.41,44.25
2021-07-20,142.59,608.72,148.25,183.41,126.68,87.11,212.52,178.66,60.85,654.91,42.73,2091.36,,46.61,394.92,252.24,47.02,58.00,130.03,125.17,196.19,50.55,494.02,318.35,288.17,272.20,57.67,129.97,1542.15,339.00,55.56,268.64,73.53,53.10,18.57,40.49,66.83,134.40,22.18,125.73,583.30,105.10,152.48,73.70,138.84,220.17,163.72,196.55,48.65,44.45
2021-07-21,141.86,612.26,151.87,184.61,132.47,89.41,210.76,179.26,59.83,690.29,43.68,2153.79,,47.20,393.75,253.55,47.28,57.37,131.52,126.50,198.06,51.46,499.74,314.98,301.60,275.79,60.54,135.10,1550.17,343.53,57.30,270.64,75.28,51.36,19.37,40.29,65.30,133.90,22.52,128.09,579.80,106.76,156.94,71.21,139.00,218.43,169.37,196.27,48.51,44.23
2021-07-22,143.23,623.68,149.27,183.54,131.68,91.21,210.66,181.90,62.69,698.83,43.43,2154.17,,47.19,396.15,263.04,47.86,57.57,132.24,127.37,198.82,51.21,506.41,324.63,299.20,276.75,60.41,133.31,1591.22,348.46,56.96,275.20,73.66,51.18,19.55,40.60,66.39,133.86,22.07,128.34,582.94,109.77,159.41,71.67,139.17,216.42,160.36,196.02,47.45,44.26
2021-07-23,144.94,625.87,150.68,186.06,132.88,92.15,213.23,182.83,63.35,716.27,44.05,2162.18,,47.65,401.74,268.96,48.47,57.88,136.69,131.92,195.90,48.50,513.32,325.49,305.29,280.12,60.82,133.97,1613.81,366.91,57.88,278.60,74.06,51.54,19.51,41.39,66.94,135.57,21.81,130.54,582.42,112.76,164.33,73.69,138.45,214.46,163.83,200.50,47.98,44.63
2021-07-26,145.36,620.80,151.00,186.23,132.93,91.82,210.96,184.99,62.57,721.97,43.97,2189.79,,47.93,401.55,264.83,48.68,57.66,138.51,132.94,195.84,49.70,514.18,322.03,303.27,279.80,60.83,137.15,1585.71,369.56,57.91,278.00,74.41,51.65,19.25,41.30,66.50,135.48,22.13,129.29,573.90,112.84,158.23,74.37,139.39,219.21,165.07,198.93,48.37,44.69
2021-07-27,143.20,618.28,149.79,187.70,129.50,91.03,210.61,181.32,62.65,713.84,43.34,2205.00,,47.81,402.60,257.84,48.51,57.81,135.68,130.82,196.79,48.67,507.96,325.03,294.10,280.15,59.14,138.08,1580.00,364.95,56.96,275.59,72.39,51.89,19.16,41.10,66.25,136.23,21.68,126.98,577.11,112.81,155.51,73.43,139.24,214.93,162.32,202.85,46.93,44.69
2021-07-28,141.45,620.92,151.13,186.78,131.71,97.93,210.24,181.52,65.21,727.49,43.55,2185.50,,47.34,400.59,263.58,48.06,58.76,135.27,134.98,196.90,48.57,508.15,324.17,300.35,278.29,60.32,139.15,1637.03,370.37,57.95,275.28,73.68,51.93,19.46,40.64,66.58,134.98,22.56,128.34,582.47,109.57,153.80,74.66,139.53,215.66,163.83,202.24,47.81,44.51
2021-07-29,142.09,621.70,153.43,188.54,131.99,102.95,208.70,180.00,65.22,733.09,44.14,2173.73,,47.45,404.25,260.03,48.32,58.56,135.43,134.66,198.94,49.14,510.49,327.16,304.03,280.72,58.86,142.34,1641.52,355.53,59.24,275.55,75.18,51.42,19.62,39.75,66.50,135.26,22.18,136.04,579.22,109.54,152.50,75.17,139.06,225.78,166.44,200.38,48.51,44.57
2021-07-30,142.31,621.63,154.24,189.27,134.32,106.19,207.91,166.38,61.47,734.08,44.26,2138.31,,48.04,408.47,253.61,48.59,57.27,134.12,133.62,199.72,49.16,514.82,330.49,331.37,288.16,60.55,140.51,1568.70,353.53,59.44,274.02,75.66,51.76,19.45,40.26,66.51,135.38,21.71,134.97,570.75,108.69,149.99,75.78,138.47,229.07,167.14,201.58,48.87,44.66
2021-08-02,141.98,618.75,154.43,189.10,136.32,108.63,206.40,166.57,63.23,736.86,44.19,2131.13,,47.74,407.71,253.91,48.66,57.32,134.88,133.75,198.55,49.12,512.43,330.85,329.23,281.44,60.97,139.44,1578.65,349.21,59.50,273.93,75.72,51.51,19.70,40.08,66.72,134.83,22.10,134.12,573.26,107.74,153.87,76.29,139.33,236.56,167.22,198.32,48.69,44.56
2021-08-03,143.77,621.28,155.41,192.71,136.47,112.56,210.10,168.31,62.89,746.32,44.39,2100.06,,47.55,413.56,254.34,49.36,58.56,135.17,134.52,198.75,49.47,515.02,333.20,330.16,283.97,61.32,137.29,1575.70,348.51,60.26,276.14,78.86,51.08,19.77,40.83,66.39,135.13,22.24,133.30,582.57,106.63,152.26,77.95,138.93,236.58,166.01,200.05,49.78,45.06
2021-08-04,143.37,625.68,159.00,191.41,137.04,118.77,196.52,167.74,63.18,761.59,44.48,2047.39,,47.33,413.53,264.21,48.87,58.07,134.92,134.02,196.13,49.32,520.73,330.29,336.74,286.50,61.73,132.80,1570.00,356.13,60.80,275.56,79.95,51.74,20.23,40.39,67.22,132.87,22.30,133.55,577.05,105.85,155.55,77.00,136.74,236.97,168.68,199.59,48.87,44.75
2021-08-05,143.48,632.08,156.56,192.57,136.57,112.35,201.41,168.80,63.25,760.89,44.47,2167.22,,47.64,421.28,265.62,48.93,58.12,135.82,135.13,196.38,49.64,522.63,339.70,336.65,285.76,61.33,136.41,1786.11,360.14,59.97,278.45,79.48,52.49,20.59,40.34,67.27,133.10,22.52,132.29,598.43,106.54,154.55,78.36,136.46,238.21,169.36,202.99,50.48,45.58
2021-08-06,142.80,631.38,157.66,192.31,136.94,110.11,198.11,167.25,58.65,749.91,44.26,2142.95,,47.92,417.89,260.74,48.78,57.68,135.92,134.63,196.21,49.66,519.02,343.34,336.31,286.73,61.55,136.29,1756.27,360.68,59.47,278.40,79.97,52.06,20.32,40.23,64.39,133.12,21.82,131.80,606.76,106.56,152.51,79.44,136.75,233.03,169.19,200.67,51.75,45.50
2021-08-09,142.75,629.22,157.83,192.94,136.31,107.58,196.16,167.09,57.57,755.08,44.19,2118.21,,47.59,418.69,263.56,48.68,57.42,136.88,135.79,194.97,49.78,519.93,344.00,334.57,284.29,60.84,131.97,1755.74,358.79,59.41,277.31,78.23,52.00,20.25,39.91,64.75,133.13,22.93,132.37,609.82,105.57,155.00,79.76,137.48,237.92,166.99,200.40,50.88,45.61
2021-08-10,142.27,621.74,157.54,195.67,132.53,106.48,196.22,166.03,57.19,755.67,43.97,2160.12,,47.73,421.13,252.67,48.80,58.07,136.97,135.69,198.09,49.68,514.97,331.87,325.51,282.90,58.63,132.82,1878.53,358.32,58.69,275.49,74.03,51.58,19.89,40.04,62.83,133.20,22.92,131.43,610.85,104.18,152.59,79.98,137.68,236.66,166.29,196.46,49.30,46.58
2021-08-11,142.52,626.03,157.05,195.24,129.42,107.68,196.37,164.61,58.50,755.60,44.09,2159.87,,48.25,422.33,239.88,49.02,58.57,136.57,135.16,200.05,49.87,517.01,331.88,326.14,287.14,57.81,132.95,1887.57,357.16,58.73,275.98,73.18,51.24,19.65,40.08,60.91,133.73,22.35,132.16,604.37,104.69,148.52,81.15,139.02,235.94,166.15,195.25,50.21,47.00
2021-08-12,145.48,634.35,155.31,194.02,124.04,106.50,196.38,165.18,56.96,747.80,44.16,2152.95,,48.20,423.34,245.82,49.48,59.44,137.26,136.07,198.93,49.31,521.57,333.33,312.67,287.47,55.43,129.72,1842.67,359.83,58.80,278.73,68.51,51.07,19.86,39.80,61.50,133.75,24.89,132.58,603.92,104.01,150.32,78.30,139.17,240.75,164.73,194.81,46.95,46.88
2021-08-13,145.69,637.31,156.70,194.27,124.70,110.55,197.70,164.70,56.46,755.35,44.33,2163.01,,48.44,425.68,243.82,49.55,59.68,137.28,136.60,198.78,49.27,525.28,334.35,313.07,290.04,55.14,129.35,1851.60,360.35,59.32,281.66,69.17,51.59,20.14,39.60,62.34,135.01,24.90,133.92,620.60,104.92,149.80,77.88,139.36,239.06,165.45,194.36,47.53,47.02
2021-08-16,147.66,636.94,157.61,195.52,126.41,107.48,200.43,164.95,55.88,753.81,44.51,2091.81,,48.38,430.47,234.71,49.39,60.14,137.78,137.18,200.48,49.25,527.42,339.41,314.32,291.87,55.94,128.14,1795.00,363.71,58.11,283.34,69.18,51.79,19.90,40.26,61.72,136.32,24.50,133.46,624.38,105.62,148.90,78.20,135.31,228.72,166.46,190.97,46.55,47.41
2021-08-17,146.75,635.01,153.21,193.93,123.64,107.56,200.55,162.10,62.57,743.48,43.65,2074.52,,48.56,429.97,232.80,49.15,61.25,136.18,135.54,198.51,48.53,520.54,345.00,307.89,292.03,55.00,125.48,1767.99,355.66,57.49,281.88,69.03,51.89,19.41,39.98,60.96,136.20,23.97,130.11,643.10,104.75,148.19,77.77,135.25,221.90,163.37,198.44,46.01,47.39
2021-08-18,143.01,626.77,152.73,188.22,122.27,103.44,196.76,160.06,63.77,739.54,42.76,2048.05,,48.20,424.15,233.78,48.39,60.35,135.46,134.34,195.91,48.07,517.74,346.46,303.21,290.52,54.10,125.13,1784.13,352.68,56.82,280.15,68.87,52.19,19.00,39.92,60.39,134.80,25.28,128.10,631.31,103.95,148.92,76.75,134.44,229.66,161.16,194.77,45.92,46.89
2021-08-19,143.34,637.66,153.66,190.61,124.02,103.70,194.64,159.39,67.10,748.22,43.18,2037.79,,48.14,431.80,234.96,50.26,60.11,135.80,134.57,195.32,48.30,527.90,351.88,307.79,291.70,54.83,125.38,1759.96,352.35,57.94,285.97,68.54,54.37,19.75,40.14,60.48,137.07,24.16,126.69,651.23,102.73,146.61,75.98,135.46,224.49,162.24,195.04,44.83,47.21
2021-08-20,144.80,647.34,153.53,191.03,122.10,104.65,193.89,160.00,69.97,754.60,43.33,2036.69,,48.51,436.30,237.88,51.09,60.75,137.31,136.30,195.29,47.90,529.71,347.94,305.52,294.21,53.76,126.24,1786.54,356.57,58.79,293.29,68.49,54.69,20.77,40.43,61.24,136.58,24.01,128.02,658.82,103.00,145.07,77.11,136.35,226.75,162.18,195.85,45.19,47.63
2021-08-23,146.28,656.86,156.28,191.16,126.22,108.77,195.72,163.29,71.56,777.05,43.99,2098.12,,48.83,432.44,245.80,51.37,60.85,139.95,138.89,196.50,49.03,536.70,348.67,313.70,293.26,55.51,129.12,1810.00,360.52,60.90,293.57,69.97,55.33,21.91,40.17,62.10,136.15,24.82,129.87,662.81,103.47,148.14,79.02,137.05,235.43,164.71,198.40,46.87,47.31
2021-08-24,146.20,657.24,152.80,187.97,126.17,107.65,194.63,165.29,74.50,771.29,43.90,2192.16,,48.61,429.45,265.63,52.05,60.59,141.24,140.10,197.64,49.56,538.18,348.90,313.19,292.93,55.63,131.76,1855.29,362.66,61.45,291.61,70.20,55.34,21.74,39.96,73.64,134.46,25.10,130.16,665.45,103.41,153.85,74.20,137.01,236.16,164.68,199.73,45.73,46.83
2021-08-25,144.96,656.80,151.09,187.97,127.73,108.30,192.21,164.96,76.60,773.46,44.08,2222.28,,48.57,428.92,270.00,52.08,59.89,141.79,140.91,197.83,49.56,539.73,347.99,318.93,293.28,55.93,131.77,1871.94,365.52,62.08,291.02,72.21,54.76,22.16,40.47,74.51,133.87,24.35,129.63,664.69,103.85,155.22,74.91,134.47,237.07,164.92,201.33,49.30,46.84
2021-08-26,144.16,652.39,154.84,186.96,127.42,107.27,192.11,165.80,73.57,776.40,44.29,2235.05,,48.17,427.09,278.77,51.95,59.91,140.97,140.28,198.02,48.94,536.84,347.42,318.68,291.84,55.61,128.66,1835.68,361.54,62.12,288.21,70.97,55.01,22.02,40.02,76.24,133.37,24.87,128.28,661.30,102.73,151.56,73.05,132.28,233.72,164.81,198.25,47.09,46.34
2021-08-27,145.20,658.52,154.03,188.66,131.32,111.40,193.24,167.48,74.20,797.44,45.22,2263.19,,48.50,428.07,282.31,51.79,59.78,143.37,142.82,198.25,49.64,549.76,345.51,327.44,294.86,57.91,130.92,1865.00,369.73,60.26,288.82,72.17,55.89,22.58,39.46,76.88,133.64,25.71,130.51,658.84,103.45,153.14,74.41,133.05,237.31,167.05,199.92,47.60,46.08
2021-08-30,149.62,665.99,154.49,188.76,130.84,111.32,194.41,171.08,73.30,803.82,45.49,2235.94,,48.75,433.39,286.37,51.89,60.39,144.28,143.41,198.87,49.68,549.40,352.97,326.66,295.81,57.76,130.04,1878.90,377.70,60.87,292.54,71.35,56.62,22.64,39.78,76.47,134.56,25.76,131.49,672.54,103.89,154.90,74.86,132.59,243.64,167.85,199.49,46.71,46.45
2021-08-31,148.35,663.70,150.76,188.73,129.95,110.72,195.63,173.54,70.40,797.55,45.34,2257.50,,49.55,432.97,281.00,51.79,61.04,144.28,143.51,198.91,49.79,549.93,351.19,324.61,294.91,57.45,130.08,1867.45,376.43,60.11,290.90,71.88,56.92,22.34,39.61,76.84,134.89,26.34,132.17,668.88,105.57,152.48,75.51,131.74,245.24,167.39,200.29,47.56,46.57
2021-09-01,149.02,665.89,149.06,186.77,128.35,109.99,193.74,173.95,74.30,806.30,44.97,2244.91,,49.92,433.95,269.97,51.81,60.27,144.65,144.03,197.10,49.43,547.03,354.24,320.30,294.24,56.98,129.78,1896.51,379.08,59.65,290.85,71.90,58.21,22.39,39.50,76.72,136.20,26.20,132.57,676.39,105.54,153.90,75.17,132.43,244.70,165.15,197.14,45.94,46.47
2021-09-02,150.13,664.64,150.46,186.47,129.30,109.20,196.00,173.16,78.45,824.59,44.85,2258.27,,50.42,438.18,272.67,52.24,60.67,143.04,142.11,198.10,49.49,543.79,357.18,322.46,296.83,57.20,130.33,1931.33,372.36,60.24,290.19,72.16,58.85,22.35,38.59,77.09,136.30,26.51,131.36,671.22,105.47,154.26,77.16,130.89,244.13,166.08,199.22,46.39,46.72
2021-09-03,150.77,666.59,150.29,187.23,130.63,109.92,196.36,173.90,77.98,821.56,45.38,2262.19,,50.40,439.68,278.23,52.14,60.35,143.60,142.56,195.86,49.29,547.15,357.26,326.31,294.82,58.01,128.02,1946.01,373.33,60.42,290.18,71.99,59.05,22.79,38.99,78.04,136.43,26.64,130.92,675.01,105.31,155.43,77.86,130.76,244.52,166.49,198.05,46.22,46.94
2021-09-07,153.10,661.39,151.06,182.58,131.26,109.15,191.99,175.46,74.04,825.06,45.28,2295.68,,49.24,436.88,269.68,51.67,59.70,144.33,143.10,191.20,49.41,544.45,359.39,326.37,296.89,56.35,129.03,1953.83,379.20,60.16,289.26,71.82,60.67,22.61,38.71,77.11,134.20,26.70,130.12,664.32,104.05,153.67,75.92,129.29,250.97,166.12,192.20,45.46,46.31
2021-09-08,151.56,663.22,151.43,185.20,128.44,106.17,191.59,176.27,68.00,821.44,45.08,2273.48,,49.11,442.67,265.23,51.49,60.28,143.70,142.51,192.46,49.34,551.36,360.85,321.54,293.09,55.43,128.77,1906.14,374.63,59.30,289.29,70.48,60.60,22.29,39.43,77.62,136.10,25.58,129.01,664.70,106.07,147.78,72.70,128.52,251.29,165.54,191.37,43.71,46.37
2021-09-09,150.54,661.68,156.18,184.26,129.83,106.15,187.00,174.21,71.09,817.14,45.00,2276.15,,48.63,442.90,265.16,51.42,59.22,143.73,142.36,191.20,49.18,551.52,356.67,332.12,294.13,56.39,130.99,1883.41,375.06,60.17,286.44,71.07,59.75,22.13,39.48,77.75,135.24,26.13,128.16,641.77,106.74,150.41,75.29,126.38,251.62,165.25,188.09,44.21,46.05
2021-09-10,145.56,658.94,157.23,182.15,131.60,105.20,185.41,173.46,77.38,822.28,45.42,2262.53,,48.42,442.16,262.00,50.80,59.54,140.77,139.72,190.72,49.59,551.16,341.16,334.74,292.00,56.82,130.56,1847.41,375.74,60.09,284.95,71.68,59.87,22.43,39.49,78.32,135.01,26.28,129.15,646.12,107.24,148.41,72.35,125.77,245.42,167.16,188.57,43.63,45.88
2021-09-13,146.13,645.15,159.88,181.39,134.10,104.80,187.99,172.86,74.96,834.13,45.50,2279.54,,48.97,436.93,254.03,50.98,59.67,142.30,141.17,191.78,50.65,541.48,342.61,339.54,294.88,57.83,134.74,1852.61,373.58,61.28,286.18,72.51,58.93,22.11,39.16,79.35,135.27,25.83,129.81,635.23,107.09,147.69,72.36,125.01,247.67,170.08,190.72,44.04,45.62
2021-09-14,144.73,645.01,160.49,181.16,134.77,105.73,187.40,172.50,75.63,850.24,45.76,2285.96,,45.39,435.74,257.30,50.78,59.68,142.24,141.38,188.85,50.22,552.02,346.34,340.29,293.41,57.33,137.01,1856.34,373.60,61.20,288.88,71.67,57.78,22.20,39.39,80.81,134.74,26.26,127.76,640.82,106.81,145.13,71.32,123.95,248.16,171.07,188.41,43.31,45.38
2021-09-15,145.62,661.08,161.06,181.87,135.82,105.60,189.21,173.79,73.57,851.45,46.48,2332.40,,46.54,437.95,259.57,50.51,60.79,144.02,143.25,190.14,50.77,555.75,348.51,350.75,295.85,58.09,139.26,1889.26,371.01,61.36,293.73,72.00,58.29,22.29,40.06,79.99,135.50,27.08,125.13,647.62,103.01,147.49,72.72,122.18,251.94,173.17,188.86,43.85,45.46
2021-09-16,145.38,665.11,160.25,179.94,138.57,106.22,188.54,174.41,71.62,849.51,46.26,2302.00,,46.77,440.40,264.74,50.31,60.42,143.20,142.43,188.39,50.50,556.50,344.67,355.22,294.49,58.50,139.38,1881.35,370.16,62.13,294.12,72.79,58.65,22.20,40.46,80.81,135.10,28.63,125.28,648.80,103.04,147.60,73.12,123.94,252.33,172.57,187.10,43.86,45.61
2021-09-17,142.72,654.48,158.69,180.19,135.41,103.88,190.29,173.13,72.75,823.22,46.14,2282.73,,46.63,436.79,263.09,49.89,60.66,140.31,139.65,187.40,49.98,545.79,345.76,353.11,290.95,57.85,138.51,1878.23,361.88,61.00,288.96,72.46,58.94,21.85,39.96,79.39,133.85,28.71,120.93,647.51,101.91,148.63,72.19,123.07,253.16,172.07,188.30,43.59,45.51
2021-09-20,139.67,641.29,156.80,180.31,130.34,101.55,186.59,167.79,70.34,804.93,45.12,2297.81,,46.12,428.83,257.56,49.04,60.11,137.88,137.58,185.03,48.80,538.55,338.00,339.14,284.26,56.04,137.47,1820.70,352.93,59.61,283.59,70.58,57.54,21.07,39.93,79.07,133.40,26.55,120.17,636.59,100.48,143.45,71.51,120.79,243.39,168.86,185.67,42.61,44.89
2021-09-21,140.15,645.89,157.81,178.72,130.00,102.82,186.81,167.18,74.09,818.32,45.10,2282.97,,45.77,429.76,254.11,48.49,60.76,138.51,137.89,184.32,48.70,539.38,338.01,340.47,286.85,55.69,136.69,1838.59,354.70,59.95,284.07,70.36,57.31,21.20,40.48,78.84,133.34,26.62,119.26,642.61,100.84,143.71,70.89,120.09,246.46,169.19,185.80,41.75,44.98
2021-09-22,142.51,626.08,160.85,179.86,132.81,104.38,185.31,169.00,73.08,827.90,45.98,2361.99,,45.74,429.97,259.86,48.72,60.47,139.79,139.13,186.13,49.28,546.71,342.82,349.00,287.88,57.10,138.99,1879.49,340.54,61.56,287.72,72.14,59.06,21.89,41.35,79.33,133.75,27.43,120.40,642.72,101.60,146.59,72.08,122.81,250.65,171.78,184.27,42.58,44.87
2021-09-23,143.47,630.84,163.97,182.65,135.71,106.15,186.54,170.80,77.85,842.30,46.32,2430.11,,45.86,430.39,262.29,49.75,60.73,140.67,140.06,188.43,49.76,560.86,348.28,354.22,291.94,58.19,144.29,1886.49,343.27,62.32,288.66,72.21,59.33,22.43,41.76,80.53,133.85,28.77,121.21,642.17,102.56,147.66,73.91,125.90,251.21,174.19,185.09,43.27,44.90
2021-09-24,143.56,622.71,165.18,183.41,136.48,105.80,185.29,171.28,79.47,831.81,46.38,2445.66,,45.92,444.62,261.75,49.78,60.31,141.47,141.05,188.00,49.94,561.40,347.78,352.84,291.83,58.18,146.80,1869.62,350.21,62.49,288.46,72.22,59.24,22.03,41.70,81.75,133.92,28.56,121.19,634.61,102.54,144.40,74.81,124.44,258.13,175.93,183.61,43.61,45.02
2021-09-27,142.04,603.65,163.68,182.95,137.27,108.16,184.86,170.29,76.70,799.73,46.37,2431.10,,45.96,437.79,253.34,49.33,59.65,140.35,139.92,186.89,50.35,550.80,337.92,349.26,290.85,58.72,148.54,1768.15,350.83,61.96,283.47,73.32,59.26,21.61,41.58,81.01,132.63,27.47,120.82,614.92,102.15,144.38,75.53,122.86,263.79,175.65,183.41,44.45,44.73
2021-09-28,138.66,578.77,158.48,178.93,127.80,101.52,184.13,165.80,72.71,746.94,45.10,2388.14,,44.70,425.23,241.86,48.72,59.27,135.08,134.72,184.38,49.74,529.43,330.83,331.36,282.12,55.80,147.84,1682.01,338.00,59.68,273.20,71.29,58.38,20.66,40.87,79.39,131.18,25.34,117.58,600.94,100.38,136.93,73.18,121.44,259.19,170.88,181.60,43.89,44.18
2021-09-29,139.56,577.70,156.21,181.01,123.36,100.35,186.41,165.06,74.16,718.45,44.96,2334.21,,45.67,429.45,239.57,48.68,60.09,133.43,133.25,184.33,49.27,531.29,330.78,320.16,281.37,54.04,146.22,1662.99,336.97,59.09,273.67,69.87,59.91,20.47,41.73,78.85,132.27,24.52,117.02,602.63,100.79,134.65,72.22,123.17,260.44,169.28,182.22,42.67,44.16
2021-09-30,138.26,575.72,154.95,181.32,123.80,102.90,184.46,164.25,72.37,713.37,44.54,2330.34,,45.67,427.13,245.78,47.76,59.17,132.18,132.58,182.07,49.07,524.09,331.38,319.40,275.96,54.20,142.54,1679.40,336.75,59.24,271.66,69.32,61.03,20.67,40.74,79.83,130.62,24.04,116.75,601.12,99.12,135.58,71.72,122.84,258.49,168.53,181.39,42.48,43.83
2021-10-01,139.38,577.47,154.85,183.21,124.18,102.45,185.56,164.16,74.78,710.21,44.76,2410.83,,46.71,426.16,249.27,48.39,58.08,135.35,135.42,184.96,49.61,528.42,336.50,319.89,280.16,54.25,150.13,1667.60,340.34,58.77,278.58,69.33,61.31,20.70,40.30,81.08,131.09,24.33,116.51,566.96,101.47,135.08,73.36,121.88,258.41,169.92,180.35,42.97,43.10
2021-10-04,135.96,558.49,151.97,181.37,120.40,100.34,183.41,159.49,71.88,682.57,43.72,2414.42,,46.36,418.38,238.88,47.91,57.23,132.68,132.56,183.72,49.25,510.33,323.50,314.21,277.15,52.39,149.33,1592.75,323.69,56.57,272.81,68.97,60.33,19.69,39.89,78.26,130.44,23.17,114.67,551.69,100.16,131.49,73.13,120.63,260.51,166.94,177.40,42.86,42.68
2021-10-05,137.88,566.70,153.00,184.80,123.16,101.81,183.77,161.05,73.75,701.65,44.59,2387.73,,46.57,424.18,244.92,48.32,57.10,135.07,134.91,185.02,49.69,518.10,330.07,316.27,280.14,52.94,149.62,1585.44,330.37,58.34,278.25,68.85,63.48,20.41,40.51,79.26,131.21,23.21,115.44,547.20,99.61,131.81,74.00,120.57,260.20,169.99,177.01,42.87,42.96
2021-10-06,138.75,570.31,153.63,185.92,121.67,103.64,182.14,163.10,77.00,701.30,44.89,2403.30,,46.66,427.12,248.20,47.65,57.16,136.24,136.44,186.00,49.72,519.33,334.94,314.24,278.47,52.54,149.49,1548.57,331.04,62.62,282.45,68.31,63.91,20.66,40.86,81.02,134.58,23.58,115.92,542.90,100.32,134.99,70.06,119.80,260.92,170.44,180.91,42.47,43.28
2021-10-07,140.01,578.96,154.49,188.26,122.98,106.45,181.39,165.12,84.94,715.01,45.37,2423.72,,47.08,430.48,249.88,48.61,57.72,138.05,138.08,187.29,49.90,523.02,338.34,315.19,281.39,52.93,151.84,1554.04,326.66,64.06,284.12,68.89,63.19,21.03,40.79,82.28,135.82,23.73,115.72,548.32,100.83,139.85,71.08,118.44,264.54,171.25,180.02,43.19,43.79
2021-10-08,139.63,576.86,156.01,186.98,121.39,105.06,181.25,164.43,86.34,699.16,45.27,2428.99,,44.86,429.51,245.00,48.66,57.65,138.92,138.64,186.72,49.56,516.59,328.54,311.32,278.60,52.39,151.21,1511.19,327.48,63.54,284.12,68.48,63.27,20.79,40.68,82.13,135.50,23.50,114.55,546.33,99.94,137.80,69.47,116.55,261.83,171.19,178.94,42.59,43.92
2021-10-11,139.54,573.07,155.34,184.80,122.62,104.68,179.30,162.32,87.41,691.14,45.22,2422.16,,42.83,427.47,244.36,48.53,57.67,137.72,137.78,184.65,49.22,511.04,324.18,310.51,277.33,52.61,150.95,1459.32,322.92,62.38,283.52,67.60,62.70,20.65,40.35,83.30,135.69,23.53,113.09,542.59,99.69,135.70,70.95,112.68,263.98,169.55,179.58,42.27,43.88
2021-10-12,138.27,580.69,151.75,184.88,121.90,105.04,175.12,162.37,87.18,694.16,44.57,2419.50,,42.92,424.78,252.74,47.95,57.07,135.60,135.33,183.83,48.05,512.63,324.45,305.12,278.24,52.07,151.55,1461.25,321.25,62.53,282.22,65.16,62.49,20.63,40.59,84.21,136.29,23.69,111.29,540.79,99.74,135.72,68.67,111.80,268.57,165.26,180.21,40.79,43.83
2021-10-13,137.68,591.12,152.06,186.10,123.30,109.16,176.61,164.21,88.01,712.71,44.55,2417.37,,43.21,423.28,270.44,48.25,57.29,136.78,136.45,184.90,48.13,520.31,326.00,305.94,283.11,51.84,148.83,1518.43,322.01,62.36,285.53,64.83,62.98,20.89,40.82,84.08,137.21,24.13,113.19,543.45,99.53,139.90,69.15,111.97,270.36,164.05,181.34,40.80,43.51
2021-10-14,140.47,607.51,155.62,189.12,127.01,111.99,179.36,164.99,90.79,745.14,45.70,2450.44,,44.28,428.38,276.01,49.16,57.73,140.26,139.99,187.48,49.65,528.91,330.95,314.89,290.43,54.08,149.41,1524.25,325.97,64.20,291.73,66.22,63.38,21.70,41.68,83.83,138.31,24.35,116.46,551.89,100.52,140.68,71.70,114.67,272.77,168.78,181.90,42.56,43.99
2021-10-15,141.52,610.09,159.17,193.17,126.55,112.12,180.28,170.45,91.84,755.77,46.22,2491.79,,44.30,430.02,273.11,48.81,57.29,140.52,140.21,189.31,50.16,537.06,331.50,314.24,289.93,53.75,154.05,1563.09,322.23,64.55,293.14,66.10,62.83,21.82,41.93,84.64,137.92,24.00,117.86,549.53,100.15,142.46,71.26,113.03,281.01,170.49,181.77,41.70,44.20
2021-10-18,143.20,622.83,160.36,192.79,128.18,116.43,176.20,172.34,92.21,754.64,46.23,2456.24,,43.65,439.11,285.35,48.76,55.83,141.80,141.61,189.23,50.17,549.12,332.30,312.01,289.68,54.16,153.25,1592.62,332.73,66.05,296.11,65.69,63.80,22.18,42.56,85.86,137.29,24.26,117.78,539.83,101.87,146.51,70.61,112.86,290.04,170.90,180.80,41.69,44.55
2021-10-19,145.36,636.07,163.42,194.07,129.44,116.33,179.36,172.21,95.66,766.84,46.88,2417.93,,44.48,443.99,282.35,49.24,56.67,142.65,142.06,190.22,50.85,557.13,336.30,317.14,292.23,54.36,149.21,1591.26,337.34,66.71,297.02,65.99,63.90,22.24,42.55,85.42,139.04,24.69,119.94,548.41,101.98,148.57,70.50,113.99,288.09,173.81,185.41,41.88,45.50
2021-10-20,145.84,632.37,163.69,193.23,128.85,116.39,181.86,170.75,93.33,735.00,46.79,2340.46,,44.87,446.54,283.33,49.65,56.64,141.26,140.61,191.81,51.00,554.93,339.80,316.08,292.74,53.85,147.53,1604.01,338.13,66.07,296.23,66.68,62.51,22.06,42.96,85.32,140.09,24.22,119.63,558.93,102.31,148.75,69.99,117.24,288.60,174.82,185.49,42.45,45.91
2021-10-21,146.06,638.66,165.43,194.74,128.23,119.33,181.28,171.75,96.30,754.01,47.23,2366.91,,44.31,453.63,284.10,49.20,56.75,141.62,140.72,192.57,51.58,562.53,339.63,320.36,292.82,52.89,149.82,1583.94,339.22,65.95,299.45,67.04,65.32,22.64,44.22,84.67,138.24,24.78,120.44,565.55,102.83,149.67,71.48,112.35,298.00,176.49,187.09,42.75,46.17
2021-10-22,145.29,643.58,165.07,197.49,130.72,119.82,181.50,166.78,94.25,766.85,47.34,2350.68,,44.47,458.16,283.39,48.69,56.96,137.50,136.44,186.46,45.56,574.64,341.52,327.54,295.49,53.02,148.95,1503.78,322.08,65.20,297.91,65.93,66.48,22.68,44.24,84.02,138.93,24.43,119.14,568.52,102.93,142.59,75.81,112.37,303.23,174.55,183.52,42.94,46.65
2021-10-25,145.24,646.97,167.02,197.78,130.56,122.36,180.10,166.02,93.56,754.85,47.95,2368.73,,44.35,465.87,280.10,48.71,57.32,137.64,136.32,186.58,45.51,586.08,343.59,327.73,297.87,52.56,148.99,1536.51,326.13,66.54,296.92,67.15,67.17,23.12,44.09,82.96,138.28,25.41,119.42,572.33,103.08,142.52,77.49,111.46,341.62,175.54,184.99,42.77,47.19
2021-10-26,145.90,642.50,166.42,198.44,126.94,122.93,181.01,168.80,94.01,757.52,49.04,2398.23,,44.09,461.52,287.08,49.30,57.38,138.53,138.17,187.25,44.47,591.96,348.70,326.52,297.96,52.27,150.19,1544.66,313.35,66.60,298.83,67.33,66.85,24.66,43.89,81.09,139.97,25.52,119.43,588.18,103.27,136.37,76.54,111.88,339.48,172.71,184.07,42.39,46.78
2021-10-27,145.44,640.08,157.71,201.30,127.10,122.28,179.19,169.62,94.92,766.88,48.05,2383.56,,43.01,464.93,279.00,49.63,56.56,145.24,145.02,185.02,44.11,596.36,348.98,325.19,300.03,52.72,153.81,1500.00,309.79,66.57,311.41,66.65,66.29,24.40,43.40,82.14,139.48,25.06,118.76,585.64,102.00,136.11,76.51,112.13,345.95,164.05,180.94,41.75,46.39
2021-10-28,149.08,639.28,159.56,202.20,130.81,121.16,179.70,172.33,97.90,778.55,48.64,2385.21,,42.56,467.03,281.17,49.68,57.04,144.94,144.65,187.39,44.28,598.58,355.61,339.29,299.08,53.89,153.98,1516.87,314.45,67.33,312.55,67.96,67.40,24.89,41.65,83.07,140.36,25.64,121.01,620.99,101.72,145.70,77.83,111.57,359.01,164.73,182.00,43.11,46.68
2021-10-29,146.37,650.36,160.51,203.61,131.42,120.23,179.53,168.62,98.25,778.25,48.83,2376.39,,42.18,467.99,281.80,49.45,54.96,147.06,146.83,187.51,45.13,608.87,361.13,355.92,300.24,53.67,154.03,1481.02,321.05,67.35,319.55,67.49,69.03,25.51,41.49,84.85,140.34,25.88,120.43,635.65,95.31,146.67,77.41,110.60,371.33,165.40,184.93,39.35,46.99
2021-11-01,145.55,640.20,161.90,201.47,134.17,125.23,181.98,165.91,99.49,773.05,48.50,2444.03,,42.86,468.31,269.17,49.56,55.60,142.60,142.32,188.48,45.64,592.16,355.03,363.09,303.79,54.54,155.77,1489.66,327.41,67.81,317.39,69.05,68.12,25.77,41.32,84.72,140.05,26.56,122.03,634.86,98.66,152.76,79.87,111.40,402.86,165.39,185.40,40.78,47.10
2021-11-02,146.59,640.40,164.63,204.22,135.80,127.63,185.85,165.64,98.75,779.44,49.33,2408.83,,43.17,473.18,268.12,50.90,55.83,144.68,144.24,189.71,45.92,601.48,360.37,371.19,308.12,54.68,154.06,1508.71,325.53,68.74,321.01,69.11,67.77,26.35,41.41,84.74,141.33,25.92,122.41,634.48,100.15,147.66,79.80,111.34,390.67,167.04,181.40,41.42,47.08
2021-11-03,148.02,655.18,165.43,204.75,137.28,130.53,189.21,169.20,98.36,796.72,49.82,2390.67,,43.43,478.27,270.65,50.93,57.10,145.59,145.40,191.09,46.41,605.83,361.49,375.89,308.91,55.37,158.37,1531.93,329.04,68.09,321.85,69.59,68.83,26.54,41.44,83.16,142.69,26.12,125.35,647.72,101.19,149.53,81.23,117.24,404.62,166.90,189.07,41.97,47.23
2021-11-04,147.50,674.08,167.21,205.15,144.38,137.50,186.43,173.85,98.55,816.37,50.39,2392.32,,43.25,490.92,279.62,50.46,56.31,147.47,147.05,190.83,46.66,608.57,363.32,390.60,311.81,57.02,157.94,1556.49,333.23,70.34,324.20,70.55,66.84,29.74,42.26,82.31,142.70,26.47,141.31,643.28,100.79,154.06,82.83,117.93,409.97,168.60,194.21,41.42,47.57
2021-11-05,148.03,662.72,170.40,208.24,147.42,136.34,185.43,175.95,98.47,813.02,51.34,2570.94,,44.20,488.54,273.43,50.42,56.18,148.03,147.63,193.89,47.23,598.17,364.95,397.91,312.27,58.16,161.33,1629.76,338.47,70.66,323.83,71.22,64.57,29.69,42.54,82.30,144.16,26.00,147.57,607.44,105.05,152.81,84.09,117.95,407.36,170.62,192.85,42.28,47.24
2021-11-08,147.21,666.02,170.66,206.33,147.10,150.16,183.35,174.45,99.64,815.83,51.34,2591.45,,43.87,479.67,282.93,50.36,55.88,148.14,147.81,193.61,47.81,598.42,365.42,394.19,317.48,58.00,162.08,1650.00,335.98,71.78,324.73,72.82,65.14,30.74,42.34,86.22,141.06,26.75,150.13,618.60,103.48,153.38,84.93,116.20,387.65,169.70,192.23,41.98,46.94
2021-11-09,147.57,667.92,171.16,207.88,150.30,148.92,183.64,178.81,103.57,815.95,51.23,2599.64,,44.08,484.34,293.18,50.74,56.04,148.03,147.70,195.34,47.49,596.02,364.15,398.27,318.51,59.22,158.60,1709.98,332.76,71.72,323.73,73.83,65.60,30.59,42.90,85.39,142.00,24.25,150.93,612.17,102.56,155.49,86.29,115.24,341.17,168.32,191.09,42.33,47.10
2021-11-10,144.75,647.50,167.33,208.28,144.64,139.87,184.94,174.10,95.73,785.04,50.40,2522.65,,44.43,481.29,281.56,51.04,57.03,145.43,144.70,194.17,47.08,587.46,359.49,386.09,316.63,57.69,154.96,1592.22,325.09,69.78,318.76,71.70,64.69,29.40,43.20,83.20,142.46,22.52,144.65,618.02,102.20,147.40,86.06,114.95,355.98,164.99,187.91,41.59,46.68
2021-11-11,144.70,643.17,169.40,207.29,148.01,146.01,183.51,173.62,114.85,799.95,51.01,2433.58,,44.01,487.64,280.92,50.14,57.12,145.55,144.57,190.38,46.86,590.27,350.79,394.15,315.73,58.44,150.99,1577.08,325.19,72.19,320.34,72.81,65.76,30.33,43.01,84.65,141.29,22.99,148.83,622.44,100.57,149.03,91.48,113.91,354.50,166.38,185.87,44.27,46.70
2021-11-12,146.77,657.60,170.97,209.45,150.81,147.89,183.36,176.26,112.36,817.46,51.73,2406.69,,43.88,492.39,284.30,50.20,57.16,148.43,147.46,191.56,46.66,609.84,354.93,395.62,317.01,59.46,150.62,1597.15,338.24,72.25,324.47,75.50,68.26,30.33,43.27,85.86,141.25,22.83,149.30,626.96,100.82,166.95,93.97,113.69,344.47,167.69,187.29,45.58,46.47
2021-11-15,146.78,659.73,171.22,211.38,150.28,146.49,181.41,177.28,102.77,822.35,51.97,2360.91,,43.78,494.98,254.15,50.59,56.93,148.17,147.24,191.63,46.67,609.01,353.56,395.41,314.17,60.02,149.85,1633.21,344.85,71.70,323.84,74.99,67.93,29.96,43.32,86.34,142.25,23.41,152.53,643.38,100.96,165.65,91.83,113.23,337.80,166.94,186.86,44.35,46.20
2021-11-16,147.76,671.03,173.63,213.36,151.81,152.45,179.65,177.04,109.03,826.02,52.24,2336.68,,43.56,501.49,262.51,50.36,56.66,147.86,146.66,190.69,46.94,628.10,361.12,405.12,313.20,60.40,148.22,1541.55,340.29,72.58,327.16,75.02,68.74,30.14,43.47,87.52,141.83,23.13,164.57,638.44,101.28,167.53,90.09,113.80,351.58,166.31,188.33,44.01,45.02
2021-11-17,150.20,670.67,173.05,214.84,150.01,151.34,180.03,177.45,105.42,824.98,52.32,2322.98,,44.07,501.08,269.78,50.14,57.15,147.85,146.83,189.93,46.59,617.69,361.42,401.90,311.79,60.05,150.85,1487.33,338.12,72.41,327.38,73.70,69.17,29.20,42.73,85.63,141.88,22.49,166.14,637.52,101.54,163.78,87.68,112.68,363.00,167.24,188.25,42.51,44.64
2021-11-18,154.48,670.96,174.02,215.81,152.66,155.02,178.46,184.80,99.64,843.85,52.80,2332.41,,43.29,504.01,264.72,47.38,57.43,149.48,148.61,190.11,46.08,611.74,359.20,405.15,311.34,60.55,149.90,1446.10,336.05,73.89,329.46,75.22,68.20,31.61,43.06,86.67,141.92,21.50,168.66,644.16,101.89,168.13,88.00,112.47,365.46,170.68,185.41,41.92,45.02
2021-11-19,157.10,688.37,174.68,215.78,144.28,155.41,180.26,183.83,99.77,822.78,52.24,2297.08,,42.57,508.22,257.63,47.04,58.19,148.73,147.71,188.21,45.93,673.40,348.65,404.33,312.46,61.37,149.12,1401.27,342.61,73.33,331.23,81.09,67.88,32.92,42.41,88.39,142.26,21.41,167.46,648.30,99.97,169.06,87.59,111.17,379.02,172.17,182.88,42.16,44.78
2021-11-22,157.56,673.57,171.62,214.79,141.90,152.52,177.33,178.63,95.50,792.62,50.82,2255.00,,42.24,513.80,239.64,48.24,59.27,145.88,145.10,187.90,46.22,643.53,340.72,390.47,310.16,61.58,150.55,1314.83,338.35,71.53,328.06,81.90,65.92,31.89,42.68,89.99,142.56,20.65,164.20,639.32,100.58,159.50,88.32,109.46,385.62,169.82,181.50,42.85,45.53
2021-11-23,157.95,665.16,168.80,214.17,143.22,149.92,178.90,179.00,92.93,775.08,50.99,2298.20,,42.68,519.14,230.58,48.85,59.83,145.56,144.59,186.06,45.54,652.29,335.90,394.38,310.64,62.98,151.54,1285.00,334.62,71.99,325.99,83.42,65.41,31.68,43.42,88.84,143.51,20.59,163.79,644.96,102.50,157.31,88.28,111.01,369.68,169.95,186.85,45.56,45.85
2021-11-24,158.46,668.32,168.82,212.57,143.53,157.80,178.41,179.02,94.32,770.20,51.32,2280.52,,42.55,523.39,230.77,49.07,59.36,145.52,144.92,182.80,46.15,665.29,339.42,395.64,307.82,62.93,151.71,1273.00,338.40,72.62,326.21,84.20,65.83,32.61,43.10,91.62,142.20,21.11,163.58,643.83,102.85,162.87,87.81,110.07,372.00,170.79,186.24,45.06,46.08
2021-11-26,153.44,662.10,164.69,208.26,138.02,154.81,175.89,175.23,90.71,750.64,50.20,2116.03,,41.91,519.97,232.64,48.30,59.53,141.64,141.02,179.35,45.24,648.67,329.23,381.91,301.53,61.13,141.92,1258.71,330.53,70.78,318.27,81.47,66.56,31.44,42.38,88.87,139.94,21.03,159.08,639.03,99.87,157.67,85.71,109.16,360.64,166.08,183.59,43.47,45.57
2021-11-29,156.80,687.49,169.50,213.95,145.66,161.91,177.98,178.08,90.26,782.31,51.83,2141.99,,42.26,528.30,224.57,49.26,59.85,144.92,144.34,178.88,46.37,675.66,334.74,396.16,301.69,64.81,145.12,1234.10,335.40,73.76,324.98,84.13,66.38,33.31,42.94,91.86,142.55,21.07,166.32,650.01,99.93,156.70,90.44,109.03,379.00,171.48,190.11,44.40,44.85
2021-11-30,161.75,669.85,166.77,209.41,141.78,158.37,173.96,175.35,91.11,759.75,50.86,2063.31,,40.99,513.54,217.14,48.45,58.39,141.29,140.73,174.21,45.63,634.46,324.34,390.69,299.25,64.74,142.03,1188.41,321.93,69.98,319.14,82.04,64.19,32.61,42.54,91.16,138.76,20.65,163.44,632.26,98.95,152.18,89.23,104.62,381.59,169.71,186.94,43.53,44.22
2021-12-01,161.23,657.41,167.31,205.76,146.10,149.11,175.64,172.19,86.13,771.74,50.96,2029.10,,40.25,504.46,201.50,48.62,58.39,140.46,139.90,171.78,45.07,645.73,319.93,394.57,299.39,66.04,137.16,1104.20,308.18,69.76,318.65,83.16,61.78,31.37,42.45,88.03,139.09,19.38,159.58,626.36,98.06,145.97,90.25,102.61,365.00,169.17,205.00,43.44,43.13
2021-12-02,160.25,671.88,167.76,210.81,141.11,150.68,175.96,171.87,90.32,757.71,50.74,2132.10,,42.24,500.34,209.35,49.61,59.02,142.61,141.79,175.72,45.91,653.74,327.32,385.33,305.78,63.00,145.46,1129.22,307.97,69.84,318.08,80.94,61.65,32.06,43.82,89.22,140.43,19.69,160.85,629.75,100.55,144.71,91.35,106.11,361.53,170.78,204.45,42.86,42.60
2021-12-03,158.37,616.53,167.91,208.50,140.47,144.01,177.07,169.49,93.53,740.57,51.26,2075.66,,42.47,503.59,197.05,49.68,58.93,141.36,140.84,175.29,45.68,630.24,321.63,383.56,302.66,62.99,144.36,1052.95,304.45,82.19,311.83,79.71,60.21,30.63,43.95,86.81,144.01,18.98,160.38,630.90,100.39,141.00,91.61,108.43,338.32,170.60,203.81,43.29,43.24
2021-12-06,161.77,622.04,168.16,210.60,141.96,139.06,182.63,171.37,89.82,726.04,51.89,2186.43,,42.93,507.66,194.71,50.32,58.87,142.63,141.98,177.66,47.29,627.69,323.77,382.46,306.75,63.57,150.83,1112.14,315.39,84.00,314.90,80.52,61.27,29.98,44.10,83.54,145.50,18.80,159.42,620.81,102.30,142.81,90.03,111.18,336.34,171.69,205.06,42.94,43.71
2021-12-07,167.51,649.96,173.34,213.26,151.12,144.85,184.84,176.16,96.47,773.67,54.23,2203.86,,40.66,516.05,204.32,51.31,59.00,146.83,146.06,178.44,48.76,654.88,340.49,401.24,312.05,67.25,150.67,1178.26,320.30,89.98,323.32,83.83,62.56,32.36,44.85,87.24,145.34,19.46,166.93,630.83,104.92,152.05,94.32,112.64,350.58,175.59,205.22,44.53,43.57
2021-12-08,171.32,653.10,172.99,212.50,151.51,145.24,186.77,176.16,96.06,771.67,54.06,2264.89,,40.14,504.71,209.18,50.37,59.05,147.51,146.97,176.28,48.00,654.65,340.80,403.28,314.45,68.00,151.73,1210.40,327.99,89.76,323.37,84.01,62.81,31.76,44.98,88.44,145.59,19.82,165.94,649.65,104.91,152.03,91.86,110.33,356.32,173.26,206.61,44.40,43.13
2021-12-09,170.81,632.57,170.59,212.03,147.04,138.10,185.93,174.17,90.78,741.61,53.59,2226.03,,39.21,499.21,201.27,50.84,59.55,146.90,146.43,177.45,46.82,647.31,340.34,391.88,313.44,66.60,151.26,1131.84,327.25,88.52,321.57,82.95,61.10,30.43,44.80,87.92,145.41,19.21,165.60,661.25,104.10,149.49,89.46,109.60,334.60,170.62,208.41,43.15,43.73
2021-12-10,175.60,654.45,170.36,215.66,147.12,138.55,184.47,172.21,90.67,750.47,58.02,2195.35,,39.73,532.05,198.60,52.34,59.51,147.46,146.79,180.73,46.92,659.41,344.96,393.14,315.21,67.23,154.79,1144.50,327.18,87.53,330.68,83.54,61.17,30.14,45.49,88.64,147.73,18.94,167.08,665.03,105.34,146.16,90.31,110.35,339.01,172.91,208.06,43.55,44.53
2021-12-13,171.97,658.30,165.75,214.11,141.69,133.80,184.90,169.57,88.85,733.80,57.10,2110.09,,39.13,530.53,198.68,51.78,59.82,145.51,144.63,180.23,46.37,650.45,340.36,382.67,315.39,65.23,147.92,1180.00,331.89,85.14,327.65,82.38,60.46,28.11,44.78,89.15,148.47,18.40,166.57,655.72,104.29,139.71,88.37,110.58,322.14,170.48,208.15,41.94,45.33
2021-12-14,170.59,614.86,163.72,209.28,142.30,135.60,186.96,169.09,87.53,724.12,56.48,2085.96,,39.99,519.22,198.71,51.04,60.35,143.79,142.73,178.03,46.10,621.99,328.24,382.39,315.69,64.82,148.24,1190.40,331.14,83.86,316.97,81.35,59.80,28.28,44.49,85.42,148.10,18.64,165.35,666.47,103.52,135.43,89.03,112.79,319.50,167.86,209.24,41.87,45.76
2021-12-15,175.45,630.33,166.74,213.10,148.01,146.50,191.78,173.32,88.56,760.44,58.77,2091.31,,39.51,538.39,210.71,52.94,60.94,146.17,145.24,180.69,46.99,629.78,331.66,392.39,322.16,66.55,145.52,1210.12,339.00,86.89,323.06,83.66,60.50,30.40,45.81,90.05,150.01,18.86,171.98,653.52,103.49,136.81,90.85,113.86,325.33,170.65,211.13,42.41,46.03
2021-12-16,168.56,566.09,160.30,211.22,141.31,138.64,194.69,168.87,83.75,724.71,57.01,2125.21,,40.05,526.16,200.28,53.28,61.88,143.66,143.26,180.56,47.14,616.62,334.53,380.33,320.89,64.07,145.11,1178.03,332.29,82.19,313.65,80.76,59.11,28.33,45.83,87.29,150.23,18.34,161.87,627.50,102.51,132.69,90.92,115.94,308.97,166.07,212.61,42.68,45.26
2021-12-17,167.47,556.64,157.99,209.00,140.78,137.75,194.62,170.02,88.13,719.78,58.32,2169.92,,39.98,521.38,205.10,53.41,61.79,141.64,140.56,176.73,46.95,603.30,337.40,374.82,315.05,63.86,144.56,1187.55,331.19,82.62,312.59,81.06,58.67,27.75,45.07,88.36,147.15,19.06,160.64,615.12,98.03,132.34,90.83,115.20,310.86,164.35,214.54,42.79,43.81
2021-12-20,166.11,549.77,156.33,208.95,139.68,135.80,192.43,167.08,87.36,722.67,59.25,2168.24,,39.69,522.28,206.29,53.32,62.01,141.24,140.45,172.15,46.00,588.09,332.11,369.03,311.74,63.09,144.07,1187.36,322.92,82.76,308.83,80.11,59.37,27.66,44.84,88.26,148.13,17.96,160.52,599.09,97.55,128.22,91.37,114.41,299.98,162.54,215.41,42.07,43.95
2021-12-21,169.28,557.52,159.82,211.31,145.86,144.25,193.24,170.42,91.15,751.62,59.74,2322.37,,40.07,519.30,210.31,53.92,61.48,143.05,142.30,173.72,47.09,604.08,348.09,391.91,314.17,65.19,152.39,1224.51,331.60,84.86,315.96,88.56,60.49,29.02,44.98,89.61,147.69,18.90,163.17,602.74,99.60,137.01,95.56,116.44,312.84,164.42,218.60,44.42,44.08
2021-12-22,171.87,563.98,160.01,216.47,146.72,143.88,193.77,171.04,93.83,760.34,60.57,2341.44,,40.21,523.34,207.60,54.36,61.98,145.75,145.21,173.86,47.27,614.38,362.21,395.55,316.49,65.97,156.49,1227.94,327.88,86.81,321.66,88.23,61.42,29.34,45.43,92.46,148.61,18.88,164.80,613.34,100.84,138.56,96.51,115.92,336.29,164.91,222.77,45.00,44.14
2021-12-23,172.50,569.62,160.36,220.47,149.78,146.14,195.75,171.07,93.80,769.26,61.45,2358.20,,41.03,524.00,211.52,55.02,62.02,145.94,145.71,176.77,47.59,618.32,363.94,402.78,320.09,66.68,159.00,1262.73,332.63,86.21,323.10,92.22,61.41,29.58,45.29,93.63,148.44,18.93,166.04,621.18,101.41,143.93,97.48,115.29,355.67,165.33,223.45,46.06,44.04
2021-12-27,176.46,577.68,162.97,224.37,156.74,154.36,196.96,169.67,95.81,778.87,62.33,2350.60,,41.39,536.48,209.64,56.03,62.36,146.86,146.69,177.82,48.17,634.92,364.58,421.36,324.10,69.04,160.47,1299.11,343.48,89.29,330.59,92.23,61.31,30.88,46.16,94.72,149.92,18.94,169.30,630.51,103.08,140.06,99.40,114.01,364.65,169.24,222.34,46.73,44.44
2021-12-28,175.44,569.36,161.95,224.17,153.77,153.15,197.48,170.66,93.19,772.48,61.84,2343.14,,41.42,537.59,207.23,56.13,62.44,145.26,145.48,178.35,48.01,632.01,364.54,413.68,324.45,68.34,160.50,1316.28,343.52,86.52,329.44,90.77,61.07,30.26,46.46,94.12,150.70,18.57,167.93,634.18,104.30,137.56,99.60,113.61,362.82,168.59,221.93,47.29,45.08
2021-12-29,175.53,569.29,163.01,225.94,155.06,148.26,199.08,169.20,91.28,769.80,62.17,2340.95,,41.49,540.57,206.87,56.51,63.02,145.31,145.45,178.76,48.07,630.31,365.27,416.49,325.97,69.36,160.31,1323.56,340.27,87.06,330.11,93.92,61.05,29.94,47.21,93.93,151.23,18.17,169.18,642.94,105.03,139.21,100.62,113.11,362.06,168.33,223.32,49.77,45.06
2021-12-30,174.38,570.53,162.33,223.71,152.17,145.15,198.09,168.64,93.99,768.11,61.48,2351.98,,41.49,536.90,208.95,56.20,62.78,144.81,145.00,178.40,47.99,625.76,363.30,408.83,324.96,68.56,158.68,1356.46,341.68,85.98,327.57,91.70,61.21,29.53,46.78,93.57,150.97,18.69,166.03,638.20,104.90,139.82,99.55,112.02,356.78,167.10,222.45,49.20,45.20
2021-12-31,173.76,567.06,163.24,224.64,151.58,143.90,196.78,166.72,94.26,764.20,61.51,2355.23,,41.28,540.50,204.75,55.98,62.13,143.50,143.66,179.61,47.76,625.63,359.30,411.73,326.94,68.63,159.05,1348.40,333.73,86.03,324.68,91.07,60.24,29.35,47.08,92.79,151.88,18.21,166.16,627.28,105.56,137.74,98.85,111.51,352.26,166.27,219.60,49.08,45.68
2022-01-03,178.10,564.37,164.53,222.30,154.05,150.24,198.29,170.40,94.38,765.49,61.32,2416.28,,41.61,539.56,198.33,55.80,62.11,143.89,143.80,178.14,49.35,614.20,360.00,416.50,319.59,69.24,157.77,1332.94,335.90,87.93,323.16,93.61,59.74,30.06,46.40,90.70,151.24,18.53,169.19,622.89,105.30,136.31,99.01,110.02,399.93,168.15,222.53,49.62,45.67
2022-01-04,175.84,554.00,163.04,223.33,152.54,144.42,199.29,167.52,88.61,747.93,62.02,2419.73,,41.37,537.20,189.19,54.43,61.79,143.24,143.22,180.03,49.29,601.41,354.63,412.81,325.42,67.95,161.72,1241.38,333.91,86.89,317.62,94.19,59.12,29.23,46.59,87.33,151.46,18.17,170.12,612.68,103.10,122.19,101.51,109.67,383.20,168.32,221.86,50.89,44.83
2022-01-05,171.17,514.43,160.52,221.43,148.09,136.15,196.93,164.36,82.03,715.75,59.44,2369.04,,41.39,523.58,179.29,53.57,61.77,136.53,136.65,181.81,49.96,577.46,341.95,402.76,326.93,66.02,158.21,1129.69,321.65,82.71,305.43,92.29,56.75,27.55,45.69,84.14,151.97,16.96,169.46,591.13,99.67,119.00,100.36,110.92,362.71,164.81,221.42,50.47,45.44
2022-01-06,168.31,514.12,161.03,219.91,150.59,136.23,196.96,163.25,82.15,732.50,58.89,2385.41,,41.63,523.46,187.49,54.14,61.26,136.43,136.62,181.60,50.09,570.35,334.18,413.75,319.00,66.99,159.03,1156.78,329.87,84.16,303.01,93.52,55.33,28.12,46.68,88.82,152.01,16.74,168.96,594.42,100.30,116.89,98.32,111.12,354.90,164.76,221.65,48.72,45.31
2022-01-07,168.47,510.70,156.81,217.59,145.27,132.00,198.81,162.55,80.45,725.76,57.23,2389.93,,41.25,510.49,188.99,54.32,60.98,135.89,135.89,185.85,49.56,552.68,324.29,399.10,317.37,63.88,160.42,1085.36,329.21,81.78,303.17,92.34,54.11,27.19,45.48,87.58,152.20,16.56,163.92,599.68,97.08,114.45,97.08,105.51,342.32,158.30,221.85,49.54,45.75
2022-01-10,168.49,525.83,158.26,212.17,144.09,132.00,201.50,161.49,82.94,698.00,57.42,2381.90,,41.64,493.95,192.50,54.94,61.69,137.45,137.53,183.87,51.21,555.24,325.53,400.84,316.56,63.40,155.98,1053.31,325.52,80.89,303.39,91.80,53.99,27.35,45.01,87.10,152.28,16.50,163.26,617.10,95.69,113.12,100.11,101.67,352.71,161.41,223.96,49.33,45.66
2022-01-11,171.32,529.89,161.26,214.34,146.85,137.31,203.26,165.36,84.00,699.91,57.50,2424.13,,42.15,497.02,196.11,55.43,61.93,138.88,138.59,186.33,51.85,563.54,328.02,407.42,317.51,64.25,159.01,1166.07,331.77,84.85,304.08,92.10,54.08,27.76,45.44,87.68,152.21,16.89,168.46,621.89,93.89,115.73,97.75,106.70,354.80,162.89,226.15,49.69,45.53
2022-01-12,171.76,532.37,161.37,213.75,153.69,137.47,202.72,165.21,84.33,712.39,57.50,2391.43,,41.99,500.61,187.97,55.20,61.83,140.49,140.27,188.00,51.70,562.12,323.16,415.32,322.09,65.50,158.68,1210.91,330.67,83.58,307.25,92.99,53.72,27.94,45.57,88.67,152.04,16.72,169.38,627.20,93.74,116.88,99.07,106.58,368.74,164.12,226.14,50.08,45.29
2022-01-13,168.49,516.90,157.68,211.29,151.40,132.74,201.92,161.21,79.55,700.79,55.20,2413.89,,42.26,492.12,174.90,54.65,61.51,138.00,137.45,189.02,50.95,538.42,313.21,403.47,314.66,65.54,158.35,1131.01,323.94,77.39,294.25,93.49,51.92,26.52,45.85,83.10,152.29,16.01,167.08,611.98,92.41,106.44,96.98,105.88,343.85,162.46,226.58,50.06,45.93
2022-01-14,169.36,520.60,159.74,208.39,160.86,136.88,205.87,162.14,79.01,714.66,55.13,2406.00,,42.59,478.89,176.70,54.53,61.42,138.65,138.34,187.48,51.66,536.35,307.74,425.98,310.15,69.65,156.70,1122.74,329.32,81.67,299.46,95.19,52.57,26.89,45.26,83.18,153.57,16.01,171.45,611.11,90.35,110.29,95.54,104.34,349.87,164.98,234.06,50.15,45.80
2022-01-18,166.16,513.34,154.64,206.29,146.76,131.93,204.53,158.92,72.44,686.53,53.41,2340.49,,41.36,464.69,172.85,53.08,60.27,135.18,134.88,183.98,50.79,523.72,295.49,395.33,303.10,64.80,153.53,1100.75,315.67,76.42,292.17,90.80,51.08,25.85,44.38,83.73,152.10,14.97,162.51,607.12,88.20,105.47,92.27,102.79,343.50,160.81,231.07,48.26,45.00
2022-01-19,162.66,516.58,151.44,204.82,137.81,128.27,202.32,156.30,70.12,670.78,52.13,2333.50,40.56,41.48,466.68,175.71,52.34,59.10,134.55,134.01,181.52,49.73,531.05,293.46,376.39,304.07,61.34,148.42,1060.94,317.10,75.66,292.83,87.99,51.59,25.02,43.97,86.60,153.19,14.56,156.71,613.96,87.42,103.10,89.56,101.32,331.88,157.30,230.84,46.62,45.45
2022-01-20,160.98,510.85,147.33,200.71,134.04,121.89,200.22,151.67,70.90,678.12,50.63,2389.01,43.45,41.39,459.69,173.89,51.61,58.03,132.42,132.21,179.96,48.27,530.34,292.73,366.90,303.59,59.14,150.83,1091.31,314.10,72.62,291.16,83.17,50.83,24.10,43.20,86.61,152.08,14.62,151.28,610.26,86.38,102.39,87.87,100.05,332.09,153.02,228.61,45.10,44.59
2022-01-21,158.92,499.91,148.15,197.81,130.10,118.81,199.19,142.64,68.49,666.86,49.29,2302.84,43.45,40.99,458.54,164.73,50.37,58.63,129.03,129.28,176.67,48.27,514.69,269.53,357.09,298.34,57.81,151.11,1052.56,300.81,71.39,285.78,80.10,39.75,23.33,42.39,80.61,152.32,13.53,149.86,617.23,86.92,88.21,83.57,97.71,314.63,154.95,228.08,43.51,44.26
2022-01-24,158.15,519.66,149.94,198.82,134.17,116.53,197.75,144.54,69.54,659.84,50.06,2306.53,41.33,41.27,465.48,167.27,50.56,58.68,129.31,129.73,176.11,48.17,520.66,271.98,374.39,298.38,59.34,149.91,1026.63,306.31,70.93,286.11,81.10,38.72,23.33,43.85,84.04,151.55,13.40,154.53,617.31,88.53,93.85,85.01,102.54,310.00,157.33,229.68,42.91,44.27
2022-01-25,156.35,502.72,144.67,197.58,128.10,111.13,196.84,139.99,64.58,622.55,49.37,2286.31,40.46,40.94,454.45,158.59,49.86,58.91,125.70,125.89,174.26,47.30,502.46,264.14,354.29,295.95,56.14,151.15,1001.65,297.81,65.95,278.50,78.92,36.64,22.28,43.09,79.25,149.81,13.06,150.33,599.14,87.55,89.24,82.93,101.60,306.13,153.47,227.11,41.46,43.30
2022-01-26,156.26,500.81,148.38,179.89,130.60,110.71,194.66,138.87,63.03,627.05,51.50,2327.16,41.73,39.94,460.31,160.94,49.17,57.62,128.19,128.17,172.84,47.94,494.17,264.46,364.34,291.55,56.94,152.78,975.64,292.34,66.57,286.44,80.14,35.97,22.73,42.05,79.37,148.22,12.75,151.74,601.19,86.26,86.89,84.26,100.21,312.47,157.32,226.58,41.08,42.86
2022-01-27,155.80,493.05,143.57,178.94,125.37,102.60,195.93,139.64,59.78,609.20,50.13,2316.38,44.19,39.57,459.40,159.81,48.54,57.56,128.07,127.95,172.84,44.56,503.66,262.77,346.34,293.84,53.00,147.95,992.50,292.35,63.85,289.46,76.96,38.67,21.90,42.31,80.87,148.08,12.28,146.47,604.64,86.02,81.58,90.71,101.95,276.37,154.22,228.22,40.52,42.89
2022-01-28,166.67,518.16,147.33,181.54,127.58,105.24,200.43,143.98,60.89,619.09,51.77,2368.69,45.14,40.98,468.84,168.90,49.42,58.93,132.20,132.26,173.99,44.27,520.80,271.79,350.98,297.23,53.55,153.41,1048.63,299.36,65.26,297.59,77.50,38.44,22.79,42.90,82.69,150.97,12.71,151.57,620.73,87.73,87.22,93.64,104.47,282.12,157.44,243.02,37.56,43.42
2022-01-31,171.03,534.30,152.29,187.82,133.10,114.25,198.68,149.57,64.42,650.03,54.16,2411.09,46.35,41.20,480.93,180.64,49.47,58.77,134.59,134.19,176.14,45.28,540.67,284.18,372.64,300.76,56.30,155.08,1132.06,310.82,70.25,300.21,80.43,42.71,24.44,43.45,86.23,151.71,13.71,159.70,604.51,88.73,96.42,93.75,104.00,312.24,159.40,243.05,38.94,44.14
2022-02-01,170.86,535.98,153.59,187.27,133.52,116.78,200.03,151.19,67.69,654.14,54.79,2420.42,48.07,41.16,484.05,182.15,49.20,58.59,136.76,136.52,176.88,45.40,546.12,286.51,371.45,303.33,56.26,156.91,1138.11,316.52,71.26,298.07,79.63,45.71,24.59,43.80,85.48,150.68,14.20,160.94,609.24,89.13,98.42,94.46,105.33,310.42,160.99,245.66,39.56,44.49
2022-02-02,172.07,533.09,156.87,189.40,135.59,122.76,200.24,150.61,65.22,659.20,55.78,2396.22,51.19,41.20,497.01,177.04,49.92,56.32,146.83,146.79,178.78,45.92,547.56,292.94,378.56,304.16,58.39,154.84,1082.60,320.49,72.89,302.61,82.62,42.95,25.19,44.83,84.90,153.42,13.32,171.00,618.67,88.20,88.59,96.58,105.36,301.89,166.81,253.57,40.22,44.47
2022-02-03,169.19,510.83,150.47,186.88,131.49,120.08,195.97,138.85,61.31,620.01,53.69,2392.82,51.78,40.91,497.53,170.63,49.05,55.96,141.49,141.92,165.16,44.78,521.55,285.60,357.71,294.26,56.19,155.94,999.74,235.91,67.53,290.82,80.14,40.56,23.90,44.03,82.07,153.33,12.45,162.73,616.52,86.58,80.94,94.64,116.13,297.05,155.93,243.75,39.35,44.52
2022-02-04,168.91,513.54,149.56,187.90,130.59,123.60,194.28,157.64,68.90,626.62,54.55,2398.13,48.42,40.66,495.62,177.21,49.01,54.68,141.85,142.12,164.96,44.87,529.75,285.73,361.25,281.22,55.26,156.64,1035.33,235.24,69.96,295.35,79.36,41.02,24.27,43.10,85.92,150.81,12.94,163.07,618.78,85.73,87.60,95.12,116.28,307.77,152.23,241.96,38.99,43.99
2022-02-07,168.19,507.10,149.36,187.65,131.13,123.67,195.52,157.94,68.42,623.95,54.32,2437.51,44.49,40.27,491.92,178.84,49.03,54.56,137.81,138.06,165.80,45.03,530.98,284.89,359.55,279.79,54.53,159.82,1035.14,223.16,70.42,290.53,79.07,40.21,24.68,42.27,85.16,150.22,12.98,159.09,618.18,85.91,86.69,95.75,117.35,302.45,150.92,243.26,39.02,43.56
2022-02-08,171.30,511.31,151.51,189.86,133.65,128.23,210.81,161.41,70.81,627.25,55.48,2494.77,43.93,40.56,496.94,178.90,49.18,54.51,138.08,138.26,167.59,45.61,539.70,283.39,368.76,281.91,55.00,165.12,1050.87,218.47,75.27,294.02,82.24,40.35,25.06,42.48,85.54,150.40,13.15,162.27,613.79,85.66,87.80,96.89,120.61,307.33,153.30,240.94,39.41,43.57
2022-02-09,172.72,521.75,156.22,192.37,138.90,132.85,207.47,161.19,74.75,653.07,56.51,2578.81,45.68,41.02,504.26,186.90,50.02,54.24,140.30,140.43,169.37,46.64,564.21,292.18,383.03,287.04,57.97,167.03,1133.20,230.19,76.49,300.44,86.15,41.29,26.65,42.68,89.08,150.33,13.87,167.14,615.61,87.66,92.50,98.06,123.15,310.67,156.93,244.24,41.00,43.47
2022-02-10,168.64,495.02,150.15,187.25,134.63,125.77,200.15,159.00,72.23,630.53,54.66,2580.18,45.43,40.32,494.39,187.88,48.76,52.88,137.47,137.48,165.17,45.66,542.96,292.49,373.06,291.48,56.77,168.14,1122.42,226.29,72.66,291.91,88.99,40.63,25.77,43.90,87.96,147.21,13.56,158.16,614.07,86.45,89.33,96.31,120.31,301.52,151.55,235.89,40.71,42.97
2022-02-11,165.23,473.97,142.93,185.66,127.62,113.18,199.61,153.29,70.31,603.03,53.01,2483.61,46.44,39.25,485.99,181.86,47.90,53.11,133.04,133.18,161.07,44.51,521.76,283.16,354.41,278.15,53.44,163.52,1091.09,217.84,66.90,284.83,87.76,39.13,23.90,44.55,85.03,147.39,13.13,149.59,634.13,85.02,85.40,95.11,119.69,286.67,145.99,233.89,40.44,42.73
2022-02-14,165.47,474.01,143.01,184.01,127.01,114.27,197.85,155.17,70.96,602.72,53.48,2498.98,46.45,39.07,483.02,180.60,47.26,52.29,134.20,134.42,160.81,44.47,515.18,281.14,350.50,277.00,53.28,164.91,1119.01,216.00,66.66,284.79,87.86,39.66,24.22,44.07,86.84,145.75,13.26,150.04,619.35,84.94,84.75,92.86,120.68,291.92,144.28,231.23,39.78,42.29
2022-02-15,169.30,479.50,150.49,185.86,134.70,121.47,197.56,156.51,75.51,630.07,55.72,2586.83,46.35,39.60,490.04,189.30,48.23,52.48,135.31,135.49,163.26,45.27,513.94,289.31,371.94,284.92,56.67,174.41,1170.30,219.28,72.98,290.07,93.86,40.75,26.44,44.98,87.73,145.10,14.17,157.19,625.92,85.72,88.95,96.17,122.14,307.48,147.57,233.41,42.05,42.43
2022-02-16,169.06,477.70,156.34,186.07,135.78,117.69,196.43,158.10,68.71,637.23,55.21,2653.69,45.58,39.64,488.59,183.28,48.21,52.97,136.37,136.61,162.85,45.07,514.30,291.14,370.17,286.74,56.45,176.40,1133.84,214.85,70.94,289.73,93.92,39.81,26.46,45.23,87.74,145.40,13.97,156.83,626.67,86.33,74.68,97.86,122.55,307.80,149.41,235.77,42.44,42.16
2022-02-17,165.47,457.71,149.00,182.62,131.45,112.37,195.57,154.65,64.13,624.33,53.52,2575.83,43.73,38.55,491.08,169.85,49.56,52.45,131.23,131.45,159.00,44.46,483.17,284.08,351.36,282.15,55.41,171.50,1021.07,206.09,66.47,281.25,91.64,38.67,24.46,45.00,83.19,145.79,11.77,151.56,622.51,84.40,66.00,97.28,119.75,292.12,146.22,232.77,42.48,43.85
2022-02-18,163.92,442.56,148.93,182.61,128.45,113.83,194.76,152.60,63.77,621.84,53.61,2568.43,43.85,38.44,488.85,164.93,50.84,52.24,129.41,129.33,156.89,42.09,468.58,280.78,343.92,285.83,54.40,168.37,937.26,204.55,66.26,278.54,88.77,39.13,23.60,45.13,80.36,146.63,11.02,152.32,611.00,84.66,65.69,95.05,119.20,285.66,148.07,229.61,41.79,43.57
2022-02-22,161.00,438.40,149.42,182.11,125.70,115.65,195.33,150.20,57.33,614.58,53.38,2472.04,42.04,38.69,478.85,166.71,50.03,52.18,128.35,128.75,157.26,41.76,470.58,284.00,341.46,277.08,53.42,166.64,887.86,200.51,65.63,278.33,88.55,37.74,23.34,43.48,79.25,147.19,10.48,150.73,598.84,84.45,62.62,93.92,118.75,273.84,148.03,230.21,40.20,43.08
2022-02-23,156.83,429.45,145.34,178.82,123.38,109.76,194.97,144.83,56.28,606.38,52.25,2424.54,41.61,37.20,472.25,161.83,48.38,52.50,126.55,126.54,154.15,41.73,454.75,276.50,329.98,274.72,51.76,161.68,920.57,196.90,63.78,271.13,85.36,36.75,22.34,42.12,79.60,145.74,10.43,146.85,604.89,81.32,62.66,91.72,116.76,254.68,147.10,230.69,39.12,42.64
2022-02-24,159.45,463.82,149.13,182.40,128.75,116.61,193.44,151.36,57.11,630.49,53.61,2252.91,42.94,37.92,482.09,182.88,48.64,51.87,131.59,131.60,157.93,43.66,484.09,288.38,343.52,269.21,53.72,162.43,1033.59,205.98,66.70,284.98,86.85,39.00,23.70,42.48,89.99,143.21,11.83,152.63,605.69,82.55,66.40,90.26,118.90,266.92,150.60,230.25,39.01,42.48
2022-02-25,161.52,465.54,151.30,186.17,130.97,121.06,200.29,153.79,57.20,640.35,54.35,2239.62,42.54,38.79,493.45,181.75,49.80,52.30,133.42,133.36,163.32,44.59,474.40,293.51,343.29,280.76,54.70,167.84,1111.39,208.84,67.65,287.61,88.09,39.08,24.11,43.65,94.96,147.22,11.47,155.31,614.51,83.97,67.69,91.78,120.63,269.96,151.70,230.30,39.85,43.06
2022-02-28,161.78,467.68,149.59,186.25,129.50,123.34,199.80,153.56,58.08,639.77,54.30,2132.41,44.54,38.54,495.12,195.21,49.56,51.69,133.79,133.95,164.35,44.58,461.93,290.33,334.51,276.75,53.57,163.77,1126.65,209.39,67.23,289.04,86.88,39.45,24.34,43.28,99.04,143.16,11.85,156.27,614.21,83.26,69.43,90.26,118.46,290.14,150.96,230.02,38.34,42.68
2022-03-01,159.90,466.68,146.48,184.31,125.07,113.83,198.68,151.14,60.34,608.76,52.70,2034.00,46.30,38.23,498.63,197.64,48.54,51.57,133.08,132.96,159.02,43.75,456.29,291.55,323.27,266.67,51.59,158.73,1124.52,201.91,63.91,285.33,84.34,38.62,23.43,43.77,96.12,141.88,12.18,148.73,602.96,81.76,67.34,88.04,118.39,288.12,148.56,230.69,37.25,42.94
2022-03-02,163.19,471.18,149.16,187.93,128.52,118.28,201.66,152.05,57.85,629.08,54.15,2123.84,47.92,38.23,503.47,201.75,49.90,52.40,133.65,133.47,161.48,45.67,473.26,299.01,332.18,273.88,52.87,161.93,1140.90,206.49,66.58,290.40,91.22,38.00,24.18,45.06,97.01,143.84,12.06,154.42,612.73,84.15,65.98,92.48,120.77,293.30,151.06,234.11,39.02,42.99
2022-03-03,162.87,459.08,148.65,186.48,126.07,111.98,205.23,147.90,55.14,605.48,53.48,2063.51,47.97,38.84,508.28,191.02,49.83,52.81,133.21,132.80,162.42,44.79,460.30,299.82,328.78,271.24,51.87,159.27,1096.76,201.39,64.15,286.27,87.19,36.81,23.67,45.61,95.57,143.69,11.34,150.87,607.05,83.02,64.07,91.57,119.15,279.76,151.86,235.69,39.15,43.98
2022-03-04,159.87,452.13,146.38,189.91,121.34,108.41,205.47,145.64,50.26,570.48,55.09,1948.64,49.41,38.91,501.08,179.03,50.22,52.94,131.05,130.83,162.34,44.92,452.76,302.28,318.77,265.60,50.18,153.31,1055.78,198.50,62.39,280.40,80.08,36.17,22.89,44.94,92.92,145.87,10.96,148.05,616.25,81.66,60.08,90.28,118.48,279.43,150.95,238.66,37.83,45.09
2022-03-07,156.08,437.97,136.52,189.85,115.05,102.95,206.75,137.45,47.33,551.30,52.75,1783.84,50.04,38.16,503.96,167.40,49.40,51.57,125.43,125.34,157.78,44.56,425.92,292.69,301.53,255.75,46.68,142.51,957.87,186.01,60.19,269.81,74.01,35.03,21.31,44.03,88.92,142.97,11.11,136.95,614.44,76.61,56.08,87.57,117.60,268.19,146.43,235.54,35.08,44.73
2022-03-08,154.26,431.53,138.61,187.10,119.80,105.53,203.88,136.01,45.74,550.05,53.24,1864.70,50.69,38.02,499.04,156.77,48.34,50.95,126.24,126.06,158.71,44.39,430.61,269.32,308.90,256.17,46.80,147.07,914.78,188.81,63.48,266.85,75.44,34.18,21.47,43.68,87.53,138.94,11.04,137.55,610.61,76.19,51.49,79.24,114.69,274.80,148.61,238.71,34.45,43.81
2022-03-09,159.66,450.87,143.37,191.04,124.12,111.05,204.19,139.28,48.54,596.41,55.19,1998.14,49.73,38.01,503.13,169.79,49.69,50.49,132.78,132.33,160.58,44.51,452.55,278.82,325.93,276.30,49.37,153.50,984.76,196.95,65.48,279.09,77.67,35.88,22.97,44.98,92.49,138.52,11.65,143.35,619.25,79.46,58.76,79.09,117.26,286.32,153.15,239.24,35.95,44.03
2022-03-10,155.32,438.95,140.51,191.74,120.59,106.46,200.22,146.82,46.43,575.99,54.33,1993.13,49.72,37.41,507.97,191.02,48.62,49.56,131.60,131.34,159.68,43.61,440.51,275.72,315.59,268.61,47.44,156.47,931.29,193.69,64.20,276.27,74.03,35.68,22.62,45.04,91.97,135.98,11.87,141.16,626.13,79.06,55.32,77.62,118.78,279.43,153.41,241.93,35.06,45.03
2022-03-11,151.60,416.38,137.75,189.77,119.31,104.29,201.89,145.52,44.55,562.35,53.42,1980.40,47.78,37.10,502.91,190.54,48.60,49.63,129.41,128.81,157.84,42.83,427.80,273.69,310.29,266.03,46.13,155.59,891.69,186.15,62.08,270.93,71.20,34.03,22.06,45.01,91.00,135.29,11.39,139.00,638.27,75.04,54.44,76.41,119.77,265.12,151.29,236.48,34.09,44.86
2022-03-14,147.58,411.50,135.91,189.52,115.92,102.25,202.21,141.85,44.05,554.38,52.49,1963.27,49.36,37.06,501.51,183.12,48.25,50.39,125.71,124.92,158.68,41.49,413.50,263.80,307.15,270.39,44.76,155.70,882.47,185.18,59.28,267.42,67.85,33.10,21.29,44.99,87.55,137.19,10.50,128.91,652.01,71.92,51.26,75.55,119.29,255.46,148.06,241.68,33.47,45.48
2022-03-15,151.95,421.66,140.85,194.38,120.05,109.33,204.28,147.37,45.96,572.76,54.79,2042.03,49.69,37.53,517.12,188.64,49.41,50.54,128.60,128.14,162.65,41.88,428.15,270.00,319.84,278.67,46.41,160.17,952.34,190.53,64.73,277.78,71.48,34.38,22.93,46.39,90.01,139.93,10.77,131.58,661.46,75.39,55.34,77.53,121.42,267.30,153.03,246.99,34.57,46.03
2022-03-16,156.36,442.36,147.99,194.52,125.91,115.37,204.38,153.10,49.99,624.53,56.12,2162.05,50.15,38.10,518.14,189.66,49.60,50.24,132.60,132.19,165.46,43.58,445.89,277.85,336.83,288.55,49.26,165.84,1075.97,202.04,67.80,284.79,77.89,35.75,24.45,46.72,92.32,140.55,11.79,137.27,673.43,79.28,62.24,79.13,122.84,280.08,156.59,248.52,36.31,45.89
2022-03-17,157.37,444.36,149.31,195.86,127.37,111.69,208.08,157.24,52.51,627.86,55.71,2121.51,49.40,38.31,527.11,204.13,49.92,51.30,133.50,132.74,166.24,44.05,461.33,282.95,338.45,293.14,50.39,164.83,1149.09,206.22,68.30,285.59,78.72,37.14,24.72,46.75,94.03,141.64,12.32,139.44,680.63,79.51,65.74,80.58,123.98,290.53,158.49,250.00,36.77,45.96
2022-03-18,160.67,453.33,152.54,196.56,130.41,113.46,208.42,161.25,54.45,652.58,56.43,2146.22,47.48,38.66,535.27,208.06,49.74,51.50,135.69,135.01,168.65,44.34,467.29,290.11,350.40,295.31,52.15,164.78,1185.53,214.80,70.19,290.63,77.64,38.06,26.40,46.00,96.17,143.27,12.82,140.50,681.34,81.27,78.00,82.52,122.28,301.80,159.94,249.08,37.10,46.10
2022-03-21,162.04,453.59,153.26,194.58,129.50,115.92,208.48,161.49,53.40,655.51,55.96,2121.75,47.68,38.46,529.72,204.13,49.76,51.70,135.37,134.99,167.18,44.29,454.27,283.28,341.98,294.40,51.40,163.58,1153.84,209.84,69.58,289.40,76.60,37.46,26.69,45.70,96.20,143.06,12.59,141.96,688.55,78.79,68.35,81.33,121.12,307.05,160.26,250.26,36.84,45.72
2022-03-22,165.41,466.45,153.78,197.04,130.74,114.78,208.61,164.89,55.25,661.11,56.89,2161.58,49.54,38.92,533.43,217.06,49.92,51.98,139.14,138.72,168.92,45.22,463.51,286.44,346.54,295.76,52.35,164.18,1215.07,214.96,70.24,294.14,77.35,38.29,26.48,45.80,99.57,144.63,13.27,143.80,687.99,79.72,72.70,82.57,120.85,331.33,161.94,251.88,37.43,45.58
2022-03-23,166.77,422.90,148.52,194.62,126.82,113.92,206.59,163.41,54.90,638.67,55.78,2120.14,49.40,38.34,528.28,219.48,48.41,51.00,137.38,137.14,166.59,45.11,449.34,275.20,334.73,291.18,50.84,161.37,1212.45,211.80,67.83,289.72,73.96,37.45,25.59,45.88,100.67,143.87,13.18,139.48,664.73,78.20,70.36,80.58,120.02,333.04,159.03,248.13,36.64,44.99
2022-03-24,170.55,432.14,153.95,198.63,133.74,120.53,208.97,163.65,55.20,662.83,58.30,2220.51,50.77,38.57,532.18,223.40,48.43,51.25,140.16,140.41,168.63,48.24,453.42,281.08,351.20,301.36,53.25,165.54,1236.44,217.86,72.58,294.18,76.47,37.57,28.10,46.68,103.69,144.75,13.39,144.58,675.20,79.02,70.50,82.79,120.85,337.97,163.59,251.70,38.01,45.27
2022-03-25,171.19,431.62,154.58,200.54,132.26,119.67,210.66,164.77,53.44,659.78,58.52,2206.71,52.12,38.84,529.89,221.95,48.85,51.05,140.37,140.51,171.31,48.44,447.30,286.87,351.73,302.02,53.12,165.10,1166.33,220.09,73.18,293.77,76.36,37.38,27.64,46.89,103.73,145.42,12.97,144.13,675.47,79.32,67.95,80.14,119.50,336.88,164.20,253.95,38.24,45.47
2022-03-28,172.05,450.01,156.10,202.02,132.84,120.24,212.14,168.99,53.43,666.95,58.90,2235.07,55.01,39.17,538.95,222.12,49.00,51.29,140.79,140.30,170.72,48.14,467.90,294.95,360.28,305.71,53.36,165.13,1225.16,221.85,73.12,300.56,78.08,37.85,28.17,45.77,104.21,145.85,13.42,144.57,688.75,80.16,70.16,81.44,121.62,363.95,164.89,255.72,38.16,46.28
2022-03-29,175.34,466.33,158.82,205.95,136.49,123.23,213.09,169.32,55.98,680.69,59.70,2328.42,54.57,39.38,543.50,223.01,49.47,52.46,142.08,141.34,171.10,48.83,472.63,302.00,368.90,309.22,54.47,171.64,1256.50,228.07,74.94,305.12,80.22,39.18,28.60,46.83,102.75,148.02,14.20,146.96,693.74,82.75,74.40,82.55,123.48,366.52,169.63,257.98,39.05,46.67
2022-03-30,174.18,460.06,155.37,208.53,131.05,119.22,214.00,166.30,55.31,657.09,58.73,2285.30,55.70,39.31,549.69,224.96,49.81,51.70,141.48,140.77,170.23,48.06,459.57,304.44,358.81,308.54,52.52,169.84,1209.85,226.08,71.84,303.62,77.39,38.15,27.64,46.44,102.62,147.82,13.88,139.35,687.73,82.57,70.56,80.54,123.66,364.66,166.46,256.52,38.10,47.50
2022-03-31,171.08,455.62,154.16,208.33,127.19,109.34,213.33,163.00,55.07,641.13,58.60,2305.38,54.49,38.59,549.09,227.08,49.55,51.52,138.51,137.93,168.53,46.32,468.23,301.68,351.36,302.67,51.47,169.17,1189.48,220.63,70.56,298.25,76.15,37.46,27.24,45.66,103.75,147.31,13.73,139.43,693.73,82.51,67.60,79.24,123.41,359.20,162.94,260.97,37.37,47.20
2022-04-01,170.79,458.19,154.33,213.78,122.95,108.19,214.48,163.56,53.27,640.94,58.35,2324.41,56.21,39.31,548.83,227.85,49.46,51.71,139.55,139.00,169.79,44.96,471.24,305.54,345.81,305.80,50.31,167.17,1224.13,223.10,69.93,299.33,74.48,37.35,26.66,44.50,101.85,149.40,13.83,134.11,690.17,82.98,69.30,78.82,125.72,361.53,161.70,266.15,36.42,47.86
2022-04-04,174.83,468.81,153.52,215.32,124.91,110.53,216.02,168.35,57.78,653.51,59.08,2331.42,56.56,39.65,548.41,229.03,49.65,52.58,142.47,141.80,169.82,45.98,492.39,302.25,352.31,304.58,51.28,168.11,1265.01,232.07,71.79,304.69,75.94,39.15,27.31,45.79,104.68,149.01,14.63,140.34,693.72,79.90,72.73,80.19,127.48,381.82,162.26,268.64,37.13,47.87
2022-04-05,171.52,458.58,149.31,217.90,117.45,106.82,215.75,164.05,54.98,620.52,57.15,2255.86,57.16,39.68,548.59,219.96,49.14,51.78,139.91,139.44,167.71,44.98,483.04,295.92,331.65,304.89,48.22,167.48,1218.15,230.03,67.21,300.74,72.95,38.01,25.88,46.03,103.52,149.17,13.89,132.72,686.83,76.30,70.29,77.70,126.88,363.75,157.34,269.96,36.22,48.01
2022-04-06,168.36,444.33,149.59,217.71,115.15,103.67,220.49,158.76,52.44,603.29,56.02,2181.39,57.74,39.56,557.62,211.22,48.65,52.71,136.06,135.43,167.70,44.43,477.36,288.67,330.43,298.52,47.70,159.95,1163.97,221.56,65.43,289.73,72.13,36.83,24.36,46.74,101.13,151.72,13.00,127.08,703.61,75.61,65.66,75.89,128.56,348.59,157.41,272.39,36.02,49.13
2022-04-07,168.66,452.72,150.49,218.36,118.11,103.72,222.00,157.78,51.88,600.21,56.12,2172.61,59.01,39.08,579.80,217.03,48.88,52.86,135.35,134.77,166.90,44.45,482.03,291.82,338.91,301.37,48.19,158.49,1173.14,221.21,64.67,291.54,71.65,36.22,24.16,48.46,102.75,151.86,12.84,127.02,716.96,75.39,64.40,76.27,128.15,352.42,157.72,275.83,35.94,49.62
2022-04-08,166.65,445.34,148.15,217.64,115.76,101.00,222.33,154.46,51.27,586.42,54.63,2127.67,62.02,39.30,572.16,218.21,48.57,53.99,132.92,132.19,164.70,43.94,470.83,289.86,327.51,301.15,47.07,157.72,1160.80,220.60,62.19,287.28,70.63,35.59,23.08,49.10,101.37,152.37,12.70,124.72,733.88,73.94,60.32,74.96,127.72,341.83,154.62,280.28,35.52,49.89
2022-04-11,162.40,434.44,144.55,211.46,112.17,97.37,221.32,151.12,49.90,573.76,54.03,2129.43,58.78,39.46,557.50,216.60,47.31,53.64,128.74,127.77,163.93,43.52,461.56,278.96,318.16,300.51,45.55,156.36,1125.69,214.77,59.81,275.95,70.52,34.80,21.88,48.26,101.82,151.90,12.66,123.50,717.52,73.18,61.74,74.50,125.40,325.31,152.69,281.09,35.39,48.90
2022-04-12,164.27,426.77,145.12,211.55,110.55,95.10,220.59,150.79,49.53,570.17,54.45,2141.38,59.94,39.16,554.35,223.51,46.37,53.41,127.33,126.67,165.42,43.46,450.13,277.85,316.99,297.53,44.71,157.13,1115.98,212.47,59.22,272.86,70.45,34.41,21.46,47.84,101.98,152.52,12.46,124.17,710.99,72.37,59.11,73.29,126.38,328.98,153.63,281.15,35.75,48.57
2022-04-13,166.96,431.67,147.57,214.00,112.77,97.74,223.65,155.54,51.96,588.18,55.14,2218.66,62.19,39.71,563.63,239.86,46.66,53.78,129.23,128.83,168.77,43.93,458.71,285.22,323.01,302.50,45.25,168.96,1135.75,213.32,62.34,278.24,70.86,35.04,22.16,48.27,104.83,152.25,12.90,128.19,726.98,73.40,60.48,74.13,129.66,340.79,155.51,290.93,36.02,49.83
2022-04-14,161.95,420.44,146.06,209.84,109.39,93.06,224.10,151.71,48.96,573.88,53.40,2186.44,60.60,39.44,562.96,235.22,45.78,53.58,126.22,125.69,169.06,42.68,453.54,279.70,308.57,301.81,43.67,173.75,1060.34,208.54,60.05,270.70,68.66,34.11,21.22,47.59,104.46,151.28,12.42,124.92,728.10,72.11,57.95,71.76,127.84,328.33,154.22,287.97,34.88,49.79
2022-04-18,161.73,425.47,149.64,208.01,110.85,93.89,222.25,152.79,46.74,581.28,54.58,2158.98,61.33,38.84,555.07,224.99,45.73,53.37,126.92,126.63,166.36,43.59,457.37,276.35,314.71,300.88,45.05,176.29,1070.04,209.13,60.79,271.37,69.66,33.79,21.74,48.11,102.96,149.98,12.15,127.12,718.35,72.20,58.10,72.55,125.72,334.76,156.79,282.99,35.58,49.41
2022-04-19,164.02,436.40,151.49,210.21,112.96,96.93,223.52,158.12,49.59,592.39,55.62,2198.31,64.63,39.88,566.69,228.66,46.37,54.41,129.47,128.94,170.80,44.79,473.00,294.86,324.26,301.46,45.88,181.71,1130.35,215.62,62.80,275.99,71.20,34.86,22.16,48.69,104.76,152.16,12.91,128.69,711.41,73.67,60.56,74.16,127.72,342.72,159.01,282.52,36.84,49.97
2022-04-20,163.85,428.11,150.61,212.98,113.76,94.02,225.30,154.00,46.34,608.48,55.63,2210.50,63.37,39.29,575.49,222.49,47.44,55.12,127.20,126.99,170.06,44.96,469.96,302.90,331.72,309.25,46.10,183.17,1080.16,198.86,61.99,277.02,71.66,22.62,21.44,49.59,104.36,154.43,12.79,128.05,714.79,72.72,52.50,75.60,127.59,325.73,159.33,285.30,37.25,50.60
2022-04-21,163.06,417.48,148.12,210.74,111.64,89.85,225.37,148.30,43.12,595.11,55.16,2198.25,60.71,38.91,564.25,209.85,47.22,55.25,123.92,123.79,169.71,44.39,454.06,294.57,322.50,307.35,44.95,177.27,1014.01,186.61,59.04,271.65,69.43,21.82,20.15,48.54,98.67,153.87,12.33,124.19,701.37,71.62,48.10,74.26,127.01,336.26,157.39,281.71,37.81,50.67
2022-04-22,158.52,408.67,144.89,204.64,108.85,88.14,220.86,144.35,41.21,583.23,54.62,2173.27,60.48,37.61,545.14,205.62,45.95,53.95,118.64,118.65,165.11,43.49,432.26,252.34,311.26,293.47,44.34,172.77,979.82,182.68,57.55,265.09,67.95,21.55,19.48,47.18,95.26,151.50,11.96,121.18,683.46,70.68,46.00,72.65,123.68,335.02,153.91,270.42,37.22,49.72
2022-04-25,159.59,413.95,148.32,207.89,110.46,90.69,222.46,146.07,41.14,575.75,54.71,2204.85,60.33,37.89,541.81,214.58,46.47,54.29,122.25,122.07,166.14,43.98,435.81,255.12,317.91,297.52,45.61,175.64,1041.92,185.53,59.77,271.56,68.65,20.99,19.87,47.56,99.96,152.90,12.11,124.60,685.70,70.73,45.92,72.76,123.85,332.67,154.44,271.68,38.39,49.74
2022-04-26,153.63,399.12,142.61,203.51,105.11,85.16,220.44,139.39,38.60,537.95,52.12,2120.35,58.08,36.94,528.03,201.40,45.54,53.53,118.53,117.68,162.55,42.54,410.87,244.52,302.12,287.61,43.78,170.61,1019.84,179.54,57.07,261.40,65.67,19.84,18.75,47.62,96.80,152.52,11.12,121.81,670.29,68.60,42.81,69.85,120.15,292.14,149.58,267.69,37.31,49.22
2022-04-27,153.40,397.90,141.60,208.75,105.00,84.91,219.48,138.17,37.68,534.54,52.07,2217.52,58.21,36.84,528.34,201.06,44.12,53.38,114.08,113.36,161.40,42.26,407.84,235.35,302.14,290.93,43.73,173.45,1024.74,173.59,55.86,273.98,65.08,18.85,18.38,47.55,96.47,153.88,10.56,123.27,668.99,67.79,41.62,71.97,124.84,293.84,150.43,267.25,37.67,48.89
2022-04-28,160.33,410.53,149.74,210.28,110.62,89.64,210.08,144.60,39.16,566.85,53.88,2275.29,59.40,34.56,536.76,207.06,45.30,53.35,118.44,117.55,164.50,43.77,433.52,243.26,319.40,298.66,46.39,177.65,1040.00,204.13,60.14,280.18,68.71,19.95,19.75,41.55,98.12,156.21,10.95,135.21,671.05,69.46,44.33,72.43,127.19,292.50,156.16,268.64,39.59,49.51
2022-04-29,154.46,395.95,144.08,199.76,106.49,85.52,205.72,124.28,38.15,541.15,51.59,2169.78,57.36,32.95,507.84,198.76,43.82,51.43,114.03,113.17,167.61,40.74,408.33,239.30,306.44,295.59,44.59,170.87,973.63,198.91,57.20,268.47,66.76,19.04,18.51,40.44,93.55,151.12,10.40,127.45,654.69,67.70,42.68,72.32,118.40,290.25,151.19,273.22,39.94,48.49
2022-05-02,154.77,407.29,147.60,200.80,109.01,89.84,203.72,124.50,39.60,548.18,53.64,2152.70,56.38,33.53,505.19,203.65,44.61,52.27,116.20,115.63,170.52,42.02,416.38,240.66,313.53,296.86,45.89,171.47,1002.79,209.49,59.16,275.19,69.12,19.95,19.50,40.71,95.32,147.64,10.74,132.54,647.64,68.36,45.30,72.68,121.53,300.98,154.52,261.96,40.58,48.17
2022-05-03,156.26,407.58,148.27,202.83,109.82,91.13,204.84,124.25,39.77,551.55,54.09,2067.31,57.84,33.46,504.36,199.40,44.67,52.28,117.17,116.37,170.66,42.11,420.12,238.11,320.59,297.54,46.47,166.56,996.64,210.38,59.49,272.59,69.77,19.99,19.57,40.23,92.99,147.84,10.55,131.62,656.06,67.42,46.52,73.95,121.39,303.08,153.22,269.11,46.45,48.34
2022-05-04,162.66,423.35,153.78,209.55,114.65,99.42,208.29,125.93,40.31,572.77,56.18,2064.76,59.88,34.50,519.98,200.39,46.15,53.80,121.58,121.26,178.29,43.49,436.77,246.31,335.35,305.34,48.44,174.45,1023.21,221.67,61.96,280.52,72.08,20.40,20.30,41.87,92.21,153.01,10.98,135.99,656.43,74.05,48.55,76.20,127.27,317.54,156.50,273.70,47.31,49.01
2022-05-05,153.60,400.51,147.68,200.10,109.50,93.87,206.74,116.41,36.48,545.26,53.98,2132.08,58.28,33.47,494.09,180.98,44.39,53.17,115.80,115.55,171.38,42.01,399.66,233.98,320.02,296.21,46.08,171.01,913.22,206.66,57.41,268.30,69.79,18.83,18.81,40.24,88.27,149.96,10.12,129.23,635.08,70.28,41.31,72.92,124.57,291.09,151.22,266.37,46.05,48.59
2022-05-06,154.33,391.01,145.71,198.62,108.56,95.34,208.64,114.77,33.50,532.53,53.99,2153.99,58.39,33.15,480.75,164.81,44.14,53.02,114.72,114.80,169.27,41.73,385.86,224.85,318.05,292.47,45.79,166.06,927.55,202.18,56.88,265.77,68.87,18.10,18.64,40.56,84.14,149.97,9.48,128.27,618.87,69.41,37.75,72.83,121.92,288.55,149.71,253.93,44.74,47.58
2022-05-09,149.20,376.91,142.09,192.07,102.05,86.36,211.06,108.79,30.20,495.47,52.39,1986.46,55.82,32.95,476.43,143.69,43.81,53.45,112.16,111.59,168.00,40.57,357.88,208.71,306.07,284.52,42.81,157.71,770.99,194.68,52.92,255.95,66.51,17.31,16.92,40.67,76.58,151.11,7.46,123.10,595.75,66.66,34.00,70.84,117.04,262.37,147.47,235.02,42.54,48.13
2022-05-10,151.61,393.03,144.86,194.41,103.43,88.73,212.35,108.86,28.99,505.82,54.11,2007.48,55.26,33.40,478.94,151.88,44.33,53.54,113.65,113.46,168.70,41.45,361.95,211.39,310.24,283.67,43.96,161.79,774.44,196.11,54.29,260.71,67.46,17.77,17.56,40.79,80.67,150.92,7.29,124.83,610.96,65.18,33.54,71.22,118.26,266.68,150.42,240.16,43.17,47.46
2022-05-11,143.75,379.33,141.85,190.92,100.28,87.92,212.29,105.37,27.28,503.82,52.78,2034.15,55.58,33.02,467.11,137.40,43.53,52.48,113.03,112.67,166.32,40.34,347.31,210.87,299.12,284.69,42.82,160.71,679.68,187.27,51.74,252.05,65.56,16.64,16.60,40.50,77.78,150.19,6.71,120.71,608.94,63.55,31.86,67.99,118.53,244.67,147.25,234.96,41.96,46.96
2022-05-12,139.88,388.49,142.69,189.96,103.02,87.06,215.89,106.93,36.74,504.85,53.19,2015.40,51.93,34.31,464.35,139.81,43.21,54.15,112.24,111.92,167.95,40.35,345.08,211.69,302.93,285.53,44.08,157.22,722.93,189.75,51.60,247.02,66.29,17.43,16.15,41.49,79.75,149.96,7.34,120.23,629.71,63.85,35.35,68.84,119.25,242.67,148.33,240.85,41.81,46.92
2022-05-13,144.35,405.45,148.15,191.16,107.94,95.12,214.73,113.06,39.46,529.94,54.74,2063.34,53.03,34.38,474.94,156.29,44.34,54.05,115.57,115.10,168.48,41.07,362.51,223.69,323.99,292.57,47.10,160.46,794.96,197.07,56.70,252.60,70.41,18.76,17.67,42.37,81.83,152.89,8.34,123.11,641.19,69.05,40.25,71.14,121.46,256.53,151.76,246.72,43.99,47.10
2022-05-16,142.81,402.86,146.93,190.98,106.61,94.24,216.87,110.81,37.37,517.02,54.23,2008.49,54.96,34.70,472.32,146.39,43.84,53.94,113.86,113.51,168.86,40.58,350.64,219.53,318.33,293.21,46.19,156.54,787.81,198.48,54.39,252.97,68.99,18.65,17.23,42.59,78.03,154.43,8.04,122.18,650.61,66.15,35.99,73.01,121.68,241.46,150.65,254.17,43.57,47.15
2022-05-17,146.44,409.65,152.91,196.81,112.75,102.47,218.19,115.37,38.10,542.80,56.60,2107.22,57.61,35.51,468.44,147.27,45.27,54.75,115.75,115.52,173.30,41.82,362.62,225.18,338.53,302.05,49.05,158.98,834.88,201.04,57.40,258.12,72.92,19.06,18.14,43.22,78.88,153.54,8.36,127.45,663.08,67.34,37.26,76.78,123.67,253.87,156.45,261.84,46.05,41.78
2022-05-18,138.18,397.88,149.25,190.89,107.44,96.28,216.95,107.11,36.50,510.59,53.10,2012.78,55.63,34.92,410.12,138.50,43.27,54.79,111.49,110.98,168.78,39.89,344.52,215.35,321.52,293.80,45.72,148.52,749.30,190.74,54.18,246.36,69.56,17.72,16.91,39.99,73.10,144.02,8.01,119.02,654.78,65.11,36.06,74.13,120.42,236.60,152.26,252.35,44.48,38.95
2022-05-19,134.77,394.38,150.20,189.38,106.86,96.67,217.67,107.32,39.41,508.37,50.83,2064.83,55.58,34.83,403.94,142.64,37.33,54.83,109.84,109.48,167.72,39.57,353.31,218.14,326.01,294.40,45.20,151.34,801.57,189.80,53.46,245.45,67.94,18.35,17.09,40.10,72.73,141.87,8.31,119.13,652.74,65.70,39.13,72.73,121.03,236.47,149.87,255.45,43.66,37.88
2022-05-20,135.01,399.09,151.60,191.02,102.73,93.50,220.10,107.59,40.03,514.98,50.55,2077.10,55.02,34.82,397.73,148.74,38.42,55.33,108.42,108.02,165.19,39.23,358.63,219.07,323.09,298.65,45.39,149.69,775.65,192.03,53.25,244.89,67.46,18.64,16.66,38.17,79.78,142.76,8.08,120.07,656.70,67.04,36.38,70.62,121.19,221.30,151.82,258.59,42.76,37.92
2022-05-23,140.42,406.76,150.77,194.98,106.08,95.07,221.47,107.56,37.98,536.02,48.98,2068.02,54.97,35.54,410.19,149.27,38.79,55.17,110.76,110.57,165.04,39.56,362.13,221.61,328.58,303.61,46.27,152.32,774.30,194.70,54.03,252.73,68.13,18.74,16.87,38.61,83.38,145.74,8.01,120.55,677.33,67.06,36.85,72.22,124.89,224.97,151.93,268.35,43.15,39.00
2022-05-24,137.72,398.41,151.05,194.77,102.86,91.16,224.00,104.10,33.12,528.11,48.78,2012.46,55.14,35.70,418.05,139.87,39.16,55.77,105.06,105.10,165.37,39.25,350.04,218.39,317.90,303.68,45.09,147.19,699.86,179.87,51.61,251.74,65.22,18.03,16.12,40.55,79.52,147.69,7.55,117.27,681.42,66.42,32.48,70.12,124.24,209.39,150.08,268.48,42.60,39.49
2022-05-25,137.88,402.50,151.49,195.84,104.99,92.65,225.00,106.78,35.69,529.71,49.48,2107.84,57.46,36.22,420.34,146.64,39.37,56.34,104.98,104.94,165.79,39.75,378.78,222.58,325.49,299.28,46.68,153.86,723.00,182.40,53.14,254.55,66.45,18.78,16.94,41.05,84.25,148.71,7.96,119.73,686.24,66.20,33.31,72.86,126.38,219.60,152.00,270.84,44.48,39.25
2022-05-26,141.08,408.60,153.06,199.85,111.31,98.75,225.03,111.08,36.43,541.29,51.25,2180.77,60.67,36.58,444.11,155.84,40.25,55.87,107.41,106.91,168.11,40.95,396.31,223.30,340.23,303.53,48.75,164.10,783.44,190.14,56.13,257.82,69.12,19.14,17.82,42.61,83.68,149.71,8.36,123.03,678.85,68.04,35.13,75.57,127.63,235.91,155.69,269.65,45.67,40.08
2022-05-27,146.83,428.22,157.10,205.69,115.58,102.26,227.00,115.15,40.29,563.82,54.28,2224.43,64.68,36.60,449.62,166.82,40.82,56.16,111.88,111.40,170.94,41.96,411.97,229.16,357.56,312.34,50.84,166.40,811.44,193.61,59.90,264.94,71.78,19.52,18.78,43.16,84.47,151.17,8.85,127.52,688.15,70.07,36.90,77.72,128.94,253.21,159.12,273.73,46.85,40.87
2022-05-31,146.05,416.48,157.89,204.11,113.46,101.86,228.32,120.21,38.11,556.97,53.99,2202.42,60.29,36.70,445.28,159.99,40.31,56.20,113.11,112.83,168.56,41.84,404.15,227.64,351.37,307.65,49.79,165.46,785.88,192.13,58.25,263.61,72.29,19.74,18.64,42.48,83.80,147.63,8.68,130.67,660.28,71.70,37.51,74.63,128.16,252.75,158.04,268.65,45.68,40.92
2022-06-01,145.92,418.16,154.49,200.80,110.72,101.22,225.36,121.68,38.31,544.76,53.38,2197.52,61.81,36.41,436.47,161.45,40.47,56.13,113.21,112.96,167.07,41.55,398.21,216.39,343.80,302.84,48.43,164.50,762.24,187.17,57.16,264.15,72.01,19.29,18.29,41.64,83.62,146.52,8.46,128.43,654.50,69.68,36.15,73.76,129.38,246.79,155.95,269.41,45.37,39.91
2022-06-02,148.37,441.28,158.68,204.82,113.50,108.59,220.79,125.51,40.95,561.08,53.67,2328.85,61.91,36.30,465.71,174.02,40.97,55.00,116.79,116.66,171.54,42.24,416.24,227.21,358.04,316.86,50.10,168.20,836.74,197.31,60.50,266.24,73.79,20.51,19.56,42.27,86.22,147.71,9.30,134.10,626.47,72.54,39.89,74.61,130.57,258.33,158.00,270.05,46.61,40.56
2022-06-03,142.65,429.76,154.93,202.04,111.21,106.30,220.94,122.35,39.43,544.75,52.42,2293.03,63.29,35.58,454.86,162.10,40.49,54.99,113.63,113.60,169.61,40.87,398.77,217.79,349.05,315.64,49.21,168.42,788.90,189.29,58.07,261.82,68.47,19.90,18.69,42.11,85.43,146.09,8.94,129.53,626.12,72.21,35.37,72.91,131.35,234.52,154.08,269.44,45.22,39.87
2022-06-06,143.40,429.46,154.96,200.97,111.25,105.65,218.27,124.79,42.56,552.52,52.23,2304.25,64.47,35.04,451.25,168.97,40.56,53.76,116.06,115.86,169.93,40.82,398.79,216.43,349.08,319.08,49.43,171.27,803.99,192.74,58.84,260.59,68.97,19.71,18.75,42.52,85.67,146.70,8.98,128.81,604.94,72.14,36.06,72.76,131.89,238.28,149.99,268.00,44.95,39.72
2022-06-07,145.92,433.42,156.54,203.51,111.89,105.28,219.13,123.00,43.50,557.67,53.32,2284.06,64.63,35.33,450.59,176.68,40.77,54.20,116.27,116.19,172.04,41.00,406.28,221.95,353.65,319.32,50.12,170.86,824.68,194.13,60.10,264.22,69.28,19.86,18.89,42.32,87.83,147.60,9.13,130.14,609.86,72.59,38.07,74.48,133.25,238.89,151.86,271.86,45.40,39.25
2022-06-08,145.18,428.84,154.72,201.41,108.79,101.90,218.30,121.18,43.75,548.42,52.61,2302.78,62.90,35.51,446.97,178.84,40.19,54.06,116.28,116.23,169.34,38.84,404.15,218.60,348.13,312.51,49.03,167.01,824.62,195.11,58.45,262.20,67.16,20.28,18.62,41.66,87.48,146.87,9.18,127.45,603.68,71.68,39.15,73.77,130.00,241.87,147.85,274.54,43.52,38.91
2022-06-09,139.96,426.42,151.53,198.42,103.74,98.80,214.99,116.15,40.30,524.23,51.76,2236.07,59.44,34.96,450.85,173.55,39.60,53.02,113.98,113.89,167.16,37.69,390.58,209.95,336.67,303.08,47.24,161.67,748.41,182.57,55.62,256.75,64.64,19.28,18.02,41.28,86.03,144.25,8.68,125.39,571.62,72.08,37.14,73.03,127.90,239.71,144.47,259.70,42.58,38.50
2022-06-10,134.56,393.84,147.13,194.67,98.55,94.82,213.44,109.65,36.11,504.05,50.37,2066.36,58.07,34.50,442.50,169.32,38.91,52.64,110.52,110.25,162.17,36.90,371.73,205.27,321.33,295.66,45.42,154.16,691.69,174.20,52.27,245.31,61.31,18.29,16.95,40.50,82.54,144.02,8.26,122.17,567.97,69.12,34.84,71.06,125.48,232.23,141.07,254.88,40.66,38.71
2022-06-13,129.40,371.65,138.55,188.36,93.17,86.99,210.56,103.67,33.83,477.03,48.17,1943.02,53.88,33.32,431.94,154.52,38.69,51.26,106.01,105.52,160.55,35.58,354.93,194.97,302.29,286.57,42.80,146.67,626.94,162.98,48.07,234.90,57.61,16.97,15.62,39.62,79.62,141.56,7.64,118.01,545.61,66.10,31.29,67.91,119.82,215.74,137.27,245.39,37.90,37.99
2022-06-14,130.27,370.82,137.99,187.78,93.47,86.99,209.60,102.31,32.35,474.70,48.41,1915.72,52.87,33.02,434.37,159.26,38.39,50.71,106.32,105.84,159.56,35.73,355.70,191.10,304.78,281.14,43.21,146.79,616.40,162.46,47.78,237.06,57.47,16.75,15.81,39.78,80.27,138.35,7.82,119.48,544.67,66.05,30.35,66.67,120.09,220.89,137.76,249.08,37.06,38.00
2022-06-15,132.89,376.92,140.72,190.56,94.24,89.30,209.50,107.67,34.07,488.39,49.02,1937.05,56.52,33.26,438.19,164.35,39.19,51.23,109.49,108.86,161.03,36.41,369.12,196.13,311.83,285.30,43.58,149.28,672.69,168.03,48.45,244.11,57.88,18.01,16.50,39.93,81.17,139.83,8.12,120.18,557.42,67.77,32.60,67.20,121.65,233.00,139.41,253.51,37.59,37.98
2022-06-16,127.62,365.08,134.51,183.93,86.66,82.05,205.17,103.66,30.63,452.46,46.27,1812.38,56.58,31.42,431.47,157.21,38.76,50.65,105.77,105.16,156.60,35.17,350.68,190.71,298.93,275.53,40.18,139.98,612.70,159.62,44.36,237.53,53.86,17.33,15.58,39.00,77.72,139.16,7.67,110.82,553.01,64.81,30.52,62.43,119.49,213.10,135.34,250.96,34.88,38.37
2022-06-17,129.09,360.79,135.61,184.24,86.90,81.57,208.73,106.22,33.50,457.48,46.41,1871.90,56.42,32.08,426.63,163.90,38.82,51.36,106.99,106.27,156.44,34.82,360.51,192.08,300.41,276.44,40.30,140.05,635.22,162.47,45.34,240.13,54.58,17.55,15.85,39.11,79.23,139.19,8.24,110.97,577.05,65.65,31.69,64.07,122.68,216.76,134.29,263.09,34.88,37.63
2022-06-21,133.32,362.99,139.10,190.27,92.06,83.79,212.01,108.68,35.04,477.78,47.27,1901.76,58.64,31.89,442.31,164.64,39.49,53.10,111.10,110.63,157.15,35.54,368.04,194.32,315.13,284.15,41.60,136.53,656.70,155.83,46.32,246.03,55.61,17.09,16.54,39.82,83.23,142.42,8.71,114.09,583.73,66.64,32.83,64.08,126.60,237.04,137.21,270.17,35.00,38.86
2022-06-22,132.81,365.33,138.44,190.79,90.87,83.75,213.55,108.95,35.96,469.22,46.55,1855.18,57.50,32.24,439.30,165.71,38.98,53.97,111.12,110.57,154.73,35.21,371.36,200.62,312.46,283.79,40.89,131.59,677.40,154.64,45.69,245.44,55.16,17.89,16.33,40.59,82.39,143.59,9.01,112.05,582.90,66.95,33.85,63.11,128.04,236.09,136.44,272.31,34.26,38.39
2022-06-23,135.67,376.64,136.46,193.71,90.23,82.43,216.18,112.44,38.14,469.22,46.60,1801.41,56.96,32.42,453.67,174.90,38.41,54.91,111.77,111.32,151.98,35.24,390.78,204.50,308.81,282.29,40.74,128.31,698.64,157.51,45.56,251.00,55.04,18.17,16.20,41.88,83.85,145.42,9.46,110.15,603.31,68.69,36.38,62.98,130.70,235.07,135.13,283.50,34.56,39.33
2022-06-24,139.00,387.72,140.35,201.27,94.18,87.08,218.20,116.46,39.63,497.99,47.77,1895.64,57.57,32.80,462.62,184.99,39.46,55.35,117.57,117.01,156.72,36.37,407.23,209.67,326.96,288.38,43.25,134.42,739.46,168.84,47.49,259.57,57.21,19.08,17.10,42.60,85.12,147.22,10.19,114.74,608.38,71.35,38.52,66.01,131.80,245.71,139.43,292.55,35.43,39.36
2022-06-27,139.00,381.07,141.20,200.82,94.42,86.16,217.74,113.22,38.34,491.01,47.45,1861.47,57.71,33.01,460.11,181.93,39.16,55.13,115.67,114.88,155.22,36.39,394.65,207.94,326.08,281.75,43.21,135.19,717.31,168.17,46.93,256.84,57.55,18.91,16.84,42.74,83.65,147.42,9.62,116.65,598.36,70.95,37.32,66.06,131.28,244.92,139.14,287.32,35.81,39.48
2022-06-28,134.86,365.63,139.23,196.91,91.92,80.78,216.55,107.40,36.25,473.97,46.77,1804.71,56.40,32.43,447.56,174.19,38.53,54.59,111.65,111.09,153.18,35.59,376.68,201.99,317.90,279.03,42.10,133.74,665.00,159.43,44.63,248.69,56.65,17.96,15.96,42.03,81.99,145.34,9.31,120.70,590.43,69.73,35.03,64.90,127.91,232.66,137.83,276.17,35.18,38.93
2022-06-29,136.62,368.50,138.08,195.19,88.94,77.99,218.26,108.92,35.55,468.37,46.02,1777.13,55.66,32.60,448.74,175.94,38.37,54.82,111.34,110.79,150.78,35.12,379.96,202.59,308.73,277.14,41.02,132.81,660.13,162.66,43.65,252.36,54.85,17.84,15.52,42.48,81.97,147.76,9.23,119.45,593.61,69.81,33.05,63.63,129.19,228.49,136.60,280.35,34.17,38.78
2022-06-30,134.15,366.06,136.98,193.22,88.01,76.47,216.36,106.21,34.44,459.93,45.59,1716.92,55.61,32.52,457.75,168.56,38.15,54.24,108.48,108.07,151.32,35.24,375.85,200.71,307.29,273.45,40.94,131.16,636.87,159.99,42.87,249.03,54.12,17.49,15.13,42.12,82.32,147.69,9.07,117.16,587.16,69.78,31.24,63.59,129.36,224.47,137.38,281.79,33.74,38.68
2022-07-01,136.32,368.48,134.00,196.15,83.45,73.67,218.36,109.56,34.98,434.75,44.84,1735.56,55.94,33.39,463.94,179.25,38.12,54.72,108.19,107.85,152.45,34.23,378.65,206.10,285.32,271.46,37.93,134.21,659.95,158.78,41.91,251.70,52.52,18.00,14.50,42.41,84.71,150.11,9.27,113.30,591.40,72.40,31.41,61.50,131.54,227.26,132.81,287.32,32.68,39.01
2022-07-05,138.90,376.49,134.15,195.46,83.19,75.20,219.41,113.50,35.36,417.90,44.69,1755.17,53.36,33.24,466.33,187.02,37.88,54.70,112.96,112.33,149.82,34.56,390.26,206.75,284.64,257.38,37.35,133.74,713.57,166.88,42.33,254.87,55.54,18.59,14.94,43.17,86.86,149.78,10.07,115.41,592.56,72.64,34.00,63.48,132.26,233.07,133.31,288.98,32.96,39.53
2022-07-06,140.24,382.83,135.67,199.86,83.73,75.35,218.10,114.33,35.88,414.50,45.29,1718.75,55.12,33.24,470.52,185.92,38.54,55.04,114.28,113.63,150.79,34.84,394.83,205.35,282.18,260.86,37.63,130.81,704.55,168.45,43.16,258.12,56.17,18.41,15.11,43.85,85.83,151.27,9.80,116.54,590.91,72.03,33.04,63.67,131.72,231.73,134.84,291.16,32.94,39.81
2022-07-07,143.60,390.89,139.30,199.18,87.79,79.30,220.03,116.33,37.64,436.75,46.78,1753.17,57.40,33.33,472.72,190.20,39.02,55.03,118.33,117.81,151.30,35.92,400.62,208.71,302.56,260.47,39.86,133.73,721.62,170.85,45.96,260.25,57.62,18.93,15.83,44.11,86.21,150.97,10.18,123.27,603.37,72.38,35.33,66.31,131.08,244.54,138.31,294.17,33.76,39.87
2022-07-08,144.28,389.44,140.59,199.87,88.21,79.35,220.97,115.54,37.39,437.77,46.79,1737.03,57.93,33.34,479.02,190.38,39.17,55.14,119.19,118.38,150.91,35.78,397.34,208.81,305.14,260.28,39.88,132.88,708.63,169.55,46.34,259.53,58.01,18.70,15.81,43.86,87.37,152.32,10.17,124.75,617.40,72.42,35.57,66.65,130.49,250.76,139.06,294.29,34.05,39.89
2022-07-11,142.15,384.16,138.35,197.68,85.73,76.95,220.35,111.75,34.93,424.34,45.31,1692.92,58.11,32.68,476.49,185.37,39.05,54.98,115.57,114.73,150.47,35.04,393.19,205.72,301.60,263.21,38.66,132.84,659.92,161.61,44.58,256.48,56.71,17.73,15.13,43.69,85.99,151.07,9.56,121.29,610.34,71.16,32.32,66.17,129.54,234.34,137.30,294.07,33.73,39.91
2022-07-12,143.12,375.54,138.81,195.29,85.83,76.36,219.63,109.22,34.40,419.92,45.17,1706.37,57.52,33.17,468.54,174.39,38.69,54.70,113.91,113.09,151.14,35.05,376.89,202.13,302.19,260.14,38.99,134.16,653.63,162.00,44.90,245.97,58.05,17.44,15.06,43.55,82.10,150.21,9.49,121.94,606.00,71.03,32.38,66.57,129.26,233.07,138.10,290.01,34.64,39.79
2022-07-13,142.76,371.94,139.88,194.16,86.17,77.52,219.73,110.40,32.94,432.02,45.20,1706.16,58.09,33.28,470.11,174.97,38.55,54.81,111.27,110.44,148.76,35.05,374.39,202.06,301.55,261.27,39.58,135.78,655.75,162.22,45.50,245.04,57.74,17.66,15.14,44.48,82.24,150.74,9.28,124.41,597.98,71.17,32.15,66.37,129.72,237.04,137.95,288.73,34.85,39.88
2022-07-14,145.68,372.96,143.75,194.28,88.68,78.60,218.40,110.63,30.81,441.58,45.48,1643.21,56.25,33.03,488.95,172.75,38.21,54.24,110.53,109.46,147.57,35.52,371.03,204.31,307.30,255.83,40.28,135.76,655.69,156.82,46.46,246.36,58.22,17.48,15.35,44.92,81.67,151.52,8.90,130.15,594.84,71.43,30.67,67.28,130.43,238.31,141.13,286.15,34.63,40.66
2022-07-15,147.35,379.86,148.12,196.98,91.39,81.11,221.16,113.55,32.62,459.68,46.40,1667.44,54.05,34.13,499.46,177.90,38.88,54.93,111.85,110.86,150.44,36.38,383.82,210.92,314.18,263.41,41.03,138.23,689.99,163.42,47.55,248.92,60.36,18.91,15.74,45.55,84.83,151.65,9.04,132.42,603.46,72.73,31.27,69.06,132.08,240.07,143.54,292.84,35.68,41.06
2022-07-18,144.31,375.23,145.57,194.38,90.10,81.43,216.84,113.76,34.33,457.61,46.08,1706.90,53.23,33.83,493.11,177.25,38.46,53.44,109.01,108.14,148.83,36.46,379.22,206.26,317.32,263.56,40.65,139.43,691.84,165.93,47.95,246.53,59.30,19.09,16.08,44.85,84.31,149.11,9.03,129.96,582.76,73.28,32.54,69.00,129.29,240.55,142.76,286.06,35.30,40.96
2022-07-19,148.16,387.83,151.38,201.41,95.02,85.88,219.94,118.21,35.20,481.65,47.76,1801.15,53.41,34.47,496.87,180.55,39.75,54.51,113.69,112.88,154.29,37.88,394.46,214.44,332.81,271.75,42.94,145.53,724.75,174.41,51.36,251.65,61.21,20.16,16.96,45.95,85.60,150.71,9.34,135.17,591.73,75.40,34.37,71.92,132.22,245.53,147.20,289.60,36.55,41.21
2022-07-20,150.17,401.49,152.94,198.74,98.89,89.43,219.32,122.77,37.60,497.17,48.02,1801.15,52.51,34.90,500.66,184.30,39.84,54.01,113.77,112.97,155.19,38.20,410.67,219.22,343.28,269.27,44.68,147.15,779.68,181.66,52.94,254.30,62.09,21.64,17.78,46.00,84.03,149.11,10.11,139.15,590.60,76.06,38.49,73.06,132.16,247.50,147.82,285.50,37.32,41.56
2022-07-21,152.43,408.91,154.89,200.62,100.45,91.09,218.57,124.63,38.12,524.09,48.58,1795.86,52.60,35.27,505.68,189.00,40.25,53.53,114.10,113.40,156.73,38.25,424.59,224.75,347.22,272.97,45.74,145.61,789.20,181.74,53.82,256.80,62.43,22.39,18.02,45.72,85.72,149.33,10.49,142.96,588.46,76.31,40.40,74.43,128.06,271.71,148.90,283.11,37.95,42.17
2022-07-22,151.20,401.90,153.08,202.69,98.35,88.10,218.72,122.42,36.16,516.35,48.09,1776.69,52.44,35.55,505.93,183.53,40.14,53.35,107.48,107.02,157.98,36.92,424.63,211.85,340.94,271.56,44.57,145.52,763.92,167.95,51.30,252.45,60.12,22.04,17.29,45.88,85.19,150.31,9.84,140.97,582.18,76.35,37.35,68.39,127.38,272.24,146.54,280.29,35.54,42.06
2022-07-25,150.08,391.96,152.87,200.89,97.70,87.54,221.18,121.14,35.16,520.90,48.15,1801.02,53.37,35.44,505.38,182.62,40.03,53.31,107.33,106.63,157.80,36.89,416.28,219.17,337.65,273.98,43.95,147.53,762.78,165.35,50.01,250.97,59.00,21.85,17.00,45.68,84.21,150.52,9.68,140.56,583.34,74.44,36.71,68.12,129.38,268.43,145.91,283.68,35.25,42.00
2022-07-26,148.75,379.26,151.69,200.46,95.68,85.25,223.34,114.81,33.40,506.60,47.96,1762.87,53.90,35.65,488.94,169.17,39.57,53.19,104.58,104.16,157.94,36.70,404.58,216.79,333.13,272.58,42.96,145.65,727.79,157.91,48.80,244.25,58.52,21.39,16.51,45.02,77.54,152.27,9.40,137.55,578.65,73.36,31.55,67.64,128.75,258.86,143.80,288.22,35.34,38.80
2022-07-27,153.85,392.78,157.83,215.29,100.08,89.82,223.85,120.97,35.33,527.87,49.53,1843.15,53.93,36.19,498.85,176.96,40.30,53.44,112.67,112.13,159.89,37.85,423.08,225.34,347.80,276.22,44.93,151.98,791.67,168.26,52.26,260.58,60.71,22.67,17.76,45.96,79.68,152.06,10.02,140.72,583.96,75.78,35.24,70.04,135.48,274.82,153.37,286.99,36.45,40.27
2022-07-28,154.40,403.50,159.09,220.30,101.73,91.67,222.10,122.28,35.36,541.91,50.07,1877.85,62.73,32.88,512.98,182.09,41.19,53.00,113.66,113.28,165.79,37.40,438.15,230.54,356.31,282.39,46.59,152.45,803.75,159.47,53.03,268.02,60.89,22.60,17.96,47.13,82.04,154.94,10.13,134.32,578.46,77.34,35.91,71.04,136.24,280.90,157.14,280.82,36.67,41.28
2022-07-29,159.46,410.12,161.23,221.81,102.52,94.47,220.07,134.95,35.54,555.18,50.25,1900.19,64.19,31.31,517.88,183.60,40.96,52.43,115.69,115.37,167.55,34.20,445.56,230.17,369.37,287.21,48.08,153.15,813.71,157.86,54.91,272.21,60.68,22.49,18.13,46.91,83.18,155.05,10.35,133.05,577.79,77.44,34.83,71.20,137.55,297.15,161.00,280.41,36.95,42.01
2022-08-01,158.48,411.09,160.76,221.99,102.93,96.78,218.44,135.39,34.17,558.77,50.33,1871.70,63.42,31.30,523.15,183.30,40.88,52.30,114.54,113.92,167.14,34.81,438.03,228.54,371.39,285.37,48.30,153.88,813.97,158.68,54.57,269.57,61.35,22.62,18.41,47.27,84.61,156.81,10.47,135.22,572.81,77.56,36.44,70.80,138.25,297.28,160.92,273.83,36.97,42.16
2022-08-02,157.01,409.96,160.12,221.35,101.56,99.29,216.91,134.16,34.49,546.64,49.85,1920.42,63.94,31.44,519.95,188.14,40.55,52.24,114.96,114.19,164.64,33.92,436.57,238.48,368.55,283.06,48.29,152.59,837.59,158.94,54.94,266.47,61.28,22.14,18.50,47.23,85.11,155.52,10.92,134.86,571.10,76.46,37.74,70.33,136.87,300.59,159.49,273.86,36.48,42.21
2022-08-03,163.01,424.54,165.36,224.75,105.45,98.09,219.78,139.52,35.82,564.29,51.30,1930.42,65.23,32.11,523.34,195.32,41.27,54.64,117.81,117.11,166.72,34.40,454.91,242.18,381.30,285.36,50.40,153.65,890.87,167.49,57.42,273.89,63.03,22.67,18.86,47.02,88.18,156.71,11.20,136.81,604.68,79.71,41.93,71.36,138.17,307.40,165.12,275.03,37.17,41.51
2022-08-04,162.70,430.59,165.92,224.45,107.43,103.91,219.64,142.57,36.00,570.10,51.87,1911.54,65.51,32.48,519.78,189.24,40.97,54.32,117.90,117.22,167.53,33.93,455.45,242.46,382.72,287.44,51.09,153.32,1034.83,169.24,56.56,275.04,63.61,22.99,19.18,47.13,83.62,155.86,11.32,138.51,610.83,79.36,41.02,71.56,138.25,308.63,166.41,274.85,37.56,39.95
2022-08-05,162.47,433.43,166.19,227.40,106.04,102.31,218.99,140.80,36.46,559.29,51.74,1889.67,72.16,31.93,517.28,191.17,40.63,53.60,117.26,116.51,167.39,33.67,458.08,240.32,381.12,287.18,49.95,151.41,1024.81,165.81,56.15,274.32,61.27,22.68,18.96,47.27,83.56,154.69,11.45,137.77,609.49,78.31,40.81,72.06,138.99,288.17,165.87,288.03,35.44,40.27
2022-08-08,162.00,434.34,164.89,228.70,104.31,100.07,219.91,139.41,40.14,554.88,51.19,1919.93,73.70,32.20,518.46,189.52,40.64,54.05,117.18,116.34,168.87,33.66,455.90,239.13,373.36,286.24,48.95,152.62,1024.25,168.92,54.82,271.81,60.28,23.35,17.76,47.48,83.51,154.07,9.82,135.57,626.40,78.30,39.77,72.18,139.01,290.42,164.52,293.95,35.81,40.59
2022-08-09,162.05,426.57,159.74,229.79,96.41,95.54,220.86,137.83,36.01,524.22,50.00,1921.32,73.54,31.84,512.64,186.78,40.55,54.40,116.54,115.67,168.97,32.84,451.32,232.88,345.08,285.94,45.09,153.12,995.50,167.22,50.55,273.73,58.02,22.99,17.06,47.80,83.39,154.64,9.25,130.71,617.98,77.49,36.75,68.85,139.97,283.33,159.93,298.83,34.85,41.00
2022-08-10,166.29,438.40,164.16,232.25,101.62,99.05,224.18,142.69,40.46,548.38,51.65,1986.58,74.90,32.51,516.47,200.80,41.55,55.40,119.67,118.72,171.70,33.65,466.97,237.85,360.68,294.25,47.55,155.49,1064.23,176.95,54.23,280.38,60.23,24.41,18.07,47.99,86.97,155.92,9.59,134.82,637.19,79.00,40.61,71.52,139.26,294.36,164.80,295.77,35.88,41.08
2022-08-11,165.56,434.89,163.66,230.19,102.08,98.12,220.85,140.64,34.46,544.86,51.18,2025.91,76.56,32.88,509.18,198.06,41.44,54.80,118.84,117.87,173.68,33.86,467.63,236.02,358.98,290.89,47.79,155.38,1032.47,176.11,52.97,278.30,61.13,24.27,17.91,47.96,86.08,155.12,9.42,135.59,619.71,80.17,40.42,73.41,138.08,286.63,163.85,292.16,36.92,41.48
2022-08-12,169.10,445.67,168.08,236.21,106.78,100.83,220.89,143.55,36.32,557.99,52.38,2082.08,79.29,33.38,513.97,200.87,42.08,55.24,121.65,120.68,175.75,34.36,475.34,238.37,368.40,296.29,49.82,158.21,1081.08,179.09,54.60,283.04,63.80,24.93,18.68,48.77,87.81,157.15,9.91,138.76,624.49,81.12,40.76,74.27,140.82,300.03,166.84,294.52,38.13,42.24
2022-08-15,170.17,451.02,168.67,238.91,106.20,101.01,223.28,143.18,33.55,557.00,52.45,2090.70,79.00,33.85,522.14,201.82,42.06,58.10,121.88,121.08,176.95,34.57,477.85,238.26,371.42,296.92,49.69,157.36,1082.66,179.48,54.71,284.56,63.47,24.91,19.00,49.20,87.96,158.88,9.91,139.53,638.97,81.90,39.84,73.17,141.04,309.32,166.86,305.53,37.34,42.37
2022-08-16,170.02,447.56,167.87,239.21,104.95,100.20,225.12,144.78,32.63,549.00,51.76,2111.89,79.19,33.68,529.09,200.41,42.22,58.20,121.51,120.70,178.20,34.43,476.82,233.71,367.95,296.99,49.03,160.31,1053.75,178.07,53.60,283.82,62.64,24.57,18.85,49.51,87.43,159.80,9.74,137.61,644.35,82.13,39.58,72.86,140.98,306.56,165.02,303.00,37.06,44.53
2022-08-17,171.51,437.82,159.52,239.81,102.54,98.27,224.56,142.10,30.18,539.89,50.54,2090.59,77.54,32.76,532.25,196.89,42.12,57.93,119.34,118.57,177.42,34.04,467.17,229.71,362.50,294.30,47.80,158.02,997.90,173.49,51.92,283.07,60.45,24.11,18.31,49.58,85.75,159.71,9.43,136.23,632.07,81.16,37.30,70.54,139.94,304.00,159.03,299.23,36.28,44.58
2022-08-18,171.12,439.03,159.52,240.04,104.73,100.44,223.77,142.30,28.97,543.78,52.40,2105.40,79.39,32.22,536.69,195.76,44.57,57.19,119.88,119.18,178.24,34.44,466.64,229.59,369.20,294.98,48.34,159.45,977.52,173.30,53.80,281.95,61.78,24.52,18.74,49.11,86.31,159.87,9.15,138.85,620.64,81.34,36.86,72.67,141.20,302.87,160.61,294.29,36.67,44.43
2022-08-19,168.53,425.06,157.52,239.01,101.21,95.95,224.81,138.23,26.93,528.24,51.46,2048.65,78.65,32.28,530.54,190.52,43.97,57.33,117.16,116.25,176.35,33.66,453.16,224.78,359.33,288.87,45.80,155.90,909.76,166.65,52.41,278.05,59.36,24.12,17.82,49.10,85.58,159.67,8.51,135.38,614.21,79.85,34.20,71.19,140.73,296.67,158.80,299.04,35.88,43.78
2022-08-22,164.65,411.35,153.62,235.84,97.52,92.84,221.26,133.22,25.55,503.84,49.62,1936.49,77.49,31.39,521.87,185.88,43.07,56.47,114.13,113.30,173.10,32.20,435.74,218.54,347.72,281.30,43.96,152.56,878.09,161.78,50.23,269.89,57.20,22.65,17.01,48.29,84.68,158.14,8.07,129.89,607.99,78.04,33.18,68.16,139.01,289.91,154.29,293.84,34.67,42.99
2022-08-23,164.32,410.41,154.15,235.28,98.60,92.49,219.08,133.62,26.04,509.34,49.71,1956.28,77.59,31.07,518.62,192.36,42.80,55.88,113.84,112.93,172.84,32.30,439.10,216.81,350.28,279.77,44.57,153.26,887.04,159.86,50.87,268.61,56.76,22.45,17.15,48.01,94.92,158.07,8.01,129.07,598.49,77.80,32.47,67.26,138.32,296.45,155.26,286.25,34.51,42.81
2022-08-24,164.61,405.65,153.44,235.62,98.42,92.73,219.10,133.80,26.40,509.04,49.81,1954.45,78.19,30.97,519.72,194.62,42.49,55.82,113.77,112.76,173.05,32.22,454.93,220.47,350.50,278.77,44.48,154.50,898.00,161.99,51.52,267.98,57.20,22.96,17.19,47.41,94.14,158.86,8.10,129.61,598.75,79.05,33.29,67.72,139.73,297.10,154.97,291.03,34.78,43.12
2022-08-25,167.07,403.93,156.65,237.53,101.83,97.18,220.17,137.28,27.07,522.90,51.62,1971.71,80.50,31.37,526.94,202.94,42.67,55.80,116.74,115.69,175.36,33.20,455.01,225.02,364.07,282.57,45.94,157.15,919.18,167.47,54.33,270.95,60.03,23.40,17.88,47.58,95.93,158.87,8.42,134.14,599.75,80.28,34.34,70.54,141.41,296.07,159.57,291.22,36.06,43.41
2022-08-26,160.77,381.02,148.77,230.42,95.82,91.18,215.66,130.75,25.75,494.03,48.87,1875.92,78.64,30.71,508.81,194.56,41.43,54.73,110.39,109.44,168.91,31.74,438.03,211.09,347.12,272.23,43.55,151.37,877.80,160.52,49.48,260.50,56.53,22.33,16.23,46.59,93.45,155.12,7.94,126.92,592.18,77.22,32.42,66.42,137.51,288.09,152.54,281.68,34.24,42.05
2022-08-29,158.57,375.26,146.21,228.95,93.63,88.49,214.52,129.79,24.94,484.28,48.25,1863.84,78.80,30.28,508.08,192.05,41.27,54.80,109.44,108.52,168.35,31.34,426.64,208.90,341.52,273.43,42.71,150.43,875.17,157.93,48.31,257.72,55.92,22.46,15.78,46.98,93.17,154.63,7.81,125.73,588.79,77.27,31.94,64.59,139.31,284.82,151.14,281.60,33.69,42.45
2022-08-30,156.14,375.07,143.89,225.92,91.67,86.94,214.29,128.73,24.49,477.63,47.52,1845.75,77.53,29.81,501.46,193.29,40.84,54.84,109.01,108.05,166.85,30.69,423.12,206.50,335.49,270.71,42.53,148.13,862.10,155.94,47.34,255.52,55.23,22.07,15.44,46.55,93.28,153.30,7.79,123.28,584.44,76.62,31.36,61.80,139.91,277.70,150.06,281.36,32.63,42.33
2022-08-31,154.48,373.44,142.76,224.83,91.23,84.87,215.35,126.77,24.63,474.65,46.83,1841.41,79.38,30.20,499.51,182.61,40.37,55.69,108.26,107.33,165.67,30.37,421.73,205.74,332.58,269.01,42.07,148.52,855.36,161.66,46.17,254.07,55.45,22.36,15.07,46.47,92.80,152.66,7.72,122.00,577.16,77.23,31.65,59.61,138.42,275.61,148.68,281.76,31.81,42.35
2022-09-01,155.21,370.53,141.97,226.26,89.04,82.33,220.01,127.82,25.05,455.25,46.17,1818.54,80.28,30.79,506.28,172.97,40.89,56.99,109.65,108.84,166.87,30.22,415.60,206.11,325.79,266.57,41.50,148.72,858.79,164.07,45.34,253.03,56.22,23.00,13.91,47.10,90.86,154.21,7.49,119.83,596.60,78.45,31.27,58.68,138.38,277.16,149.54,290.20,31.60,42.97
2022-09-02,153.10,368.14,140.03,219.38,88.49,80.24,217.20,127.51,24.09,452.61,46.94,1804.21,78.87,29.84,496.65,172.45,40.26,56.00,107.80,106.97,163.51,29.70,410.29,203.67,324.00,265.21,41.33,148.99,855.91,159.07,45.13,248.81,55.26,22.61,13.63,46.85,89.87,152.25,7.40,118.50,576.72,76.19,30.11,58.28,136.51,270.21,146.70,281.04,31.35,42.49
2022-09-06,151.84,368.30,139.65,219.07,87.57,78.72,217.07,126.11,24.53,455.25,46.75,1781.57,80.03,28.99,496.45,171.15,40.15,55.62,106.60,105.93,162.39,28.89,409.02,202.30,319.48,264.47,41.00,147.20,857.93,157.31,44.47,246.08,54.18,21.84,13.44,47.17,88.42,151.23,7.28,116.83,570.12,77.64,29.84,58.17,136.44,274.42,146.79,279.18,30.83,42.28
2022-09-07,153.24,379.72,141.98,222.36,89.17,79.61,219.37,129.48,25.36,461.80,47.40,1838.11,80.65,29.19,506.73,171.96,40.64,56.85,109.58,108.55,165.44,29.16,425.16,210.87,326.48,272.96,41.50,152.25,887.69,159.14,46.11,250.78,53.95,22.90,13.70,48.29,90.00,154.57,7.39,118.61,592.44,81.12,30.98,58.41,139.90,283.70,149.23,284.44,31.20,43.37
2022-09-08,151.77,383.63,143.33,223.52,90.96,82.78,219.96,129.82,25.94,467.68,48.04,1871.07,83.46,28.68,506.23,179.88,40.96,57.12,108.53,107.49,164.33,29.26,428.83,214.78,339.30,271.13,42.19,153.99,922.54,160.80,47.49,251.20,54.33,22.74,13.97,48.58,91.21,154.05,7.53,118.85,704.09,82.18,31.94,58.87,139.77,289.26,151.56,288.99,31.92,43.59
2022-09-09,154.63,394.78,145.26,225.70,93.60,85.45,221.97,133.27,27.73,485.36,49.02,1944.70,85.14,29.56,513.37,190.86,41.32,57.28,110.87,109.74,167.71,29.93,439.56,221.32,346.63,274.11,43.30,156.85,970.99,167.83,49.05,256.97,56.35,23.36,14.37,48.07,94.13,154.54,7.79,121.80,719.46,81.47,34.81,61.27,140.09,299.68,153.66,292.11,32.96,43.72
2022-09-12,160.58,396.36,146.64,225.38,93.39,84.64,212.94,136.45,28.51,489.17,49.64,1976.40,85.74,29.78,516.18,195.10,41.89,59.68,110.96,109.95,168.01,30.03,444.78,222.02,345.47,281.25,42.97,158.22,1002.01,167.64,49.56,259.10,56.84,23.65,14.49,48.49,94.68,155.14,8.01,122.67,705.97,81.82,35.16,61.22,139.56,304.42,153.52,293.48,32.57,44.11
2022-09-13,151.16,368.39,139.67,217.17,87.66,77.03,203.30,126.82,26.68,456.40,47.26,1885.58,84.04,27.92,488.22,184.70,39.82,57.12,104.45,103.46,161.84,27.87,419.32,211.40,329.24,272.72,40.55,152.52,943.90,151.94,47.36,244.86,52.60,21.81,13.11,46.38,91.48,149.35,7.48,115.23,696.68,80.69,32.70,58.08,132.43,292.13,146.38,280.67,29.59,43.20
2022-09-14,152.61,371.52,141.56,216.63,87.90,77.45,204.43,128.55,25.34,463.18,47.93,1931.30,85.66,28.76,486.02,184.11,39.69,57.84,105.01,104.14,157.46,27.76,426.68,210.78,334.97,273.67,40.67,157.02,960.33,150.29,47.74,245.08,52.10,22.41,13.11,45.96,91.03,150.49,7.63,117.63,692.94,85.16,33.69,56.28,136.46,302.61,148.73,284.86,28.85,43.11
2022-09-15,149.72,309.13,139.31,213.15,86.24,76.66,204.02,126.28,24.39,451.12,46.93,1920.89,84.45,28.37,481.72,178.86,39.08,57.68,103.05,102.07,154.74,27.44,412.30,209.62,326.03,270.16,39.87,156.99,965.78,148.39,46.03,238.43,51.69,23.54,12.91,45.92,89.81,147.99,8.01,115.28,701.11,84.72,33.85,55.71,135.59,303.75,146.40,287.67,28.43,42.64
2022-09-16,148.08,299.50,140.67,215.85,86.19,76.51,207.14,123.53,23.15,452.67,47.15,1842.04,83.25,28.80,482.33,171.01,39.09,58.21,102.79,101.96,155.17,27.82,413.16,206.28,324.27,270.60,39.46,149.66,919.11,145.15,45.71,237.81,51.84,24.01,13.18,46.23,87.04,148.96,7.78,115.25,705.53,83.88,31.73,55.82,134.56,303.35,148.73,289.71,28.01,42.55
2022-09-19,151.79,296.06,140.95,217.78,87.01,76.77,206.80,124.66,22.82,456.41,47.09,1868.09,86.94,28.75,484.65,175.39,39.09,58.41,103.00,102.23,156.29,28.01,413.83,202.21,323.13,272.30,39.46,152.02,933.10,146.87,45.51,237.60,51.11,24.36,13.36,46.35,87.68,150.53,7.86,116.82,710.54,84.64,32.94,55.21,135.29,309.07,149.62,285.14,27.56,42.92
2022-09-20,154.17,291.06,141.11,215.76,85.46,75.25,204.06,122.19,21.78,447.54,46.27,1861.85,85.37,28.24,477.91,173.87,38.44,57.31,101.00,100.31,154.87,27.55,408.10,199.55,318.83,268.85,38.90,151.68,905.69,144.95,44.67,235.59,49.83,24.28,13.16,46.74,87.51,150.70,7.62,115.08,699.49,83.40,30.95,53.96,134.26,308.73,149.45,286.94,26.75,42.67
2022-09-21,151.04,286.30,139.85,212.88,84.46,74.48,201.15,118.54,21.14,440.72,45.62,1773.57,84.91,27.29,471.74,169.25,37.55,56.35,99.20,98.47,152.50,27.09,399.17,195.04,312.02,264.08,38.44,143.14,887.50,141.01,44.83,232.18,49.15,23.69,13.24,46.36,85.56,150.27,7.69,114.94,680.04,81.39,30.55,53.60,131.50,300.80,146.97,280.40,26.18,43.06
2022-09-22,150.08,287.06,136.93,212.93,82.47,69.50,204.10,117.31,19.90,427.28,45.19,1689.03,83.07,27.09,466.09,161.28,37.15,56.59,99.75,99.32,151.58,26.71,387.48,191.08,302.56,261.73,37.30,135.35,850.00,141.71,42.92,234.16,48.71,23.70,12.54,46.24,83.09,150.42,7.37,114.08,683.64,77.81,28.57,52.98,129.85,288.59,146.35,286.34,25.45,42.62
2022-09-23,147.81,284.56,133.71,212.75,81.75,67.96,203.40,113.78,20.21,422.53,44.35,1639.26,81.58,26.57,446.22,160.39,36.71,55.78,98.36,97.93,149.94,26.18,384.80,190.52,297.27,257.03,36.70,132.81,815.01,139.32,42.69,231.18,49.15,22.64,12.50,45.88,80.79,150.35,7.40,111.78,692.65,77.32,28.76,52.02,127.23,275.33,145.16,283.45,25.47,41.55
2022-09-26,148.14,276.96,132.67,211.24,80.44,66.30,203.31,115.15,20.32,417.37,43.74,1638.64,80.67,25.78,459.52,159.35,36.64,55.32,98.01,97.37,148.80,25.66,386.59,187.93,293.38,252.35,35.82,131.60,799.58,135.31,42.02,230.73,47.95,22.41,12.21,46.25,81.58,150.28,7.53,110.44,681.50,77.91,28.25,49.87,127.22,276.01,144.41,276.78,24.38,41.95
2022-09-27,149.12,277.57,133.60,210.29,81.61,67.17,202.52,114.41,20.38,419.77,43.98,1638.55,81.69,25.25,457.61,162.58,36.58,55.58,97.29,96.70,148.80,25.58,391.45,186.38,298.03,253.26,36.33,133.97,804.69,133.35,42.80,229.72,49.62,22.44,12.40,46.21,81.83,148.11,7.63,111.00,690.35,77.42,27.85,50.90,127.57,282.94,144.63,284.74,24.63,41.84
2022-09-28,147.23,281.40,136.21,214.29,83.40,68.36,206.99,118.01,21.37,427.46,44.09,1695.21,82.72,26.00,467.17,167.25,37.32,56.73,99.92,99.23,152.09,25.81,399.77,192.40,305.09,259.23,36.81,138.94,865.24,140.51,43.94,234.24,50.03,24.52,12.72,47.84,83.40,150.48,7.94,109.70,700.69,80.02,29.24,51.30,130.30,287.81,146.52,292.41,24.95,42.53
2022-09-29,140.00,278.25,133.77,210.41,81.87,64.14,204.69,114.80,19.68,414.43,42.59,1648.13,80.79,25.39,458.26,165.70,36.63,55.97,97.29,96.62,148.80,25.10,387.58,189.06,300.28,257.47,35.73,135.74,829.68,135.35,42.28,230.78,49.06,23.97,12.20,47.45,82.79,148.64,8.08,105.92,687.18,79.53,26.77,48.96,129.45,268.21,142.60,292.80,24.22,42.25
2022-09-30,135.79,275.20,131.28,208.97,79.46,63.36,201.99,113.00,19.49,402.39,42.01,1613.08,80.94,24.47,451.84,164.81,36.11,54.74,95.37,94.87,146.09,24.52,378.31,187.44,292.47,257.45,35.30,135.38,827.78,134.62,42.32,226.31,49.15,23.54,12.12,46.89,81.89,145.65,8.13,104.21,684.25,77.40,26.94,47.93,129.00,265.25,139.30,289.54,24.50,41.44
2022-10-03,139.97,285.24,136.73,214.57,83.65,66.11,206.51,115.88,20.42,418.21,43.22,1648.14,84.24,25.56,457.06,169.31,37.28,55.30,98.49,97.83,151.40,25.66,387.57,193.36,305.90,263.40,37.58,136.02,882.30,137.53,43.89,233.92,50.73,23.90,12.50,47.88,84.85,147.43,8.24,108.12,730.20,78.65,27.76,49.30,133.55,242.40,143.85,297.43,25.63,42.34
2022-10-04,143.56,294.97,142.12,218.61,86.71,67.90,208.82,121.09,21.24,450.59,45.41,1726.78,86.92,26.09,465.10,175.07,38.11,57.96,101.58,100.81,155.90,26.35,402.42,201.54,316.30,273.56,38.64,142.55,948.25,139.19,46.39,241.83,52.93,24.07,13.15,48.65,86.92,149.09,8.46,112.87,734.58,81.31,31.53,51.32,137.05,249.44,148.63,300.64,27.44,42.89
2022-10-05,143.85,297.38,143.10,220.85,86.53,67.94,209.54,120.95,20.76,454.64,45.87,1695.04,85.78,25.88,459.54,176.70,38.26,58.08,101.39,100.60,155.57,26.30,403.96,201.38,318.00,271.01,38.57,142.18,933.76,137.90,47.69,242.14,53.69,23.67,13.19,48.81,87.82,148.10,8.42,115.19,740.68,82.79,30.83,51.71,135.79,240.81,151.02,302.02,27.97,42.47
2022-10-06,142.90,298.41,142.23,217.01,85.46,67.85,206.96,120.30,20.54,447.72,45.37,1678.38,83.94,25.30,461.62,178.39,37.83,57.64,101.41,100.59,153.15,25.86,402.51,197.70,316.50,266.27,38.34,139.18,929.18,137.99,47.36,239.80,53.58,24.00,13.11,48.83,87.38,145.24,8.47,115.55,726.95,82.08,30.06,50.16,134.05,238.13,149.88,298.63,27.89,42.07
2022-10-07,137.65,288.77,136.53,209.83,80.11,58.44,205.25,114.56,19.22,420.71,43.57,1654.26,82.10,24.64,447.90,171.88,36.69,57.05,98.76,97.87,149.97,24.47,384.54,188.68,303.61,260.90,36.15,136.70,881.99,132.41,41.82,227.61,52.01,22.48,12.06,47.38,84.96,144.18,8.15,111.52,717.52,79.95,27.21,48.40,132.29,223.07,143.35,295.23,26.90,41.07
2022-10-10,137.97,285.72,132.75,211.28,76.80,57.81,208.04,113.67,18.48,408.72,41.42,1640.68,82.42,24.52,446.14,161.08,36.35,57.20,97.91,97.06,150.39,23.98,379.34,186.55,289.29,259.59,33.82,135.73,872.60,132.75,39.79,222.76,50.51,23.00,11.65,48.30,81.57,144.37,8.06,105.70,726.02,79.98,26.45,47.02,132.43,222.96,141.11,294.54,26.09,41.32
2022-10-11,136.56,284.83,130.77,209.05,74.00,57.63,219.95,112.21,17.77,387.09,40.76,1604.63,80.63,24.14,451.60,155.79,36.06,58.28,97.25,96.38,151.90,23.82,375.27,185.90,271.49,258.80,31.54,134.08,834.67,127.54,38.17,219.03,52.80,21.43,11.57,48.73,78.68,145.05,8.04,101.49,732.46,79.19,25.67,46.79,131.87,216.50,138.10,295.16,26.21,42.39
2022-10-12,135.93,286.15,130.57,207.05,73.72,57.85,220.85,112.90,18.10,385.90,40.74,1644.89,79.93,24.15,446.20,152.99,35.78,58.03,97.50,96.76,151.18,24.10,379.75,186.34,265.58,259.36,31.24,137.05,820.65,126.51,37.50,219.36,51.85,22.09,11.48,48.50,77.65,151.12,8.07,100.20,723.17,79.80,25.99,46.66,127.82,217.24,136.39,290.13,25.80,41.91
2022-10-13,140.50,294.74,134.49,212.40,77.02,58.94,225.53,112.53,18.34,392.75,41.44,1661.10,81.55,25.45,447.74,152.60,37.00,58.98,98.90,98.25,155.34,25.14,387.30,190.38,269.19,269.74,32.85,138.36,822.06,129.28,38.64,227.61,53.93,23.25,11.94,49.20,78.94,155.78,8.08,104.10,747.51,82.10,26.24,47.75,127.95,221.72,138.90,296.54,26.42,42.26
2022-10-14,135.97,287.94,128.82,208.71,72.56,55.94,225.24,106.90,17.83,367.30,40.41,1639.86,79.06,25.30,434.98,145.98,36.63,58.72,96.39,95.77,152.38,24.65,371.97,183.06,254.85,262.94,30.37,138.66,756.88,125.77,36.54,222.09,51.82,23.00,11.21,48.79,77.42,151.84,7.53,101.41,731.12,79.34,26.06,46.47,126.45,204.99,133.50,293.21,25.38,41.67
2022-10-17,139.93,293.50,131.07,215.34,72.16,57.96,226.66,113.79,18.44,379.98,41.20,1715.44,82.88,25.95,444.09,151.61,37.63,58.91,99.96,99.15,154.90,25.14,395.09,190.12,254.38,268.27,30.42,142.83,850.66,133.00,37.39,230.80,52.59,24.51,11.87,49.08,79.27,154.10,7.94,102.93,731.02,81.67,27.76,47.77,128.68,219.35,135.89,297.02,25.51,41.97
2022-10-18,141.25,292.98,132.93,217.13,72.96,57.92,225.94,116.36,18.63,386.54,41.14,1741.43,84.17,25.89,452.80,156.88,38.08,59.34,100.56,99.94,157.38,24.61,399.90,193.73,259.74,271.84,31.06,144.90,853.29,131.77,37.27,231.75,51.66,24.09,11.95,49.47,81.68,156.18,8.16,102.57,717.86,81.72,28.73,47.69,130.92,220.19,136.36,300.17,25.30,42.86
2022-10-19,141.35,299.83,133.15,215.49,74.93,57.23,222.42,115.07,17.44,410.79,41.19,1739.33,83.37,25.58,451.03,152.54,38.16,58.74,99.47,98.81,156.86,24.74,393.46,211.14,262.83,271.13,31.83,144.90,815.45,132.19,37.62,229.78,52.13,27.24,12.04,49.18,80.06,154.66,7.91,104.09,704.61,80.40,28.35,47.58,130.51,222.04,137.38,292.02,25.11,42.74
2022-10-20,140.89,302.38,133.86,212.01,76.29,57.77,221.75,115.25,17.80,423.62,40.72,1741.09,82.27,25.64,444.52,153.88,38.01,58.71,99.71,99.15,155.42,24.81,392.56,212.00,267.71,269.52,34.32,142.51,820.47,130.51,37.59,229.46,52.79,26.82,12.18,48.73,79.29,152.97,8.04,103.29,701.15,79.73,29.73,47.74,130.78,207.28,138.34,290.16,25.19,42.84
2022-10-21,144.71,306.37,138.11,215.02,79.93,58.82,225.78,119.32,17.52,447.80,42.55,1789.36,84.91,25.66,457.49,156.32,39.00,60.16,100.65,100.30,159.94,25.66,408.24,218.49,280.87,275.34,35.61,148.28,844.90,129.00,39.04,235.26,55.10,28.96,12.45,49.60,81.01,154.40,8.29,106.75,709.12,81.40,29.75,50.16,131.20,214.44,143.74,300.00,26.24,43.71
2022-10-24,146.85,316.22,136.17,218.88,82.38,58.70,234.18,119.82,17.67,458.21,43.20,1775.39,85.21,26.16,475.47,157.97,39.67,61.23,102.13,101.68,163.52,25.86,408.81,220.27,285.47,265.60,36.06,149.72,827.16,128.71,37.91,240.25,55.28,28.25,12.58,51.23,80.67,158.52,8.27,107.34,732.20,76.94,28.75,50.70,133.95,211.25,145.48,310.50,26.28,44.54
2022-10-25,149.69,323.79,137.90,219.66,84.89,61.47,232.99,120.60,18.80,470.84,43.53,1840.23,85.76,26.57,477.47,162.11,40.42,61.76,104.08,103.62,165.93,26.08,422.82,237.87,294.64,275.20,36.63,150.15,862.97,136.44,40.10,243.56,54.92,29.10,13.24,51.72,83.10,159.04,8.66,109.92,742.32,78.28,29.83,52.22,135.21,222.42,145.94,309.21,26.56,44.75
2022-10-26,146.75,320.48,133.20,217.24,85.48,59.73,238.97,115.66,17.99,468.98,43.64,1817.57,86.37,26.52,477.84,161.77,40.44,62.85,94.05,94.15,166.47,25.89,415.30,241.66,296.11,281.56,37.19,149.78,833.36,128.81,38.26,224.77,54.51,29.86,12.88,51.83,83.36,159.76,8.57,108.94,729.05,78.90,29.06,48.07,135.42,224.64,142.08,311.18,26.55,45.09
2022-10-27,142.28,318.65,132.54,217.08,83.93,58.60,239.48,110.96,17.58,459.60,43.09,1800.11,90.52,26.91,475.92,164.73,40.47,62.30,91.85,91.46,171.91,24.99,412.96,241.69,298.54,280.06,37.52,150.95,836.82,97.18,39.56,220.33,51.32,29.69,13.16,54.21,84.07,159.59,8.60,105.79,720.02,78.34,34.10,46.78,135.21,225.09,141.08,287.89,25.84,44.96
2022-10-28,153.03,325.68,136.50,224.17,87.01,62.01,245.38,103.41,17.39,473.91,44.75,1837.40,91.21,26.90,489.65,163.65,41.59,70.35,95.79,95.50,179.30,27.66,422.54,244.16,310.71,288.21,39.11,154.23,881.75,98.43,40.49,229.19,53.12,29.57,13.82,55.75,85.54,162.58,8.64,109.95,745.72,80.01,34.19,46.32,145.18,228.52,146.38,313.89,26.72,45.53
2022-10-31,150.67,318.50,134.37,223.30,85.63,60.06,242.28,102.44,16.96,457.68,44.48,1835.20,91.98,26.72,480.67,161.20,41.39,69.63,93.89,93.74,178.50,27.05,418.34,246.47,305.83,283.96,39.04,154.68,901.62,92.43,39.18,225.56,53.18,29.19,13.48,55.81,85.79,162.00,8.79,108.52,743.73,79.54,34.23,44.71,145.72,227.54,145.72,312.00,25.87,45.47
2022-11-01,148.03,316.02,136.33,225.09,87.08,59.66,243.81,96.79,17.12,460.54,44.27,1854.87,92.93,26.57,479.19,160.53,41.42,70.41,89.76,89.73,177.70,26.93,386.31,246.86,310.40,284.74,39.80,154.64,919.34,94.46,39.24,221.71,53.93,28.67,13.53,55.60,85.39,161.27,8.65,108.22,754.81,80.01,34.79,45.94,146.41,227.82,147.77,314.20,26.87,45.27
2022-11-02,142.50,301.22,133.07,219.37,85.11,58.63,241.07,92.12,16.07,432.40,43.15,1745.57,90.57,26.02,463.43,147.99,40.61,69.11,86.36,86.26,175.40,26.09,376.78,236.13,301.93,281.09,38.14,147.80,851.28,89.84,38.56,213.87,52.54,27.30,13.20,54.34,80.89,159.02,8.22,103.76,735.51,77.70,33.51,44.56,144.24,214.98,143.77,310.01,26.03,44.97
2022-11-03,136.46,285.93,130.03,218.13,83.70,60.11,238.27,89.30,15.29,427.47,42.02,1792.25,91.85,25.58,466.09,141.53,39.95,70.51,82.81,82.75,178.83,26.06,357.17,234.19,303.88,284.20,37.94,141.51,870.88,88.22,36.75,208.18,52.57,26.91,13.40,54.62,74.85,158.61,8.08,95.81,733.72,77.79,33.74,43.66,142.46,215.31,141.99,311.30,25.37,44.96
2022-11-04,136.20,285.75,135.94,218.83,88.93,62.19,241.10,90.98,14.84,455.50,44.03,1840.03,91.76,26.10,466.21,127.56,40.57,71.29,85.99,85.87,181.85,27.19,353.45,239.53,317.02,295.02,40.46,143.90,938.57,90.08,38.48,215.12,55.21,26.08,14.14,54.38,71.11,159.50,7.93,98.41,735.24,84.39,32.15,46.03,143.10,207.47,147.55,308.82,26.67,45.04
2022-11-07,136.73,299.54,140.31,222.11,92.17,63.08,248.25,90.53,14.94,469.71,44.97,1800.19,90.97,26.60,468.26,124.68,40.59,72.29,87.93,87.76,183.53,27.40,362.18,242.33,325.85,299.37,41.95,143.31,940.78,95.97,39.01,221.42,55.60,25.86,14.28,55.35,72.22,160.77,7.02,101.54,745.89,83.09,32.24,47.33,144.01,197.08,150.31,303.23,27.56,45.51
2022-11-08,137.30,302.17,142.30,226.39,94.52,63.85,262.03,89.98,15.18,489.34,45.62,1825.10,85.17,26.85,472.29,127.00,40.65,72.97,88.19,88.17,184.92,27.46,374.38,240.70,330.64,300.54,42.90,145.39,937.08,95.72,39.29,222.39,56.51,26.35,14.58,55.57,77.08,161.22,7.21,103.80,746.90,85.20,32.80,47.72,144.13,191.30,152.50,306.50,27.49,45.62
2022-11-09,132.74,298.87,139.65,222.08,91.53,59.92,259.57,86.14,13.74,475.61,44.42,1831.60,84.98,26.43,469.62,122.36,40.01,73.05,86.69,86.60,183.43,26.54,360.66,236.13,326.19,300.28,41.73,144.49,897.62,100.68,36.25,218.15,55.02,25.47,13.76,55.25,75.79,159.29,6.98,101.86,737.96,84.66,30.90,45.55,142.91,177.59,149.67,309.34,25.85,44.56
2022-11-10,144.55,329.95,151.09,235.48,101.63,68.47,260.79,96.63,16.28,544.92,47.93,1910.81,92.56,27.59,491.82,135.76,41.60,73.30,93.40,93.17,188.85,28.70,394.60,257.86,355.89,313.58,46.81,152.62,935.53,111.00,42.11,236.10,59.25,27.50,15.73,56.26,81.73,162.10,7.64,111.31,736.11,88.94,36.51,48.44,144.66,190.72,158.47,311.03,28.41,45.48
2022-11-11,147.34,341.15,154.57,230.26,107.19,72.37,255.42,100.79,16.94,560.13,49.02,1978.80,89.81,28.64,494.06,143.12,40.81,72.61,95.94,95.62,187.03,29.34,399.30,265.08,367.45,315.35,48.30,158.22,974.89,112.14,42.80,240.11,61.46,29.01,16.31,54.37,82.66,158.85,8.41,112.00,729.52,89.97,39.44,51.45,140.56,195.97,162.82,303.26,29.92,45.55
2022-11-14,145.94,340.37,151.93,231.04,104.36,73.53,255.67,98.49,15.36,561.47,48.56,1942.95,91.51,28.73,488.51,142.01,40.77,73.52,95.25,94.92,187.27,29.27,389.14,259.44,366.48,317.13,46.36,154.11,959.58,113.33,42.62,234.71,60.73,29.93,16.27,54.99,80.86,157.67,8.10,111.42,737.03,90.01,38.40,50.77,139.86,190.95,160.96,306.03,29.80,44.22
2022-11-15,147.67,345.96,155.61,234.04,107.13,76.37,254.15,98.94,15.52,580.57,49.62,1965.19,91.10,28.86,504.60,148.30,40.91,73.66,97.92,97.63,189.41,29.61,398.30,264.18,373.89,317.59,47.33,156.28,1020.68,116.17,44.14,235.12,62.03,31.02,16.64,55.01,81.19,158.08,8.34,116.23,723.84,90.39,40.02,50.18,139.41,194.42,161.08,305.28,29.70,47.11
2022-11-16,146.44,338.41,151.94,234.31,101.07,72.70,256.05,97.12,14.57,560.39,48.42,1976.85,89.33,28.61,502.34,143.65,40.45,73.55,98.18,98.04,188.15,28.48,385.23,263.04,359.21,318.70,43.92,156.11,972.82,112.35,41.72,235.55,57.87,30.60,15.89,55.60,79.54,159.10,8.06,111.36,730.73,89.68,38.51,48.54,139.30,186.92,157.35,305.44,27.41,47.45
2022-11-17,148.34,337.83,152.13,234.25,101.30,73.90,259.24,94.85,14.36,572.37,48.46,1905.17,87.74,28.84,499.67,139.23,42.45,74.21,97.70,97.55,188.60,28.82,373.70,260.77,364.61,315.47,44.47,154.54,927.13,110.58,43.38,235.50,57.74,29.53,15.66,55.33,78.28,160.61,7.62,113.32,734.12,89.59,37.72,48.99,142.08,183.17,159.08,309.90,27.49,47.29
2022-11-18,148.90,330.86,152.48,236.53,101.54,73.57,259.23,94.14,13.95,576.38,48.75,1904.70,90.91,29.04,501.92,138.99,43.54,74.21,97.00,96.63,188.62,28.80,371.93,262.11,364.95,319.83,44.04,156.22,962.08,111.18,43.45,235.05,57.58,28.80,15.39,55.88,83.74,161.77,7.39,114.23,731.79,90.50,36.59,49.13,143.10,180.19,158.91,314.63,27.74,48.00
2022-11-21,145.67,321.49,150.02,237.99,101.97,72.46,260.01,92.46,13.30,563.87,48.96,1884.29,91.00,28.92,501.63,135.56,43.39,74.85,95.05,94.82,190.40,27.91,366.97,260.35,360.85,319.31,43.41,155.08,963.03,109.00,41.03,235.86,56.19,28.50,15.30,56.43,85.31,164.89,7.19,110.87,734.02,90.84,35.21,48.71,144.11,167.87,156.39,316.20,27.06,48.29
2022-11-22,147.81,330.88,158.68,242.03,103.81,75.25,259.01,93.20,13.96,579.34,50.15,1911.27,93.80,29.55,509.86,135.80,44.08,75.63,96.54,96.25,192.34,28.75,383.83,262.90,370.62,324.46,43.94,157.80,957.16,110.57,42.38,238.76,57.62,28.67,16.02,56.81,85.83,164.91,7.22,114.05,744.20,90.94,35.28,48.72,145.76,169.91,160.77,321.48,27.27,48.46
2022-11-23,148.69,335.78,159.41,242.59,104.67,76.40,255.72,94.13,14.10,586.77,50.49,1933.33,94.14,29.91,512.29,140.89,44.26,75.80,98.02,97.65,192.47,28.61,387.37,264.45,373.96,327.42,44.50,156.39,962.43,111.37,43.13,241.25,57.93,29.15,16.50,56.72,86.55,165.12,7.37,115.43,730.43,91.95,36.77,49.35,144.34,183.20,162.36,316.16,27.85,48.70
2022-11-25,145.77,334.30,157.42,243.86,102.88,75.14,256.03,93.41,14.02,575.10,50.14,1948.23,94.67,30.01,511.49,140.05,44.10,76.55,96.81,96.66,193.47,28.29,384.06,265.13,368.52,328.91,43.71,157.41,951.57,110.54,42.44,241.16,57.42,28.55,16.25,57.06,86.39,164.25,7.28,113.86,731.29,91.98,36.79,49.25,145.23,182.86,160.63,312.98,28.10,48.91
2022-11-28,141.94,328.97,154.52,238.67,100.59,73.19,255.02,93.95,13.48,566.84,49.41,1948.50,92.38,29.96,508.87,139.45,43.81,75.62,95.47,95.26,189.71,27.70,377.38,262.64,363.59,322.49,42.74,153.88,921.34,107.93,42.13,235.58,54.80,28.12,15.81,56.84,85.69,164.06,7.16,110.26,736.50,91.15,38.03,47.10,144.13,182.92,156.94,315.30,27.18,49.05
2022-11-29,138.94,326.78,154.41,237.49,100.38,73.39,254.45,92.42,13.44,562.44,49.33,1980.17,92.01,29.87,506.99,138.00,43.99,76.10,94.66,94.41,190.54,27.87,371.58,258.80,363.00,317.02,42.63,156.18,889.26,108.61,42.37,234.18,54.18,28.10,15.62,56.65,85.25,162.90,7.08,109.19,731.14,91.15,37.15,46.32,142.90,180.83,156.92,316.33,27.12,48.87
2022-11-30,145.69,344.93,161.96,244.03,106.55,77.63,258.43,96.54,14.41,590.92,52.14,2041.32,93.66,30.85,516.85,117.65,45.30,77.94,100.62,100.16,193.03,29.00,398.86,270.39,381.26,321.33,45.56,160.14,930.99,117.18,45.94,248.61,56.67,30.55,16.91,57.64,84.95,165.50,7.50,117.41,746.66,94.42,40.88,47.69,145.63,194.70,163.70,316.40,27.66,48.70
2022-12-01,145.97,344.11,161.56,247.55,104.03,77.48,258.01,95.50,14.29,593.97,52.11,2022.51,92.05,30.54,482.93,124.07,45.53,78.00,100.46,100.16,191.13,28.76,407.16,274.49,378.91,323.20,44.66,159.98,941.01,119.50,44.83,248.18,54.55,31.69,17.12,57.15,89.20,166.89,7.86,117.71,756.13,95.50,43.40,47.99,145.96,194.70,161.02,320.76,26.97,49.00
2022-12-02,145.48,341.53,159.58,249.35,103.74,74.98,257.62,94.13,14.28,588.57,51.17,2047.20,89.68,30.19,473.99,124.00,45.29,79.01,100.01,99.62,192.62,28.36,399.18,272.25,377.77,323.28,44.14,160.41,945.07,122.53,44.16,248.50,53.75,32.04,16.86,57.23,86.35,166.70,7.66,116.64,761.25,97.06,43.06,47.69,146.54,194.86,161.16,321.37,26.68,48.95
2022-12-05,144.32,334.09,158.83,244.26,103.47,73.62,257.08,91.01,12.83,583.79,50.21,2018.81,87.75,29.59,468.36,118.33,44.95,78.07,99.06,98.66,189.56,28.13,386.68,269.72,376.81,320.32,43.65,156.93,881.90,121.48,42.43,243.80,53.12,31.26,16.59,56.21,85.00,164.39,7.19,114.45,750.38,95.67,40.79,47.04,144.82,182.45,160.92,317.60,26.18,48.45
2022-12-06,140.65,331.15,157.57,238.85,101.80,70.27,255.62,88.25,11.10,576.27,49.75,2004.74,88.45,29.27,461.17,113.83,44.27,78.06,96.52,96.19,187.44,27.58,381.43,266.31,371.65,317.68,42.73,155.41,863.09,113.23,40.57,238.85,52.77,30.56,15.97,55.31,83.35,163.05,6.99,111.18,742.45,94.31,38.97,47.00,143.64,179.82,158.15,311.81,25.51,47.89
2022-12-07,138.72,326.68,157.10,239.49,103.16,70.14,257.85,88.46,10.79,584.34,49.06,1919.70,89.61,29.14,461.95,113.20,43.90,77.91,94.38,94.16,187.67,27.32,380.32,267.96,376.35,317.58,42.85,152.32,863.81,113.04,39.90,238.12,52.91,30.84,16.10,55.25,82.35,163.55,7.07,109.73,759.14,94.12,38.49,47.33,143.06,174.04,157.62,317.58,25.69,47.64
2022-12-08,140.40,332.58,160.54,241.42,105.59,70.47,257.68,90.35,10.41,589.72,50.25,1973.89,89.07,29.44,461.42,114.24,44.64,79.40,93.18,92.94,187.58,27.42,396.68,272.02,383.94,320.68,43.88,155.59,884.24,114.43,41.18,241.07,54.26,31.03,17.15,55.76,80.39,164.98,7.12,113.01,760.28,95.85,38.64,49.01,138.27,173.44,159.99,321.32,26.51,47.71
2022-12-09,139.92,330.64,159.63,238.77,104.35,68.59,251.43,89.09,10.36,580.79,51.54,1982.94,87.42,29.73,462.96,115.08,44.16,78.07,92.31,92.07,186.07,27.23,391.27,270.60,381.51,318.36,43.42,156.08,896.48,115.00,40.98,239.14,53.94,32.00,16.98,55.19,79.45,164.37,7.11,110.51,745.03,94.04,38.38,48.74,136.12,179.05,158.08,312.22,26.88,46.60
2022-12-12,142.21,338.17,163.01,245.48,106.33,70.67,249.75,90.55,10.70,592.73,52.67,2041.86,88.55,30.74,467.42,118.54,44.92,78.57,92.80,92.55,188.59,27.67,401.98,273.84,388.78,322.04,44.78,158.03,880.25,113.82,42.04,246.05,54.41,31.52,17.52,55.62,80.89,165.15,7.29,112.51,737.50,94.89,38.38,50.08,136.92,167.82,161.00,314.19,27.25,47.47
2022-12-13,143.17,342.46,166.07,243.41,108.76,71.65,245.67,92.49,10.56,610.50,54.03,2010.28,88.51,30.90,467.92,120.99,45.23,78.76,95.07,94.85,188.99,27.70,419.21,281.74,396.66,328.17,46.07,157.98,870.65,119.21,42.96,250.35,54.30,32.03,18.05,54.58,80.38,165.06,7.50,114.63,742.54,94.34,38.78,50.57,135.17,160.95,161.02,307.09,27.32,47.30
2022-12-14,140.95,339.92,162.47,241.45,106.59,68.93,244.65,91.58,10.53,598.44,54.35,1970.00,88.52,29.76,463.44,120.57,44.92,79.10,94.53,94.29,188.78,27.25,409.95,280.65,393.92,327.75,45.32,154.31,867.30,120.64,42.11,250.64,53.66,31.78,17.66,54.30,80.11,164.61,7.35,112.98,744.97,94.41,38.24,49.29,136.88,156.80,159.50,312.09,26.97,47.04
2022-12-15,134.35,328.71,157.18,230.97,101.65,66.53,240.15,88.45,9.76,569.75,52.80,1929.64,87.40,29.14,444.64,114.99,43.87,77.47,90.46,90.12,183.73,26.18,388.04,267.30,373.11,317.01,43.18,150.51,835.09,115.25,39.52,242.64,51.16,29.04,16.93,53.81,76.29,161.81,7.01,108.27,726.36,92.38,36.39,47.15,134.80,157.67,154.22,308.40,24.24,46.62
2022-12-16,132.39,338.54,157.87,229.35,101.82,65.41,241.29,87.86,9.82,558.07,52.60,1903.00,85.94,29.04,442.28,111.50,43.56,77.63,90.12,89.52,184.41,25.96,376.73,264.68,373.88,315.89,42.97,148.94,843.98,118.50,38.50,238.43,51.19,29.07,16.55,54.12,75.50,161.89,6.90,106.31,718.32,91.31,36.09,46.93,136.88,150.23,153.81,304.80,24.04,45.78
2022-12-19,130.28,328.76,156.28,227.50,101.10,64.59,239.75,84.92,9.48,552.52,52.44,1896.02,85.48,28.61,439.58,108.09,43.19,77.33,88.42,87.72,184.12,25.83,375.30,261.01,372.05,313.41,42.46,146.60,884.27,113.59,37.92,234.30,50.84,28.83,16.24,54.43,75.26,162.79,6.35,104.53,716.26,90.82,35.50,45.91,136.17,149.87,152.05,291.59,23.75,45.80
2022-12-20,130.21,338.22,155.51,226.43,100.62,65.05,238.89,85.19,9.83,547.23,51.91,1922.59,85.32,28.97,438.80,109.83,43.16,75.85,88.90,88.29,185.94,25.50,378.79,261.80,374.23,315.22,42.34,145.67,875.91,116.18,37.33,235.62,49.82,28.82,16.07,54.91,74.64,162.69,6.31,104.05,728.61,90.54,35.99,46.57,134.93,137.80,150.67,293.23,24.14,46.20
2022-12-21,133.31,341.38,158.42,229.34,102.95,67.68,240.25,86.77,10.20,564.52,53.55,1934.76,87.35,29.53,442.87,107.35,43.43,76.30,89.52,88.85,189.12,25.87,384.90,266.16,384.78,314.97,43.35,144.06,900.10,118.83,38.38,238.18,50.32,29.80,16.48,55.57,73.71,163.83,6.50,106.37,731.25,91.16,36.19,45.86,136.02,137.57,153.06,290.55,23.62,46.56
2022-12-22,130.14,336.52,154.96,222.03,94.89,63.86,239.35,83.79,9.84,540.22,52.77,1897.54,85.09,29.31,439.66,103.97,43.12,76.31,87.54,87.04,186.66,25.04,375.73,263.61,362.54,314.00,39.60,142.58,873.26,116.21,36.60,232.10,48.59,29.77,15.32,54.92,71.57,162.57,6.32,102.74,728.70,90.32,34.68,45.84,134.16,125.35,149.41,293.92,23.06,46.01
2022-12-23,129.78,338.45,155.05,223.68,94.52,64.52,238.14,85.25,9.84,535.77,52.71,1935.36,85.78,29.58,443.43,101.99,43.26,75.83,89.08,88.50,188.04,25.16,376.25,262.66,365.97,315.60,39.89,143.90,878.32,117.12,36.72,232.62,49.35,29.50,15.19,55.57,70.64,163.62,6.29,102.89,721.86,90.79,33.71,46.11,134.63,123.15,149.12,289.69,23.02,46.11
2022-12-27,127.98,335.09,153.49,223.76,92.69,63.27,237.66,83.04,9.30,521.98,52.81,1961.62,85.39,29.46,439.46,100.66,43.31,76.06,87.21,86.67,188.93,25.01,374.90,263.97,359.87,315.23,39.25,143.67,854.30,115.97,35.60,230.90,49.17,28.42,14.11,56.26,69.61,164.34,6.00,101.60,706.58,91.65,33.39,47.52,135.56,109.10,148.57,287.32,23.46,46.12
2022-12-28,124.05,328.33,151.68,220.81,91.61,62.57,235.89,81.82,9.40,516.60,51.99,1922.92,84.39,29.14,434.17,99.96,42.89,75.67,85.76,85.31,186.56,24.63,368.43,261.65,356.63,312.32,38.99,141.01,839.57,114.72,34.94,228.53,48.29,27.69,14.02,56.31,68.67,163.16,6.07,99.29,708.25,91.10,32.64,46.60,133.63,112.71,146.22,285.76,22.74,45.31
2022-12-29,127.56,337.58,155.18,223.38,94.44,64.82,237.46,84.18,10.43,535.87,53.22,1966.77,84.55,29.51,437.57,104.57,43.28,76.29,88.23,87.72,188.81,25.27,382.50,267.79,368.37,316.00,40.71,143.30,866.28,119.32,36.30,234.85,49.79,29.11,14.59,56.24,70.10,163.37,6.40,101.96,716.45,92.18,35.10,48.40,134.03,121.82,149.70,289.08,23.76,45.59
2022-12-30,127.88,336.53,155.23,221.75,94.67,64.77,236.99,84.00,10.53,530.94,53.35,1978.32,84.00,29.44,437.54,105.29,43.41,76.82,88.01,87.51,188.41,25.49,380.88,265.35,365.62,312.58,40.68,144.20,846.24,119.40,36.57,233.69,49.24,29.49,14.60,56.27,69.77,162.18,6.42,102.05,716.65,91.65,34.71,48.03,134.61,123.18,149.88,288.78,23.74,45.47
2023-01-03,123.10,336.92,153.73,220.63,94.04,64.02,236.09,85.82,10.73,534.02,52.81,1994.94,79.81,30.18,434.45,103.28,43.68,76.40,88.97,88.39,188.41,25.78,382.80,265.63,365.16,305.08,40.10,143.09,826.11,123.77,35.54,233.45,49.63,29.50,14.30,56.05,69.22,161.06,6.39,99.51,715.64,93.16,35.68,47.36,133.68,108.10,148.06,286.02,23.64,46.05
2023-01-04,124.37,341.41,157.00,221.67,96.55,64.66,238.57,85.14,10.90,554.68,53.45,2071.74,81.27,31.04,437.60,104.36,43.67,76.50,87.99,87.36,184.67,26.69,383.18,270.00,368.73,303.56,40.89,145.13,837.44,126.38,36.15,223.24,53.40,30.94,14.73,55.12,69.27,160.66,6.58,103.53,721.61,96.51,37.54,47.92,134.57,113.64,153.46,286.83,24.87,46.10
2023-01-05,123.05,328.44,151.12,216.89,95.20,62.33,240.80,83.12,9.85,549.33,52.96,2105.60,80.30,31.37,431.49,94.89,43.06,76.82,86.06,85.49,179.77,26.58,367.57,268.62,362.17,292.75,40.37,144.19,856.09,125.95,34.30,216.62,53.90,30.97,14.25,55.62,67.56,158.99,6.32,101.55,718.90,96.48,35.95,48.83,138.91,110.34,151.43,287.89,26.51,45.95
2023-01-06,127.57,332.75,156.64,222.95,101.37,63.96,248.32,86.08,9.72,578.99,56.14,2139.29,81.36,32.15,462.81,94.72,44.38,78.81,87.44,86.62,184.87,27.70,378.24,270.39,385.56,302.98,43.10,148.54,873.47,129.01,35.70,219.18,55.93,31.56,14.84,56.17,67.43,162.58,6.40,107.06,732.20,98.57,36.85,51.04,142.85,113.06,158.90,290.21,27.97,47.07
2023-01-09,128.10,341.98,158.13,222.35,103.53,67.24,243.74,87.36,10.18,603.75,55.04,2167.91,81.85,31.86,458.86,96.57,44.62,76.14,88.08,87.30,185.22,28.26,387.65,264.93,395.98,308.50,43.79,147.72,897.31,128.46,36.52,221.31,55.53,31.52,15.61,55.25,67.54,160.99,6.50,106.38,675.92,96.77,37.19,50.52,143.04,119.77,160.28,283.23,28.29,46.49
2023-01-10,128.67,338.70,160.14,223.53,105.03,68.05,247.13,89.87,10.37,615.47,54.85,2180.22,80.95,32.14,461.40,95.67,44.83,77.97,88.51,87.70,185.81,28.39,381.12,271.36,403.68,308.60,44.39,148.33,915.78,131.95,36.60,223.00,56.37,32.75,15.89,55.13,67.10,159.66,6.70,108.52,694.26,97.93,36.50,51.54,143.80,118.85,161.84,288.75,28.73,46.46
2023-01-11,131.38,342.93,160.68,227.49,107.00,69.06,246.25,95.09,10.76,626.44,55.16,2184.01,81.96,32.20,464.19,97.00,45.20,78.02,91.51,90.77,186.66,28.78,387.62,259.96,406.47,315.88,44.94,153.47,936.80,131.86,38.00,229.74,57.20,32.73,15.98,55.03,68.36,159.84,6.98,109.89,705.18,98.21,36.44,52.23,143.07,123.22,162.26,292.25,28.92,46.86
2023-01-12,131.30,344.54,159.62,226.76,107.13,70.80,244.46,95.27,10.68,634.10,55.52,2215.38,82.18,32.82,462.39,97.98,45.00,76.70,91.16,90.38,189.89,29.21,388.99,256.94,406.39,315.20,45.50,154.95,1024.31,135.65,38.88,232.41,56.43,33.01,16.49,54.06,68.30,157.80,7.01,112.86,709.78,97.80,36.76,52.74,144.14,123.56,161.59,296.25,28.57,46.44
2023-01-13,132.63,344.38,159.91,227.78,106.91,71.00,245.19,98.12,10.81,641.03,55.24,2259.14,82.98,33.03,465.09,99.53,44.89,77.19,92.04,91.36,190.45,29.03,385.57,258.90,407.33,320.18,45.85,156.68,1082.92,135.91,40.22,233.11,56.09,33.28,16.88,54.36,69.43,157.32,6.96,111.61,717.28,99.07,38.89,52.27,143.91,122.40,162.39,300.94,28.01,46.59
2023-01-17,133.79,344.38,157.95,219.82,106.37,71.59,243.10,96.05,10.90,639.57,55.27,2291.22,81.23,33.04,466.55,104.43,44.16,76.42,91.41,90.54,186.60,28.54,382.61,261.73,403.37,316.24,45.59,155.91,1070.00,134.31,40.58,234.20,56.01,32.62,17.68,53.98,71.00,158.05,7.07,111.65,723.22,98.63,39.98,52.02,141.32,131.49,159.11,311.98,28.09,46.31
2023-01-18,133.08,341.31,157.09,217.47,106.65,70.53,238.57,95.46,10.70,633.84,54.79,2254.34,79.75,32.48,459.55,101.00,43.08,74.93,91.03,90.37,179.57,27.78,378.56,256.35,402.50,310.82,45.19,154.75,1068.92,131.98,40.05,229.78,55.68,32.63,17.36,53.67,70.84,154.07,6.90,113.28,719.69,97.01,39.17,53.59,140.28,128.78,157.63,309.86,28.20,45.17
2023-01-19,133.14,342.53,154.37,216.60,103.21,67.71,236.44,93.68,10.18,612.42,53.74,2272.94,78.77,32.36,449.99,99.85,42.67,74.82,93.15,92.29,176.42,27.40,371.24,252.50,389.93,311.01,43.94,155.95,1072.74,135.09,38.15,226.00,55.53,31.58,16.75,52.92,70.36,152.28,6.73,109.14,710.77,96.33,38.06,53.12,139.55,127.17,155.06,307.94,28.26,44.52
2023-01-20,135.69,356.38,156.30,220.18,106.60,70.07,237.53,97.25,10.94,630.49,54.46,2301.30,80.87,33.40,460.17,103.41,42.97,74.27,98.47,97.22,177.63,28.18,390.33,256.77,401.33,314.92,45.74,161.65,1098.09,138.28,39.05,234.08,57.60,34.25,17.82,52.89,73.05,152.50,7.02,114.08,717.16,97.05,40.48,54.17,139.53,133.42,156.94,309.84,28.95,45.07
2023-01-23,138.88,364.98,160.55,223.70,110.98,76.53,235.48,97.52,11.98,656.90,55.49,2357.54,81.98,34.16,472.15,106.30,43.63,74.47,100.39,98.97,179.76,29.19,402.03,255.98,412.70,312.88,47.51,163.69,1095.00,142.15,42.28,236.38,60.91,35.74,19.17,52.96,74.67,151.82,7.38,121.63,725.01,98.13,44.04,57.72,138.81,143.75,161.63,311.81,31.45,45.75
2023-01-24,140.28,361.32,159.80,222.02,109.85,74.70,234.33,96.32,11.90,651.06,55.82,2358.28,81.76,33.72,471.67,104.60,43.91,75.18,98.40,96.90,181.93,28.85,393.74,257.98,410.34,314.93,47.19,164.28,1109.91,142.03,42.04,235.85,60.36,36.38,19.24,53.27,75.57,153.23,7.02,121.32,722.59,98.53,42.69,56.81,140.19,143.89,160.60,313.57,30.93,45.87
2023-01-25,139.62,358.17,159.41,211.67,110.78,74.91,231.48,97.18,11.82,662.25,55.88,2346.91,81.26,34.02,470.49,100.82,44.07,75.22,95.94,94.44,181.71,28.64,394.09,243.80,409.83,312.75,47.28,166.90,1130.64,140.40,42.27,234.46,60.63,36.80,19.30,53.36,75.89,154.34,7.22,121.76,736.21,98.84,47.33,56.83,142.37,144.43,158.79,315.28,31.09,45.65
2023-01-26,141.69,365.82,161.58,209.28,112.36,75.16,229.99,99.22,11.90,664.55,57.11,2386.57,83.68,34.28,477.60,104.47,44.40,74.82,98.35,96.72,184.06,29.02,404.53,250.55,415.79,315.77,48.18,169.08,1188.58,146.15,43.90,241.66,61.87,36.49,19.78,53.38,79.56,152.81,7.24,124.35,737.32,100.48,48.33,63.00,142.96,160.27,157.93,321.02,32.93,45.61
2023-01-27,143.63,370.71,161.66,204.98,109.37,75.40,228.88,102.24,12.59,648.51,56.39,2419.31,84.36,33.60,482.39,104.35,44.55,74.92,99.89,98.56,182.99,27.15,414.40,247.26,387.29,311.16,46.74,168.83,1221.27,150.56,43.77,241.81,62.93,36.08,20.34,51.41,79.89,152.27,7.55,123.83,737.85,100.72,50.08,62.98,141.08,177.90,158.97,321.45,33.84,45.96
2023-01-30,140.74,363.42,159.86,206.42,105.19,72.45,227.02,100.55,12.21,631.91,55.48,2392.29,80.29,33.29,482.38,101.37,44.29,74.58,97.15,96.15,180.92,26.95,408.35,242.23,375.95,311.48,46.33,165.80,1161.80,145.91,41.53,236.50,60.80,35.31,19.14,52.64,78.82,152.14,7.37,122.18,731.52,100.15,47.19,60.94,141.32,166.66,158.17,319.98,33.30,45.59
2023-01-31,142.01,370.34,162.27,209.63,108.39,75.15,227.75,103.13,12.70,642.14,55.82,2389.46,83.17,33.38,489.91,105.90,44.70,75.11,99.06,98.03,183.30,27.25,414.45,245.69,380.61,317.14,48.41,168.69,1181.69,147.81,42.68,241.47,59.41,35.39,19.52,52.82,79.32,153.53,7.78,123.65,753.38,100.84,49.27,61.87,143.56,173.22,161.90,323.10,33.08,46.14
2023-02-01,143.13,383.92,167.11,210.49,115.70,84.64,222.34,105.15,13.36,659.33,57.51,2400.89,83.22,33.91,496.40,110.50,44.61,75.16,100.60,99.61,181.75,28.03,427.08,251.19,397.37,317.28,51.33,169.83,1214.29,151.93,45.61,246.29,61.68,36.20,20.92,53.86,79.86,154.01,8.20,128.52,752.91,101.62,50.26,64.35,145.16,181.41,166.37,317.27,32.60,46.40
2023-02-02,148.44,392.23,169.68,212.58,120.80,88.31,222.45,112.91,14.19,676.84,57.80,2409.67,83.14,34.88,502.56,115.93,45.30,72.83,107.91,106.86,182.33,29.11,443.37,260.90,401.73,318.21,52.37,170.62,1226.58,187.30,48.23,257.83,62.24,36.69,21.69,53.71,81.28,152.58,8.99,126.10,746.16,100.84,53.63,66.06,141.29,188.27,168.76,303.78,33.55,46.06
2023-02-03,152.06,379.33,169.22,209.17,116.64,86.09,221.22,103.39,13.22,660.39,57.02,2410.05,81.07,33.91,494.28,113.56,44.66,75.61,104.36,103.92,178.21,29.24,415.52,254.68,395.92,310.11,51.23,168.93,1187.25,185.08,46.07,251.74,61.49,36.59,21.08,52.99,79.86,151.82,8.41,125.33,777.87,96.36,52.93,64.71,139.60,189.98,166.54,301.02,32.55,45.45
2023-02-06,149.34,375.23,168.02,207.46,114.42,83.68,220.03,102.18,12.60,644.64,57.37,2424.65,81.13,33.52,495.04,109.42,43.69,77.27,102.63,102.06,179.39,28.00,406.92,248.98,393.32,309.40,50.43,166.89,1175.44,184.61,44.54,250.20,59.10,36.15,21.07,53.96,78.11,154.25,8.31,123.39,775.62,97.03,51.57,63.67,136.50,194.76,165.36,304.87,31.80,45.12
2023-02-07,152.21,383.82,171.30,210.52,117.17,85.91,220.17,102.11,12.85,660.95,58.63,2441.58,83.73,33.66,495.94,114.59,43.94,77.00,107.16,106.76,180.65,28.35,419.36,253.06,404.22,323.06,51.62,169.89,1173.81,190.13,46.27,260.72,61.21,36.29,22.15,53.40,79.85,154.01,8.33,126.82,764.77,98.70,51.35,65.09,137.48,196.81,167.64,308.54,32.42,45.21
2023-02-08,149.52,378.36,168.22,207.93,112.72,84.69,216.74,100.05,12.68,645.44,57.41,2380.61,82.18,32.88,483.72,114.48,43.13,76.66,99.19,98.56,177.79,27.56,413.54,248.85,392.30,320.31,50.13,168.52,1166.90,182.00,44.61,259.91,59.36,36.68,22.18,52.49,83.07,153.65,8.22,122.68,744.63,98.21,49.80,64.89,138.27,201.29,161.25,293.33,32.17,44.97
2023-02-09,148.49,375.81,168.94,207.87,112.85,83.21,216.56,98.24,16.11,646.74,57.19,2391.45,82.26,32.15,480.67,113.42,42.92,76.53,94.68,94.23,175.16,27.07,411.58,244.18,391.53,318.70,49.90,169.39,1143.65,176.53,44.62,256.88,59.29,36.25,22.31,54.47,83.07,155.11,7.95,121.16,739.77,98.47,49.64,63.72,137.35,207.32,159.87,291.60,31.60,45.39
2023-02-10,148.85,370.99,168.88,209.64,111.58,81.48,218.81,97.61,15.29,639.17,56.60,2305.30,84.59,32.54,480.06,108.96,43.41,77.58,94.09,93.79,176.26,27.13,405.48,245.27,384.95,318.20,48.88,165.97,1104.95,172.79,44.06,256.37,58.94,34.74,21.24,55.02,82.62,158.18,7.51,119.73,752.53,99.44,48.30,65.07,138.17,196.89,160.60,297.40,32.37,46.09
2023-02-13,151.65,375.00,170.76,211.07,113.29,83.13,219.86,99.54,15.86,651.23,57.35,2378.60,84.18,33.16,486.26,112.17,43.96,78.28,94.23,93.83,178.80,27.87,409.96,245.13,391.78,320.13,49.39,168.87,1112.32,178.03,45.10,264.38,59.23,35.86,21.77,56.63,83.15,159.59,7.61,121.45,758.84,100.76,48.70,65.12,140.93,194.64,161.44,299.18,32.39,46.79
2023-02-14,151.01,377.90,172.74,208.50,115.15,85.95,219.41,99.70,15.97,659.74,57.47,2425.73,83.86,33.14,483.16,116.31,43.81,76.66,94.18,93.90,176.72,27.95,413.77,241.09,391.42,320.07,49.97,175.55,1132.31,178.08,46.69,265.21,61.15,36.00,22.95,57.40,85.07,157.79,9.22,122.84,749.15,100.26,50.11,66.15,141.81,209.25,161.11,300.25,32.84,46.66
2023-02-15,153.11,375.94,185.65,211.53,116.14,85.18,218.53,101.16,16.87,659.09,57.98,2470.43,83.81,33.44,490.90,120.52,44.50,76.10,96.31,96.15,177.35,28.16,413.05,244.77,393.49,318.67,50.36,174.90,1159.60,175.78,46.23,263.09,60.93,36.14,22.74,57.42,88.63,158.01,10.11,123.52,747.35,101.21,53.39,65.70,141.87,214.24,163.08,298.75,32.87,47.01
2023-02-16,151.51,365.16,183.43,211.18,112.18,80.08,213.21,98.15,15.60,639.10,57.30,2447.46,83.44,33.70,484.00,115.12,46.83,74.61,95.00,94.73,175.28,27.52,400.42,240.16,382.18,310.01,48.53,170.25,1119.64,171.10,45.19,256.09,59.16,35.07,21.98,57.47,86.01,157.56,9.71,120.82,731.39,99.85,44.91,64.38,141.08,202.04,160.87,292.04,32.04,46.27
2023-02-17,150.37,356.85,182.37,212.31,112.23,78.50,218.95,97.20,14.99,634.86,56.83,2416.86,82.38,33.19,487.25,114.25,46.63,75.84,93.82,93.58,177.09,26.95,396.52,238.91,377.40,308.11,47.98,167.08,1100.87,171.53,43.66,252.09,58.14,34.80,21.37,58.20,84.64,158.25,9.20,118.55,743.72,99.45,43.61,64.14,143.60,208.31,160.17,293.66,31.29,46.96
2023-02-21,146.36,346.70,175.99,208.58,108.18,76.77,216.87,94.58,14.20,613.29,55.49,2381.01,78.31,32.10,481.74,112.43,45.64,75.73,91.30,91.04,172.99,25.44,388.56,233.58,368.08,311.03,46.30,165.30,1099.33,170.74,42.13,246.82,56.75,33.75,20.63,57.34,83.44,158.16,8.47,114.82,741.51,97.29,41.42,61.24,141.42,197.37,156.01,292.48,30.14,47.25
2023-02-22,146.78,348.72,173.90,206.96,107.59,76.61,214.97,95.79,15.17,607.87,54.97,2382.21,75.81,32.25,477.56,117.63,45.29,74.71,91.05,90.90,171.88,24.86,398.48,233.55,367.50,316.27,46.20,165.21,1118.26,169.79,42.50,245.69,56.14,33.49,20.73,56.17,93.88,158.11,8.36,115.05,743.06,97.28,42.03,60.61,141.66,200.86,155.13,294.36,29.78,46.26
2023-02-23,147.27,347.02,175.69,206.82,110.03,79.75,216.30,95.82,14.49,621.38,55.70,2381.99,77.19,31.98,473.48,117.44,45.20,73.85,90.33,90.14,172.37,25.00,403.87,234.90,377.84,318.05,46.98,166.91,1136.26,170.70,44.75,248.88,57.88,32.37,23.64,56.08,94.37,158.28,8.17,117.14,754.56,96.11,42.38,61.24,139.16,202.07,156.98,292.57,29.95,45.57
2023-02-24,144.61,320.54,173.93,205.70,108.47,78.09,212.70,93.50,14.21,602.19,55.12,2407.51,77.52,31.39,469.13,117.28,44.53,72.17,88.62,88.40,169.74,24.54,411.65,231.05,369.55,333.16,46.33,165.35,1156.88,169.06,43.37,243.45,57.32,31.72,23.26,55.45,93.32,157.96,8.09,115.42,751.91,94.34,40.75,60.33,138.85,196.88,154.53,287.37,29.43,45.69
2023-02-27,145.81,322.32,174.15,205.72,109.21,78.77,213.42,93.76,13.41,615.53,55.86,2474.85,76.64,31.69,467.61,120.65,44.76,72.38,89.37,89.13,170.10,24.30,404.60,231.74,368.81,330.12,46.73,164.65,1182.99,168.22,43.82,244.37,57.05,32.30,23.48,56.40,94.25,157.92,8.03,114.56,752.70,95.12,40.48,58.65,138.58,207.63,155.99,287.40,28.98,45.36
2023-02-28,145.30,323.95,174.43,204.07,113.18,78.58,210.88,94.23,13.50,601.56,56.70,2477.71,73.23,31.53,464.88,120.69,44.47,72.06,89.56,89.32,169.24,24.33,399.26,229.39,369.09,333.84,47.04,164.29,1220.00,173.58,44.66,243.65,56.97,32.21,23.19,55.34,94.18,155.78,7.84,114.66,755.32,94.79,41.14,58.93,136.70,205.71,156.64,290.29,28.96,45.58
2023-03-01,143.23,323.38,174.09,203.83,114.27,78.29,215.00,92.17,13.38,598.85,56.63,2505.51,72.70,31.08,459.59,120.21,44.40,71.21,89.77,89.62,170.48,24.72,393.47,227.33,368.08,335.45,47.52,164.48,1208.72,172.07,44.86,240.57,56.49,31.35,22.67,54.95,93.47,153.81,7.69,115.51,765.27,94.18,40.10,58.53,135.85,202.77,157.30,291.23,28.69,44.95
2023-03-02,143.83,333.50,175.50,206.61,115.42,80.44,213.68,92.13,13.70,607.83,57.12,2530.56,74.49,31.35,466.33,123.64,44.57,71.24,91.56,91.25,171.87,25.57,392.59,228.90,368.05,337.08,47.43,165.90,1218.52,173.17,45.72,245.30,55.60,31.19,23.29,56.06,94.93,156.64,7.97,115.60,763.74,95.65,41.18,59.21,135.71,190.90,159.04,290.76,28.89,45.06
2023-03-03,148.87,344.04,177.07,208.65,115.92,81.52,213.74,94.90,13.95,620.69,60.37,2572.35,77.23,31.59,456.31,126.04,45.26,72.54,93.25,92.88,173.96,25.77,400.58,234.87,371.18,347.27,47.59,168.01,1226.74,183.81,43.56,249.38,55.94,31.52,23.86,55.87,95.79,156.49,8.33,115.43,774.07,97.08,43.40,58.94,136.43,197.79,160.50,290.51,29.04,45.11
2023-03-06,151.63,347.02,176.38,209.36,115.51,81.16,214.02,93.75,13.61,604.71,60.39,2565.50,77.06,31.46,463.82,127.59,45.39,72.57,94.80,94.35,174.16,25.37,404.69,234.85,369.37,343.12,46.97,170.00,1256.26,183.46,41.81,250.93,55.99,31.20,23.53,55.96,93.96,156.81,8.28,114.32,775.14,97.49,43.48,57.80,138.18,193.81,158.10,291.62,28.43,45.11
2023-03-07,149.44,344.80,175.83,205.43,113.40,82.11,208.20,93.55,13.44,593.16,59.65,2531.61,76.18,30.70,465.81,124.93,44.92,71.83,93.40,93.09,172.90,24.92,401.33,230.71,365.22,339.37,46.43,168.49,1264.91,183.07,40.66,248.27,54.74,30.85,23.27,55.25,93.60,156.03,8.28,111.31,768.66,95.96,42.46,56.73,137.37,187.71,157.20,286.58,28.08,44.66
2023-03-08,150.69,345.84,177.38,206.07,115.62,85.37,207.94,93.92,13.29,603.18,60.32,2535.50,76.34,30.46,466.66,128.92,45.11,71.76,93.88,93.48,172.86,25.36,408.57,231.09,376.90,340.10,47.76,168.37,1252.57,183.53,42.68,247.83,56.05,31.18,24.16,55.37,94.19,156.45,8.13,113.19,740.20,95.18,43.70,58.09,137.67,182.00,161.00,285.18,28.52,44.29
2023-03-09,148.44,338.37,174.52,204.44,114.05,84.03,205.53,92.25,12.78,588.91,59.40,2459.44,76.90,30.09,460.40,121.68,44.83,70.64,91.91,91.56,170.48,25.81,396.71,228.57,368.21,331.50,47.46,162.82,1201.79,180.28,40.46,246.48,54.78,29.78,23.42,54.82,92.21,155.27,7.69,109.47,738.76,93.13,43.00,57.74,135.66,172.92,158.46,286.88,27.89,43.99
2023-03-10,146.38,329.30,172.80,199.38,111.47,82.67,207.43,90.73,12.31,585.47,58.66,2435.00,75.83,29.96,452.36,119.72,44.60,71.13,90.27,89.89,170.88,26.57,384.98,224.75,357.54,327.30,46.35,159.72,1168.04,178.11,38.26,242.84,54.12,29.28,22.94,54.66,92.86,155.48,7.35,107.58,741.99,92.28,41.46,56.37,134.14,173.44,156.81,287.24,27.14,43.93
2023-03-13,148.32,324.27,173.56,199.37,112.88,82.01,212.26,92.43,12.41,588.95,58.82,2394.16,75.39,30.13,453.18,121.41,44.46,71.14,90.91,90.36,170.67,26.30,383.95,227.78,354.93,322.07,46.17,155.86,1162.33,179.49,37.57,248.05,53.11,29.35,22.95,54.55,92.95,157.00,7.87,106.87,747.28,92.00,41.78,55.08,134.35,174.48,158.87,293.46,26.58,44.05
2023-03-14,150.41,333.33,177.39,199.41,117.27,87.45,209.89,94.88,12.77,604.06,60.34,2430.35,76.20,29.93,462.71,128.01,45.05,72.06,93.48,93.20,170.56,27.34,400.36,235.28,368.74,329.39,47.99,157.93,1214.96,192.51,38.19,254.76,53.47,29.49,24.04,54.75,92.24,156.83,7.89,108.85,761.65,92.35,43.80,55.70,137.50,183.26,160.55,295.25,26.56,44.29
2023-03-15,150.81,333.61,173.92,199.09,115.45,89.68,213.83,96.20,13.59,590.81,59.73,2371.43,75.62,30.45,466.30,129.32,45.06,71.95,95.76,95.32,166.27,27.73,398.42,234.18,360.27,318.32,47.32,153.70,1188.96,196.21,37.21,259.30,53.33,30.38,24.21,54.55,91.90,159.63,7.90,107.86,755.20,92.24,43.54,54.64,138.86,180.45,159.33,294.27,25.88,44.78
2023-03-16,153.62,353.29,177.43,201.47,119.69,96.60,213.53,100.04,13.76,614.05,60.73,2395.17,76.69,30.75,467.83,133.52,46.03,72.13,100.25,99.50,167.17,29.46,410.02,240.50,379.33,325.40,50.05,156.42,1214.74,203.33,39.92,269.81,55.74,31.01,25.52,54.63,94.89,159.53,7.98,112.54,744.72,93.25,44.67,55.87,136.06,184.13,161.83,300.64,26.60,44.53
2023-03-17,152.79,358.14,176.69,199.06,119.47,97.84,209.17,98.95,13.52,617.10,60.20,2396.09,75.07,30.57,467.63,133.12,46.10,69.83,101.63,100.79,163.20,29.10,405.65,237.80,377.23,317.90,49.39,154.13,1201.15,194.09,39.53,272.97,55.82,30.35,25.70,53.19,94.56,158.28,7.88,112.75,742.63,91.65,44.68,55.73,136.96,180.13,160.53,295.77,26.40,44.89
2023-03-20,155.15,362.88,177.84,201.54,120.87,96.81,213.66,97.71,13.60,629.41,61.42,2448.00,75.30,30.91,469.78,132.74,46.79,71.78,101.10,100.39,167.83,28.46,403.83,240.50,379.36,325.90,49.87,158.27,1182.75,196.27,39.91,265.93,56.79,30.51,25.88,54.40,94.71,160.50,8.08,113.77,754.16,92.71,43.88,56.65,140.00,183.25,163.68,298.95,26.49,45.37
2023-03-21,157.01,374.22,179.12,203.62,117.32,95.93,212.05,100.61,14.24,625.32,61.19,2524.17,74.83,31.38,471.28,136.02,46.54,71.49,104.98,104.06,168.96,27.78,413.82,246.68,374.62,328.30,49.29,162.85,1220.42,200.59,40.68,267.45,57.77,30.58,26.18,54.64,97.25,160.88,8.45,115.62,754.66,93.36,45.74,57.34,139.10,197.58,163.00,302.66,26.70,45.22
2023-03-22,155.58,361.71,177.42,199.10,115.82,97.58,209.21,98.70,13.81,623.60,60.63,2511.33,72.77,30.71,468.08,133.26,45.43,70.29,103.37,102.52,165.42,27.46,406.16,240.81,371.50,326.23,49.19,158.44,1186.63,198.25,39.72,265.99,57.31,29.39,26.44,53.93,95.44,159.53,8.21,113.91,746.26,92.04,44.96,55.88,137.93,191.15,161.09,297.87,26.12,44.93
2023-03-23,156.66,369.00,180.12,199.44,119.64,100.28,212.19,98.71,14.19,646.77,61.43,2492.20,71.78,30.52,468.31,134.54,45.67,71.14,105.39,104.73,165.21,28.33,424.08,244.47,378.26,328.32,50.87,155.30,1191.55,202.69,41.82,271.24,60.44,32.04,27.17,53.43,96.94,158.75,8.33,115.94,796.78,91.39,45.79,56.87,136.82,192.22,164.71,304.75,26.54,45.29
2023-03-24,157.96,374.96,178.44,199.91,116.48,97.95,216.68,98.13,14.17,630.58,61.13,2453.50,71.81,30.47,475.53,131.54,46.39,72.26,105.20,104.58,166.31,28.66,421.22,256.42,364.90,331.61,48.77,151.98,1187.28,204.41,40.62,274.08,60.26,32.84,26.76,54.05,95.78,161.86,8.20,116.51,814.50,91.31,44.98,56.91,137.05,190.41,164.00,314.39,26.54,45.66
2023-03-27,156.02,373.15,175.67,200.13,115.83,96.61,215.52,98.04,14.15,627.19,60.24,2462.31,73.60,30.88,473.56,131.39,46.42,71.88,102.22,101.62,166.16,28.48,418.64,252.57,363.88,333.87,48.16,152.00,1191.79,201.26,40.76,269.99,58.91,32.77,26.51,54.60,96.26,162.22,8.04,115.43,814.90,91.61,45.07,57.25,138.36,191.81,161.76,308.47,26.50,46.43
2023-03-28,155.40,373.40,174.55,199.93,113.43,94.56,217.08,97.24,13.97,622.96,60.03,2498.45,73.84,30.92,467.36,128.64,46.28,73.14,100.53,100.20,166.10,28.59,411.18,249.49,360.95,334.13,47.12,154.33,1196.74,199.12,40.01,268.86,58.41,32.35,26.39,55.26,95.38,162.17,8.00,113.32,821.42,91.67,44.31,55.79,137.29,189.19,162.16,313.25,26.05,46.24
2023-03-29,158.47,379.16,179.85,205.30,116.79,96.09,219.41,100.25,14.98,641.86,60.11,2524.61,74.20,31.35,471.30,129.60,47.00,73.43,101.07,100.56,167.11,30.76,424.87,250.76,374.70,336.40,50.10,157.39,1224.88,203.75,42.23,274.02,62.60,33.20,26.96,55.47,96.10,163.29,8.22,116.82,813.85,93.43,46.70,58.90,138.27,193.88,165.40,314.24,27.55,46.44
2023-03-30,160.04,381.90,184.64,204.92,118.99,97.88,219.83,102.00,15.00,658.96,60.90,2561.90,75.12,31.52,471.89,131.72,47.24,73.57,100.49,100.06,167.16,31.32,431.53,251.30,385.29,338.14,51.62,157.91,1266.80,206.22,42.78,277.48,62.16,33.84,27.36,56.10,96.79,163.43,8.15,118.98,806.05,94.08,46.51,60.00,139.00,195.28,168.32,312.16,28.06,46.91
2023-03-31,162.55,385.37,187.50,207.85,119.69,98.01,220.06,103.29,15.75,662.89,61.65,2603.77,76.76,32.16,477.06,137.26,48.02,74.95,103.15,102.88,168.92,31.89,437.16,255.47,388.34,341.90,51.50,161.18,1318.06,210.29,42.83,281.63,59.45,34.55,27.75,56.60,99.87,164.76,8.45,119.15,816.16,96.69,47.94,61.05,139.26,207.46,169.94,315.07,28.35,47.48
2023-04-03,163.80,380.08,186.61,202.42,119.20,96.56,222.51,102.41,15.83,656.34,61.74,2616.31,74.92,32.25,477.21,136.55,48.04,75.19,104.06,103.50,170.83,32.10,432.10,253.53,388.17,344.45,50.66,159.65,1313.64,211.41,41.49,280.59,58.73,34.83,27.94,57.86,98.17,164.94,8.38,116.50,820.65,97.36,47.68,60.71,141.11,194.77,168.25,316.33,28.00,47.88
2023-04-04,163.26,385.15,185.51,199.83,117.05,95.87,225.32,103.95,16.40,651.17,60.97,2589.95,74.34,32.29,477.89,136.86,47.95,74.18,104.26,103.86,168.77,32.31,431.26,254.71,382.20,344.17,48.99,159.57,1301.90,213.05,40.04,280.54,56.43,34.67,27.43,57.63,98.28,164.35,8.35,114.22,816.57,96.57,47.59,60.33,140.67,192.58,164.82,314.42,27.05,47.41
2023-04-05,161.42,382.02,180.99,199.02,114.32,92.56,230.64,101.10,15.70,646.52,60.45,2567.63,74.81,32.42,477.31,127.80,47.95,75.56,104.10,103.61,167.43,32.04,430.61,257.99,371.26,342.06,47.94,157.80,1250.05,209.83,39.71,277.76,56.18,34.24,26.86,57.22,97.09,165.97,7.98,114.91,819.68,97.40,45.19,59.88,143.38,185.52,161.89,321.94,26.39,48.20
2023-04-06,162.31,380.60,177.95,201.76,111.53,92.47,230.59,102.06,15.72,639.92,59.83,2536.47,75.26,32.22,466.61,127.82,47.44,75.31,108.01,107.53,168.34,32.02,438.85,256.90,364.50,342.99,47.97,158.28,1245.00,214.42,38.89,284.85,57.81,33.93,27.01,57.41,95.96,166.62,8.09,114.87,823.17,97.20,45.35,59.46,143.85,185.06,162.73,321.66,26.45,48.56
2023-04-10,159.72,376.25,181.54,200.00,113.52,95.48,228.39,102.17,15.86,644.32,60.29,2525.39,75.62,32.68,474.14,128.10,47.50,74.61,106.08,105.57,169.42,31.74,436.85,258.94,372.29,344.90,49.30,158.03,1251.62,213.08,39.96,282.70,62.46,33.90,27.55,57.98,96.31,165.57,8.39,116.07,818.23,97.25,45.35,61.26,144.21,184.51,163.92,323.24,28.63,48.47
2023-04-11,158.50,371.11,180.08,200.92,113.41,94.03,228.87,99.92,15.96,642.50,59.73,2519.40,75.71,32.81,478.77,129.86,46.84,74.56,105.26,104.49,169.87,31.57,429.76,262.77,367.66,344.60,49.30,159.09,1285.06,212.18,39.71,276.29,62.76,33.82,27.14,58.07,96.40,165.32,8.61,115.40,814.14,98.18,44.78,61.75,144.17,186.79,164.33,324.83,28.88,48.33
2023-04-12,157.81,369.89,178.06,201.30,110.27,92.33,227.12,97.83,16.16,637.52,59.26,2500.54,75.11,32.18,469.84,135.00,46.37,74.21,104.36,103.78,170.79,31.25,427.39,261.77,360.10,345.66,48.29,156.75,1256.04,212.33,39.16,276.93,61.17,33.10,26.47,58.49,97.64,164.99,8.33,112.32,814.92,98.05,45.30,61.29,143.75,180.54,162.21,326.37,28.60,48.09
2023-04-13,163.20,378.80,179.78,202.83,110.57,92.09,228.88,102.40,16.36,647.99,59.99,2581.41,75.43,32.53,478.04,136.10,47.01,75.22,107.31,106.55,173.15,31.36,433.99,266.56,364.24,348.17,48.41,160.66,1296.12,218.63,40.01,283.13,62.20,34.62,26.44,59.20,98.93,166.64,8.58,113.12,824.78,99.34,45.73,60.34,144.58,185.90,163.64,333.35,27.76,48.14
2023-04-14,162.85,379.38,179.22,201.38,110.02,91.75,227.57,102.51,16.47,648.76,59.54,2601.27,74.74,32.45,471.71,135.77,46.77,74.97,108.57,107.98,173.72,31.13,433.80,267.02,364.87,345.97,48.66,163.18,1301.88,219.77,39.91,279.52,61.83,33.86,26.73,59.48,99.72,165.85,8.81,112.22,823.76,99.79,46.39,59.05,143.83,185.00,163.52,333.52,26.69,47.81
2023-04-17,162.87,377.92,180.23,203.68,108.93,89.87,225.81,102.74,16.34,622.31,60.29,2626.98,73.38,32.56,474.25,137.37,46.53,75.54,105.55,105.10,174.88,31.37,432.30,268.89,362.02,348.54,47.86,164.78,1314.74,217.16,40.08,282.12,61.74,33.27,26.98,59.82,100.58,166.70,8.80,111.49,814.24,100.57,48.52,59.32,144.69,187.04,164.50,327.74,27.11,48.15
2023-04-18,164.09,377.55,180.24,202.89,108.43,89.78,224.01,102.30,16.60,626.49,60.76,2647.23,72.83,32.72,477.09,136.38,46.55,75.68,104.26,103.64,174.06,31.07,434.76,269.28,361.14,350.97,48.12,168.58,1321.47,216.19,41.84,281.70,61.14,33.37,27.64,60.66,100.00,167.05,8.73,110.54,802.59,100.20,49.20,59.34,144.53,184.31,164.74,325.15,26.88,48.25
2023-04-19,165.24,380.11,179.26,202.63,107.52,89.94,224.12,104.30,16.77,607.27,60.97,2627.20,73.10,32.70,476.25,132.83,44.45,75.98,104.16,103.33,174.84,30.40,437.61,298.57,351.46,351.39,47.70,168.63,1308.29,214.02,40.64,281.78,59.88,32.31,27.91,59.94,97.66,166.95,8.49,110.70,803.43,99.50,49.05,58.04,143.05,180.59,161.78,328.45,26.06,48.31
2023-04-20,164.27,380.26,177.77,201.31,111.47,90.11,221.62,103.81,16.49,616.98,60.83,2611.98,74.78,32.26,485.42,129.89,43.10,76.50,105.04,104.43,173.90,30.12,439.48,297.41,365.52,353.35,51.15,168.68,1293.77,211.41,39.10,279.49,60.68,32.53,27.08,60.36,96.14,167.50,8.15,110.80,792.74,99.40,48.00,52.70,140.32,162.99,161.36,329.15,25.08,48.61
2023-04-21,162.66,377.67,177.16,200.92,110.56,88.43,221.98,106.96,16.43,617.86,60.82,2638.05,74.86,32.26,486.16,132.25,43.52,78.20,105.05,104.55,173.31,29.57,438.50,300.22,361.88,352.26,50.24,169.31,1281.92,211.23,38.65,279.15,60.35,32.80,27.10,60.25,96.62,167.57,8.18,109.98,795.36,100.46,48.94,52.09,140.59,165.08,161.73,331.09,25.17,48.86
2023-04-24,162.97,377.34,177.75,201.17,110.71,87.57,222.52,106.21,15.86,610.95,60.98,2630.55,75.58,31.81,491.03,130.40,43.85,78.32,105.91,105.10,173.93,28.95,434.49,300.46,362.22,353.99,49.97,169.23,1273.62,211.13,38.39,275.25,58.75,32.90,27.02,60.47,95.97,167.65,8.10,109.59,791.69,101.48,48.02,52.64,140.24,162.55,160.70,332.84,24.76,49.19
2023-04-25,161.43,369.59,172.22,197.64,107.79,83.80,222.90,102.57,15.44,589.90,59.77,2596.51,75.23,31.55,483.11,122.15,43.57,77.31,103.76,103.00,173.20,28.19,412.40,294.97,348.05,353.07,48.55,167.80,1229.55,205.93,36.56,269.05,57.40,32.26,26.22,59.85,91.29,171.46,7.74,106.51,784.28,101.53,46.46,51.79,142.30,160.67,154.76,331.93,24.15,48.81
2023-04-26,161.42,363.06,171.76,196.83,107.49,85.94,217.38,104.98,15.94,593.15,59.21,2549.74,74.18,31.22,474.94,124.12,43.07,75.64,103.60,102.86,168.73,28.35,406.38,294.96,347.67,351.09,48.32,160.29,1235.63,207.77,37.72,288.54,60.24,32.12,26.93,59.61,91.89,170.40,7.74,106.61,772.78,103.50,46.37,52.02,142.57,153.75,150.25,323.30,24.60,48.60
2023-04-27,166.01,371.42,168.87,201.81,108.83,87.44,218.78,109.82,17.03,612.77,59.43,2591.04,75.05,34.43,481.29,126.05,43.08,75.47,107.49,106.71,175.54,29.14,421.57,295.92,374.21,351.71,50.41,160.55,1244.92,236.70,38.26,297.78,61.11,32.58,27.20,61.04,92.56,171.44,7.82,106.39,786.97,104.69,47.59,52.44,144.16,160.19,150.99,339.37,24.66,48.75
2023-04-28,167.26,377.56,171.02,205.39,110.14,89.37,218.23,105.45,17.00,620.19,60.21,2637.05,75.69,35.37,483.16,120.05,43.72,74.26,107.34,106.46,176.63,30.32,436.09,301.22,376.06,355.37,50.91,164.39,1277.49,238.45,39.11,300.15,63.54,32.99,27.72,61.15,91.23,172.52,7.75,109.08,796.41,106.12,48.45,54.26,138.36,164.31,152.76,340.73,25.92,48.61
2023-05-01,167.17,374.15,173.55,206.44,110.07,89.69,217.47,102.05,16.87,620.38,61.31,2641.74,75.34,35.60,473.91,118.79,43.81,73.55,106.83,106.32,177.20,29.57,434.68,303.02,374.00,358.12,50.89,165.16,1291.65,241.29,39.63,298.49,61.55,32.41,28.88,61.97,91.65,173.24,7.78,108.18,801.31,106.37,47.28,54.07,137.69,161.83,152.28,345.00,25.63,48.81
2023-05-02,166.13,368.66,174.61,202.16,109.30,89.91,214.80,103.63,16.26,619.26,58.84,2666.24,75.09,35.22,475.08,116.74,42.90,72.66,105.12,104.46,175.24,29.06,428.74,301.22,368.19,355.94,50.70,173.38,1255.74,237.38,39.12,298.34,61.11,31.75,28.19,62.43,88.44,173.75,7.59,108.44,793.09,106.28,46.78,52.49,134.95,160.31,149.78,346.03,25.19,48.68
2023-05-03,165.06,345.25,173.40,201.64,110.40,81.62,208.74,103.65,16.45,619.93,58.93,2597.68,74.82,34.96,470.52,117.67,42.53,71.77,105.26,104.55,174.97,29.92,422.05,305.06,367.91,349.65,49.99,173.23,1279.99,235.18,39.15,297.36,60.13,31.93,27.78,62.11,88.83,173.69,7.56,105.37,797.78,96.53,46.27,51.63,134.52,160.61,149.24,346.36,24.87,48.50
2023-05-04,163.42,335.83,172.40,199.62,109.58,86.61,211.09,104.00,16.62,620.23,58.64,2555.82,76.85,34.38,471.77,117.88,42.29,70.93,104.35,103.83,173.43,30.62,414.97,303.21,363.11,347.05,49.76,171.32,1213.38,231.70,38.97,298.34,59.74,32.08,27.54,62.24,89.50,174.77,7.38,99.54,748.82,97.24,57.30,50.89,135.82,161.20,148.28,346.59,24.87,48.64
2023-05-05,171.09,348.40,174.35,201.17,113.10,89.84,215.31,105.66,17.16,635.15,60.55,2522.18,77.73,34.56,480.16,122.45,42.80,72.04,105.35,104.70,175.38,30.37,418.41,304.88,375.20,352.41,51.47,171.40,1243.59,230.97,40.58,303.46,60.45,32.28,28.65,62.72,91.96,175.58,7.41,101.59,756.99,99.55,62.03,51.65,138.03,170.06,152.66,348.09,25.17,49.06
2023-05-08,171.02,344.06,175.43,200.05,112.79,95.04,213.57,105.83,17.62,639.71,60.45,2591.07,76.97,34.70,480.16,132.41,42.88,70.99,107.36,106.89,174.08,30.16,419.34,303.09,373.12,351.74,51.18,172.74,1284.50,231.45,40.62,301.51,60.09,33.12,29.13,63.11,95.76,174.75,7.74,101.15,747.07,99.51,64.38,51.97,138.63,171.79,151.19,344.09,25.72,49.37
2023-05-09,169.32,342.65,170.77,199.48,110.93,95.06,213.40,106.62,17.33,628.05,59.44,2586.59,77.20,33.87,481.83,129.94,43.00,71.18,107.06,106.47,174.24,29.50,420.11,301.55,365.56,350.80,50.11,173.75,1248.05,231.55,39.61,299.90,60.15,33.21,28.55,63.56,97.92,175.46,9.55,98.78,749.81,99.08,63.89,52.91,136.56,169.15,150.07,344.83,25.29,49.45
2023-05-10,171.08,344.02,172.49,200.74,112.46,97.02,213.11,110.19,17.81,641.81,60.18,2597.40,77.70,34.08,480.74,133.80,43.22,70.56,111.37,110.83,174.42,29.37,423.88,302.59,375.90,354.84,51.23,170.49,1288.92,231.27,40.05,305.08,59.22,33.54,28.86,63.65,99.70,175.58,9.94,99.42,744.56,99.33,63.17,52.88,136.56,168.54,150.11,350.04,24.75,49.31
2023-05-11,171.27,341.58,171.69,195.88,112.51,97.10,211.45,112.18,22.00,635.02,60.32,2607.86,77.64,34.51,482.89,132.15,42.91,71.09,115.95,115.61,172.35,28.28,417.37,303.47,376.06,353.05,51.24,169.39,1296.52,233.95,39.35,302.94,60.82,34.48,28.55,63.88,98.59,176.54,9.88,97.18,740.57,98.57,62.90,52.44,137.20,172.08,148.38,350.40,24.50,49.49
2023-05-12,170.34,335.45,171.67,198.62,113.13,95.26,212.05,110.26,21.51,632.40,60.65,2582.57,78.36,34.38,484.98,130.23,43.22,70.61,116.96,116.55,172.03,28.37,420.05,305.27,377.75,356.22,51.21,169.01,1279.67,231.99,39.74,301.82,60.14,33.99,28.31,64.14,99.65,177.25,9.50,96.77,739.36,99.03,61.33,53.15,138.57,167.98,149.03,347.41,24.86,49.48
2023-05-15,169.85,345.67,175.29,200.16,118.02,97.40,212.58,111.20,22.63,640.39,61.48,2597.54,78.77,34.37,483.03,135.55,43.58,70.80,116.01,115.55,172.65,29.20,418.67,308.05,394.47,354.75,53.65,170.37,1296.80,237.00,41.67,302.30,63.82,33.59,28.93,63.02,96.50,175.58,9.52,99.26,745.92,99.51,61.58,56.38,139.05,166.35,152.15,348.65,27.66,49.09
2023-05-16,169.85,345.11,173.78,198.24,117.83,101.48,207.44,113.40,22.88,636.84,61.64,2597.79,77.53,33.97,477.36,134.01,43.42,70.75,119.11,118.53,170.25,28.64,413.95,306.61,399.06,351.96,54.30,169.46,1275.39,236.96,41.27,304.53,62.92,33.38,29.19,62.50,95.71,174.82,9.47,96.93,737.30,98.24,60.12,56.14,138.17,166.52,150.42,345.15,27.55,48.41
2023-05-17,170.46,356.63,178.70,199.76,122.49,103.75,206.76,115.50,24.38,654.86,63.18,2647.25,78.89,34.44,476.26,137.23,44.07,71.19,120.49,119.85,174.16,28.29,424.22,308.22,406.89,351.10,55.77,171.93,1320.15,240.60,43.18,307.41,64.09,34.00,30.15,62.63,95.76,173.58,10.25,97.88,744.60,98.63,60.76,56.45,136.13,173.86,152.22,341.20,27.83,48.33
2023-05-18,172.79,360.43,182.79,201.13,126.60,107.93,206.04,118.15,25.08,679.69,65.14,2729.98,79.88,35.32,479.24,141.85,44.60,70.65,122.51,121.82,176.15,29.09,439.74,312.23,418.35,354.16,58.17,175.74,1332.49,244.93,44.32,311.83,66.71,37.13,31.65,62.79,94.86,173.13,11.74,99.89,742.46,99.93,60.85,57.94,132.86,176.89,156.34,339.46,29.16,48.96
2023-05-19,172.90,371.25,181.14,201.83,123.71,105.82,205.29,116.25,25.12,677.81,65.56,2714.55,80.76,35.21,477.72,144.72,45.46,71.22,122.25,121.75,175.35,29.33,438.14,313.61,413.54,357.33,57.21,173.21,1310.88,243.73,45.03,311.66,67.30,36.54,31.24,63.62,94.33,173.38,11.71,98.86,753.96,98.46,60.20,57.48,133.67,180.14,156.61,341.70,28.84,48.46
2023-05-22,171.95,372.05,181.88,202.15,123.32,108.00,205.82,115.01,25.09,682.34,65.19,2646.19,81.97,35.26,473.25,147.41,45.18,71.02,124.85,124.02,174.97,29.68,446.07,313.62,410.78,352.43,56.84,169.57,1339.62,246.39,46.00,314.44,65.39,36.30,31.15,61.88,96.06,168.68,11.84,98.32,746.46,96.02,62.06,58.12,136.15,188.87,157.30,339.97,28.88,48.03
2023-05-23,169.34,370.42,178.66,201.24,121.31,108.12,206.23,114.99,24.81,665.55,65.97,2589.12,82.47,34.52,466.51,143.90,45.26,70.98,122.29,121.56,173.23,28.92,441.84,301.44,404.80,340.45,55.71,164.58,1299.83,244.82,46.15,308.64,65.17,35.60,30.66,60.80,94.87,168.17,12.64,96.72,743.54,93.63,58.33,57.59,135.92,185.77,156.27,333.51,28.45,47.94
2023-05-24,169.62,365.76,164.67,199.79,118.93,108.27,203.37,116.75,24.43,651.23,65.30,2577.68,81.76,34.18,464.48,149.20,44.80,71.41,120.65,119.91,170.47,28.42,408.56,302.48,399.15,341.34,54.97,163.33,1284.13,247.27,45.54,307.26,65.68,36.49,30.51,61.93,102.15,167.10,12.23,96.21,732.45,92.95,58.97,56.62,134.61,182.90,153.81,333.85,28.02,47.72
2023-05-25,170.76,392.06,163.90,196.43,127.47,120.35,199.82,115.00,24.05,691.95,70.04,2549.74,81.21,33.42,468.13,149.61,45.37,70.14,123.34,122.47,170.83,26.85,405.79,303.77,423.90,343.00,58.49,167.15,1249.91,250.72,49.00,319.08,68.72,35.90,37.95,62.33,103.99,166.12,12.84,97.14,720.14,91.86,57.71,55.50,130.53,184.47,156.16,332.63,28.49,47.24
2023-05-26,173.16,415.39,167.83,198.37,132.93,127.03,199.33,120.11,24.05,718.76,78.10,2543.61,82.29,33.75,488.05,154.12,46.14,69.63,124.41,123.59,172.15,28.42,411.02,306.90,450.20,342.64,61.03,167.25,1282.26,260.00,64.89,325.90,72.99,37.89,38.91,61.53,105.85,165.92,13.65,103.06,720.18,91.94,59.26,57.51,129.94,193.17,162.30,329.99,29.89,47.33
2023-05-30,175.01,417.21,168.69,196.17,133.42,125.27,200.80,121.66,24.23,711.27,77.20,2482.40,82.14,33.48,488.79,158.59,46.42,68.95,123.63,122.66,172.86,29.39,398.90,307.07,447.79,341.39,61.20,164.65,1249.72,260.48,62.80,324.26,70.78,39.30,40.08,61.87,106.24,164.14,14.71,108.33,723.71,91.22,58.19,56.32,129.92,201.16,162.54,325.30,30.07,47.21
2023-05-31,174.96,417.79,168.94,195.12,130.23,118.21,202.75,120.58,25.01,706.06,77.64,2462.76,82.45,33.64,492.19,160.13,45.96,69.50,122.37,121.86,170.24,30.81,411.70,307.84,432.43,340.18,59.91,163.39,1239.00,262.66,57.94,321.49,67.33,39.52,37.80,60.22,106.69,164.80,14.71,106.65,730.62,91.11,57.19,55.49,131.96,203.93,160.08,323.57,29.15,47.47
2023-06-01,177.76,426.75,171.52,197.75,131.73,119.47,196.89,122.77,24.83,709.81,75.91,2503.24,87.22,33.38,493.19,157.55,46.03,68.84,123.36,122.71,172.25,30.51,414.65,310.54,441.74,343.18,60.22,166.65,1258.02,270.49,60.52,325.60,68.21,40.31,39.73,59.69,108.39,165.81,14.54,108.93,726.26,91.00,57.94,56.60,133.56,207.52,161.86,323.62,29.33,47.65
2023-06-02,178.61,436.37,171.76,202.15,131.53,117.86,200.38,124.25,24.81,707.74,78.03,2577.50,85.91,33.50,493.18,151.32,46.29,70.36,124.21,123.65,176.68,30.68,422.87,312.18,447.14,347.99,59.62,172.57,1270.67,270.49,59.61,328.36,68.29,40.05,39.29,59.69,108.62,167.51,14.52,108.73,734.98,92.85,58.29,57.44,126.14,213.97,161.33,333.78,30.28,48.10
2023-06-05,177.26,434.18,167.16,201.88,130.65,117.93,203.88,125.30,25.60,705.35,77.10,2621.78,85.88,34.02,498.63,154.08,46.46,70.20,125.60,124.98,175.20,29.26,435.00,317.49,447.13,350.25,58.83,172.57,1289.49,269.28,57.48,328.89,66.91,40.35,39.14,60.14,113.39,167.63,15.24,106.01,745.24,93.25,59.92,56.19,127.13,217.61,156.75,334.42,29.35,48.42
2023-06-06,176.90,432.89,170.01,202.35,130.86,124.23,203.27,126.61,23.30,699.91,75.92,2658.44,87.88,33.74,496.71,153.04,46.09,68.83,126.87,126.27,174.45,30.34,440.55,315.72,450.01,347.28,59.47,176.15,1254.45,269.01,58.58,326.67,66.68,39.93,38.62,59.06,112.36,165.24,15.46,109.42,743.12,91.66,63.66,54.10,123.59,221.31,156.84,330.41,29.71,48.41
2023-06-07,175.52,418.32,172.30,202.10,131.90,117.83,203.30,121.23,21.53,693.64,76.17,2595.69,89.12,34.50,491.87,149.23,46.06,68.72,121.94,121.50,176.27,30.66,414.89,307.24,452.70,349.75,59.34,172.60,1208.29,261.55,58.77,316.59,66.20,39.98,37.45,58.87,108.12,163.92,14.69,108.31,733.67,91.38,59.56,54.75,121.68,224.57,158.35,324.65,30.12,48.49
2023-06-08,178.24,439.03,173.56,202.07,133.06,121.05,202.85,124.25,22.49,703.25,77.28,2598.91,90.58,34.60,500.40,151.30,45.97,70.82,121.67,121.14,176.06,31.18,415.87,310.82,462.56,349.67,59.70,173.80,1209.74,262.52,59.15,318.43,64.49,40.94,38.48,60.45,111.41,165.73,15.19,109.41,745.09,92.52,59.28,55.29,125.30,234.86,158.56,332.58,30.18,49.19
2023-06-09,178.62,454.00,174.30,202.10,132.99,124.92,201.01,123.43,22.66,699.16,77.32,2558.34,91.55,34.39,497.69,149.53,45.95,70.57,121.87,121.23,175.83,30.71,423.91,312.76,454.55,348.27,58.93,174.31,1208.55,262.89,59.44,319.93,64.60,42.00,38.74,60.47,110.05,165.96,15.02,112.01,741.51,91.41,61.36,56.22,126.30,244.40,157.05,334.11,29.94,49.48
2023-06-12,181.42,474.63,179.27,205.05,136.79,129.19,199.73,126.57,22.38,713.13,82.20,2557.56,92.00,34.79,501.24,151.11,46.71,70.33,123.34,122.63,176.37,32.41,438.22,313.64,464.10,349.48,60.96,176.19,1238.15,268.94,61.46,324.88,66.59,42.40,39.45,60.79,114.57,165.55,15.65,114.86,748.95,91.88,65.01,58.55,125.74,249.83,160.23,340.60,30.34,49.81
2023-06-13,180.94,478.99,183.77,207.05,138.52,124.53,203.98,126.66,22.52,720.07,81.79,2566.11,92.49,34.78,502.25,153.11,47.01,70.86,123.42,122.81,178.69,33.23,439.63,315.45,468.45,360.34,60.94,176.65,1209.52,269.21,62.45,327.27,67.00,43.57,40.99,61.08,116.82,165.22,16.00,117.01,762.20,92.63,63.84,59.73,124.88,258.71,163.33,342.10,30.54,50.20
2023-06-14,181.57,479.53,183.31,202.92,137.92,127.33,204.25,126.42,22.50,722.94,85.16,2561.93,91.46,34.91,507.24,153.96,47.16,71.09,123.37,122.66,178.16,34.87,438.32,323.07,469.08,361.35,61.38,176.70,1211.84,271.22,62.36,330.26,68.24,44.09,42.96,60.64,119.28,166.70,15.91,116.04,765.94,93.93,65.88,60.28,123.12,256.79,163.07,340.96,30.45,50.71
2023-06-15,183.61,490.91,181.18,207.50,136.88,124.24,209.91,127.11,23.21,721.45,84.90,2622.70,91.72,35.45,509.14,159.81,48.05,72.05,124.77,124.06,181.01,35.10,448.23,328.27,461.31,363.41,60.50,172.04,1223.77,279.64,61.44,340.79,67.94,44.53,42.62,61.83,121.90,169.01,16.60,116.24,777.82,94.60,66.10,61.07,127.65,255.90,163.96,349.08,30.92,50.98
2023-06-16,182.53,495.18,179.94,207.83,135.73,120.08,211.03,125.49,23.97,705.04,83.42,2592.56,91.16,35.22,503.82,155.14,48.18,71.92,123.05,122.52,180.34,35.64,446.98,329.36,453.81,362.30,59.68,171.73,1194.74,278.81,60.54,335.14,66.80,43.20,42.66,61.27,123.26,169.31,16.30,115.37,777.80,95.06,64.71,59.37,125.89,260.54,162.73,347.89,30.46,50.27
2023-06-20,182.62,485.86,179.57,206.85,135.33,118.93,210.05,125.78,23.58,703.60,83.42,2588.30,90.27,34.74,500.02,152.08,47.70,70.87,122.84,122.09,178.06,34.30,447.08,327.83,453.38,355.91,59.84,169.23,1197.74,282.12,60.25,330.95,66.05,43.47,43.77,61.17,120.80,168.65,15.79,112.68,775.97,94.50,64.26,58.42,126.18,274.45,160.52,342.69,29.44,49.83
2023-06-21,181.58,477.48,177.15,207.11,133.52,112.11,208.62,124.83,23.35,690.80,81.89,2595.32,88.81,34.73,499.94,143.85,47.05,70.78,120.27,119.56,179.30,32.24,442.56,323.74,445.55,357.82,59.01,171.50,1210.90,279.45,58.29,326.56,64.96,42.44,43.01,62.53,119.46,168.76,14.64,108.86,773.54,95.06,63.17,57.47,127.57,259.46,156.95,343.28,28.92,49.93
2023-06-22,184.58,477.58,177.79,206.96,135.72,110.70,211.03,130.15,23.70,700.67,81.39,2628.79,87.59,34.69,504.35,145.80,47.30,71.24,122.86,122.14,178.28,32.06,442.86,327.62,456.24,359.74,60.39,171.08,1241.51,282.66,58.56,332.58,65.40,42.25,42.99,62.17,124.57,170.51,14.05,109.46,774.58,94.11,63.48,57.15,129.17,264.61,158.93,348.16,28.86,50.34
2023-06-23,184.27,484.72,177.63,200.79,132.94,110.01,208.69,129.33,23.39,681.61,79.43,2575.81,88.67,34.27,504.58,143.65,46.57,70.65,122.02,121.34,177.78,32.34,444.68,327.26,446.06,357.76,59.30,166.95,1226.49,286.48,57.27,327.99,64.45,42.40,42.18,61.65,121.97,169.34,14.03,106.67,774.50,91.77,63.79,56.31,127.68,256.60,154.37,347.00,28.49,50.25
2023-06-26,182.88,479.51,178.01,202.40,136.58,107.51,206.50,127.33,24.19,683.90,79.38,2567.79,88.94,34.68,503.60,141.81,46.46,69.82,118.12,117.37,179.99,32.67,445.28,325.16,447.62,357.87,60.43,167.01,1155.51,276.30,57.20,321.70,64.62,41.59,40.60,62.11,121.90,168.27,13.94,109.68,779.12,91.66,63.25,56.52,129.66,241.05,155.36,347.45,28.27,50.12
2023-06-27,185.63,489.27,183.78,202.47,143.18,110.39,204.55,129.18,26.04,708.16,81.96,2650.84,89.16,35.46,510.25,144.28,47.06,69.32,118.04,117.36,180.67,33.42,450.91,330.02,465.56,362.74,63.24,172.66,1162.09,284.81,60.02,327.54,65.94,41.71,41.84,62.36,125.79,169.48,14.61,112.65,711.28,92.12,63.80,57.98,130.93,250.21,162.32,347.12,28.76,49.94
2023-06-28,186.81,482.43,181.41,202.47,140.71,110.17,203.36,129.04,25.71,707.29,81.92,2617.57,88.86,35.62,512.63,145.09,47.07,69.48,120.09,119.19,179.92,32.90,451.50,332.98,463.12,361.99,62.56,173.00,1207.69,283.07,59.50,328.80,66.21,42.98,41.08,62.47,126.71,167.18,15.28,110.53,695.33,92.02,64.62,57.52,131.02,256.24,161.08,350.78,28.49,50.21
2023-06-29,187.14,483.77,181.01,203.26,140.91,111.24,203.22,127.90,25.57,706.47,83.33,2607.20,89.17,35.45,511.56,143.99,47.39,69.32,119.03,118.12,183.45,32.25,447.75,338.49,465.85,366.06,62.38,176.51,1171.45,279.34,57.82,328.01,63.51,42.82,40.79,62.49,126.67,167.35,15.20,111.02,703.67,92.08,63.76,57.82,131.57,257.50,162.76,348.18,28.30,49.87
2023-06-30,191.46,488.99,186.10,206.39,141.21,113.91,204.01,130.36,25.73,707.84,83.80,2650.81,89.84,35.52,517.99,146.87,47.88,70.29,119.98,118.72,184.36,32.77,450.08,341.94,473.46,367.89,62.63,178.87,1184.60,284.75,59.21,333.39,62.30,44.05,42.27,63.69,127.75,168.57,15.33,111.94,713.72,92.44,64.60,57.75,133.55,261.77,165.74,351.91,28.55,50.81
2023-07-03,189.97,485.21,185.64,205.39,142.12,115.82,206.76,130.22,25.92,716.76,84.67,2670.89,89.89,35.95,520.55,145.96,47.95,69.97,119.58,118.92,185.08,32.95,443.58,336.03,473.26,365.07,63.42,179.39,1193.75,283.79,60.77,330.89,63.08,44.14,42.38,63.14,127.32,168.91,15.52,112.93,713.27,92.52,64.85,58.04,133.96,279.82,165.50,347.57,28.98,51.14
2023-07-05,188.86,487.26,181.50,206.31,138.98,113.95,207.56,130.38,26.56,698.97,83.26,2624.96,90.42,35.71,520.64,145.08,48.03,70.44,121.63,120.75,183.41,31.86,449.74,333.89,456.76,354.52,61.23,177.34,1247.36,292.08,59.24,331.05,61.27,44.59,42.28,63.19,128.94,169.81,15.70,110.15,713.01,91.88,64.44,56.77,134.18,282.48,162.52,348.32,28.34,51.11
2023-07-06,189.33,481.29,177.86,208.14,137.15,113.48,204.89,128.36,25.55,682.99,81.93,2584.41,89.30,35.48,517.02,143.61,47.65,69.53,119.95,119.13,181.26,31.33,443.51,330.14,450.54,351.91,60.50,177.26,1153.59,289.72,58.32,334.10,60.45,43.88,42.07,62.96,126.70,169.82,15.13,108.35,700.10,89.77,61.83,56.77,133.80,276.54,160.95,345.76,28.12,50.78
2023-07-07,188.22,485.27,177.02,205.40,136.36,113.17,200.91,129.78,25.99,680.48,81.80,2588.55,89.63,35.67,505.17,144.05,47.54,67.87,119.16,118.50,180.60,31.21,441.02,331.29,444.96,351.89,60.19,180.79,1153.82,288.27,58.65,330.14,59.99,43.81,42.47,62.30,123.79,166.62,15.34,109.03,687.80,89.63,61.67,56.27,133.62,274.43,159.92,338.18,28.35,49.61
2023-07-10,186.17,496.35,182.51,210.59,137.32,113.58,206.50,127.13,27.08,693.27,84.80,2678.79,91.85,36.03,507.06,149.95,47.92,69.03,115.92,115.50,184.58,32.09,456.90,340.27,456.51,354.82,61.14,185.93,1087.15,291.81,59.78,324.86,61.80,44.17,42.15,64.07,123.74,167.73,16.30,110.14,698.64,92.50,61.89,56.38,133.01,269.61,165.20,344.46,28.50,50.06
2023-07-11,185.65,504.74,182.41,212.58,134.39,111.32,205.70,128.78,28.09,688.55,85.21,2732.36,92.60,36.17,509.59,150.79,48.60,69.42,116.75,116.18,185.46,32.63,456.28,339.11,448.53,354.14,60.34,186.24,1121.58,295.97,61.62,325.49,62.91,44.02,42.37,64.50,125.11,167.44,16.49,109.90,712.02,93.40,63.15,57.00,134.63,269.79,164.63,341.74,28.87,49.99
2023-07-12,187.32,507.36,186.66,211.27,135.69,114.58,207.37,130.80,28.30,707.95,85.98,2737.33,94.27,36.45,517.63,146.13,47.31,69.66,118.65,117.96,185.27,33.30,469.21,347.59,454.96,361.63,60.65,185.02,1141.13,306.93,62.35,330.12,63.09,44.40,43.87,64.62,116.32,166.70,16.59,111.61,713.60,94.38,65.94,57.52,135.46,271.99,167.90,346.06,28.92,50.12
2023-07-13,188.08,517.28,189.40,213.31,139.36,115.92,209.19,134.30,28.99,733.22,86.02,2782.55,93.49,36.64,518.06,150.75,48.04,69.96,123.81,123.52,185.44,33.19,473.65,346.97,464.48,364.08,62.18,186.45,1146.72,310.97,64.82,335.46,63.83,45.04,45.94,63.74,119.50,170.67,16.74,115.78,716.14,94.81,70.37,57.89,135.27,277.90,168.59,349.02,29.62,49.82
2023-07-14,188.23,514.83,183.39,215.48,139.45,115.94,208.98,134.68,28.15,736.43,85.85,2814.34,93.23,36.17,526.00,149.40,46.97,70.40,124.68,124.39,183.16,32.49,476.25,354.00,463.47,365.47,62.21,184.42,1135.72,306.46,62.91,337.99,63.38,44.19,45.43,64.09,120.63,171.29,16.40,115.25,713.70,94.82,68.45,57.47,134.30,281.38,166.50,352.74,29.85,49.99
2023-07-17,191.48,522.00,187.58,219.47,142.15,118.32,209.36,133.56,28.46,736.89,87.95,2895.57,94.39,36.24,532.02,152.73,47.37,70.66,124.04,123.63,184.96,33.68,482.97,353.84,478.69,368.88,64.30,186.27,1179.17,308.20,64.01,338.47,64.45,45.01,46.42,64.60,125.03,168.94,17.40,116.04,716.77,94.18,68.68,56.89,132.68,290.38,168.85,357.98,29.46,50.05
2023-07-18,191.23,532.23,187.71,221.52,141.18,117.93,213.70,132.83,28.31,739.37,87.28,2926.93,93.59,36.54,532.63,152.95,47.77,71.34,123.07,122.75,182.37,33.81,487.50,354.93,472.52,370.97,63.90,188.58,1208.66,309.62,65.20,351.94,64.23,47.48,47.46,64.16,124.17,167.87,18.08,115.54,721.67,94.03,67.26,57.30,133.12,293.34,169.10,358.98,28.95,49.96
2023-07-19,192.58,527.17,187.03,222.86,138.51,116.43,213.22,135.36,28.57,699.08,87.08,2874.19,92.96,36.77,533.13,157.61,48.88,72.01,121.78,121.03,182.29,33.77,492.55,349.70,459.37,361.74,62.36,185.22,1225.75,313.55,65.07,347.62,64.25,47.76,47.04,64.23,123.00,169.51,18.05,117.00,714.19,95.02,68.23,55.88,132.28,291.26,169.10,358.57,29.30,49.98
2023-07-20,190.64,516.88,181.17,222.63,130.95,110.25,214.31,129.96,28.03,660.35,85.82,2864.00,95.08,37.20,535.87,148.07,48.83,72.91,118.56,118.22,184.77,32.70,483.91,347.66,439.37,368.39,59.96,186.45,1198.34,300.16,62.68,339.59,63.98,43.74,45.48,63.48,121.03,172.28,17.13,113.52,718.17,94.14,65.44,55.35,134.70,262.90,165.64,361.82,28.81,50.90
2023-07-21,189.46,520.23,183.38,223.20,133.26,110.95,215.77,130.00,28.10,677.18,86.63,2869.63,94.80,36.93,536.74,150.90,49.07,73.54,119.33,119.04,185.34,33.34,484.64,336.66,447.63,371.23,60.75,189.78,1221.03,291.97,62.87,336.55,64.93,42.75,44.27,63.75,121.91,173.06,16.43,117.29,729.70,95.95,65.57,55.64,135.47,260.02,169.69,362.46,28.82,51.19
2023-07-24,190.26,523.86,183.77,224.90,135.16,110.61,216.32,128.80,28.15,668.51,87.10,2840.69,94.75,37.27,542.58,149.74,49.52,70.83,120.89,120.53,185.98,32.96,480.69,323.56,449.99,371.37,62.25,189.17,1198.43,289.34,62.57,337.86,64.77,42.84,44.58,63.87,121.67,173.76,16.32,116.70,722.25,95.91,66.17,55.33,135.92,269.06,169.30,357.05,29.29,51.49
2023-07-25,191.12,525.34,186.91,225.82,136.83,113.00,216.22,129.13,28.64,671.26,88.69,2888.47,95.70,37.28,543.79,150.94,49.98,70.43,121.79,121.21,186.30,33.42,488.53,330.90,455.00,377.50,63.34,189.72,1181.84,292.18,63.36,343.61,64.96,42.77,45.64,64.29,121.46,174.16,16.55,117.61,724.98,96.04,64.99,54.36,136.98,265.28,171.31,358.06,29.08,51.45
2023-07-26,191.99,514.55,182.96,238.00,135.82,110.09,216.13,128.15,29.94,668.33,86.28,2903.91,95.52,36.94,544.73,154.63,49.62,70.40,128.60,128.21,185.04,33.67,488.91,329.37,446.94,374.77,62.58,188.65,1176.23,296.25,63.17,330.68,66.65,42.27,45.42,64.37,122.50,174.37,16.43,116.63,726.05,94.93,64.68,54.11,135.66,264.35,162.03,351.91,29.26,51.63
2023-07-27,190.72,513.97,186.71,235.58,142.77,111.10,216.90,128.25,29.98,691.60,86.32,2901.69,93.64,39.04,540.56,152.85,49.42,69.78,128.81,128.34,174.51,33.86,488.59,323.56,470.85,371.31,68.38,190.61,1169.90,309.28,63.35,323.78,70.30,41.32,45.86,61.31,122.64,171.58,16.15,118.35,739.66,94.04,63.96,58.01,134.49,255.71,163.62,349.64,31.37,51.45
2023-07-28,193.30,528.87,189.55,235.33,148.43,112.96,217.19,132.21,31.26,701.61,86.93,2957.01,93.95,38.94,541.99,155.60,48.57,70.10,131.93,131.49,173.43,36.09,503.65,326.53,498.83,375.25,70.26,194.37,1225.02,322.95,64.36,331.26,70.42,42.58,46.71,61.92,124.22,173.20,17.81,121.76,741.09,94.48,66.04,59.23,135.44,266.44,165.37,354.05,31.63,51.69
2023-07-31,193.91,546.17,190.61,232.19,148.10,114.40,215.15,133.68,31.40,699.69,86.82,2916.32,94.85,38.97,539.44,161.66,48.52,69.44,132.03,131.63,172.49,35.06,503.51,324.40,501.70,377.14,69.99,196.51,1238.05,316.12,64.58,328.87,70.61,43.90,46.69,61.72,124.98,170.61,19.84,124.29,736.93,94.78,67.58,59.27,132.46,267.43,166.88,352.34,32.03,51.67
2023-08-01,193.08,549.10,190.56,233.18,149.12,117.60,213.29,131.69,31.43,693.72,88.88,2860.87,94.50,39.01,534.44,165.96,49.10,69.02,130.82,130.47,171.91,35.08,500.37,323.95,502.02,375.18,69.74,199.37,1210.40,320.20,65.37,329.28,69.99,43.86,46.47,62.07,126.58,170.02,19.99,124.21,734.11,94.49,67.45,60.97,131.97,261.07,165.37,347.74,32.26,51.43
2023-08-02,190.09,530.30,183.85,232.28,143.94,109.35,211.72,128.21,31.16,668.61,86.20,2832.01,93.77,38.82,531.44,154.73,49.02,69.02,127.59,127.33,171.39,33.70,490.08,313.87,487.66,370.49,66.82,198.17,1164.81,311.86,61.58,320.62,67.43,42.97,44.23,61.23,118.08,171.38,18.97,121.56,727.21,95.30,62.43,60.68,130.55,254.11,159.87,358.40,31.93,51.47
2023-08-03,188.70,523.76,182.93,232.88,144.41,113.15,211.98,128.91,30.59,666.60,85.50,2787.83,99.25,38.89,536.57,157.55,49.56,68.88,127.72,127.40,169.27,34.17,489.03,311.28,490.36,367.57,67.54,195.58,1323.11,310.75,61.82,319.80,68.43,43.10,44.48,62.05,118.72,170.30,18.71,111.62,766.27,95.49,59.04,63.74,130.16,259.32,159.28,347.74,32.56,51.48
2023-08-04,179.64,526.88,179.93,230.78,142.31,115.82,223.54,139.57,31.36,663.70,85.18,3006.99,102.00,38.60,531.14,150.49,49.07,71.76,127.49,127.06,168.11,34.56,489.03,309.31,484.63,364.74,67.26,197.65,1296.16,308.31,62.16,320.90,69.15,43.16,44.65,61.73,109.16,168.00,18.20,114.26,761.30,93.95,57.93,62.34,129.42,253.86,156.16,340.48,32.70,51.18
2023-08-07,176.54,529.73,181.60,235.53,146.92,116.81,232.42,142.22,30.78,678.75,86.66,3183.54,101.81,39.13,537.27,150.97,49.42,73.57,130.87,130.45,168.46,34.65,497.18,309.24,494.37,371.64,68.71,199.33,1358.81,314.10,63.01,323.18,68.62,44.08,45.38,62.12,107.62,170.09,17.99,112.23,769.54,94.94,57.57,63.95,131.39,251.45,156.65,345.32,32.74,51.88
2023-08-08,177.48,520.60,178.27,233.20,144.60,113.23,239.64,139.94,30.05,665.00,85.32,3166.81,102.85,39.09,535.06,145.88,49.47,73.03,130.77,130.32,166.73,34.44,492.80,302.87,486.75,368.56,67.80,201.04,1328.36,310.21,61.43,319.20,66.91,43.83,44.63,61.95,105.74,167.86,17.04,110.65,775.08,93.97,56.19,62.60,131.01,249.70,154.58,344.47,32.48,51.93
2023-08-09,175.89,513.78,176.55,235.05,141.82,110.47,238.28,137.85,29.41,658.26,82.19,3145.89,103.15,38.98,538.51,145.46,49.41,73.12,129.09,128.60,168.14,33.72,488.75,304.10,482.67,366.42,66.83,200.71,1312.66,302.83,59.43,315.46,65.97,42.89,42.52,61.98,106.74,167.44,15.25,109.62,780.34,93.24,55.20,62.41,132.41,242.19,155.08,345.11,32.05,52.01
2023-08-10,175.67,515.83,176.45,235.28,141.28,110.23,240.80,138.56,37.20,663.47,81.43,3164.08,103.75,39.54,540.23,147.86,49.76,72.96,129.15,128.63,168.61,34.11,493.45,304.67,484.46,369.08,66.87,202.92,1387.06,303.36,58.43,316.15,64.73,43.00,42.35,62.44,107.03,167.23,15.41,108.72,787.69,95.37,56.47,62.68,132.43,245.34,155.35,347.38,31.72,51.99
2023-08-11,175.73,508.45,175.02,237.41,135.63,107.57,241.21,138.41,38.89,647.78,80.16,3147.43,104.85,39.63,541.64,148.22,50.15,72.96,129.11,128.50,170.34,34.32,489.81,304.49,467.56,368.60,63.51,203.04,1330.00,299.29,56.61,314.27,63.67,42.17,40.82,62.90,108.98,167.49,15.41,107.78,801.54,94.74,55.27,62.40,133.01,242.65,154.09,349.86,31.52,52.29
2023-08-14,177.38,522.25,177.10,236.60,138.62,111.98,239.80,140.57,39.75,652.45,82.51,3175.02,105.28,40.08,540.21,152.37,50.24,72.82,130.76,130.25,169.30,35.09,497.71,305.08,480.49,368.94,65.00,201.41,1296.52,303.81,59.06,317.24,67.54,42.78,43.72,63.01,109.67,167.11,15.72,107.22,802.96,94.76,55.98,63.30,134.13,239.76,158.06,349.37,32.06,51.90
2023-08-15,175.39,518.70,173.21,235.67,136.85,111.35,244.43,137.67,39.63,637.91,81.40,3141.87,104.54,40.49,537.36,149.63,49.74,72.63,129.21,128.72,167.77,34.20,489.23,306.62,473.29,366.24,63.89,200.59,1286.04,299.60,58.62,315.10,64.62,42.37,43.91,63.42,107.83,165.05,15.37,105.02,800.50,93.85,55.34,61.14,133.24,232.96,155.90,349.78,30.89,51.64
2023-08-16,174.52,514.49,169.25,235.60,135.07,107.19,243.52,135.07,39.05,632.76,80.48,3136.75,103.42,39.90,537.88,149.00,49.38,71.14,128.06,127.65,166.60,32.98,487.72,299.32,463.96,364.72,62.96,201.57,1247.44,292.00,56.88,314.34,63.52,41.54,43.45,63.40,106.99,164.92,15.45,103.58,791.99,92.86,55.34,59.92,132.92,225.60,153.64,343.41,30.42,51.66
2023-08-17,171.98,511.67,167.64,235.02,134.42,104.44,244.41,133.98,37.82,630.71,79.91,3054.99,103.14,39.81,526.39,144.38,51.03,69.77,129.40,128.85,166.15,32.04,478.67,290.08,462.93,363.33,63.18,197.52,1196.56,282.87,57.07,310.88,62.87,40.30,43.31,62.11,103.79,162.41,14.15,103.52,791.38,90.60,53.22,60.61,131.12,219.22,153.68,343.87,30.32,50.50
2023-08-18,172.47,508.13,167.89,235.74,139.37,105.45,242.53,133.22,38.23,641.47,79.78,3002.34,103.09,39.40,524.31,146.80,51.32,69.20,127.07,126.42,166.68,32.21,478.19,285.95,467.84,362.11,63.61,197.28,1199.59,281.04,57.10,310.49,62.90,40.45,43.27,62.53,104.85,162.16,14.40,103.54,806.95,91.22,53.14,60.07,130.90,215.49,154.36,344.82,29.91,51.23
2023-08-21,173.80,520.47,169.30,235.80,145.34,108.22,241.49,134.68,39.01,648.50,83.58,2996.03,104.41,39.48,522.64,153.90,51.69,69.26,127.88,127.32,167.01,32.59,480.45,286.67,480.32,364.42,65.19,195.06,1228.51,287.64,59.52,315.79,63.26,40.83,46.93,63.03,120.40,161.13,14.50,104.08,838.70,90.49,53.93,61.14,130.33,231.28,155.71,350.74,30.41,51.09
2023-08-22,175.18,519.48,168.76,234.32,144.45,105.66,238.64,134.25,39.48,653.40,82.68,3017.52,104.56,39.23,517.98,152.33,51.71,69.63,128.63,128.02,166.18,32.35,480.09,287.16,476.41,364.52,64.96,199.10,1242.73,285.36,59.08,316.36,62.72,41.32,45.63,62.27,117.28,159.90,14.67,102.94,834.99,90.13,53.96,61.50,129.95,233.19,154.93,350.40,30.42,50.93
2023-08-23,179.02,530.71,169.54,235.62,144.91,109.43,238.40,135.52,40.18,662.80,84.69,3041.74,106.70,39.14,520.38,153.81,52.19,70.26,132.13,131.28,167.13,33.42,492.85,290.39,483.85,365.25,66.06,198.42,1258.87,291.95,60.98,320.81,64.48,42.76,47.08,63.14,117.83,162.11,15.30,104.54,835.17,89.29,56.73,61.76,131.08,236.86,157.45,350.60,30.89,51.29
2023-08-24,174.34,512.43,165.92,234.57,139.54,101.80,237.71,131.84,39.31,634.12,82.55,2970.89,105.21,38.95,512.54,145.45,51.50,69.61,129.36,128.72,165.42,32.05,490.53,285.64,466.31,364.85,63.90,194.06,1215.31,284.52,56.80,313.91,63.00,40.69,47.13,62.34,113.72,161.25,14.14,102.04,825.63,88.96,55.46,60.58,128.18,230.04,153.52,346.77,30.01,50.89
2023-08-25,176.54,525.06,170.19,237.62,141.34,102.25,237.49,133.26,39.76,637.24,82.29,2986.71,104.17,39.15,514.76,149.58,51.93,70.10,129.63,128.82,166.43,32.70,510.75,297.55,471.53,368.38,64.32,195.04,1237.84,283.28,53.05,316.87,63.03,41.60,45.98,62.07,115.38,163.29,14.53,103.74,824.78,89.57,55.54,60.13,128.21,238.59,155.58,350.06,29.72,51.20
2023-08-28,178.10,529.92,172.27,238.88,142.38,102.61,237.65,133.14,40.65,645.05,83.19,3013.32,103.68,39.59,516.86,144.03,52.40,70.26,130.72,129.94,167.85,33.07,510.57,301.48,476.19,368.84,64.91,197.71,1249.46,288.00,54.70,317.57,64.60,41.81,46.80,62.30,116.21,164.04,14.64,105.02,825.31,91.04,56.31,61.67,129.97,238.82,156.40,351.60,31.17,51.49
2023-08-29,181.99,540.57,174.40,238.84,146.84,105.92,240.51,134.91,41.22,653.39,85.98,3053.81,103.85,40.27,523.21,146.70,52.73,71.33,134.39,133.47,169.31,33.75,527.91,310.39,487.33,373.46,66.70,201.25,1304.66,295.67,55.64,322.19,65.95,43.00,48.75,63.11,116.96,164.66,15.40,107.00,824.62,93.02,58.80,61.98,131.47,257.18,158.25,351.26,31.27,51.92
2023-08-30,185.48,545.36,173.45,239.39,147.79,106.59,238.88,135.07,42.98,655.40,86.20,3073.18,104.05,40.57,522.71,149.18,52.97,70.83,135.81,134.77,168.45,33.96,531.93,318.58,487.74,373.69,66.88,200.47,1343.13,292.80,56.85,322.57,67.35,43.47,49.23,63.48,118.95,164.80,16.33,107.27,829.35,93.10,60.01,63.63,132.10,256.90,156.90,350.76,32.00,52.29
2023-08-31,185.69,559.34,173.65,239.09,149.57,105.72,237.45,138.01,43.22,646.56,89.16,3048.09,102.49,40.26,529.48,163.03,53.47,69.75,136.23,135.05,167.90,34.56,533.14,312.68,491.24,373.64,68.43,198.67,1372.36,293.59,57.76,321.56,69.18,43.37,49.32,62.65,121.65,163.06,14.98,108.47,820.94,91.41,66.49,66.08,131.00,258.08,155.81,348.34,33.87,52.75
2023-09-01,187.27,563.21,175.10,240.16,150.77,109.45,237.80,138.12,43.19,648.50,84.29,3057.77,105.57,39.37,524.63,161.23,53.93,69.91,135.69,134.55,168.30,36.01,540.81,310.41,496.28,376.69,68.38,200.93,1421.64,294.07,57.46,322.44,69.62,43.99,48.47,63.16,121.36,160.68,15.18,109.28,826.05,91.94,66.71,68.80,132.04,245.01,157.45,351.10,34.59,52.41
2023-09-05,187.50,564.88,174.25,237.43,150.40,110.78,235.29,137.27,42.54,649.52,84.26,3086.97,104.35,38.36,525.09,165.43,53.39,68.55,135.60,134.66,165.90,36.11,541.77,307.68,501.69,369.61,68.27,196.25,1435.05,297.81,57.40,327.24,69.52,44.87,48.51,63.04,122.54,159.62,15.21,110.38,817.39,90.85,65.80,66.17,131.62,256.49,157.37,348.26,34.46,51.99
2023-09-06,180.79,561.94,174.86,235.74,149.98,109.28,230.66,135.36,42.23,651.95,84.27,3083.60,104.93,38.68,526.98,166.23,53.29,67.71,134.27,133.36,164.83,36.37,542.14,307.84,502.59,371.24,67.83,197.61,1425.97,296.84,56.23,326.58,69.64,44.58,47.03,62.99,122.61,160.14,15.30,108.61,812.90,90.01,65.82,66.49,128.96,251.92,155.80,344.32,34.20,52.38
2023-09-07,175.50,560.46,171.29,236.05,145.13,106.59,235.65,137.85,42.48,624.30,82.80,3046.54,106.80,38.60,528.84,166.64,52.95,67.43,135.09,134.15,164.49,37.55,544.75,297.22,486.65,374.47,65.92,195.12,1436.35,296.34,56.10,323.67,69.11,44.31,46.21,63.05,122.72,161.67,15.21,100.77,819.72,89.22,64.78,59.22,131.99,251.49,152.71,343.96,32.69,53.03
2023-09-08,176.12,560.36,170.34,235.34,144.45,106.09,240.31,138.23,42.12,614.58,82.85,3085.46,106.90,38.77,531.32,168.09,52.84,69.31,136.08,135.26,164.84,37.38,541.75,298.22,487.19,374.65,65.16,200.56,1428.19,295.57,55.27,327.94,69.42,44.28,45.54,63.89,124.37,161.55,15.13,100.52,825.12,89.39,63.01,61.02,132.33,248.50,152.66,343.05,32.72,53.13
2023-09-11,177.28,564.50,170.51,234.23,143.64,105.32,242.44,143.10,42.40,614.43,83.00,3124.31,108.22,38.97,538.64,172.29,53.00,70.26,136.62,135.80,166.35,37.96,540.51,302.35,483.69,377.11,64.65,199.30,1422.93,305.17,55.84,331.54,69.27,44.54,45.15,62.83,126.57,163.99,15.79,104.44,827.94,89.75,64.56,60.03,134.86,273.58,153.75,347.22,32.29,53.31
2023-09-12,174.26,542.21,168.02,234.06,140.96,105.31,241.13,141.23,41.70,605.71,81.59,3115.23,106.76,38.91,538.65,169.68,52.58,70.04,134.96,134.23,169.03,38.22,537.27,301.55,475.51,375.73,63.78,198.95,1399.14,299.31,55.18,325.49,69.54,43.47,44.84,61.62,122.86,163.38,15.59,105.34,827.18,90.29,62.93,58.55,134.71,267.48,151.57,346.55,31.84,53.37
2023-09-13,172.19,553.56,169.09,233.87,141.56,107.71,238.28,144.85,40.81,604.00,82.40,3058.50,107.52,38.91,539.58,168.47,52.47,70.51,136.38,135.59,171.16,38.07,533.28,302.70,473.36,373.04,64.36,195.47,1397.46,302.68,55.13,329.70,70.08,41.22,45.45,61.79,123.14,164.68,15.60,106.68,820.71,90.93,62.62,59.17,136.05,271.30,152.38,346.84,32.53,53.38
2023-09-14,173.70,552.16,172.45,234.32,141.55,106.63,242.97,144.72,42.60,608.74,84.21,3138.92,110.66,39.58,544.41,170.73,52.56,71.24,137.86,136.97,172.92,38.03,538.84,303.74,469.73,377.55,64.14,199.35,1383.43,309.29,55.37,332.29,71.01,40.05,45.55,62.71,122.91,166.10,15.83,108.00,826.79,91.15,63.40,59.97,137.61,276.04,153.95,349.42,32.88,53.61
2023-09-15,172.98,528.89,170.98,231.51,135.36,101.49,241.51,140.39,42.82,584.04,82.28,3102.20,108.17,39.03,536.31,165.45,52.25,69.69,137.17,136.27,172.46,37.26,529.47,295.54,444.60,375.79,60.88,198.33,1396.66,297.97,54.03,323.97,69.12,39.69,43.87,62.01,120.10,164.82,15.33,107.15,817.87,90.28,62.38,59.51,136.46,274.39,150.77,348.90,32.81,53.41
2023-09-18,175.91,532.42,172.50,233.37,137.34,102.37,243.76,139.98,44.01,585.08,82.12,3100.41,108.96,39.29,542.44,166.97,52.32,69.64,137.83,137.08,173.72,37.37,526.45,298.17,446.84,375.35,62.11,195.91,1383.73,300.19,54.31,322.83,69.73,39.44,43.94,61.96,119.94,164.40,15.46,106.78,818.98,90.77,59.50,59.96,135.39,265.28,150.96,352.00,32.85,53.01
2023-09-19,177.00,541.69,171.57,232.01,134.83,101.61,244.84,137.63,39.73,581.21,82.04,3055.67,108.77,39.37,544.01,165.50,52.06,69.78,137.70,136.91,174.52,35.74,520.72,299.65,447.62,377.53,61.08,193.82,1342.64,302.69,53.63,322.43,69.94,39.62,43.49,61.95,118.08,163.43,15.15,104.86,831.15,89.40,58.33,60.55,136.98,266.50,151.25,358.26,33.05,53.00
2023-09-20,173.46,535.78,169.01,230.15,134.11,100.34,251.46,135.29,39.33,577.40,80.68,3012.63,108.36,39.17,543.51,163.89,51.75,69.83,133.49,132.64,173.71,34.12,515.21,291.96,442.60,366.91,60.47,195.11,1326.34,297.34,52.49,314.70,68.92,38.63,42.21,63.06,117.65,163.48,14.74,103.44,826.04,89.27,56.97,61.26,136.60,262.59,150.29,352.31,34.36,53.17
2023-09-21,171.92,513.88,166.86,225.29,132.36,96.11,249.56,129.33,38.44,569.81,78.52,2980.59,108.18,39.34,535.07,162.53,49.73,69.32,130.29,129.37,171.02,34.08,496.30,284.35,437.45,360.73,59.64,190.53,1293.28,293.43,51.40,313.48,67.16,38.42,40.99,61.76,113.72,160.74,14.00,102.24,817.85,87.34,53.70,61.09,134.60,255.70,148.71,354.28,33.45,52.53
2023-09-22,172.77,512.90,168.43,225.88,133.32,96.20,247.98,129.12,37.76,574.68,80.53,3006.38,108.59,39.00,538.45,162.57,49.95,69.08,130.18,129.18,169.54,33.62,500.43,288.20,442.25,361.23,60.49,189.74,1276.96,296.75,51.86,311.01,68.13,37.98,41.58,62.40,114.25,160.63,14.13,101.98,819.31,87.88,53.08,61.51,133.98,244.88,148.63,349.53,33.97,52.66
2023-09-25,174.04,511.60,168.38,226.51,133.73,97.38,247.20,131.27,38.20,573.73,81.00,3041.10,110.41,38.63,538.48,159.92,49.86,68.91,131.09,130.04,171.40,33.73,500.18,293.25,445.74,364.73,60.64,188.34,1290.53,298.49,52.18,311.53,67.83,38.48,42.19,62.24,113.26,159.77,14.22,104.58,829.04,87.00,53.58,60.81,134.62,246.99,149.17,350.67,33.58,52.90
2023-09-26,169.97,506.30,165.42,223.89,131.28,95.96,249.22,125.98,38.59,560.59,79.28,3004.45,106.75,38.09,533.03,160.48,49.15,69.56,128.40,127.52,167.85,33.27,495.14,290.74,435.73,359.53,59.21,187.20,1268.62,296.63,51.27,306.23,67.20,37.92,41.88,60.97,113.39,158.11,13.96,103.91,826.82,86.31,51.51,59.83,135.05,244.12,146.45,351.69,33.32,52.71
2023-09-27,168.46,502.60,165.87,228.98,132.24,98.07,249.16,125.98,39.56,562.38,79.34,3026.13,108.97,38.40,543.22,163.04,49.60,69.58,130.39,129.47,167.85,34.04,500.11,291.43,436.12,360.32,59.99,189.27,1256.52,295.42,52.10,306.87,67.47,37.76,42.44,60.94,115.95,155.41,14.85,103.41,826.97,85.53,51.85,60.66,134.32,240.50,146.61,349.65,33.54,52.46
2023-09-28,168.71,504.67,169.32,229.62,135.33,102.76,250.87,125.98,39.74,568.37,80.82,3047.89,107.57,38.62,548.13,165.25,50.24,69.46,132.05,131.23,167.16,34.60,504.05,296.15,448.39,361.75,61.32,194.80,1274.14,301.59,53.54,307.70,64.49,37.64,43.06,61.16,117.59,155.35,15.77,105.22,828.97,85.45,53.20,61.98,134.32,246.38,147.50,352.50,34.47,52.73
2023-09-29,169.23,509.90,168.06,227.04,135.56,102.82,248.96,127.12,39.96,576.21,80.68,3027.39,107.33,38.17,544.60,167.38,50.12,69.02,130.78,129.79,165.04,34.97,502.77,292.29,448.94,360.65,61.24,191.89,1267.88,297.87,53.67,309.77,67.29,37.76,43.47,60.59,117.22,155.29,16.00,105.18,817.44,85.62,54.57,62.22,134.66,250.22,147.42,347.74,34.34,51.88
2023-10-02,171.74,521.13,168.38,225.90,136.59,103.27,246.69,129.46,40.82,569.86,81.10,3037.02,103.05,38.30,550.72,169.54,50.71,68.24,134.07,133.07,163.14,34.88,509.52,294.98,450.87,358.57,61.64,189.14,1259.41,304.43,54.13,315.71,67.22,38.03,44.75,59.91,118.39,155.04,15.88,105.22,812.54,85.49,54.00,62.45,133.90,251.60,148.29,347.83,34.22,51.93
2023-10-03,170.40,507.03,164.62,226.89,133.86,100.08,241.78,124.72,39.13,558.53,79.15,2955.58,103.21,37.65,544.67,162.03,50.38,67.48,132.21,131.34,161.82,35.10,499.36,288.04,442.27,361.11,60.40,185.86,1228.28,298.60,52.11,307.46,67.09,37.67,43.49,59.31,115.86,153.70,14.90,104.36,802.89,83.94,51.38,61.72,131.18,246.53,145.79,345.15,33.73,51.61
2023-10-04,171.65,518.42,166.81,230.25,136.39,104.07,245.88,127.00,40.33,578.36,80.02,2990.60,104.46,37.67,551.19,164.05,50.20,68.83,135.16,134.13,163.04,35.34,509.18,290.28,451.28,366.71,61.79,190.19,1231.56,303.20,52.86,312.92,67.37,37.69,44.01,59.81,118.22,154.81,15.73,104.03,809.52,85.51,52.58,62.24,132.74,261.16,146.46,352.97,34.09,52.23
2023-10-05,172.88,516.44,165.19,229.67,136.37,102.91,245.55,125.96,39.70,569.38,80.03,2963.40,106.15,37.28,548.99,165.29,49.84,68.79,134.88,133.96,160.82,35.30,508.93,290.09,451.31,358.23,61.15,190.14,1214.38,302.42,52.71,313.32,68.30,37.26,44.66,60.05,118.39,146.73,15.81,103.99,825.54,86.66,52.19,62.85,132.14,260.05,143.81,355.14,34.70,51.60
2023-10-06,175.43,526.68,166.98,232.52,137.36,107.24,247.76,127.96,40.38,584.72,82.11,2993.52,108.40,37.67,537.43,176.69,50.20,68.83,137.60,136.45,164.97,35.59,525.68,295.68,458.14,361.80,61.37,191.32,1237.53,312.97,54.13,321.07,69.31,38.15,45.73,60.14,123.35,146.91,16.61,105.01,830.96,87.11,53.65,62.32,133.67,260.53,145.56,360.62,34.92,50.74
2023-10-09,176.92,529.29,166.36,236.10,137.22,106.97,251.53,128.26,40.85,578.86,83.14,2954.53,109.59,38.21,538.82,181.82,50.64,69.13,138.36,137.29,166.63,35.47,527.27,294.49,456.88,361.98,61.33,189.81,1238.38,315.88,53.87,323.58,68.84,38.60,45.24,60.98,126.39,147.89,17.61,105.88,826.24,86.95,53.51,62.49,134.74,259.67,145.30,355.20,34.17,50.55
2023-10-10,176.32,532.72,168.90,235.13,138.44,109.01,251.26,129.48,40.53,589.41,83.38,3004.28,111.19,38.54,541.83,183.85,50.59,69.96,138.07,136.93,166.47,35.83,532.40,297.83,464.10,367.05,61.99,193.74,1258.31,319.33,54.64,322.17,68.43,37.33,45.77,61.21,128.39,150.67,17.80,106.36,829.36,87.42,55.08,62.82,136.92,263.62,146.17,360.57,34.13,51.12
2023-10-11,177.72,549.91,167.89,235.42,139.21,108.31,262.70,131.83,40.28,593.37,84.95,3015.61,113.23,38.34,545.13,188.22,50.39,70.88,140.55,139.40,167.42,36.27,533.84,281.79,472.41,366.77,62.70,193.55,1243.95,325.27,54.73,326.13,69.56,36.59,46.77,61.09,129.60,149.04,17.92,105.24,830.46,86.26,54.24,65.63,137.61,262.99,145.86,365.25,34.91,51.33
2023-10-12,178.62,559.63,166.63,233.72,141.97,108.79,264.04,132.33,39.69,603.71,87.97,2993.09,113.87,38.04,543.46,187.56,50.57,70.69,139.15,137.83,164.33,36.23,535.65,266.12,490.50,365.84,64.00,193.10,1229.96,321.64,54.22,324.89,69.10,36.12,46.91,61.30,130.31,144.88,17.94,105.56,832.86,85.76,53.33,65.43,135.70,258.87,143.70,368.00,34.33,51.56
2023-10-13,176.78,548.76,164.20,233.57,138.19,105.09,263.17,129.79,38.52,587.06,85.79,2895.98,111.87,37.96,546.41,185.72,50.50,71.51,137.45,136.23,163.99,35.38,525.44,273.15,476.50,366.01,63.04,188.34,1223.50,312.24,52.23,321.53,68.57,35.57,45.43,61.76,129.70,146.64,17.36,102.91,834.00,85.82,51.55,64.56,136.21,251.12,141.62,371.00,34.39,51.85
2023-10-16,176.65,550.74,165.81,235.23,138.05,106.46,265.74,132.55,38.89,591.03,87.67,2912.07,114.96,38.35,551.61,187.67,50.86,72.94,139.35,137.96,166.37,35.96,533.17,274.16,480.81,367.32,63.58,192.35,1226.20,318.65,53.26,326.34,68.44,36.08,46.06,63.02,130.76,147.63,17.36,104.66,838.00,87.86,53.28,65.05,137.72,253.92,143.05,374.00,34.43,52.29
2023-10-17,175.10,560.09,165.68,235.30,139.74,105.14,263.46,131.47,39.64,595.75,85.91,2923.78,115.27,38.44,553.64,187.14,50.66,74.12,139.84,138.57,166.45,35.47,531.08,275.37,476.05,369.11,63.51,192.81,1240.65,321.48,52.78,325.78,68.36,35.57,43.91,63.07,130.87,146.98,17.84,106.26,831.23,88.35,54.17,65.04,137.27,254.85,143.02,373.50,33.22,52.36
2023-10-18,173.80,557.87,164.39,234.29,138.49,102.17,262.69,128.13,38.95,570.91,86.16,2797.97,114.21,38.15,553.93,187.79,50.50,73.37,138.15,136.83,163.91,35.05,519.89,275.52,469.25,359.73,62.75,189.78,1211.70,314.50,51.09,323.86,68.50,34.62,42.17,62.03,130.67,148.50,17.20,105.10,820.49,87.95,52.84,64.61,134.31,242.68,140.76,367.55,33.45,52.40
2023-10-19,173.43,555.74,161.94,232.23,131.62,102.40,259.92,128.40,38.54,575.30,84.30,2734.12,112.46,37.32,545.24,184.52,50.07,72.24,137.85,136.62,162.83,35.08,514.07,273.45,455.20,358.51,58.82,187.74,1179.96,310.37,50.32,325.05,66.91,40.18,42.07,59.89,126.57,147.15,17.06,105.39,803.21,88.58,51.83,63.09,132.53,220.11,139.94,364.80,32.41,52.15
2023-10-20,170.88,540.96,159.83,228.08,131.32,101.81,258.27,125.17,37.58,567.83,82.92,2706.09,110.30,37.14,533.00,178.76,49.71,71.65,135.63,134.49,161.99,34.35,499.57,266.91,452.64,354.84,58.66,183.50,1169.67,306.25,49.11,320.49,66.60,40.10,41.36,60.47,121.55,146.64,16.11,102.88,803.04,88.36,51.14,62.92,131.71,211.99,137.04,361.86,32.26,51.50
2023-10-23,171.00,540.41,157.29,227.59,131.42,100.01,252.94,126.56,37.64,575.36,83.75,2767.83,110.31,37.21,532.38,179.08,49.02,71.43,136.78,135.38,161.27,33.29,496.83,272.59,452.76,353.94,58.59,184.15,1180.13,311.56,48.66,323.09,66.26,40.68,42.94,58.58,123.08,146.71,16.20,102.91,790.20,88.37,51.00,61.56,132.43,212.08,135.66,367.66,31.47,52.23
2023-10-24,171.43,539.56,158.30,226.92,132.08,101.67,255.78,128.56,38.47,588.04,85.59,2783.37,112.44,37.66,531.95,182.82,49.78,71.97,138.98,137.67,162.11,34.02,498.60,277.39,460.30,355.72,59.02,185.62,1221.99,310.12,49.13,324.27,67.44,41.37,43.63,58.13,126.04,148.65,16.64,103.60,798.88,88.77,52.35,64.25,135.64,216.52,136.21,369.38,32.33,52.96
2023-10-25,169.12,521.14,153.37,206.05,127.39,96.06,252.11,121.39,36.15,571.00,82.53,2761.33,110.23,37.05,530.16,175.38,49.21,72.19,125.64,124.58,159.10,32.29,476.13,266.61,445.21,352.93,57.00,183.95,1190.98,297.20,47.20,334.22,65.88,41.12,41.75,58.33,122.39,148.79,15.59,99.23,791.69,88.18,48.49,63.31,135.56,212.42,131.46,363.04,31.75,52.80
2023-10-26,164.96,514.28,154.40,206.53,128.10,93.67,249.84,119.57,36.37,575.76,80.31,2692.39,110.91,33.93,527.86,171.64,48.24,72.29,122.43,121.28,157.29,31.99,472.60,259.51,448.53,358.68,57.17,182.02,1175.00,286.10,46.29,321.68,63.93,40.35,40.30,61.44,118.60,147.93,15.29,100.03,786.70,86.94,46.69,62.12,137.36,205.76,133.51,361.28,28.79,52.48
2023-10-27,166.27,508.12,154.12,202.75,128.55,96.43,242.30,127.74,36.22,577.52,81.43,2695.80,109.00,34.35,523.46,172.82,48.42,70.56,122.40,121.17,158.13,34.96,472.67,258.98,448.23,358.88,57.07,180.86,1200.45,294.42,46.91,323.57,65.04,39.79,40.47,61.64,119.39,146.29,15.07,100.82,769.98,86.33,46.40,64.34,134.61,207.30,132.69,355.28,29.33,52.28
2023-10-30,168.32,526.94,149.62,203.92,128.29,96.18,243.80,132.71,36.73,576.42,81.72,2737.12,111.22,35.05,534.88,174.61,48.43,71.62,124.73,123.44,160.58,35.10,480.54,258.49,449.81,366.96,57.01,183.62,1226.24,300.30,46.48,330.93,65.46,41.01,41.13,62.01,119.28,148.73,14.69,102.12,772.45,87.39,46.92,64.55,136.12,197.36,131.45,357.45,31.46,52.88
2023-10-31,168.79,532.06,151.01,205.94,129.58,98.50,236.86,133.09,36.44,586.14,81.73,2738.40,111.11,35.78,532.53,176.77,48.96,72.33,124.28,123.06,163.72,35.90,487.88,262.22,459.75,370.15,57.48,184.08,1240.74,298.92,46.87,331.71,66.25,41.17,40.75,62.03,121.51,149.65,14.80,103.22,774.66,86.53,47.19,64.39,138.32,200.84,132.87,362.11,30.22,53.01
2023-11-01,171.95,544.50,152.84,198.53,132.46,108.04,241.62,137.00,36.70,596.93,82.85,2715.50,113.01,36.24,536.73,178.35,49.01,73.85,126.53,125.41,164.37,36.68,482.18,270.46,466.44,374.93,59.28,184.31,1300.01,309.42,47.35,339.52,68.76,42.02,42.30,63.04,122.43,151.10,14.92,105.02,785.96,85.70,48.79,67.21,139.46,205.66,133.95,369.33,31.41,53.48
2023-11-02,175.51,558.71,157.74,206.26,135.61,107.83,246.95,138.07,37.36,619.62,84.63,2786.56,115.31,36.83,536.91,182.80,49.54,74.81,127.53,126.44,166.55,37.08,493.20,277.89,478.97,377.41,60.90,181.28,1319.50,308.45,48.54,341.73,69.79,42.47,43.48,63.21,125.18,152.90,17.97,111.15,813.30,93.82,59.70,67.75,140.86,218.51,137.83,376.55,31.73,53.69
2023-11-03,174.60,563.66,161.17,206.97,136.83,112.25,249.98,138.60,39.27,630.43,85.74,2806.32,115.19,37.42,541.67,188.24,49.78,75.14,129.31,128.04,168.84,37.51,491.39,278.52,489.04,380.17,61.96,186.75,1387.79,312.15,50.98,346.12,71.91,43.24,44.97,63.52,121.76,152.86,18.89,113.19,811.42,96.30,61.47,68.19,141.81,219.96,140.56,376.20,32.37,53.41
2023-11-06,177.15,565.45,160.84,208.13,137.43,111.75,252.73,139.74,39.42,625.55,85.56,2916.94,122.73,36.79,550.29,186.78,50.04,74.73,130.38,129.18,167.51,37.45,493.35,277.26,488.29,380.65,62.44,186.61,1374.77,313.34,50.86,349.78,72.25,43.47,45.72,63.74,118.50,152.78,18.54,113.58,826.82,97.59,60.43,67.11,141.66,219.27,138.00,385.76,32.49,53.49
2023-11-07,179.71,585.20,161.36,209.74,138.78,113.45,251.13,142.71,40.89,624.44,87.21,2956.67,117.95,36.43,551.69,192.36,49.89,74.24,131.32,129.90,166.71,38.26,506.57,278.69,492.46,377.06,62.66,189.87,1382.72,316.34,50.80,353.71,72.13,43.46,45.92,64.97,121.04,153.22,18.80,114.33,825.22,97.27,61.69,66.84,141.46,222.18,137.15,378.25,32.43,53.74
2023-11-08,180.77,585.31,162.12,212.79,141.21,113.59,253.13,142.08,40.12,627.37,88.50,2964.95,119.24,35.98,547.93,193.83,49.77,71.74,132.17,130.76,164.93,37.42,514.92,277.93,500.33,379.93,63.28,188.00,1367.34,317.29,51.20,356.33,71.61,43.67,46.54,64.91,120.54,153.41,18.49,113.70,817.27,97.85,62.74,67.80,140.99,222.11,135.87,376.96,32.56,53.30
2023-11-09,180.30,577.74,160.42,213.77,140.18,113.49,244.60,140.60,39.68,622.43,88.53,2955.06,118.70,35.43,543.96,190.76,48.83,69.05,130.62,129.17,165.06,37.30,507.19,272.40,495.66,378.69,63.54,189.77,1341.38,318.05,52.10,353.86,72.89,43.51,46.92,65.21,121.29,152.29,18.27,113.74,794.89,96.43,60.37,67.93,141.23,209.98,134.05,368.57,33.25,53.17
2023-11-10,184.48,597.22,165.40,215.63,147.53,118.59,247.61,143.56,43.79,648.95,93.01,3017.85,119.82,36.32,557.34,196.31,49.39,69.92,132.97,131.50,167.78,38.35,521.34,277.49,522.93,387.27,66.97,192.90,1374.39,326.21,54.22,362.67,74.66,44.72,48.30,65.75,126.75,152.98,19.67,117.63,793.58,98.41,61.34,68.33,141.92,214.65,137.71,373.65,33.87,53.91
2023-11-13,182.90,590.34,163.80,213.61,146.61,116.79,247.04,142.59,41.41,642.39,91.98,3062.01,119.77,35.95,558.41,200.96,49.05,69.01,132.55,131.01,167.60,37.72,524.58,282.48,517.06,387.18,65.80,193.01,1378.29,326.63,53.06,359.74,74.09,44.46,48.59,66.39,127.82,153.76,19.71,117.29,791.35,97.64,62.34,68.37,141.54,223.71,136.48,378.92,34.00,54.39
2023-11-14,185.51,604.33,170.45,217.46,150.86,119.88,250.12,145.80,42.80,662.81,94.51,3115.30,124.49,36.28,570.55,207.97,49.93,68.81,134.33,132.52,170.95,38.89,547.59,291.62,535.36,391.07,67.90,197.55,1430.51,333.69,56.61,363.26,76.46,44.87,49.62,65.53,130.59,154.07,19.94,120.62,788.37,99.61,65.52,70.39,141.35,237.41,140.28,369.95,34.52,54.38
2023-11-15,186.08,595.31,173.52,217.49,152.12,118.00,252.91,143.20,40.45,665.36,94.75,3063.59,120.03,36.86,576.32,204.29,50.04,69.11,135.27,133.52,170.33,40.07,547.61,293.22,535.32,390.09,68.19,196.39,1442.55,330.12,56.75,363.41,76.43,46.19,48.85,64.89,128.09,153.28,19.95,122.09,787.06,100.02,67.85,70.34,141.53,242.84,142.09,349.34,34.64,55.07
2023-11-16,187.76,602.06,172.61,216.97,151.57,119.83,251.14,142.83,38.93,668.17,93.21,3071.47,120.00,36.75,558.75,204.27,45.11,68.63,137.57,135.81,171.38,42.78,549.00,303.95,535.31,395.55,68.44,198.84,1469.55,331.59,54.26,369.80,75.96,46.69,49.45,64.80,121.15,153.71,19.77,121.89,791.19,101.13,67.28,71.32,141.81,233.59,142.11,343.00,34.63,50.62
2023-11-17,187.74,602.66,175.70,216.48,145.48,120.62,247.77,145.18,39.10,673.30,94.97,3077.75,120.02,36.76,557.37,207.09,44.85,69.49,135.82,134.20,171.83,43.23,552.16,305.28,534.47,395.06,68.43,200.88,1448.00,332.43,55.17,363.59,76.84,46.59,49.26,64.57,123.79,152.84,20.49,122.61,797.05,99.58,68.34,71.59,142.02,234.30,144.66,350.50,35.09,50.39
2023-11-20,189.48,612.70,176.43,218.67,149.38,121.53,247.73,146.13,39.50,681.36,96.72,3100.03,120.60,37.21,560.89,207.73,45.33,69.99,136.80,135.13,172.36,44.15,556.44,311.34,547.44,395.44,70.27,202.04,1481.99,337.32,55.96,371.05,77.89,47.45,50.37,65.24,130.29,152.62,21.34,122.65,796.26,98.39,69.51,72.70,142.78,235.60,145.53,356.84,35.64,50.38
2023-11-21,188.68,610.99,173.97,218.20,146.13,119.16,245.37,143.90,38.77,671.66,95.31,3087.37,120.83,36.92,564.27,208.98,44.89,68.79,137.49,135.85,171.85,43.06,554.15,311.82,540.51,398.96,69.12,202.77,1495.48,334.36,54.28,366.75,76.00,47.49,49.91,65.57,132.01,153.79,19.80,120.29,793.47,97.81,69.73,71.76,142.89,241.20,143.55,354.78,34.80,50.56
2023-11-22,189.34,619.72,175.33,218.14,146.67,122.51,247.02,146.71,39.24,672.03,94.42,3072.60,121.56,36.81,568.89,209.61,45.15,69.72,138.88,137.35,172.81,43.09,556.17,315.80,543.92,398.68,70.10,205.47,1525.00,338.83,55.09,371.45,76.39,47.80,48.68,66.10,131.57,155.09,19.69,120.75,794.36,97.57,70.96,72.22,143.17,234.21,144.02,353.23,35.30,50.17
2023-11-24,188.02,619.43,175.70,217.68,147.51,122.31,247.83,146.74,39.49,678.29,95.08,3058.45,122.16,36.90,571.09,210.66,45.42,69.42,137.09,135.57,173.80,43.38,556.01,318.01,545.37,401.20,70.11,204.48,1535.50,335.60,55.62,371.04,76.16,47.96,47.74,65.81,133.04,155.23,19.20,120.99,792.94,96.95,70.35,71.78,143.24,235.45,143.70,353.04,35.07,50.62
2023-11-27,187.84,619.27,176.39,216.27,147.97,122.65,246.72,147.73,39.39,675.54,92.30,3073.39,123.38,36.47,574.51,210.07,45.01,69.00,136.93,135.29,173.41,43.50,553.21,314.98,546.65,399.82,70.59,203.09,1599.21,332.09,55.49,372.20,76.79,47.92,48.21,65.54,134.54,154.26,19.08,121.41,792.72,96.56,73.79,73.18,143.07,236.08,142.78,350.19,35.53,50.85
2023-11-28,188.44,623.32,175.84,216.11,145.28,122.01,247.89,147.03,38.40,663.38,91.92,3084.29,122.74,36.28,573.64,212.35,44.94,68.62,137.49,136.08,174.58,43.65,557.00,310.95,537.02,397.82,69.41,200.30,1589.09,336.35,55.17,376.22,75.42,47.90,47.79,65.16,138.91,154.76,19.71,119.89,795.76,95.44,73.51,72.60,142.66,246.72,143.06,347.04,35.29,51.46
2023-11-29,187.42,617.39,175.37,216.27,146.55,123.85,248.90,146.32,39.03,674.79,91.39,3068.96,118.92,36.08,567.71,234.44,45.12,69.28,135.29,133.88,174.57,44.35,568.99,310.76,534.01,398.46,69.76,198.16,1610.58,329.61,55.69,372.43,75.98,47.72,48.11,64.93,144.46,153.20,19.84,121.91,803.16,94.19,73.33,74.04,143.79,244.14,143.34,351.00,35.61,50.63
2023-11-30,188.00,611.01,176.01,216.98,146.96,121.16,251.74,146.09,37.48,671.01,89.92,3068.38,119.38,36.30,572.42,236.99,45.43,70.54,132.83,131.44,176.06,44.11,563.30,310.84,534.55,400.76,69.95,198.38,1620.46,324.60,55.32,372.49,75.42,47.40,46.74,65.49,147.54,155.41,20.05,122.99,818.28,93.67,72.82,74.63,145.29,240.08,142.88,354.81,36.36,50.50
2023-12-01,189.27,612.47,176.54,219.83,148.74,121.39,254.36,147.03,38.25,679.29,90.34,3101.62,118.23,36.58,575.81,235.03,45.52,71.51,132.23,130.78,177.73,43.16,566.12,315.20,538.85,399.99,70.56,204.82,1652.01,322.29,52.41,368.17,75.23,46.57,46.73,65.37,148.08,155.78,20.27,123.58,809.39,93.57,73.86,74.70,147.02,238.83,145.22,351.16,36.42,50.07
2023-12-04,187.48,604.56,176.73,219.49,145.48,118.57,254.44,144.84,37.37,677.45,89.75,3077.00,117.28,37.33,578.55,237.39,45.12,72.15,129.57,128.21,178.25,41.79,562.32,311.84,529.61,395.08,69.38,205.14,1599.63,317.53,51.63,362.89,73.60,45.39,45.48,65.55,143.30,156.20,18.40,123.85,817.80,92.07,72.52,74.15,147.56,235.58,147.28,350.63,35.73,50.05
2023-12-05,191.43,602.22,174.19,218.53,143.40,118.38,252.88,146.88,37.07,681.58,88.70,3090.28,116.68,36.06,584.60,238.97,45.01,72.77,131.31,129.92,176.98,41.37,563.61,309.52,527.30,392.48,68.12,198.39,1584.60,315.81,50.33,366.21,73.01,45.51,46.54,65.20,146.39,155.09,18.30,124.61,815.39,90.12,74.72,72.61,148.71,238.72,147.13,354.15,35.20,50.52
2023-12-06,190.34,595.70,174.13,219.28,141.98,116.82,251.47,144.52,36.60,679.17,87.78,3092.23,111.08,36.13,586.61,239.42,44.80,73.09,130.36,128.95,177.74,40.72,558.14,310.26,518.84,388.93,67.90,200.41,1569.25,314.98,50.06,362.55,72.45,44.67,45.48,65.68,143.60,154.69,17.13,123.86,830.14,91.52,71.14,73.41,150.16,239.37,146.00,353.46,35.24,49.97
2023-12-07,192.27,608.78,177.81,218.36,145.60,128.37,253.30,146.88,36.84,686.60,89.58,3178.88,109.01,36.54,590.01,240.17,45.32,71.88,137.32,135.81,177.74,41.59,563.33,311.56,531.22,387.31,69.18,203.59,1590.94,324.05,51.81,364.67,72.97,45.20,46.57,63.58,146.80,154.65,17.22,126.70,843.48,90.97,71.86,74.33,150.99,242.64,147.53,353.95,35.61,49.64
2023-12-08,193.70,610.01,178.29,217.68,144.94,128.92,251.25,147.42,37.36,683.44,91.73,3214.94,109.68,36.48,589.84,242.55,45.43,72.77,135.53,133.88,174.88,42.14,565.70,310.42,524.55,389.86,68.71,204.94,1577.98,330.16,52.49,367.89,74.27,45.38,47.48,63.06,149.21,153.00,17.77,126.73,834.50,91.13,72.52,76.03,151.03,243.84,146.92,350.15,36.02,49.12
2023-12-11,191.19,625.20,183.35,221.50,152.22,134.41,254.07,145.89,36.74,697.00,99.98,3285.34,114.55,36.97,602.48,246.97,46.38,73.76,133.60,132.20,180.08,43.95,578.28,315.43,548.87,396.63,71.88,211.86,1614.70,322.75,54.08,365.01,77.07,45.99,46.60,64.37,149.94,154.98,17.77,129.71,842.73,92.56,72.81,77.35,153.40,239.74,149.67,356.29,37.06,49.24
2023-12-12,192.71,633.66,184.16,224.72,154.26,137.61,255.80,147.48,36.26,707.12,104.16,3340.10,112.92,36.98,607.92,248.55,46.33,74.43,132.55,131.43,181.08,43.46,585.69,320.71,550.68,414.58,71.64,212.25,1616.92,331.62,53.86,368.04,77.44,46.30,47.63,64.85,152.79,155.58,17.50,130.27,857.96,92.58,72.50,77.96,154.93,237.01,147.75,357.73,37.34,49.28
2023-12-13,195.92,624.26,185.41,227.13,154.04,138.19,262.92,148.84,37.93,721.58,105.85,3361.42,114.83,37.84,619.99,252.04,46.66,76.52,132.88,131.48,182.49,43.98,601.50,328.96,560.15,397.12,71.98,213.42,1612.16,332.13,56.79,368.03,79.05,48.00,48.06,65.56,156.93,158.85,17.87,132.29,870.24,92.55,73.86,80.60,154.07,239.29,151.39,405.07,37.95,50.16
2023-12-14,196.07,584.64,193.03,224.04,158.70,138.00,257.97,147.42,38.69,739.65,107.48,3377.21,114.01,38.68,609.16,252.68,46.43,76.00,132.12,130.86,182.79,44.58,592.59,326.18,571.65,398.07,75.17,215.40,1603.51,330.58,58.85,359.73,81.43,46.98,48.32,63.41,150.22,155.38,18.21,134.86,870.12,92.29,77.54,80.51,151.49,251.05,157.91,406.60,38.50,49.55
2023-12-15,195.54,584.68,193.72,222.31,158.90,139.15,257.16,149.97,39.95,738.92,109.74,3415.32,117.12,38.55,636.24,260.08,46.83,74.65,132.75,131.51,182.78,45.55,599.82,324.35,574.31,395.79,75.79,216.42,1606.19,332.31,59.15,364.45,80.66,47.21,48.86,63.44,153.65,154.22,18.20,136.41,853.37,91.26,76.82,79.52,150.79,253.50,157.78,410.68,38.14,49.73
2023-12-18,193.88,599.13,189.58,222.98,157.34,138.90,257.19,154.07,40.87,728.22,111.41,3406.89,117.72,38.74,657.89,259.80,47.18,73.88,136.07,134.69,184.31,45.09,609.60,328.42,566.07,397.47,75.43,217.38,1619.57,341.94,59.28,366.34,80.81,48.61,50.05,64.01,153.79,155.99,17.84,135.00,845.16,91.08,77.13,79.22,150.90,252.08,156.64,404.65,38.02,50.46
2023-12-19,194.92,604.64,190.78,221.89,159.28,140.15,259.95,153.79,43.59,730.83,111.20,3450.82,119.15,38.74,654.51,258.33,47.12,73.87,136.98,135.53,183.86,46.04,612.58,335.72,567.42,400.37,76.52,216.67,1629.99,347.63,59.22,366.94,81.41,49.50,49.57,64.28,154.30,155.10,17.95,136.51,842.70,92.18,78.35,79.16,150.52,257.22,157.65,403.14,38.34,50.64
2023-12-20,192.83,596.06,185.34,220.49,153.97,135.47,256.91,152.12,43.10,716.00,108.35,3405.59,115.40,38.30,638.34,253.95,46.77,73.04,138.52,137.21,182.33,45.16,606.92,325.43,552.89,394.80,73.97,212.10,1597.44,346.56,57.12,364.34,77.96,48.93,48.08,63.35,150.49,153.01,17.25,133.85,836.14,89.34,75.42,77.87,149.24,247.14,154.55,400.25,37.19,50.05
2023-12-21,192.68,600.14,189.28,217.42,158.35,139.91,260.78,153.84,43.00,741.19,110.00,3455.01,116.68,38.15,642.36,257.32,46.67,73.35,140.65,139.27,184.26,46.46,612.12,333.45,569.72,397.49,76.12,217.11,1598.33,351.33,59.81,367.21,84.69,49.16,48.96,63.84,149.70,154.19,17.59,135.76,836.23,89.92,76.14,81.15,149.61,254.50,156.07,400.63,39.42,50.40
2023-12-22,191.61,598.75,190.07,219.30,159.00,139.60,265.29,153.42,41.21,738.50,109.49,3470.86,113.74,38.13,648.58,255.63,47.04,74.03,141.56,140.33,184.79,47.37,615.16,336.26,571.88,399.06,76.42,217.87,1589.08,350.64,59.81,368.24,85.69,48.68,48.80,63.47,149.10,154.85,17.41,136.76,841.04,89.88,76.83,81.02,150.37,252.54,157.41,405.25,39.63,51.00
2023-12-26,191.07,598.26,191.78,220.79,161.19,143.41,265.05,153.41,40.40,748.46,110.45,3501.24,115.95,38.07,651.50,257.87,47.22,74.30,141.66,140.36,186.95,49.83,615.93,337.39,580.44,398.27,77.96,218.69,1576.64,352.07,60.70,368.32,86.25,49.12,49.25,62.80,150.41,155.94,17.68,138.63,843.83,90.24,78.21,81.70,151.45,256.61,159.81,407.66,39.71,50.93
2023-12-27,191.16,596.08,192.24,219.90,161.12,146.07,267.50,153.34,40.65,749.78,109.89,3469.82,115.81,38.12,658.59,257.32,47.37,74.69,140.29,139.22,187.83,50.09,620.13,337.47,580.54,399.52,77.89,219.65,1590.88,355.04,60.81,367.74,85.86,49.18,49.39,62.84,148.75,156.44,17.47,138.88,868.50,89.89,78.34,81.52,152.52,261.44,160.21,408.05,39.45,51.40
2023-12-28,191.59,595.52,193.10,220.74,160.05,148.76,269.31,153.38,40.76,743.72,109.53,3485.36,115.50,38.23,654.93,256.13,47.41,75.41,140.13,139.08,187.96,49.72,619.05,338.39,575.43,398.12,77.37,219.30,1581.60,355.53,60.85,368.92,85.20,49.05,49.49,62.75,147.79,156.43,17.56,139.01,875.78,90.49,79.11,82.57,153.49,253.18,160.66,409.27,39.84,51.30
2023-12-29,190.55,596.60,191.48,221.19,159.02,147.41,268.90,151.94,39.85,742.80,108.93,3482.17,115.28,38.00,651.95,255.32,47.44,75.29,139.78,138.54,188.45,49.59,616.10,337.36,570.55,399.03,76.74,220.70,1571.54,351.20,59.87,369.67,84.66,48.69,49.49,63.34,147.44,156.84,17.17,137.84,872.40,90.57,77.90,81.22,154.83,248.48,159.49,406.89,39.41,51.33
2024-01-02,183.73,580.07,186.68,221.62,151.47,138.58,277.64,149.93,38.78,703.55,105.91,3416.73,113.67,38.10,642.64,246.89,47.43,77.36,138.42,137.04,187.81,47.17,595.14,330.98,550.03,397.93,73.41,217.11,1529.16,343.59,57.74,364.59,81.69,46.85,48.14,63.00,144.46,159.68,16.58,133.65,898.93,88.36,73.83,78.67,156.35,248.42,158.36,410.91,38.28,51.86
2024-01-03,182.36,571.79,182.22,220.76,148.60,135.32,280.72,148.47,38.21,690.25,103.30,3346.75,114.26,37.78,636.75,244.36,47.80,77.58,139.22,137.78,183.80,46.43,582.70,322.13,542.37,397.09,72.20,214.37,1500.00,341.79,56.34,364.32,81.61,47.03,47.54,62.91,143.24,159.72,16.09,131.14,911.40,87.94,71.82,76.52,156.52,238.45,156.00,410.71,37.89,51.87
2024-01-04,180.04,567.05,179.44,221.85,146.50,136.01,283.04,144.57,38.12,687.23,102.37,3357.22,113.77,37.19,640.36,245.65,47.40,78.51,136.92,135.27,184.13,46.25,578.44,323.27,536.34,396.97,71.63,215.33,1519.38,344.42,57.70,361.71,82.05,47.47,47.97,62.39,141.65,158.35,16.25,129.78,906.05,88.24,73.42,76.85,156.73,237.93,153.88,416.15,37.65,51.37
2024-01-05,179.32,564.60,179.90,223.32,146.20,138.58,282.88,145.24,38.11,690.22,102.39,3345.64,114.64,37.55,647.93,247.46,47.41,77.42,136.27,134.62,182.90,46.27,580.61,322.50,534.25,397.48,71.76,217.68,1538.83,349.21,59.54,361.52,82.79,47.41,49.07,61.69,141.46,156.01,15.98,130.31,907.04,87.72,74.51,76.38,157.76,237.49,154.47,416.50,37.67,51.02
2024-01-08,183.65,580.55,182.24,224.79,148.71,146.18,290.24,149.10,39.29,707.40,104.89,3399.34,115.42,38.15,653.54,261.28,47.76,78.05,139.39,137.70,182.11,47.81,589.83,328.86,551.96,396.68,74.18,223.36,1575.60,355.87,63.70,368.34,84.28,48.50,52.22,61.86,144.75,156.17,16.67,132.51,896.82,88.85,77.69,77.04,157.80,240.45,157.69,419.12,37.77,51.53
2024-01-09,183.24,586.20,182.99,223.33,148.19,149.26,286.86,151.37,39.14,702.60,105.63,3425.24,114.89,37.76,658.96,273.77,47.24,79.98,141.40,139.79,181.19,47.41,597.43,330.56,546.05,395.12,73.68,221.65,1573.34,354.65,63.07,369.43,82.67,48.21,53.11,61.86,150.21,154.38,16.39,133.33,896.63,87.81,80.11,76.22,157.60,234.96,157.77,421.01,37.20,51.87
2024-01-10,184.28,591.03,181.65,223.40,146.99,148.54,284.35,153.73,40.53,704.40,105.44,3456.58,114.26,37.93,664.47,282.04,47.55,78.53,142.63,141.11,181.88,46.84,600.91,364.45,545.81,394.34,73.45,221.93,1598.16,367.59,63.03,376.29,81.73,47.83,54.32,62.44,158.04,154.15,16.79,132.77,900.08,88.20,81.10,78.64,157.69,233.94,156.48,423.76,38.01,52.52
2024-01-11,183.68,597.49,182.22,223.44,149.09,148.02,282.97,155.18,41.42,705.13,107.34,3487.14,111.36,37.75,665.28,284.52,47.74,79.36,142.50,140.92,181.23,47.01,600.92,362.31,551.75,394.41,74.48,222.14,1591.68,366.79,65.45,378.12,82.73,49.22,54.79,62.97,161.74,153.42,16.68,132.51,909.82,87.67,81.30,77.77,156.60,227.22,154.94,430.08,38.08,52.46
2024-01-12,184.01,596.54,181.64,224.02,148.41,146.56,286.16,154.62,41.71,699.92,108.09,3438.17,111.36,37.50,674.82,283.35,47.64,80.28,143.07,141.48,180.71,46.50,603.97,363.71,550.25,397.29,74.43,220.69,1658.58,371.57,65.26,381.89,81.74,49.22,54.68,63.54,162.62,154.47,16.76,133.62,926.94,86.76,81.40,78.76,156.96,218.89,154.26,433.40,37.64,52.52
2024-01-16,181.74,597.68,181.09,223.39,150.87,158.74,283.33,153.16,40.72,693.33,108.80,3439.45,110.27,37.59,673.10,286.29,47.88,79.91,142.91,141.32,177.72,46.44,596.10,362.33,556.33,395.09,74.57,221.51,1672.67,364.60,65.11,383.66,83.94,48.12,56.35,66.02,166.02,153.46,16.53,134.50,931.03,87.44,81.32,80.69,157.48,219.91,153.33,437.49,39.31,52.69
2024-01-17,180.80,596.10,178.82,223.49,150.49,160.17,283.89,151.71,41.18,698.99,107.70,3425.90,110.38,36.94,675.76,276.27,47.60,80.37,141.73,140.31,177.88,45.45,592.16,358.88,552.10,395.18,73.77,222.84,1635.28,365.50,64.95,382.87,82.62,48.03,56.02,66.14,165.03,153.71,16.39,132.78,922.90,86.57,80.32,79.28,158.63,215.55,151.96,433.76,39.38,52.44
2024-01-18,186.69,593.70,183.20,224.15,157.32,162.67,284.27,153.50,43.09,730.65,111.63,3464.10,109.88,37.11,678.84,283.11,48.03,80.29,143.81,142.30,179.84,46.12,603.54,371.93,579.09,396.25,76.98,227.72,1661.98,373.20,67.78,387.20,84.15,48.53,57.07,67.70,167.88,154.38,16.40,138.47,923.76,88.05,77.52,79.89,159.23,211.88,156.16,432.98,40.30,53.15
2024-01-19,189.59,611.55,187.83,226.20,164.78,174.23,287.37,155.34,41.14,743.70,118.19,3550.19,112.88,37.82,686.41,290.54,48.52,81.12,146.77,145.18,180.43,47.51,614.22,374.82,601.66,395.79,80.96,228.69,1726.19,380.46,70.63,391.92,86.82,48.29,59.45,68.54,168.87,153.10,16.78,144.83,927.14,88.54,80.01,81.27,159.49,212.19,162.47,435.02,41.22,52.87
2024-01-22,191.90,603.59,190.28,227.30,165.13,168.18,289.57,154.78,43.35,752.38,119.10,3441.72,115.60,38.05,683.98,298.66,48.81,72.89,146.51,144.79,180.66,47.58,622.54,375.81,611.58,394.91,81.67,232.32,1756.30,378.81,69.67,389.80,88.53,48.57,59.62,69.06,172.82,152.48,17.60,145.70,936.50,87.79,80.26,82.87,158.74,208.80,163.57,440.11,42.90,52.87
2024-01-23,193.17,597.18,194.19,228.21,163.91,168.42,289.33,156.02,44.73,763.87,119.67,3426.61,117.06,38.34,679.12,297.27,48.99,73.86,147.47,145.83,182.37,48.24,627.68,371.41,607.88,396.29,81.36,232.04,1759.91,382.20,70.15,392.14,86.84,49.22,59.84,68.35,172.09,154.81,17.33,146.30,948.17,86.75,81.14,84.89,158.12,209.14,163.12,439.70,43.45,53.01
2024-01-24,192.50,606.48,191.23,226.39,170.87,178.29,285.22,156.87,43.31,831.51,122.36,3432.62,114.08,38.21,678.05,300.28,48.56,73.91,149.13,147.48,179.61,48.44,628.04,370.07,626.65,389.87,83.10,232.80,1762.70,387.66,71.82,395.74,87.38,54.49,61.32,67.90,170.12,152.93,16.75,147.13,941.88,86.82,80.73,84.84,156.44,207.83,159.12,427.56,43.67,52.26
2024-01-25,192.17,622.58,190.27,224.75,169.38,180.33,289.66,157.75,44.07,852.87,120.03,3439.01,118.89,39.49,671.53,293.46,49.53,74.56,152.39,150.63,182.03,48.90,633.28,374.97,629.83,392.00,84.81,237.35,1738.80,390.12,69.56,398.01,88.49,56.20,61.58,68.27,170.10,153.82,16.46,147.22,942.50,87.36,80.49,86.57,156.98,182.63,156.64,429.96,45.40,53.02
2024-01-26,190.44,613.93,187.02,224.17,163.76,177.25,291.07,159.12,44.30,851.57,117.58,3455.06,119.60,40.35,678.42,290.31,49.35,73.90,152.54,150.94,181.34,43.07,633.15,374.76,588.29,392.55,82.21,236.45,1795.80,391.07,67.61,397.09,87.35,57.04,60.99,68.17,171.22,155.02,16.35,143.65,933.74,87.54,81.55,86.05,156.59,183.25,153.53,430.17,43.82,53.49
2024-01-29,189.76,630.23,190.17,225.69,165.31,177.83,292.64,161.26,46.57,866.16,118.83,3488.71,119.35,40.22,685.46,300.67,49.49,73.48,153.58,152.25,182.47,43.26,644.52,379.16,588.99,394.07,82.87,236.97,1777.43,397.90,69.70,402.78,88.36,57.58,62.43,68.67,172.62,155.28,17.09,142.62,949.39,88.48,83.54,84.32,157.49,190.93,155.35,435.82,44.97,53.74
2024-01-30,186.11,627.96,187.80,226.53,163.11,172.06,293.73,159.00,42.47,851.84,117.90,3489.95,120.20,40.70,692.11,301.35,49.44,73.06,151.80,150.22,185.03,42.35,639.43,377.29,584.34,396.25,81.89,238.00,1735.30,396.94,68.39,401.67,85.48,56.28,62.74,69.41,172.95,156.64,16.74,139.13,953.29,88.74,82.33,83.33,156.15,191.59,152.81,446.08,43.74,53.92
2024-01-31,182.50,617.78,185.50,233.36,161.21,167.69,293.39,155.20,41.13,853.60,115.15,3443.15,120.32,40.60,686.32,292.50,47.49,72.73,140.65,138.95,181.76,42.51,623.25,378.22,583.06,393.32,80.85,234.62,1711.81,387.10,67.27,390.85,85.07,56.41,61.49,68.20,169.26,155.64,16.09,141.54,936.45,87.75,80.07,81.52,155.70,187.29,150.99,433.38,43.09,53.80
2024-02-01,184.94,627.91,185.16,234.59,163.83,170.48,303.01,159.28,40.96,873.93,117.10,3493.19,125.88,40.76,696.83,299.37,47.49,72.64,141.55,140.00,177.31,42.79,624.76,383.83,588.02,397.03,81.54,238.47,1748.28,391.71,66.45,396.94,84.93,56.75,62.99,69.45,169.99,158.56,16.33,134.49,951.35,88.08,76.72,82.58,156.92,188.86,150.59,433.87,43.20,54.80
2024-02-02,183.94,634.76,185.25,236.23,165.02,177.66,301.73,171.81,45.86,874.05,119.47,3496.08,127.93,39.33,701.77,303.57,47.49,71.52,142.37,141.21,176.23,42.04,631.39,383.77,593.15,395.51,82.17,239.89,1772.90,471.29,67.10,404.26,85.79,56.46,66.12,69.82,172.53,157.89,17.02,135.04,938.84,87.72,82.93,83.27,156.23,187.91,150.13,424.68,43.77,55.21
2024-02-05,185.75,630.50,185.69,235.73,167.87,174.23,300.59,170.31,45.48,883.33,121.30,3558.52,125.28,39.14,703.43,302.49,46.86,71.29,143.75,142.50,173.44,42.20,632.40,383.94,603.51,389.24,83.41,239.02,1774.75,455.83,66.60,398.78,86.29,56.21,69.29,70.37,172.24,157.84,16.72,137.27,930.05,87.26,81.40,81.35,156.45,181.06,149.84,428.89,44.01,54.91
2024-02-06,187.35,607.14,182.95,238.13,165.53,167.88,295.08,169.15,46.04,889.57,119.31,3578.10,129.21,38.75,703.07,302.11,47.30,72.23,144.23,142.92,174.01,42.30,627.17,389.69,590.50,403.74,81.77,239.54,1710.39,451.18,66.66,398.62,83.93,55.59,68.18,70.12,170.74,158.30,21.87,137.34,931.52,90.24,81.56,82.01,155.47,185.10,149.34,416.13,43.99,55.29
2024-02-07,187.46,615.85,185.13,237.62,167.69,170.94,276.22,170.53,47.69,906.62,122.67,3640.90,130.68,37.39,711.96,317.78,47.10,69.16,145.49,144.35,174.42,42.34,634.94,391.38,597.64,404.98,83.14,242.65,1713.87,465.93,68.93,407.04,84.50,55.93,70.06,71.13,182.25,158.35,23.60,139.04,932.19,89.91,85.17,82.54,156.23,187.58,149.72,419.08,43.61,55.15
2024-02-08,186.38,615.86,187.14,238.39,170.62,169.35,275.27,169.84,46.55,907.31,124.39,3769.80,128.92,35.98,716.29,323.04,47.27,68.58,146.02,144.71,173.85,42.06,644.71,386.94,607.06,402.23,84.69,244.26,1732.83,466.34,70.57,407.10,84.21,55.85,69.60,68.06,183.51,160.55,24.51,141.23,940.08,91.66,87.87,83.42,155.41,189.56,151.08,423.06,42.99,55.15
2024-02-09,187.15,627.21,188.07,237.35,182.35,172.48,271.79,174.45,46.35,933.52,125.24,3689.26,130.35,36.70,715.54,329.34,47.44,68.46,149.00,147.78,175.09,42.86,649.74,388.22,637.79,407.49,89.31,241.75,1742.26,464.47,68.39,413.43,84.88,56.13,72.09,68.39,188.45,154.84,24.38,143.91,947.02,92.33,90.72,85.07,156.62,193.57,153.14,422.91,42.76,55.12
2024-02-12,185.46,611.84,187.13,237.43,182.05,171.91,274.88,172.34,47.06,913.48,123.44,3720.72,126.74,37.17,714.56,321.29,47.31,69.19,147.52,146.32,177.34,43.58,648.58,382.13,636.07,407.68,88.96,243.53,1733.23,465.25,69.97,408.23,85.02,55.78,72.20,68.43,185.99,157.56,25.05,145.92,940.70,90.60,89.12,84.77,156.21,188.13,151.90,418.53,43.14,55.45
2024-02-13,183.37,601.89,178.11,236.97,176.92,171.54,271.19,168.64,45.83,888.03,122.14,3678.88,126.15,36.51,706.49,322.44,46.98,68.33,145.18,143.95,174.34,42.71,630.12,378.89,629.22,404.41,87.45,229.93,1706.24,456.54,67.70,399.44,80.88,55.45,72.08,69.28,184.13,155.96,24.01,143.00,934.17,89.08,77.18,82.92,155.94,184.02,147.91,416.04,41.65,55.07
2024-02-14,182.49,604.66,179.68,238.22,182.69,178.70,270.81,170.98,46.87,908.79,123.17,3669.75,126.90,36.66,714.33,334.55,47.59,67.88,145.94,144.74,175.11,43.73,648.72,381.76,641.75,406.50,89.72,230.37,1746.37,469.59,68.52,403.30,81.18,57.93,73.85,69.95,184.16,154.70,25.19,146.72,941.46,89.27,80.67,82.59,155.88,188.71,148.87,417.88,42.21,54.90
2024-02-15,182.20,590.44,180.85,239.31,184.13,176.76,271.99,169.80,58.50,914.10,123.45,3681.88,129.69,36.46,716.64,331.38,46.43,68.19,142.77,141.60,177.88,43.60,655.78,380.17,641.74,416.50,89.53,235.36,1771.83,480.26,67.01,400.41,80.98,59.35,72.61,69.86,183.44,155.02,25.41,148.66,948.32,88.46,84.00,83.88,156.02,200.45,151.55,426.29,42.15,55.12
2024-02-16,180.67,546.66,181.53,240.18,195.82,173.87,266.93,169.51,59.87,913.21,121.54,3648.68,129.36,35.98,716.12,329.24,45.84,66.52,140.61,139.37,177.18,43.06,647.35,378.63,650.57,419.35,90.73,236.48,1768.78,469.63,65.87,397.95,78.87,58.40,72.57,70.07,183.21,153.59,24.44,145.52,941.69,88.46,81.29,83.27,154.90,199.95,151.24,422.20,40.64,55.47
2024-02-20,179.92,541.91,182.65,240.15,185.58,165.69,266.75,167.08,57.33,894.17,119.69,3632.99,129.99,36.34,717.81,323.71,45.69,66.95,141.04,139.96,178.77,44.06,637.64,377.64,641.14,423.56,88.22,237.76,1740.01,468.08,64.63,396.70,80.07,57.51,69.41,69.04,183.04,155.75,23.40,144.83,940.52,88.69,78.62,82.55,156.49,193.76,153.46,420.64,40.74,57.26
2024-02-21,180.68,538.52,186.81,241.09,187.07,164.29,266.71,168.59,55.42,892.83,119.78,3672.52,129.59,36.51,715.16,292.36,45.88,68.03,142.67,141.38,179.30,43.02,630.10,380.23,641.29,426.96,88.37,238.67,1737.77,464.88,65.11,396.10,80.84,57.33,67.43,69.32,130.99,155.91,22.74,144.88,946.45,90.17,75.59,80.77,158.42,194.77,154.73,419.63,40.18,56.56
2024-02-22,182.71,537.57,185.07,241.88,196.31,181.86,268.33,174.58,57.80,935.73,127.34,3830.43,131.56,36.56,726.42,310.91,45.97,67.64,144.14,142.91,180.45,42.54,649.50,389.08,672.62,434.32,92.53,244.52,1817.98,482.86,69.43,405.43,85.23,58.85,78.49,70.32,133.91,155.38,23.59,147.49,958.42,90.89,75.03,83.74,157.94,197.41,156.00,426.78,41.92,57.11
2024-02-23,180.87,553.44,183.33,242.94,193.78,176.52,272.09,174.99,57.39,917.45,126.50,3441.67,132.15,36.55,729.91,311.49,46.24,68.35,144.11,142.78,180.29,42.55,651.37,389.77,657.91,434.83,90.97,246.65,1629.32,480.77,67.15,404.14,85.32,58.36,78.77,70.53,141.04,156.62,22.97,147.64,974.62,90.74,76.24,83.70,158.70,191.97,154.36,430.11,42.19,57.16
2024-02-26,179.53,560.48,182.27,240.73,200.06,176.01,269.45,174.73,58.99,931.55,127.75,3435.57,131.39,36.80,737.25,321.03,45.81,67.79,137.62,136.44,179.00,42.55,655.34,388.27,672.67,432.29,91.98,244.43,1610.13,478.50,68.19,401.38,88.75,58.76,79.04,70.80,151.39,155.39,23.56,149.66,982.64,89.47,77.56,84.35,158.28,199.40,154.93,433.48,42.96,58.22
2024-02-27,180.98,552.49,182.33,238.61,199.38,178.00,262.03,173.54,60.63,925.43,126.49,3414.34,153.62,36.87,736.62,321.21,45.72,67.86,138.96,137.74,178.09,42.29,660.79,386.46,666.53,432.15,91.19,244.24,1607.44,483.77,68.69,401.32,91.12,60.17,78.65,72.12,157.38,155.29,24.53,150.87,986.68,89.33,76.63,86.29,158.97,199.73,155.54,430.92,43.26,58.21
2024-02-28,179.78,551.82,181.07,238.84,194.15,176.54,261.06,173.16,58.01,923.59,125.82,3431.52,168.48,36.77,739.83,320.94,45.48,67.56,136.31,135.26,177.54,41.56,650.72,386.59,662.03,438.37,90.40,244.20,1579.49,480.76,67.11,401.56,89.00,59.65,77.62,72.86,158.07,154.25,24.42,149.29,980.98,88.25,75.56,87.16,158.18,202.04,153.75,426.97,43.24,58.24
2024-02-29,179.12,560.28,184.98,238.44,198.16,192.53,257.65,176.76,59.72,935.57,126.91,3405.22,166.13,37.38,735.81,324.15,45.78,67.00,138.64,137.33,179.56,42.61,654.41,385.60,671.17,436.06,91.93,245.07,1595.30,486.83,71.21,407.39,89.89,60.29,79.06,72.49,155.27,153.85,25.08,151.15,959.61,90.06,76.37,88.53,158.32,201.88,157.79,420.74,44.76,57.25
2024-03-01,178.04,570.93,189.17,237.07,206.65,202.64,263.76,178.22,62.26,974.16,136.53,3435.55,167.65,37.34,741.30,314.60,45.81,67.20,136.96,136.02,179.51,43.37,657.99,397.90,705.87,436.43,96.17,245.19,1612.75,498.92,77.12,409.22,94.40,61.93,82.23,72.36,151.20,153.16,24.93,156.23,976.22,88.41,76.59,92.44,158.39,202.64,161.30,432.76,48.39,57.40
2024-03-04,173.52,567.94,188.60,233.76,205.90,205.36,262.88,177.58,61.87,981.14,136.84,3397.92,173.57,36.51,750.93,313.81,46.50,67.14,133.11,132.26,180.03,45.14,659.86,400.59,706.11,442.64,95.77,242.66,1560.08,494.84,78.85,408.65,95.01,61.58,85.18,71.87,149.72,153.88,24.04,159.55,964.67,87.74,75.77,93.60,158.36,188.14,162.61,424.03,48.41,57.92
2024-03-05,168.59,544.84,183.90,231.67,203.83,205.13,260.30,174.12,60.96,952.44,131.03,3367.34,174.34,36.69,751.69,297.56,46.33,67.83,132.69,131.58,178.32,42.71,631.54,387.32,694.36,447.85,94.36,243.11,1527.29,486.92,78.23,396.56,93.72,59.85,85.92,71.98,145.57,150.78,23.81,154.65,958.73,86.56,73.47,93.84,160.84,180.74,160.91,415.44,47.78,58.65
2024-03-06,167.59,543.09,185.74,231.44,208.53,210.63,260.24,173.51,62.62,986.93,131.74,3365.16,177.51,36.77,764.84,329.57,46.54,67.50,131.48,130.32,181.16,44.05,641.96,388.16,703.79,450.43,96.20,242.35,1525.59,492.75,80.86,396.01,94.80,59.77,88.65,72.11,139.43,151.68,26.16,160.82,965.58,86.97,74.01,89.57,162.32,176.54,162.07,411.85,48.69,59.16
2024-03-07,167.48,556.04,192.07,233.24,208.97,211.38,256.73,176.82,63.19,1029.66,137.30,3422.72,177.46,36.41,777.05,329.68,46.28,68.45,134.14,133.28,183.07,45.67,641.03,392.68,711.47,452.06,97.45,242.16,1529.94,508.74,84.55,402.96,98.20,60.85,92.62,72.63,143.24,151.78,26.46,168.32,966.78,86.31,75.33,89.25,159.38,178.65,165.28,410.54,48.38,58.96
2024-03-08,169.19,551.69,189.84,231.48,202.04,207.39,257.57,175.35,63.42,977.50,127.71,3430.53,168.56,37.14,717.68,322.85,46.85,69.81,135.18,134.30,181.39,43.55,643.39,391.85,687.81,449.40,93.73,245.47,1512.50,502.54,74.94,400.08,96.85,60.48,87.48,72.28,140.10,151.72,26.04,163.39,962.33,86.41,76.16,88.19,158.99,175.34,162.48,413.59,47.41,58.72
2024-03-11,171.19,560.42,192.04,233.09,197.92,198.39,259.09,171.96,60.03,946.37,126.19,3447.30,165.93,37.98,706.32,317.37,47.53,70.00,137.81,136.54,180.97,44.40,642.54,378.90,674.20,456.13,91.24,243.69,1547.32,480.33,71.90,398.40,93.76,60.09,85.73,72.41,141.66,153.29,25.35,163.92,957.97,87.37,74.97,87.28,159.74,177.77,164.26,414.47,46.70,59.25
2024-03-12,171.67,579.14,193.00,233.64,201.43,202.76,260.20,175.39,61.11,967.63,126.07,3444.61,166.38,37.68,728.87,329.27,47.39,69.77,138.48,137.36,179.93,44.77,654.16,389.40,687.01,458.06,93.36,245.87,1545.56,496.38,71.32,409.00,96.65,61.11,91.86,72.97,142.37,153.11,24.70,165.80,964.06,87.68,76.36,86.68,158.69,177.54,164.84,412.45,47.39,59.98
2024-03-13,169.59,573.55,192.42,233.21,197.12,194.79,259.68,176.56,63.09,952.38,122.75,3444.61,165.88,37.76,726.22,332.17,47.42,70.57,139.62,138.64,180.47,42.78,646.69,382.99,677.48,462.75,90.99,246.58,1550.62,492.23,67.20,408.83,93.41,60.94,90.84,73.43,145.06,153.82,25.00,162.13,958.99,86.93,78.68,84.36,159.09,169.48,162.84,413.20,47.02,59.86
2024-03-14,171.44,570.45,188.38,232.29,197.31,187.06,255.49,178.75,63.19,943.53,123.18,3455.98,162.70,37.35,724.00,328.59,47.12,69.67,143.16,141.93,177.41,42.31,641.72,384.31,681.04,461.82,90.89,243.23,1561.27,488.52,65.66,418.79,90.71,61.30,87.89,74.46,143.79,153.33,24.43,161.36,952.60,86.98,78.42,81.59,157.90,162.50,161.38,408.77,45.76,59.81
2024-03-15,171.06,492.46,189.13,231.18,195.24,191.06,252.98,174.42,63.13,924.29,120.56,3359.95,163.56,37.31,717.75,315.65,46.31,69.18,141.01,140.02,178.63,42.20,617.51,396.28,672.75,456.26,89.36,239.38,1499.51,480.84,66.45,410.13,92.51,60.59,87.79,74.21,141.08,153.22,23.49,160.16,958.00,85.52,77.15,81.83,156.88,163.57,162.69,407.69,45.00,59.47
2024-03-18,172.15,513.86,185.27,230.95,197.29,190.65,254.89,174.48,68.15,925.40,120.73,3396.31,166.85,37.62,723.59,321.06,46.63,68.78,147.27,146.47,177.78,42.27,622.32,392.62,679.44,454.19,90.85,243.74,1509.05,493.63,66.78,411.01,93.04,61.84,88.41,74.26,142.62,159.36,24.00,159.89,953.48,86.37,77.52,81.24,156.24,173.80,159.56,411.38,44.64,59.65
2024-03-19,174.49,521.19,184.61,233.13,197.89,181.42,255.67,175.90,67.64,935.79,120.81,3450.49,170.37,37.50,724.22,320.86,46.51,68.92,146.72,145.82,179.84,41.62,626.43,390.53,669.95,454.80,91.42,245.02,1519.44,492.90,64.65,415.04,93.26,62.07,89.35,75.64,140.29,159.87,23.80,157.19,957.19,86.92,77.53,82.36,155.84,171.32,157.25,415.20,45.01,59.66
2024-03-20,177.06,519.14,188.27,236.56,201.54,179.73,256.91,178.15,70.52,954.48,125.05,3521.86,173.63,37.60,732.67,326.87,46.89,69.46,148.46,147.52,181.78,41.76,631.46,390.37,684.60,454.86,93.19,249.17,1528.84,502.12,65.13,418.80,95.49,62.77,90.32,76.35,141.02,159.92,24.57,160.61,960.47,87.87,81.33,83.85,156.25,175.66,160.29,412.11,45.70,60.03
2024-03-21,169.82,511.25,189.08,237.73,207.19,178.68,260.58,178.15,71.91,974.02,132.10,3590.08,172.07,37.41,734.49,329.46,47.21,68.62,147.53,146.39,181.96,41.98,642.95,391.96,701.50,454.38,96.48,250.36,1555.69,504.34,66.17,422.88,108.98,62.27,91.38,77.53,143.82,160.47,24.49,163.66,961.51,86.98,79.59,84.84,156.03,172.82,162.75,415.71,47.97,60.23
2024-03-22,170.73,499.52,187.49,236.45,206.65,179.65,259.85,178.87,71.23,963.37,132.64,3567.36,176.13,37.28,726.82,327.58,47.11,68.17,150.53,149.53,181.37,42.13,635.50,394.07,698.97,456.27,96.02,250.26,1571.99,506.15,66.12,422.26,109.34,62.80,94.24,77.84,143.39,160.07,24.18,162.94,960.75,86.08,78.72,85.37,155.72,170.83,162.65,415.66,48.12,59.66
2024-03-25,169.31,507.23,184.70,233.20,204.89,178.63,264.22,179.71,72.60,962.36,132.45,3569.54,185.05,37.20,723.02,324.76,47.02,68.14,149.92,148.84,179.34,41.40,630.91,391.71,688.32,454.96,95.39,247.26,1550.07,499.63,65.70,416.47,116.20,62.75,94.95,75.80,142.54,160.61,24.51,160.47,954.64,86.04,78.42,84.61,156.21,172.63,161.11,416.03,48.90,59.37
2024-03-26,168.18,507.60,183.08,234.03,203.13,177.87,265.12,178.30,71.09,954.86,130.48,3603.14,183.22,37.06,723.04,330.01,46.89,67.98,150.46,149.43,181.62,41.56,631.86,397.63,677.19,455.60,94.97,247.33,1537.46,492.55,67.83,415.28,117.86,62.92,92.51,75.65,143.35,160.73,24.89,160.04,957.08,85.75,78.53,90.85,156.19,177.67,158.34,418.46,51.29,59.31
2024-03-27,171.75,504.40,187.32,237.14,204.43,179.59,269.38,179.83,68.86,957.52,129.23,3615.36,182.71,37.57,724.13,322.25,47.10,68.55,150.70,149.63,185.35,43.32,640.44,400.10,685.51,454.31,94.82,248.69,1522.65,490.53,71.85,415.06,118.31,61.35,90.20,75.70,141.13,161.51,24.51,162.01,959.82,86.83,78.62,90.72,157.07,179.83,163.02,417.32,50.91,59.51
2024-03-28,169.93,504.60,191.64,238.49,202.69,180.49,267.52,180.38,69.22,954.04,129.89,3570.46,182.67,37.82,724.67,320.59,47.24,68.77,151.02,149.69,185.46,43.71,641.68,399.09,687.18,452.45,95.40,247.46,1511.96,482.31,70.43,414.36,117.07,60.73,90.31,75.26,142.07,162.85,23.01,162.17,956.03,86.73,77.17,89.25,158.25,175.79,164.28,418.01,51.36,58.97
2024-04-01,168.50,502.09,190.50,234.26,205.11,183.34,266.31,180.97,69.14,976.14,132.32,3512.39,183.78,36.88,713.40,319.59,47.36,68.42,155.23,154.22,182.53,44.06,631.65,394.87,699.29,451.55,96.40,246.50,1528.95,488.04,72.74,418.15,123.43,61.43,90.31,75.35,139.71,160.96,22.86,164.49,962.81,86.86,78.19,88.03,157.71,175.22,163.30,420.48,53.32,58.81
2024-04-02,167.32,499.21,188.82,236.50,202.58,178.70,259.89,180.69,69.72,950.34,131.20,3509.65,185.91,36.74,703.57,319.55,46.71,67.68,154.60,153.29,180.92,43.49,618.57,382.36,682.61,449.55,94.98,242.98,1512.51,494.02,73.12,415.07,121.89,61.42,89.40,76.01,136.70,159.53,22.72,163.84,948.27,84.74,78.12,86.55,157.14,166.63,160.65,409.42,51.80,57.98
2024-04-03,168.12,497.01,189.28,234.08,203.82,180.77,258.20,182.41,72.86,963.67,133.59,3574.89,188.01,36.50,698.02,320.04,46.50,66.56,155.10,153.65,178.88,39.91,615.03,383.42,686.16,450.65,96.06,245.77,1504.98,503.33,72.57,414.09,127.12,63.01,88.91,75.53,134.77,157.89,22.70,166.59,944.57,84.17,75.64,87.89,158.28,168.38,160.63,408.81,53.90,58.25
2024-04-04,167.30,487.11,185.98,230.61,199.90,165.83,252.25,180.00,72.78,937.27,129.11,3466.19,180.95,36.13,697.22,309.19,45.90,65.30,150.70,149.30,177.14,39.32,613.33,378.92,661.78,445.57,93.44,244.11,1487.81,507.48,70.43,411.56,123.23,61.71,85.86,73.31,132.60,157.87,22.48,162.62,930.73,83.15,74.81,87.05,156.69,171.11,158.92,404.01,53.09,58.32
2024-04-05,168.05,485.12,188.70,233.82,204.29,170.42,254.00,185.07,74.79,962.97,131.26,3544.89,190.80,35.94,705.97,315.50,46.32,65.33,152.69,151.25,178.14,38.31,627.60,388.39,671.71,452.82,95.10,249.05,1501.72,523.79,72.19,419.09,122.72,63.62,87.96,74.50,134.51,157.39,22.96,164.31,936.37,82.42,75.28,86.31,156.20,164.90,157.95,406.67,55.02,58.66
2024-04-08,166.93,484.28,190.57,235.53,205.46,169.90,253.29,185.19,78.05,966.07,130.94,3544.18,189.71,35.78,704.08,313.73,46.03,65.18,154.87,153.58,178.69,37.59,637.02,386.93,679.56,449.87,94.97,249.78,1488.58,515.75,71.47,418.17,122.09,62.84,87.08,73.82,134.29,157.80,23.00,166.31,932.18,82.74,74.38,85.51,156.00,172.98,159.80,404.22,54.90,58.59
2024-04-09,168.14,492.55,197.77,238.74,206.80,170.78,254.38,185.67,76.52,973.07,130.74,3524.80,185.88,35.28,710.78,310.77,47.72,65.66,156.85,155.32,179.28,37.93,636.73,390.96,685.47,446.23,95.57,250.04,1495.01,513.42,72.88,419.84,121.78,61.82,85.31,73.05,139.57,158.76,22.81,168.18,937.56,82.68,74.92,85.87,156.09,176.88,163.57,404.48,54.68,58.60
2024-04-10,166.27,487.22,190.22,234.71,205.66,167.14,250.70,185.95,76.34,958.11,129.59,3529.37,188.82,34.91,714.73,312.53,46.95,63.95,156.38,154.86,176.78,36.82,621.18,388.46,675.92,438.97,94.42,249.46,1478.00,516.33,70.98,416.86,121.35,61.86,86.99,72.87,140.50,157.21,22.42,163.67,929.92,81.56,71.98,84.40,155.49,171.76,159.29,397.58,54.38,59.41
2024-04-11,173.46,484.28,192.46,233.41,209.33,170.50,254.04,189.05,78.24,975.38,135.48,3580.30,190.60,35.27,724.39,317.80,47.26,64.45,159.48,158.10,177.88,37.24,620.54,392.26,689.19,441.42,96.57,253.58,1507.56,519.64,71.14,421.46,126.62,62.88,90.56,72.20,141.93,156.66,22.84,167.76,914.14,81.52,71.57,85.15,155.79,174.60,161.44,400.23,55.62,58.89
2024-04-12,174.96,474.09,186.29,232.86,204.30,163.28,251.48,186.13,75.57,945.56,131.72,3475.90,189.41,34.60,723.36,309.05,46.27,63.91,157.89,156.44,177.24,35.32,614.02,384.80,669.68,435.97,93.97,246.23,1444.14,508.45,69.78,415.52,121.67,62.28,88.14,71.77,139.54,156.42,22.67,164.08,898.63,80.59,70.00,81.71,155.17,171.05,156.85,396.55,54.23,58.94
2024-04-15,171.13,470.10,184.37,233.08,202.15,160.32,249.82,183.62,71.43,938.65,128.45,3430.46,183.21,34.65,710.48,299.50,46.03,63.61,155.06,153.59,175.33,35.94,605.13,377.36,667.43,433.38,92.90,243.63,1415.88,496.86,67.51,407.39,120.52,60.72,85.95,71.28,136.07,155.35,21.90,162.69,892.53,80.82,68.57,80.45,154.95,161.48,156.87,397.36,53.01,58.74
2024-04-16,167.85,476.22,185.28,233.21,205.89,163.46,249.94,183.32,72.32,960.38,130.25,3412.89,184.45,34.38,708.19,299.15,45.72,63.19,154.73,153.13,172.33,35.89,604.51,378.55,682.00,434.38,94.58,240.90,1397.88,496.39,67.91,408.31,120.92,61.75,87.37,72.63,137.51,155.86,21.88,161.48,888.14,81.06,68.70,80.26,154.92,157.11,158.04,394.17,53.48,58.65
2024-04-17,166.48,474.45,183.54,231.95,196.46,154.02,248.46,181.28,70.90,892.24,125.70,3389.40,183.21,34.26,707.42,293.69,45.60,62.84,155.60,154.20,172.00,35.31,606.21,374.17,648.23,435.37,89.57,233.88,1397.86,490.84,66.12,405.61,115.52,61.37,83.99,72.99,138.66,157.71,21.31,157.40,895.14,81.81,69.41,80.76,155.21,155.45,156.25,393.10,52.81,58.46
2024-04-18,165.53,473.18,181.74,231.09,190.99,155.08,247.22,179.22,68.86,873.98,123.38,3375.85,181.69,34.82,703.52,294.10,45.90,62.11,156.18,154.73,172.65,34.68,601.43,372.63,633.72,435.02,87.28,231.76,1370.25,498.42,64.88,398.16,111.15,61.06,84.62,73.40,140.57,160.30,21.13,154.65,887.99,82.70,69.51,80.03,155.95,149.93,154.34,393.48,51.42,58.08
2024-04-19,163.51,465.02,177.66,232.35,186.52,146.64,253.04,174.63,66.80,844.99,118.06,3360.78,178.76,35.36,701.80,282.64,46.10,62.68,154.45,152.83,175.53,33.85,598.26,366.34,617.92,434.89,85.45,231.46,1356.43,477.83,61.79,393.09,106.03,55.50,76.16,72.73,138.85,162.03,20.47,151.00,890.80,83.14,69.67,79.09,157.38,147.05,150.58,394.28,49.71,58.35
2024-04-22,164.34,466.89,180.51,235.21,186.21,148.64,255.84,177.23,67.85,857.29,119.99,3408.19,181.06,35.65,707.69,289.15,45.93,62.86,156.66,155.00,176.72,34.05,602.81,368.93,623.31,435.54,85.23,232.85,1368.23,478.49,62.54,394.90,108.36,55.46,79.47,72.76,140.84,164.20,20.97,153.44,894.12,83.68,70.55,81.70,157.41,142.05,154.11,399.92,50.46,58.94
2024-04-23,165.39,472.90,184.02,235.72,189.93,152.27,257.37,179.54,71.18,886.31,122.42,3478.06,186.03,35.47,714.83,299.65,46.10,62.93,158.62,156.96,177.24,33.93,623.68,377.08,637.64,433.68,87.13,235.08,1395.00,492.76,63.51,401.41,111.68,57.78,82.38,72.82,146.74,159.33,21.64,154.56,901.23,83.39,74.01,83.00,158.28,144.68,156.04,404.91,52.62,57.91
2024-04-24,167.50,477.12,190.39,235.50,192.70,151.74,256.88,176.59,69.70,877.21,123.17,3461.85,183.96,35.34,716.03,297.62,46.13,62.98,159.79,157.83,176.00,34.14,628.23,375.01,645.83,432.96,86.89,239.37,1370.00,490.18,64.49,402.88,111.00,55.51,79.63,72.85,146.91,165.09,21.59,156.74,900.46,84.22,72.26,83.55,159.18,162.13,164.85,400.76,52.34,58.68
2024-04-25,168.36,473.44,191.78,235.24,194.11,153.76,253.46,173.67,69.21,887.23,126.85,3447.05,185.79,33.28,715.16,298.02,45.89,61.28,156.66,154.72,174.41,34.75,619.24,373.12,661.98,432.48,88.51,237.29,1363.83,438.41,67.11,393.01,110.80,56.48,82.59,70.28,144.40,164.41,21.71,156.43,884.70,83.36,70.55,83.70,159.05,170.18,165.26,397.70,52.26,59.01
2024-04-26,167.77,477.56,195.69,232.12,199.89,157.40,254.02,179.62,73.82,905.29,131.72,3465.35,186.15,33.89,722.42,304.07,45.67,61.42,172.28,170.54,174.79,31.55,629.28,375.33,694.74,431.85,90.86,236.21,1406.00,440.31,69.24,400.18,114.04,56.12,87.69,69.60,145.71,163.38,22.52,158.69,877.27,83.75,71.33,82.53,158.96,168.29,167.36,397.48,53.71,58.96
2024-04-29,171.94,473.07,197.56,232.96,201.74,160.20,260.05,180.96,72.99,896.23,131.18,3459.17,186.38,34.14,719.59,304.04,45.59,61.91,166.53,164.79,175.08,31.04,631.10,374.14,702.29,433.69,91.20,235.87,1438.36,429.71,68.37,396.17,113.56,55.95,87.71,69.14,146.71,163.90,22.83,162.08,886.49,83.82,72.48,82.56,159.24,194.05,169.07,396.20,52.58,59.04
2024-04-30,168.79,462.83,194.37,230.99,195.24,158.38,257.75,175.00,70.57,859.48,127.42,3397.40,183.74,33.49,716.19,292.54,44.83,61.21,163.30,161.45,174.14,30.16,618.48,370.62,678.05,429.69,87.82,231.59,1458.70,427.27,65.55,383.44,112.17,55.06,86.35,67.55,145.45,163.69,21.97,158.87,884.68,83.97,70.20,82.40,159.17,183.28,166.36,392.81,53.31,58.17
2024-05-01,167.77,469.39,187.86,236.18,190.66,144.27,260.98,179.00,69.74,840.14,121.80,3361.58,182.38,33.57,715.52,295.44,44.69,61.50,164.22,162.52,176.47,30.06,608.17,371.70,655.18,431.30,85.24,229.36,1456.51,436.23,63.47,388.97,108.94,55.17,82.99,67.01,143.67,162.98,22.12,157.20,897.42,70.64,70.40,82.31,160.43,179.99,165.21,402.14,53.07,57.68
2024-05-02,171.47,476.57,190.38,231.12,194.52,146.16,261.94,184.72,72.47,857.32,121.38,3417.95,183.98,33.71,725.65,303.54,44.64,61.34,167.09,165.25,174.97,30.20,607.03,377.65,670.93,408.89,86.77,231.03,1505.99,438.71,66.30,391.83,111.55,56.51,85.77,67.08,147.66,163.26,22.55,172.52,931.32,71.11,72.00,82.77,159.88,180.01,165.78,400.16,52.47,58.52
2024-05-03,181.73,486.18,193.42,230.99,200.59,150.60,292.89,186.21,75.07,888.21,125.25,3520.76,192.56,34.00,737.00,310.21,44.96,60.82,167.61,165.87,176.93,30.58,622.08,381.36,685.23,412.77,89.21,230.08,1630.56,448.92,68.13,400.51,113.90,57.93,88.74,67.53,148.10,163.91,23.33,172.08,950.58,69.38,74.46,83.93,159.58,181.19,168.71,401.08,53.40,58.63
2024-05-06,180.07,493.59,196.99,231.80,205.28,155.78,281.78,188.70,76.85,903.27,128.41,3541.46,195.36,33.82,749.43,317.81,44.95,61.53,168.45,166.72,176.19,30.77,627.39,383.05,706.67,415.71,90.78,232.27,1653.85,462.54,69.44,407.29,119.29,59.70,92.09,67.74,150.29,163.61,25.21,174.20,952.21,69.18,77.37,86.18,157.42,184.76,171.31,402.50,54.64,58.68
2024-05-07,180.75,492.27,197.24,234.07,203.77,154.43,282.55,188.76,77.09,894.70,127.70,3548.35,198.19,33.82,764.15,312.55,45.11,61.46,171.57,169.85,177.87,30.49,633.83,388.65,702.73,419.01,89.83,231.45,1688.69,465.09,68.30,403.15,118.38,60.60,90.50,68.05,152.76,165.65,21.40,172.57,963.46,68.80,77.05,85.85,157.25,177.81,173.50,410.24,53.80,59.41
2024-05-08,181.09,488.10,198.49,231.99,203.81,153.62,289.15,188.00,74.00,897.90,129.88,3602.07,205.54,34.32,756.33,313.76,45.80,60.95,169.77,167.99,178.95,29.81,625.21,380.37,705.46,416.77,89.67,230.83,1716.78,469.42,67.74,404.33,118.49,60.95,90.36,68.02,151.51,165.09,21.56,172.95,949.35,69.75,62.73,86.37,157.87,174.72,174.71,418.82,54.22,59.10
2024-05-09,182.91,482.65,198.42,234.10,202.79,152.39,294.37,189.50,84.69,899.94,127.95,3720.21,213.36,33.87,771.81,317.94,45.60,60.63,170.18,168.57,181.28,29.90,619.70,385.45,699.08,418.87,89.11,232.97,1695.40,472.22,67.31,406.09,116.99,61.21,88.70,68.71,147.84,165.69,21.14,172.94,961.50,71.82,62.45,87.93,159.66,171.97,176.02,418.99,54.26,59.44
2024-05-10,181.65,482.29,200.74,235.74,206.13,151.92,291.82,187.48,86.43,916.44,130.61,3745.52,212.39,34.55,779.89,320.76,45.86,61.93,168.90,167.27,183.35,29.66,625.09,386.70,706.56,423.28,89.88,235.84,1693.97,472.99,68.09,408.47,120.40,61.09,89.83,67.96,148.74,167.30,20.60,174.42,967.27,72.23,58.94,90.17,159.20,168.47,177.66,422.78,53.89,59.48
2024-05-13,184.85,483.11,201.90,236.63,203.09,150.56,290.22,186.57,86.37,903.59,131.07,3685.73,211.07,34.89,767.96,319.18,46.45,63.41,169.51,167.75,184.15,30.32,620.03,380.88,702.50,423.66,88.74,232.93,1677.34,464.86,68.64,407.47,122.14,61.66,90.35,67.52,151.12,168.33,20.94,176.46,970.40,72.29,58.78,89.35,158.37,171.89,178.39,429.93,53.41,59.41
2024-05-14,185.99,475.95,205.35,234.44,206.22,153.16,293.01,187.07,83.44,901.41,135.24,3713.14,215.17,34.89,770.68,329.55,46.71,63.51,170.53,168.94,183.61,30.85,628.16,384.19,719.48,421.06,89.60,231.34,1683.91,468.67,67.65,410.26,123.94,61.37,91.30,67.12,150.77,167.38,21.44,181.02,978.03,71.77,58.03,92.29,157.46,177.55,181.53,428.59,55.35,58.87
2024-05-15,188.26,485.35,209.04,235.51,213.76,159.67,300.18,185.99,84.06,923.47,140.74,3732.51,220.67,34.49,779.74,343.12,47.39,62.91,172.46,171.10,185.28,31.07,647.65,399.39,748.85,419.81,93.06,231.46,1718.50,478.30,69.77,417.44,126.92,61.35,94.58,67.36,156.16,166.99,21.67,186.42,971.65,71.84,58.77,94.69,157.72,173.99,185.71,437.49,56.96,58.84
2024-05-16,188.38,482.88,207.46,238.79,210.36,162.62,298.22,183.63,83.23,905.85,138.39,3675.90,213.78,34.60,785.71,339.06,46.12,63.71,174.00,172.75,187.68,31.83,645.91,396.43,738.76,418.70,92.58,234.37,1739.15,470.04,72.68,415.37,127.00,61.05,94.31,67.07,158.39,170.39,21.65,185.14,961.48,71.98,57.81,94.23,158.60,174.84,185.18,440.64,55.77,62.95
2024-05-17,188.41,483.43,207.42,240.96,208.44,164.47,296.09,184.70,82.49,911.20,136.74,3649.66,210.59,34.51,788.43,345.93,45.96,63.58,175.85,174.62,187.09,31.63,653.63,398.82,736.98,421.46,89.55,233.16,1749.17,468.73,71.53,414.60,124.42,62.11,92.43,67.47,158.93,169.53,21.76,185.70,975.70,74.44,58.53,91.38,159.00,177.46,185.23,445.21,54.26,63.58
2024-05-20,189.57,484.69,210.71,240.43,216.18,166.33,298.05,183.54,84.57,925.46,138.57,3708.98,212.53,34.46,785.64,348.75,44.97,63.75,177.01,175.47,185.87,31.90,662.50,400.03,761.75,421.55,92.50,235.71,1787.73,465.68,74.06,419.67,128.10,64.08,94.73,66.36,161.88,167.78,21.62,189.44,980.65,74.14,58.91,92.86,158.91,174.95,189.20,445.87,54.98,63.12
2024-05-21,190.87,481.85,209.90,240.78,216.03,164.66,298.35,183.15,84.00,911.50,137.12,3761.85,219.96,34.46,793.50,349.32,44.79,63.18,178.08,176.39,184.86,31.54,660.19,402.11,754.19,423.92,94.65,233.70,1772.07,461.50,72.90,423.32,126.61,65.06,95.33,66.37,155.83,168.50,21.24,192.40,987.28,74.31,57.02,89.78,159.35,186.60,189.02,442.00,55.70,64.08
2024-05-22,189.43,483.93,232.69,242.57,214.80,165.52,293.19,183.13,80.00,908.60,136.44,3764.56,217.51,34.18,794.42,345.42,45.26,63.65,176.55,174.93,184.21,31.22,662.62,400.90,760.67,423.67,94.83,231.62,1736.78,464.63,73.28,424.78,125.40,64.05,94.90,66.10,154.29,169.44,21.17,194.39,977.20,77.18,58.70,90.80,160.46,180.11,192.37,447.53,55.35,64.17
2024-05-23,185.45,483.31,227.26,240.16,214.60,160.43,290.43,181.05,79.26,920.34,136.54,3693.29,218.55,33.99,788.95,342.35,44.46,62.12,173.63,172.13,181.12,29.89,654.70,398.39,754.16,421.25,94.08,228.21,1707.40,462.64,74.61,421.30,125.39,63.57,103.74,65.06,155.72,166.82,20.72,193.27,973.99,74.88,57.64,89.64,159.94,173.74,187.39,450.80,55.81,63.77
2024-05-24,188.52,475.43,225.28,237.68,217.50,166.36,289.81,180.75,82.15,941.99,137.97,3735.28,227.91,33.87,802.22,351.47,44.29,61.66,174.89,173.56,181.39,30.53,600.06,404.85,767.92,424.43,95.30,232.66,1693.57,475.00,76.26,424.42,128.59,64.68,106.41,65.80,160.80,165.63,21.01,201.51,978.41,75.41,56.97,90.34,160.94,179.24,189.18,456.95,56.30,64.30
2024-05-28,188.53,478.43,226.18,232.34,217.92,171.61,284.45,182.15,83.23,977.09,138.42,3730.14,228.54,33.87,805.63,346.82,44.16,60.03,176.57,174.95,180.92,30.86,593.17,401.03,774.89,418.93,95.37,230.25,1708.00,476.69,77.90,424.58,131.75,64.90,113.84,63.83,154.01,161.34,21.05,204.11,966.63,74.08,58.19,92.89,162.21,176.75,189.58,446.88,57.30,63.97
2024-05-29,188.83,477.60,221.05,229.27,215.69,165.14,280.84,182.02,83.89,943.62,136.28,3675.19,218.47,33.34,799.04,349.52,43.97,59.62,175.96,174.46,179.01,29.94,591.45,398.40,761.31,415.28,93.60,224.67,1709.86,471.17,75.36,423.44,130.66,65.46,114.76,63.86,153.45,159.26,20.94,199.49,960.00,73.51,58.37,90.41,163.73,176.19,185.12,441.13,58.27,63.85
2024-05-30,189.82,445.87,222.84,230.05,213.22,166.75,285.22,179.32,82.50,951.74,133.68,3695.20,222.64,34.16,807.78,315.92,44.01,60.16,172.15,170.70,182.50,30.00,556.54,403.39,759.11,419.11,93.35,225.16,1699.95,463.91,76.43,409.14,125.41,64.77,110.44,64.24,146.59,158.64,21.73,196.98,963.40,75.31,58.54,89.88,165.50,178.79,185.86,443.05,56.83,63.82
2024-05-31,190.77,444.76,227.20,233.88,211.78,166.90,289.82,176.44,81.48,946.05,130.20,3716.58,215.01,35.18,802.38,313.67,44.37,60.34,172.54,171.09,183.66,30.66,569.86,402.12,748.66,424.39,91.55,227.33,1725.58,463.69,68.43,409.59,124.13,64.16,109.57,64.22,147.46,160.89,21.68,196.26,973.58,76.70,59.15,89.43,170.28,178.08,185.22,455.34,56.66,64.68
2024-06-03,192.54,439.02,224.99,233.02,210.92,163.55,291.31,178.34,82.70,951.11,129.54,3704.07,206.11,34.78,807.83,308.69,44.51,59.55,173.00,171.75,183.90,30.10,560.74,403.86,743.36,423.23,91.87,224.59,1693.14,474.27,67.84,408.00,127.28,63.38,114.94,63.77,147.24,159.34,21.32,198.05,982.84,78.48,59.70,87.60,168.45,176.29,183.99,470.18,56.43,64.73
2024-06-04,192.86,448.37,224.34,234.60,208.96,159.99,291.26,179.34,81.64,936.66,130.42,3741.20,201.05,34.76,819.71,305.58,45.25,60.24,173.70,172.37,188.24,29.84,565.53,406.61,739.82,421.47,90.60,226.68,1630.65,473.78,66.02,410.52,125.76,63.16,116.37,64.69,145.04,161.81,22.10,196.57,986.62,79.16,60.68,88.10,173.15,174.77,183.60,474.95,55.65,65.50
2024-06-05,194.37,455.80,229.26,234.70,219.94,166.17,291.27,181.28,83.67,1025.84,138.48,3770.41,207.17,34.40,826.56,342.18,43.91,59.97,175.63,173.97,190.09,30.59,567.71,417.24,773.74,425.32,95.41,228.91,1604.90,491.73,69.42,418.35,132.78,65.03,122.37,65.12,147.71,161.44,22.96,203.81,999.12,77.60,61.25,92.66,175.44,175.00,186.24,483.04,57.88,65.98
2024-06-06,192.99,458.13,230.94,236.80,218.35,166.78,289.67,185.00,83.23,1036.94,137.32,3749.76,200.51,34.33,834.82,340.49,44.11,59.95,176.90,175.28,189.34,30.23,566.11,418.15,768.11,424.12,94.48,228.18,1621.09,490.44,67.73,418.86,129.16,64.85,120.93,65.49,147.96,161.17,23.79,201.45,994.07,77.90,61.46,92.08,174.96,177.94,186.39,485.53,56.63,66.04
2024-06-07,195.38,465.43,228.37,240.95,218.33,167.87,289.03,184.30,81.91,1013.11,137.85,3761.38,195.96,34.24,837.74,349.12,43.74,60.74,174.52,173.03,189.64,30.55,567.35,417.61,757.97,423.97,94.53,227.26,1600.16,489.64,67.62,418.20,130.03,64.15,120.82,65.25,150.95,160.41,23.31,198.73,996.22,77.86,61.59,92.19,175.01,177.48,185.79,483.04,56.43,64.79
2024-06-10,191.64,459.94,228.95,235.75,224.66,160.34,288.75,187.06,80.38,1026.20,141.16,3737.34,212.42,34.09,840.47,374.57,43.75,61.26,175.39,173.77,191.42,30.72,560.76,418.38,783.02,422.31,98.49,228.90,1601.88,499.22,69.09,422.16,133.88,64.45,121.72,65.01,154.52,155.59,23.13,201.36,995.01,78.02,63.01,95.46,175.85,173.79,187.70,483.28,58.03,65.86
2024-06-11,205.56,462.69,229.86,235.47,226.44,158.96,284.94,187.23,77.35,1020.59,143.18,3737.32,216.06,33.68,841.43,384.63,43.67,60.92,176.94,175.37,190.28,30.73,560.23,418.78,786.74,425.71,98.16,228.78,1580.00,504.05,70.01,426.91,134.13,64.86,120.85,66.67,156.48,154.81,23.85,200.56,1003.76,76.39,63.82,97.49,173.62,170.66,187.53,481.53,57.59,65.63
2024-06-12,211.43,459.87,231.94,235.04,234.00,160.24,285.30,186.89,76.54,1052.95,146.56,3823.84,215.88,33.24,839.94,387.37,43.53,60.41,178.30,176.53,189.39,30.57,585.46,428.10,815.97,424.43,101.88,232.63,1599.34,505.41,72.96,435.18,139.77,65.01,125.14,66.95,159.90,153.65,23.77,207.17,1020.77,75.90,65.47,98.65,169.14,177.29,188.99,475.79,59.60,65.22
2024-06-13,212.60,458.74,227.65,233.26,233.90,159.90,282.85,183.83,75.65,1037.04,164.54,3803.85,217.66,33.02,838.11,382.81,43.43,59.67,175.50,173.92,189.51,30.27,587.83,422.90,818.16,429.93,101.97,236.48,1580.53,500.71,72.47,435.69,142.14,65.33,129.55,66.39,159.83,153.18,23.27,209.50,1019.66,76.72,64.69,100.48,170.42,182.47,186.43,479.03,59.89,65.60
2024-06-14,210.86,525.31,224.89,233.02,233.39,159.63,282.97,183.66,77.52,1012.60,170.03,3806.77,212.69,32.90,847.73,385.43,43.59,61.83,177.12,175.54,189.42,30.26,588.90,425.78,813.04,427.15,101.72,235.48,1582.14,501.26,72.87,436.67,140.38,66.94,131.82,67.15,158.65,153.63,23.57,207.11,1029.56,76.16,67.66,99.62,171.28,178.01,184.17,480.73,58.79,65.91
2024-06-17,215.01,518.74,226.06,235.27,239.13,158.40,287.38,184.06,78.46,1036.80,179.23,3899.46,209.84,32.79,859.86,390.43,43.59,61.08,177.53,175.99,192.52,30.78,595.64,430.00,836.74,430.74,105.23,240.64,1559.23,503.72,71.43,442.39,146.80,67.58,130.92,69.55,159.79,155.82,25.02,213.74,1038.36,77.77,66.52,101.65,172.63,187.44,185.12,473.69,60.10,66.31
2024-06-18,212.65,522.25,228.96,234.74,244.03,154.63,289.95,182.81,80.84,1045.58,176.64,3919.30,218.14,32.43,862.67,389.51,43.86,60.02,175.21,173.85,193.36,30.44,602.72,435.00,850.96,430.15,107.18,239.02,1573.40,496.62,72.74,440.39,152.38,68.57,135.51,70.44,158.51,156.14,25.82,218.42,1032.14,76.68,64.25,101.66,172.86,184.86,186.40,467.28,60.38,66.48
2024-06-20,208.07,522.95,223.25,236.33,236.31,161.78,293.65,186.10,77.18,1035.10,169.98,3918.21,220.02,33.26,854.44,382.14,44.58,65.09,176.46,175.06,194.51,30.43,609.04,432.55,817.72,432.70,104.40,239.93,1585.03,498.82,72.84,439.75,143.19,67.90,130.72,72.04,155.52,156.32,25.56,207.25,1037.38,76.23,63.88,99.08,171.72,181.57,183.08,471.38,57.42,66.89
2024-06-21,205.90,533.44,224.75,238.16,231.80,161.23,292.01,189.08,78.58,1021.17,162.54,3935.00,215.88,33.82,840.44,380.63,45.12,67.16,179.00,178.36,195.38,30.89,624.93,432.56,804.87,432.82,103.32,239.49,1600.05,491.94,71.50,443.78,138.57,68.61,126.51,72.12,160.16,156.89,23.84,204.42,1046.07,76.41,65.03,99.53,172.00,183.01,185.71,468.71,57.03,66.79
2024-06-24,206.54,524.17,222.23,239.34,226.31,160.25,301.47,185.57,78.05,987.09,156.53,3927.21,213.87,33.82,840.29,377.93,45.11,67.22,179.52,177.95,196.10,30.38,616.76,429.04,782.62,433.20,100.77,241.58,1582.86,496.04,67.40,441.70,138.04,66.90,118.05,72.23,158.34,157.64,24.16,193.18,1056.75,76.24,64.31,99.77,173.19,182.58,184.17,474.95,56.75,67.76
2024-06-25,207.47,526.88,224.06,238.57,230.67,160.25,302.57,186.34,81.21,1008.11,155.41,3959.94,220.08,33.75,847.57,386.76,45.21,66.15,184.28,182.73,194.79,30.55,623.27,442.31,806.34,431.27,103.58,240.77,1642.28,507.67,67.89,444.93,140.14,67.24,126.03,70.52,161.34,156.95,24.56,194.45,1064.00,75.80,64.78,100.16,172.88,187.35,184.71,473.82,57.85,66.31
2024-06-26,211.61,528.66,221.63,228.60,228.61,157.54,296.42,193.61,80.48,1001.47,156.51,3928.37,208.14,33.59,848.89,380.37,44.71,65.87,184.07,182.58,193.87,30.35,630.20,442.56,801.67,428.58,103.86,237.50,1678.96,510.17,67.90,446.13,141.37,67.77,126.34,70.06,162.63,156.38,24.10,189.80,1061.99,75.68,65.45,99.21,171.59,196.37,183.41,474.00,56.80,67.16
2024-06-27,212.46,546.76,220.50,227.91,228.96,159.47,297.25,197.85,83.12,1012.71,155.98,3955.03,202.67,33.64,842.73,387.29,45.27,65.41,185.55,184.10,194.73,30.40,644.00,445.11,803.21,430.34,103.86,238.23,1660.89,516.57,68.35,446.81,131.31,68.43,123.93,70.49,170.41,155.93,25.22,187.70,1043.81,75.77,66.37,100.51,172.67,197.42,183.72,472.51,57.66,66.76
2024-06-28,209.00,555.54,222.04,229.25,232.37,162.21,296.07,193.25,83.22,1007.51,157.84,3907.78,198.21,34.41,842.10,383.19,45.33,65.20,182.13,180.86,193.97,30.77,649.71,444.85,812.72,428.96,104.75,237.76,1643.40,501.32,69.52,440.99,130.61,67.49,123.48,70.40,169.51,154.68,25.33,191.58,1043.98,74.44,66.05,99.71,171.46,197.88,184.76,468.72,57.03,66.59
2024-07-01,215.09,560.01,219.04,226.35,233.77,157.69,294.71,197.20,84.82,1018.11,161.31,3832.20,202.94,33.54,837.82,392.15,45.34,65.23,183.20,181.70,191.62,30.65,643.34,436.24,815.95,419.32,104.34,235.53,1597.60,501.78,70.61,450.64,130.60,67.36,124.24,67.75,170.45,152.77,25.88,192.40,1049.93,73.75,64.63,98.91,174.29,209.86,184.83,471.25,57.48,66.37
2024-07-02,218.58,567.71,222.02,227.27,237.16,164.31,294.48,200.00,83.68,1032.29,162.95,3863.10,204.03,33.53,851.39,385.05,45.11,65.01,185.30,183.93,193.69,30.87,648.73,438.81,827.11,420.44,105.54,236.00,1596.48,506.57,71.21,453.15,131.67,67.96,122.61,69.14,170.22,153.42,25.83,192.52,1037.65,73.46,66.06,99.58,175.16,231.26,188.46,473.78,58.74,66.95
2024-07-03,219.85,570.15,223.75,227.54,239.57,163.90,293.16,197.59,86.96,1055.46,170.00,3863.77,207.91,33.71,854.66,387.18,44.93,63.28,186.08,184.51,192.99,31.03,652.36,434.81,841.12,423.23,106.51,236.18,1591.44,507.03,71.80,454.62,135.87,68.25,128.22,68.04,170.60,152.50,25.85,196.03,1017.22,72.92,66.73,97.88,173.68,246.39,188.95,470.28,58.55,67.11
2024-07-05,224.60,578.34,224.60,226.24,238.87,171.90,294.58,200.00,86.80,1058.49,167.45,3876.85,209.11,33.54,877.45,389.68,44.89,63.38,190.61,189.25,192.79,31.82,661.11,443.76,842.98,425.94,107.01,236.98,1658.96,536.81,71.68,461.32,130.68,69.07,125.77,68.45,171.04,154.18,27.23,197.90,1027.29,72.72,67.63,98.52,174.44,251.52,188.81,474.57,58.08,68.88
2024-07-08,226.07,575.40,226.98,224.21,242.51,178.69,295.13,199.29,85.18,1061.35,171.63,3930.59,213.51,33.07,872.67,390.71,44.32,64.20,189.14,187.70,192.23,33.78,652.05,444.53,854.15,425.96,108.37,235.88,1683.75,526.28,74.50,460.02,129.89,68.57,128.14,68.19,168.82,152.05,27.70,199.96,1045.19,71.30,67.34,99.87,174.37,252.94,191.36,481.89,59.08,68.53
2024-07-09,226.92,566.02,225.69,225.43,247.61,177.10,299.35,199.34,84.71,1044.19,170.40,3923.54,213.74,33.23,878.62,385.88,44.07,64.40,189.10,187.65,191.30,34.37,642.99,442.30,862.38,421.52,109.44,233.58,1722.05,526.95,73.43,453.41,130.34,68.57,131.32,67.71,168.09,151.84,27.39,199.22,1046.96,69.56,66.13,100.75,174.26,262.33,190.11,485.99,59.03,68.75
2024-07-10,231.19,564.55,231.83,224.89,251.06,183.96,304.81,199.79,84.36,1082.59,171.52,3935.94,217.29,33.16,876.11,374.45,44.53,65.34,191.31,189.83,194.83,34.65,626.48,444.74,879.58,425.19,110.89,238.49,1703.55,531.62,74.47,460.03,135.56,67.76,134.85,68.55,168.53,153.43,28.42,200.83,1063.93,69.33,65.61,103.05,175.69,263.26,193.40,491.62,60.39,69.25
2024-07-11,225.82,557.63,227.37,226.31,237.56,181.94,308.05,195.05,82.01,1046.68,167.71,3883.03,214.61,33.45,838.74,370.43,45.00,66.50,185.99,184.26,195.16,33.29,623.08,443.50,840.75,425.13,104.27,235.80,1708.65,509.75,71.78,448.63,129.44,65.28,127.34,68.87,165.52,153.76,27.64,192.22,1073.02,70.09,65.31,102.45,174.02,241.03,189.95,492.13,58.58,68.65
2024-07-12,228.77,559.05,232.06,228.60,239.66,181.61,313.49,194.49,84.86,1069.10,167.19,3971.83,214.90,33.92,835.08,371.32,45.59,66.49,185.47,183.76,195.39,34.27,635.50,444.16,845.45,430.81,105.24,238.76,1761.22,496.00,73.25,447.50,132.74,64.76,129.18,69.34,168.25,156.04,28.07,194.70,1092.67,71.55,64.89,103.41,174.73,248.23,191.74,488.74,59.28,68.10
2024-07-15,232.60,565.71,231.24,233.04,241.78,179.83,312.84,192.72,87.93,1047.80,168.52,4032.56,210.69,34.50,840.86,377.37,45.61,67.30,186.87,185.21,195.95,34.24,651.57,437.25,845.84,428.35,105.17,242.58,1743.99,493.31,73.26,447.90,130.07,65.64,128.38,69.49,170.46,153.68,28.67,200.24,1074.85,69.56,64.21,105.19,176.89,252.64,191.63,490.85,59.32,68.46
2024-07-16,233.02,566.54,236.70,236.10,242.07,177.55,315.68,193.02,86.53,1052.29,166.52,4063.23,202.77,35.09,842.88,369.05,45.63,68.08,184.20,182.62,198.45,34.12,659.46,438.01,854.78,435.73,105.85,250.88,1720.43,486.97,75.25,443.52,126.71,65.63,126.30,69.57,169.25,154.52,28.67,201.64,1087.64,72.20,69.72,104.96,178.08,256.56,196.25,488.98,58.00,68.84
2024-07-17,227.12,563.09,229.19,239.39,216.69,159.43,318.08,187.93,80.19,918.19,153.34,3935.54,184.75,35.96,838.43,354.94,46.69,69.66,181.34,179.74,200.03,34.24,652.29,426.23,770.57,439.21,95.19,243.44,1670.09,459.33,67.61,437.60,118.77,64.75,117.93,69.58,166.07,159.33,28.22,184.29,1078.34,71.81,64.81,101.29,178.65,248.50,194.01,488.37,54.03,69.86
2024-07-18,222.46,556.85,232.48,237.61,214.31,155.77,313.62,183.75,80.93,910.39,157.81,3877.26,185.35,35.56,831.58,343.05,46.23,69.86,177.96,176.44,197.72,34.65,631.06,416.14,775.80,436.03,93.71,240.04,1623.26,473.12,67.89,434.50,116.73,64.30,121.03,68.54,161.94,159.79,28.64,184.15,1060.10,70.94,63.11,99.90,177.41,249.23,195.53,488.12,52.86,69.65
2024-07-19,222.59,551.00,224.92,237.20,207.03,151.58,313.92,183.13,81.80,882.04,154.69,3913.45,187.35,35.51,830.35,304.96,45.54,68.96,178.13,176.41,194.94,32.77,630.16,455.01,751.64,434.77,90.22,239.86,1649.99,474.05,66.20,431.28,113.56,63.33,117.87,69.52,165.45,158.84,28.58,179.10,1056.46,75.80,63.16,99.09,177.18,239.20,189.10,491.57,52.55,69.58
2024-07-22,222.24,554.82,233.50,238.18,220.04,155.87,318.36,182.55,83.24,927.25,158.34,3856.38,188.46,35.02,839.56,263.91,45.06,68.82,182.06,180.39,197.08,33.16,638.04,461.12,797.93,436.09,96.12,238.91,1687.38,484.60,68.69,437.03,114.58,64.75,123.48,70.47,166.85,157.24,28.46,187.53,1062.56,73.19,62.69,102.52,172.69,251.51,195.54,495.91,54.99,69.22
2024-07-23,223.28,546.01,224.04,238.53,216.28,154.00,315.77,186.41,83.81,918.92,161.00,3866.05,187.91,34.12,844.21,268.88,44.61,67.64,182.31,180.51,197.46,32.74,630.70,455.06,796.11,437.37,94.41,238.29,1692.23,485.88,68.07,438.92,113.55,64.28,122.53,69.93,167.78,155.95,28.81,185.97,1048.49,72.92,62.66,101.67,171.83,246.38,188.34,490.32,54.91,69.48
2024-07-24,216.86,531.04,218.50,237.33,203.36,144.63,318.02,180.83,78.68,859.76,148.78,3754.17,173.28,33.75,823.11,258.14,45.08,69.85,173.15,171.41,194.07,31.50,614.01,454.02,744.96,433.80,89.51,231.14,1642.55,458.62,64.05,423.18,109.61,63.60,114.19,70.05,162.12,157.72,26.60,174.16,1053.74,71.41,59.27,105.76,172.16,215.99,188.33,490.80,54.20,69.44
2024-07-25,215.82,532.15,214.90,239.71,199.21,138.32,316.78,179.85,76.17,849.79,146.74,3610.25,168.67,33.88,808.38,254.15,45.46,72.71,167.97,166.10,183.89,30.90,620.03,436.74,751.90,433.09,86.97,229.87,1625.15,450.80,63.69,412.82,106.79,63.41,112.23,72.86,160.07,160.39,26.63,168.70,1057.05,70.11,59.44,100.38,170.45,220.25,187.25,492.26,50.04,68.86
2024-07-26,216.29,542.44,220.26,242.68,203.30,139.99,317.30,182.50,77.53,875.17,149.07,3650.80,173.24,35.16,811.17,256.16,46.08,73.19,167.50,165.82,184.16,31.15,626.99,441.30,776.13,441.26,88.01,232.67,1651.69,463.02,65.41,419.60,108.74,63.14,113.01,74.02,163.40,162.02,27.18,173.18,1071.39,70.80,59.94,100.11,170.83,219.80,191.85,495.26,51.37,68.63
2024-07-29,216.57,536.61,221.20,245.11,202.41,139.75,315.08,183.20,76.85,859.18,147.68,3704.21,170.90,36.04,809.14,258.81,46.18,73.87,169.93,168.33,182.94,30.64,629.96,443.66,767.40,439.86,87.78,234.49,1621.40,463.03,64.18,421.04,107.19,62.70,111.54,74.55,161.03,162.45,27.08,171.82,1069.96,71.90,59.87,99.82,172.14,232.10,191.74,498.15,50.00,68.47
2024-07-30,217.12,538.71,218.46,247.54,193.72,138.44,315.81,181.71,74.83,849.00,141.09,3670.53,166.95,36.16,803.66,233.65,46.33,74.18,170.65,169.09,184.07,29.94,629.41,432.69,748.03,440.73,84.09,234.81,1626.15,460.53,62.51,417.28,101.93,62.26,103.68,76.06,158.76,162.42,26.37,160.57,1070.57,72.61,59.20,95.68,170.67,222.62,190.90,502.60,47.55,68.05
2024-07-31,220.38,551.65,225.07,252.23,208.94,144.48,315.04,186.98,77.10,924.47,157.96,3664.63,187.84,36.56,815.53,231.96,46.62,72.28,171.94,170.33,185.98,30.55,640.84,444.61,811.30,443.32,90.62,223.53,1668.90,472.10,66.67,412.77,109.15,62.83,116.96,75.09,162.37,161.94,26.89,174.04,1071.95,74.53,61.20,98.65,177.40,232.07,194.84,495.72,50.46,67.51
2024-08-01,216.68,546.41,212.95,250.96,193.29,132.54,317.94,184.07,75.09,872.17,144.53,3614.49,175.74,35.67,810.46,224.22,45.60,72.69,171.24,169.55,185.83,28.87,631.41,450.94,745.32,443.17,81.68,215.15,1606.06,494.88,62.77,411.55,100.89,62.49,109.16,75.56,157.81,164.09,26.08,157.74,1085.80,71.82,58.17,95.60,182.06,216.86,184.82,505.78,45.56,68.64
2024-08-02,218.17,526.17,202.29,253.10,179.02,132.50,316.48,167.90,68.72,798.78,141.39,3283.00,165.36,35.35,815.61,217.89,44.90,72.96,167.22,165.48,185.02,21.34,617.65,449.73,686.21,443.81,75.06,210.12,1776.14,485.33,58.97,403.04,92.13,61.36,107.22,75.80,152.80,166.98,24.74,153.23,1074.93,72.55,54.43,91.31,183.71,207.67,179.21,494.46,43.07,67.33
2024-08-05,207.66,509.32,195.09,247.93,179.10,134.82,308.17,161.02,67.14,809.64,139.68,3337.55,168.22,34.71,795.52,222.05,43.05,71.12,159.51,158.13,181.41,19.98,596.91,438.00,693.42,433.55,75.78,207.84,1776.00,473.00,57.40,389.88,89.87,59.85,100.40,73.70,147.09,163.23,24.09,151.92,1064.09,70.62,52.26,89.35,181.87,198.88,173.21,476.91,42.89,66.47
2024-08-06,205.64,514.20,199.30,249.21,180.50,130.18,311.71,161.93,69.00,832.00,141.49,3370.74,179.18,34.48,810.45,231.69,43.46,70.51,159.41,157.17,180.58,19.70,606.14,447.66,705.97,435.66,75.76,211.68,1810.39,491.25,57.95,394.28,88.46,60.96,104.20,74.09,150.96,161.77,26.59,152.66,1059.04,72.07,54.22,90.45,184.78,200.64,178.72,474.29,43.18,66.62
2024-08-07,208.21,513.62,195.82,248.67,175.77,128.67,296.12,162.77,67.19,825.43,133.97,3260.79,177.81,34.12,803.93,230.67,43.42,70.33,159.62,157.82,179.78,18.99,603.33,449.26,687.74,431.95,73.59,211.20,1859.70,486.11,55.89,393.11,86.27,61.15,98.86,73.94,152.10,161.12,26.32,150.16,1060.63,71.99,63.89,88.93,185.49,191.76,175.97,465.89,42.33,65.81
2024-08-08,211.67,530.24,207.82,252.39,187.62,136.32,307.67,165.80,76.73,865.20,143.28,3348.81,185.10,34.86,832.83,240.52,44.10,71.84,162.69,160.89,181.51,20.49,619.83,463.61,741.53,437.50,78.61,212.22,1869.40,506.70,60.88,397.32,91.51,63.03,104.92,74.73,158.68,161.66,29.28,158.66,1105.88,72.43,68.55,92.16,188.43,198.84,184.79,465.96,44.39,66.54
2024-08-09,214.58,536.30,205.55,251.81,188.25,134.27,305.59,166.94,77.38,849.31,145.75,3396.36,187.91,34.62,848.20,240.90,43.76,70.00,164.23,162.51,180.06,19.71,623.87,463.43,736.10,436.99,79.47,214.35,1883.62,514.79,60.28,400.60,92.51,63.39,104.70,74.96,165.74,161.68,30.01,158.20,1123.65,71.80,69.30,92.96,189.00,200.00,183.75,468.45,44.92,66.83
2024-08-12,216.11,530.93,206.30,248.87,190.13,136.77,303.23,166.80,74.76,841.72,146.11,3392.54,185.75,34.14,856.78,239.34,43.17,69.37,162.80,161.14,178.75,19.36,621.10,465.53,746.70,436.76,79.77,211.12,1901.82,512.98,60.23,401.38,94.06,63.31,108.97,74.74,165.55,160.77,29.38,156.67,1113.57,73.65,68.31,92.53,189.73,197.49,183.61,464.51,45.44,67.57
2024-08-13,219.83,535.22,212.07,251.55,197.72,141.13,306.50,170.23,79.79,858.13,153.52,3519.38,187.81,34.66,858.02,248.11,43.66,70.31,164.77,163.00,178.70,20.47,639.34,469.23,782.47,439.61,82.71,212.84,1916.20,525.50,63.75,408.49,96.85,64.80,116.08,74.31,166.62,161.66,30.39,163.00,1150.56,91.70,69.90,94.82,190.10,207.83,188.57,467.59,46.35,67.01
2024-08-14,220.27,539.79,209.45,252.42,198.53,140.75,305.81,170.10,84.64,868.09,155.02,3524.13,184.58,34.56,855.92,256.22,43.73,70.46,160.89,159.24,179.49,19.92,630.34,471.21,782.53,441.06,83.16,213.50,1898.57,523.73,63.49,411.30,99.80,66.17,118.02,75.28,169.96,162.92,31.00,160.77,1149.10,89.78,71.59,93.72,191.23,201.38,187.00,471.44,46.29,67.53
2024-08-15,223.25,554.16,217.57,253.23,208.58,147.36,308.33,177.59,85.58,916.13,163.32,3585.38,188.78,35.01,870.45,260.49,46.70,70.65,162.03,160.16,180.27,20.69,645.59,480.17,825.74,445.91,87.56,218.22,1996.44,534.24,69.01,416.16,106.30,66.32,122.80,74.39,171.63,161.80,31.22,166.72,1167.44,90.72,74.85,96.18,189.42,214.14,193.04,472.00,47.79,71.97
2024-08-16,224.57,553.46,217.11,253.64,204.71,148.56,306.71,177.06,86.35,906.66,162.92,3569.78,188.37,35.10,863.74,262.54,47.60,70.12,163.58,161.81,181.29,20.87,646.96,478.98,809.32,446.57,85.70,217.52,1977.97,524.39,69.00,413.63,107.33,67.41,124.52,74.63,167.05,161.90,32.08,165.61,1171.40,91.20,74.55,98.22,191.30,216.12,191.70,477.37,48.20,72.44
2024-08-19,224.42,563.12,219.79,254.18,207.70,155.28,312.94,178.22,85.82,920.96,164.87,3651.81,191.15,35.67,865.49,266.78,48.10,70.75,167.22,165.49,181.79,21.52,656.63,482.16,810.19,448.29,86.69,222.04,2028.00,526.24,70.71,416.66,107.97,68.85,129.94,74.77,171.68,163.02,32.50,167.61,1188.85,88.79,75.16,100.38,192.29,222.72,191.83,488.05,48.99,72.71
2024-08-20,225.03,562.25,217.40,254.08,203.00,156.40,313.50,178.88,86.58,914.08,163.14,3652.29,189.11,35.47,869.31,266.53,48.35,71.04,167.77,166.00,182.73,20.99,660.57,483.21,801.42,447.79,84.88,220.05,2005.66,523.70,69.09,419.89,107.33,69.85,127.19,75.10,184.01,164.92,32.32,165.54,1184.23,89.47,74.87,99.98,190.97,221.10,193.62,487.37,48.48,73.52
2024-08-21,224.92,565.79,221.30,257.25,205.91,157.81,314.07,180.11,90.89,931.29,162.98,3687.31,195.08,35.39,874.49,273.21,48.55,71.40,166.45,164.68,183.96,21.41,663.75,487.42,816.80,451.39,85.91,221.41,2007.46,532.08,71.01,419.24,107.67,69.71,128.44,75.88,179.88,164.32,32.54,167.57,1177.39,89.25,76.14,100.84,190.23,223.27,199.20,486.11,48.94,74.21
2024-08-22,223.06,557.44,215.86,258.72,197.50,151.70,309.66,176.13,89.00,895.85,159.60,3716.99,193.30,34.92,870.66,267.64,48.33,72.13,164.33,162.64,182.79,20.10,658.60,490.43,788.54,451.35,82.21,221.03,1988.83,528.87,68.34,410.75,103.62,68.90,123.68,75.18,174.74,164.82,31.92,162.55,1179.69,88.91,74.30,99.67,191.18,210.66,194.80,479.89,48.20,74.54
2024-08-23,225.36,558.30,222.17,258.94,199.94,154.98,313.73,177.04,90.20,895.41,163.55,3778.63,193.34,35.28,872.29,271.54,48.83,72.91,166.26,164.45,184.93,20.54,613.62,486.55,807.62,455.29,83.36,222.15,2000.31,524.97,71.51,411.97,102.22,68.67,129.31,74.44,175.38,164.94,31.78,166.88,1191.07,90.44,76.14,100.81,193.26,220.32,200.64,481.24,48.43,74.66
2024-08-26,225.70,559.44,219.46,260.62,193.59,149.99,311.81,175.50,89.89,871.77,156.92,3746.39,193.24,35.66,885.49,265.87,48.88,73.14,166.75,164.99,186.18,20.13,610.92,479.19,788.98,457.95,80.56,221.57,2004.70,518.12,68.50,408.71,98.31,68.84,126.40,74.69,173.56,165.04,30.85,163.02,1191.32,91.99,74.95,101.15,195.07,213.21,199.08,482.64,47.18,74.99
2024-08-27,226.54,567.82,225.52,263.81,193.13,150.50,311.95,173.12,90.30,878.26,158.66,3828.81,194.48,35.65,901.75,269.83,48.80,73.18,165.21,163.52,188.24,20.07,620.03,482.35,802.63,461.74,80.71,224.48,2036.21,516.12,69.39,409.06,97.26,69.57,128.24,75.18,175.10,164.41,30.84,167.29,1193.70,94.85,74.53,97.24,198.57,209.21,201.42,480.30,47.30,75.09
2024-08-28,225.01,560.54,220.98,261.89,190.29,146.36,314.39,170.80,88.00,876.53,155.51,3845.38,192.13,35.38,881.06,264.20,47.97,74.66,163.35,161.70,187.23,19.61,610.84,482.21,794.22,462.23,79.20,224.18,1995.17,513.81,68.12,405.85,94.28,68.38,125.55,75.91,175.22,163.11,30.36,165.29,1191.24,91.67,72.53,95.83,196.02,205.75,198.60,489.73,46.99,75.04
2024-08-29,228.29,569.63,224.60,262.55,190.38,145.49,315.84,172.12,91.61,876.12,154.28,3838.05,192.80,34.96,879.66,271.67,48.49,75.51,162.25,160.64,189.52,20.13,616.54,487.17,785.80,462.12,78.43,228.18,2015.79,515.24,69.51,408.34,94.99,69.25,117.53,75.90,179.10,161.40,31.00,163.02,1171.02,91.25,73.27,94.18,194.72,206.28,201.80,493.35,47.44,75.37
2024-08-30,227.51,574.41,228.44,265.00,194.60,148.56,318.53,178.50,92.87,892.06,160.07,3856.22,195.04,35.06,885.36,277.28,48.64,75.08,163.95,162.23,189.89,22.04,623.93,492.63,809.19,467.52,80.76,231.45,2061.66,518.31,75.88,412.32,95.65,70.14,119.31,75.33,181.36,162.14,31.48,168.61,1176.74,90.97,74.07,96.12,194.03,214.11,204.90,495.89,49.36,76.17
2024-09-03,221.32,571.04,213.59,264.65,180.90,136.94,315.37,176.25,88.13,834.35,150.21,3762.06,176.28,35.00,871.66,266.60,48.17,75.74,157.50,156.25,187.10,20.10,618.53,483.44,732.16,463.41,75.33,227.54,1990.17,508.82,69.69,404.71,88.04,67.53,107.95,75.79,177.54,166.51,30.51,157.01,1160.97,89.63,71.26,93.44,195.80,210.60,192.95,475.70,47.46,76.11
2024-09-04,219.41,575.25,216.60,264.33,179.92,140.87,315.49,173.33,87.88,800.88,151.51,3747.69,176.02,34.26,883.02,259.32,47.83,75.20,156.70,155.35,187.72,19.43,616.84,481.73,735.80,462.89,75.20,226.29,1991.59,509.79,70.54,404.17,88.75,67.97,106.16,75.85,173.07,167.43,30.59,159.02,1171.46,88.82,70.22,97.26,194.11,219.41,195.02,478.57,47.38,76.18
2024-09-05,220.93,567.93,213.93,259.48,177.81,139.44,309.50,177.89,88.19,785.21,150.24,3730.59,174.58,35.26,879.01,256.43,47.28,74.86,157.49,156.13,185.38,19.40,615.23,476.69,718.96,456.41,74.36,225.90,2038.18,513.89,69.56,403.67,88.84,68.36,107.16,75.84,171.87,168.16,30.16,158.27,1142.84,88.08,70.11,97.34,192.53,230.17,192.68,468.57,47.12,75.91
2024-09-06,219.38,563.41,208.63,258.90,172.40,134.35,305.87,171.39,84.57,742.96,134.68,3689.28,171.65,35.09,869.78,246.39,46.67,74.81,151.06,149.85,180.96,18.89,608.94,471.82,694.01,447.91,72.19,224.46,1986.05,497.39,65.89,397.06,85.85,66.58,102.78,74.61,167.91,167.59,30.33,152.94,1123.91,87.68,67.01,94.60,188.45,210.73,188.76,468.00,45.74,75.59
2024-09-09,219.47,569.88,213.44,264.69,175.16,138.15,310.99,175.40,86.31,740.03,138.44,3760.02,173.44,35.19,889.44,246.58,46.86,75.24,148.69,147.86,183.72,19.07,620.69,479.39,701.02,454.02,72.24,225.44,2029.91,501.89,68.61,401.03,85.74,67.54,106.42,74.93,172.02,168.39,34.60,155.43,1137.09,88.70,68.13,97.85,190.69,216.27,192.31,471.11,47.12,76.28
2024-09-10,218.67,574.48,213.60,268.21,175.65,142.84,313.86,179.55,86.23,741.57,145.70,3791.59,178.73,34.68,887.26,247.74,46.95,77.40,149.15,147.81,183.53,18.98,627.25,484.24,704.54,454.65,71.96,222.56,2017.58,501.89,71.27,409.41,86.32,67.36,108.05,75.30,173.79,168.03,34.76,156.31,1128.72,89.79,68.17,98.74,191.86,226.17,191.00,470.78,47.26,77.73
2024-09-11,221.21,580.38,219.80,266.50,183.44,149.86,314.86,184.52,97.57,789.69,155.59,3784.32,185.67,34.27,893.32,253.53,47.26,76.92,151.28,150.29,186.35,19.64,637.45,490.93,739.46,456.01,75.44,224.19,2045.88,508.89,74.54,418.15,90.10,68.15,116.85,74.18,170.88,166.11,34.85,161.03,1133.79,94.46,71.52,99.00,193.86,228.13,193.50,474.74,47.65,77.76
2024-09-12,221.32,586.55,216.34,267.39,180.74,150.77,314.94,187.00,105.61,789.72,161.78,3827.06,188.32,34.83,907.83,257.10,47.74,79.03,154.65,153.80,186.93,19.36,639.87,494.01,724.11,458.20,73.56,227.52,2140.10,522.58,73.95,422.06,86.68,68.68,119.09,74.66,172.58,167.50,34.91,159.50,1156.65,95.50,71.31,97.15,197.63,229.81,187.35,478.65,47.60,78.57
2024-09-13,221.05,536.87,220.14,267.88,185.93,152.31,317.22,186.49,112.58,805.70,164.86,3888.26,194.32,35.04,908.79,259.13,47.92,79.44,157.47,156.56,186.45,19.66,648.72,489.86,742.11,459.64,75.72,228.54,2122.37,521.60,74.13,425.61,90.66,69.71,119.05,75.03,173.45,167.61,35.59,162.16,1145.61,94.82,72.45,98.61,198.04,230.29,191.13,485.37,48.93,79.50
2024-09-16,214.91,521.50,218.05,268.93,185.05,152.08,319.90,184.89,116.25,792.55,161.25,3934.14,197.56,34.87,900.73,267.81,49.11,79.77,158.08,157.15,186.94,20.91,639.76,491.39,727.19,465.62,74.61,229.25,2105.51,530.72,73.06,426.35,86.65,69.65,116.73,75.38,173.05,167.47,36.31,161.08,1145.34,92.64,73.58,97.94,200.99,226.78,189.73,489.43,48.23,79.46
2024-09-17,215.38,515.03,220.07,269.71,186.05,150.82,317.55,186.88,123.64,795.17,159.72,3996.86,199.53,34.80,890.21,268.72,48.70,79.67,159.37,158.41,186.54,21.47,638.34,483.32,730.35,462.43,75.59,232.36,2074.26,533.75,72.43,430.12,88.19,70.69,115.54,75.19,168.96,167.14,36.45,163.10,1139.05,92.77,74.45,98.55,197.92,227.87,192.52,481.26,49.59,77.52
2024-09-18,219.25,508.13,217.42,266.34,183.63,148.29,317.67,186.43,123.16,777.55,158.94,3982.89,198.64,35.28,885.50,267.12,48.66,80.47,159.89,158.89,184.16,20.77,626.71,482.09,721.90,457.89,74.58,235.45,2102.64,535.37,71.22,425.83,86.82,69.05,113.33,75.55,164.88,165.58,36.38,162.71,1131.17,92.46,75.22,97.45,192.04,227.20,191.87,474.16,48.48,77.95
2024-09-19,227.38,526.44,227.98,268.05,194.06,156.74,320.56,189.87,124.00,817.34,165.13,3972.22,206.74,35.68,893.65,277.38,49.50,80.48,162.31,161.21,186.04,21.14,647.67,490.01,762.77,459.99,77.86,241.09,2109.40,556.42,74.53,433.62,88.71,70.43,117.82,74.38,166.80,165.06,36.83,168.15,1142.47,93.21,78.68,100.53,194.93,243.92,198.46,477.90,49.65,76.97
2024-09-20,226.71,522.30,221.47,266.82,189.57,155.95,321.92,191.60,126.09,784.89,168.76,4018.19,252.82,35.54,899.85,299.85,50.01,80.52,163.70,162.65,185.72,21.84,638.51,486.20,749.36,462.68,76.29,241.02,2103.75,558.66,73.53,430.24,90.35,70.10,115.95,73.94,170.06,161.77,37.20,163.31,1137.35,92.39,78.72,101.13,194.73,238.25,194.35,464.92,50.24,77.98
2024-09-23,224.99,527.87,220.71,267.95,191.43,156.75,320.23,193.88,126.12,793.01,170.58,4050.89,254.95,36.09,909.87,293.14,50.22,80.57,162.14,160.92,186.11,22.56,635.52,489.07,751.75,468.02,77.37,238.34,2102.63,561.70,71.48,428.50,93.00,70.54,116.21,74.66,172.09,162.65,37.95,160.45,1084.65,91.85,80.11,102.92,197.68,250.00,194.88,460.00,49.89,79.23
2024-09-24,225.89,524.07,222.00,267.04,194.13,158.32,315.76,193.96,129.08,803.37,172.45,4130.46,251.35,36.64,894.45,288.54,50.54,80.38,162.71,161.36,187.48,22.81,631.79,484.40,760.71,469.97,78.05,243.97,2111.00,560.63,70.87,424.21,93.43,72.23,120.82,75.28,171.76,160.58,36.90,161.41,1038.96,90.86,80.33,103.65,196.69,254.27,195.92,462.99,50.02,79.57
2024-09-25,224.89,517.90,221.33,265.70,194.65,162.02,298.52,192.53,130.71,807.49,173.12,4128.63,260.64,35.96,901.27,286.47,50.67,78.86,162.06,160.56,188.86,23.54,628.36,484.39,762.41,467.68,79.31,242.11,2131.29,565.58,70.85,427.11,95.19,72.16,123.46,76.19,170.26,160.09,37.12,162.68,1024.23,91.98,79.26,104.75,198.51,257.02,196.03,461.76,49.67,80.29
2024-09-26,226.04,515.38,227.01,264.91,206.79,167.49,304.48,191.16,128.13,841.31,175.66,4220.81,254.60,36.34,894.35,281.48,50.86,79.66,162.89,161.80,189.08,23.92,630.43,486.33,794.49,472.26,83.62,247.25,2100.21,565.11,73.11,426.32,109.21,71.14,123.99,77.31,169.37,160.36,37.10,166.93,1032.98,93.76,80.75,107.66,198.45,254.22,200.05,463.15,53.03,78.83
2024-09-27,226.30,515.48,226.61,263.41,202.16,164.35,307.89,187.97,127.75,830.55,170.33,4200.21,254.83,36.89,878.65,285.86,51.02,80.20,164.35,163.01,189.63,23.91,612.81,479.18,772.62,470.13,81.61,249.55,2064.71,564.64,70.66,423.07,106.84,70.74,121.35,76.40,167.88,160.65,36.84,164.48,1035.69,93.66,79.21,105.70,200.34,260.46,199.93,462.88,52.25,78.69
2024-09-30,231.48,517.78,224.78,267.13,199.33,164.08,307.45,186.33,130.55,822.37,170.14,4164.63,257.82,37.01,879.55,280.47,51.21,80.42,166.24,164.90,188.79,23.46,614.76,491.27,764.73,467.53,80.52,245.17,2051.96,569.69,71.78,425.32,103.08,70.93,121.39,76.77,170.90,160.70,37.20,164.41,1044.19,93.78,80.14,106.47,201.49,261.63,197.48,465.08,51.40,79.64
2024-10-01,224.73,502.80,218.43,270.36,194.54,159.75,305.64,185.13,130.65,811.61,165.18,4054.76,263.36,36.95,870.48,275.15,50.75,80.52,167.46,166.03,188.21,22.69,600.19,484.76,744.27,465.73,78.68,242.68,2066.12,573.70,69.98,415.83,99.70,70.61,116.95,77.47,164.65,161.96,36.46,160.28,1039.89,93.72,78.45,104.80,201.24,258.02,192.73,469.76,50.24,80.16
2024-10-02,225.30,505.81,222.39,273.71,198.44,159.78,305.08,184.76,131.36,821.32,168.33,4078.51,263.14,36.87,871.62,280.24,51.02,81.29,166.36,164.91,186.21,22.39,601.18,486.62,767.64,466.53,80.33,245.39,1970.72,570.06,71.70,412.31,99.24,71.11,118.80,76.99,166.07,160.23,37.49,162.73,1033.29,92.83,79.10,105.52,203.17,249.02,194.47,462.14,50.06,79.33
2024-10-03,224.20,503.80,221.25,274.74,196.90,162.85,302.93,181.96,135.25,821.54,169.54,4057.85,275.02,36.43,868.78,283.75,50.84,80.74,166.26,164.91,185.29,22.26,597.74,479.63,764.88,460.56,80.03,246.04,1959.20,579.97,71.90,411.72,101.20,70.68,122.80,76.62,167.97,159.26,39.24,163.31,1007.78,91.92,78.14,105.76,203.12,240.66,192.79,453.55,50.11,79.33
2024-10-04,225.32,507.22,222.88,275.26,199.25,170.90,305.01,186.51,139.66,822.12,174.22,4140.49,283.11,36.77,876.16,292.24,51.15,81.14,167.60,166.10,186.12,22.59,604.53,481.95,777.55,459.02,80.46,251.10,1960.00,593.08,73.07,411.25,101.63,71.97,124.87,76.99,171.18,158.73,40.01,163.29,1006.02,92.90,82.43,104.24,203.37,250.08,193.79,455.31,49.94,79.83
2024-10-07,220.24,487.30,221.20,272.33,197.44,170.97,302.90,180.80,139.95,806.58,172.69,4122.81,276.20,36.20,866.72,286.97,50.92,80.99,163.45,162.04,185.70,22.38,596.38,471.23,771.90,454.18,79.54,251.64,1963.23,581.97,73.38,404.80,102.40,70.19,127.67,76.76,168.97,158.02,38.89,161.40,989.37,92.43,80.86,103.16,203.41,240.83,192.41,448.60,50.00,78.02
2024-10-08,224.30,496.24,224.03,275.52,198.18,172.80,303.12,182.72,143.51,813.49,178.26,4185.46,277.03,36.55,883.42,293.01,51.13,81.74,164.75,163.44,189.06,23.32,607.21,480.79,774.10,460.26,79.93,253.04,2014.23,590.04,72.77,409.92,102.03,72.18,132.84,77.84,177.57,161.05,41.45,160.82,998.51,92.55,82.58,105.61,206.19,244.50,193.31,458.94,49.80,78.62
2024-10-09,228.04,494.08,227.78,277.78,202.30,171.02,307.64,185.17,143.40,834.85,183.41,4243.61,260.06,36.95,901.95,298.34,51.94,82.63,162.13,160.93,195.18,23.46,615.36,490.38,794.57,460.38,81.76,258.27,2047.99,587.68,72.50,412.63,101.19,72.74,132.60,78.48,181.43,163.05,43.13,164.57,1005.40,92.23,83.41,106.23,207.09,241.05,195.95,467.97,48.53,79.30
2024-10-10,227.55,503.57,225.29,276.95,201.21,164.18,306.30,186.65,144.84,823.08,183.15,4239.88,260.09,36.69,886.60,314.92,51.92,81.22,162.25,161.15,195.08,23.22,614.10,483.84,788.00,460.24,80.97,256.94,2040.50,581.03,72.20,411.03,105.16,73.03,134.76,78.09,184.70,163.48,43.52,162.93,992.32,90.31,82.71,105.10,206.46,238.77,193.56,476.15,48.20,78.52
2024-10-11,226.07,495.42,227.40,278.35,202.30,167.89,313.31,188.82,147.00,829.71,179.00,4236.43,263.97,36.83,882.04,320.21,52.60,81.49,163.58,162.30,197.27,23.56,611.51,484.78,793.68,464.77,81.79,259.01,2091.16,587.12,73.73,411.51,106.39,72.28,134.75,79.17,186.60,165.20,43.51,164.34,1008.85,91.91,83.24,106.74,208.01,217.80,196.08,481.71,48.83,79.00
2024-10-14,229.79,509.65,230.89,280.90,211.01,165.27,309.75,187.54,145.30,860.88,179.82,4249.27,269.44,37.46,882.76,310.52,52.62,81.58,165.40,164.01,198.74,23.44,611.98,487.61,819.28,468.24,84.56,257.95,2079.96,587.59,77.38,414.29,107.80,71.30,138.02,80.17,186.96,166.42,43.40,172.13,1007.44,91.15,83.68,107.95,210.82,219.16,199.47,484.82,50.30,79.19
2024-10-15,232.32,508.03,220.58,279.97,188.45,156.64,310.19,187.69,143.81,720.89,173.57,4259.21,263.90,37.59,887.57,302.31,52.44,82.32,165.95,164.51,198.44,22.66,612.71,478.47,698.87,471.31,75.35,256.98,2033.62,583.46,79.11,413.90,103.80,70.60,131.55,79.33,187.22,166.23,42.43,168.31,1009.71,91.42,81.93,108.66,211.91,219.57,191.04,484.30,50.39,80.53
2024-10-16,230.27,502.54,222.16,280.61,182.10,156.13,306.89,186.89,144.85,674.59,174.40,4288.37,277.43,37.71,880.40,306.24,54.67,83.21,165.79,164.21,199.98,22.31,604.28,476.59,674.06,474.51,73.15,258.95,2046.47,574.02,81.37,411.31,108.70,70.20,135.67,79.93,186.62,164.89,41.93,165.79,1001.20,91.83,81.85,108.61,214.57,221.33,191.86,487.25,51.02,80.11
2024-10-17,230.63,496.83,222.01,281.83,180.77,156.25,306.61,187.53,143.00,691.45,179.05,4321.50,268.91,37.70,878.33,310.34,54.69,83.80,163.57,161.99,200.52,22.44,604.12,473.73,661.87,476.55,72.17,260.92,2065.87,574.16,79.60,411.90,111.49,68.76,136.88,80.28,188.07,165.07,42.00,165.42,991.53,91.64,81.63,109.31,216.71,220.89,189.57,498.73,50.69,79.78
2024-10-18,233.47,494.90,222.98,282.15,183.85,155.97,306.92,188.99,145.22,713.81,177.43,4301.77,267.88,37.43,882.56,310.15,55.04,83.19,164.11,162.48,202.77,22.77,608.14,521.15,670.04,476.93,71.87,261.93,2079.79,573.70,79.54,413.33,110.60,76.39,137.95,80.73,187.41,165.43,42.97,165.25,984.03,93.15,82.68,108.98,217.94,220.70,189.73,483.00,50.45,80.20
2024-10-21,234.94,497.71,220.38,280.81,181.98,157.90,302.23,189.07,158.85,704.77,177.53,4314.53,271.40,36.18,879.79,309.55,54.87,82.77,164.85,163.13,202.30,22.84,608.78,518.86,665.19,473.90,71.87,261.31,2100.58,572.40,81.52,413.94,108.54,77.21,143.65,81.27,189.21,165.39,42.70,163.40,962.00,92.78,82.66,109.27,217.51,218.85,187.15,478.09,50.62,79.70
2024-10-22,234.32,493.11,219.36,281.23,180.54,154.09,305.01,189.70,158.95,711.49,176.93,4328.43,263.75,37.09,886.46,308.51,54.88,84.57,165.87,164.19,203.08,22.40,604.48,517.50,661.70,472.52,72.03,261.84,2067.82,579.22,83.03,422.57,107.28,76.42,143.53,80.36,188.05,164.78,42.94,167.43,955.88,93.14,81.61,109.49,213.84,217.97,185.43,474.91,51.00,80.90
2024-10-23,229.25,485.03,221.54,279.97,180.24,152.91,300.47,184.71,159.40,699.36,171.14,4264.39,263.80,37.09,892.10,299.30,54.57,83.68,163.54,161.85,201.24,21.98,596.96,512.58,656.32,468.09,71.89,254.26,2038.70,560.98,81.52,419.69,104.53,74.93,139.50,79.95,179.10,163.44,42.59,161.07,935.07,93.93,79.66,100.63,215.74,213.65,192.86,470.05,50.13,82.13
2024-10-24,229.07,482.87,224.30,279.39,181.28,153.44,301.23,186.38,159.00,701.53,169.01,4289.82,262.26,37.18,886.39,304.47,54.26,85.16,163.59,161.79,190.97,22.34,598.91,511.63,657.83,465.18,75.55,257.03,2055.93,565.06,81.62,419.82,106.32,75.46,140.35,79.98,182.29,162.69,43.56,162.52,922.67,93.45,79.82,101.07,228.05,260.48,197.51,471.91,49.91,81.90
2024-10-25,229.90,483.72,224.78,277.97,184.01,156.23,302.46,187.83,161.63,702.40,170.63,4298.80,262.17,37.19,884.21,300.62,54.05,85.37,166.04,164.32,189.97,22.68,604.16,511.27,664.66,464.49,76.65,258.50,2047.35,570.50,81.30,423.20,107.37,75.47,141.48,79.68,183.22,162.34,44.86,164.62,926.76,93.61,79.05,100.13,221.02,269.19,197.82,477.70,52.27,81.38
2024-10-28,231.88,481.04,224.75,276.50,182.84,159.92,302.64,188.39,166.18,699.39,169.67,4298.58,264.72,37.35,883.95,301.32,53.60,85.14,167.38,165.76,188.23,22.92,606.95,510.88,665.92,466.69,74.45,258.93,2056.09,575.39,83.12,421.66,105.86,74.91,140.46,79.81,181.18,160.50,44.97,166.50,922.38,94.29,79.87,98.49,222.43,262.51,196.77,476.37,52.46,81.62
2024-10-29,232.15,485.39,229.72,277.96,187.56,166.25,301.52,190.83,172.24,707.44,176.79,4377.63,262.76,37.55,880.01,310.94,53.99,84.49,170.16,168.71,188.12,22.90,618.47,516.31,687.53,465.37,77.27,260.25,2026.57,590.43,84.54,426.96,107.64,75.94,141.19,78.39,182.70,158.29,44.93,170.16,921.11,93.68,80.39,98.50,220.72,259.52,202.05,470.36,51.40,80.58
2024-10-30,228.60,486.68,224.73,282.62,182.81,148.60,301.08,192.73,171.65,676.47,174.22,4413.61,259.57,37.70,872.17,307.45,53.90,84.69,175.13,173.46,186.50,22.30,615.90,513.77,683.15,464.14,75.43,260.61,2020.72,588.96,82.48,427.53,103.56,75.37,139.28,77.48,179.76,157.07,43.69,162.06,916.60,93.62,80.01,97.00,217.51,257.55,198.78,475.08,50.44,80.28
2024-10-31,224.44,478.08,217.88,279.20,179.14,144.07,305.49,186.40,169.39,665.31,167.45,4623.53,260.74,38.98,867.30,296.87,53.11,85.20,171.70,170.13,187.85,21.52,605.18,503.84,657.90,447.23,73.36,256.43,2037.18,564.86,79.80,401.65,99.15,75.60,132.71,76.88,180.16,156.95,41.56,157.37,832.58,93.98,78.21,97.56,217.89,249.85,195.50,475.98,49.15,80.83
2024-11-01,221.46,482.80,220.20,278.18,180.91,141.86,304.59,197.93,163.53,667.46,166.61,4695.57,255.92,38.88,871.57,303.13,53.82,85.86,171.66,170.31,191.06,23.20,616.52,506.34,661.01,448.36,73.81,256.97,2054.90,564.44,84.44,405.63,99.23,75.61,135.35,76.44,181.32,156.48,41.92,159.78,837.94,95.11,78.99,96.34,218.01,248.98,197.19,471.12,49.58,81.06
2024-11-04,220.56,481.35,218.94,279.80,179.37,140.71,302.39,195.78,159.11,663.93,166.25,4722.61,224.04,37.96,880.27,298.88,54.14,86.18,169.71,168.27,189.55,22.52,613.82,507.42,655.08,449.35,73.18,252.89,2063.70,557.99,84.06,403.74,101.22,75.55,136.00,77.17,180.56,157.19,41.41,159.70,823.28,93.34,78.44,97.10,218.96,242.84,195.98,472.80,49.09,81.32
2024-11-05,221.99,486.42,212.50,281.08,183.97,141.66,304.66,199.50,165.18,669.17,171.52,4859.57,231.77,37.99,884.34,307.58,54.46,86.54,170.43,168.77,190.68,23.32,613.64,515.17,661.95,445.99,75.38,256.08,2090.01,569.68,86.86,406.70,104.96,76.39,139.85,77.49,183.15,158.62,51.13,160.40,823.86,93.40,79.57,98.81,221.75,251.44,194.82,499.88,50.30,82.53
2024-11-06,221.27,504.83,220.95,294.59,185.00,145.10,307.05,207.09,168.55,654.31,177.10,4944.81,233.00,40.29,893.36,320.00,56.11,87.95,177.31,175.50,197.64,25.05,642.95,515.55,661.29,453.58,75.76,272.45,2117.30,569.30,90.28,415.32,111.27,78.02,145.55,82.28,192.59,155.65,55.53,167.25,811.17,92.42,81.92,100.10,226.71,288.53,206.86,493.64,52.61,82.30
2024-11-07,226.00,500.92,222.43,294.27,191.48,149.82,307.16,210.05,246.53,669.92,181.30,4865.39,239.55,39.45,907.95,330.78,56.32,93.91,181.24,179.71,198.65,26.23,668.49,524.28,677.57,456.36,78.16,273.85,1774.05,588.86,93.58,420.51,112.85,79.65,148.82,80.97,193.50,154.98,55.88,167.17,818.95,92.46,85.55,102.17,226.03,296.91,209.33,502.45,53.01,82.70
2024-11-08,225.73,494.68,220.51,294.16,189.44,147.95,310.38,208.18,290.01,662.26,181.13,4887.54,237.35,39.20,937.62,330.03,56.30,92.63,178.83,177.33,200.46,26.20,678.48,536.45,678.82,450.49,77.16,276.92,1872.01,586.51,93.44,417.65,111.34,79.50,147.57,81.18,195.70,156.03,58.39,165.24,822.86,93.84,87.12,101.85,229.76,321.22,211.98,516.74,52.39,83.67
2024-11-11,223.01,504.48,215.30,296.13,186.02,147.35,307.06,206.84,286.43,664.08,176.46,5008.29,235.26,39.45,926.77,342.42,56.85,93.08,180.93,179.31,205.72,25.05,691.50,535.75,657.70,447.51,75.16,281.96,1961.16,580.37,91.90,413.18,108.11,80.54,145.20,81.90,199.05,155.23,60.24,162.70,820.14,96.49,89.99,98.99,232.70,350.00,207.73,501.72,50.71,83.06
2024-11-12,223.01,526.42,214.41,297.22,184.10,143.63,285.15,208.91,289.03,661.97,173.81,4966.29,226.77,39.31,926.27,343.50,56.93,90.51,182.27,180.58,213.63,24.16,693.60,537.07,656.47,446.68,74.69,282.07,1977.39,582.01,92.42,418.14,103.58,81.95,148.23,82.46,199.01,155.30,59.85,157.99,815.49,95.04,108.92,97.01,233.36,328.49,204.75,490.00,48.14,83.83
2024-11-13,223.90,532.50,207.85,296.83,180.33,139.30,287.63,214.10,283.96,666.16,171.21,4931.21,224.05,39.20,927.62,347.88,57.39,88.86,179.46,177.85,212.87,24.92,700.32,536.69,636.49,447.31,72.87,282.52,1930.95,577.22,89.72,420.28,99.42,83.05,146.21,82.59,201.18,155.68,60.70,155.10,798.93,96.00,115.09,95.52,235.20,330.24,197.96,494.61,47.21,84.33
2024-11-14,226.98,529.87,207.27,291.51,183.50,138.84,282.37,211.48,284.49,685.50,168.05,4914.94,223.47,38.81,917.84,344.36,56.16,88.36,176.34,174.57,210.67,25.03,694.88,537.80,636.94,444.62,73.80,278.13,1876.20,574.39,90.35,421.95,98.69,83.73,146.70,81.63,197.20,156.07,59.18,158.53,777.26,95.45,109.08,94.73,232.14,311.18,198.23,483.96,47.58,83.31
2024-11-15,223.78,503.37,201.52,287.31,166.61,134.90,270.62,202.61,291.09,651.54,162.59,4919.10,222.73,38.28,901.13,336.75,55.72,84.80,172.90,171.50,210.17,24.35,682.10,527.61,606.78,440.31,69.12,274.93,1880.00,551.42,87.49,410.20,95.86,82.40,141.92,80.89,193.50,149.90,65.77,155.17,751.73,95.26,108.49,94.08,230.05,320.72,193.53,465.70,47.26,83.10
2024-11-18,226.78,499.51,204.74,287.55,168.43,138.93,268.11,201.70,298.00,658.07,163.40,4961.21,228.69,38.38,913.49,342.97,55.57,84.86,175.79,174.29,210.04,24.84,673.11,531.64,614.21,439.79,69.63,277.57,1916.12,551.74,88.37,410.95,97.02,84.71,140.09,81.11,193.41,149.62,61.26,159.04,756.89,97.18,105.88,94.31,231.44,338.74,199.36,467.01,48.60,82.93
2024-11-19,227.04,499.61,205.50,287.21,167.03,139.39,269.26,204.61,321.19,655.03,163.09,4920.88,232.96,37.78,924.06,353.29,55.28,84.17,178.56,177.10,209.44,24.20,638.77,538.82,609.65,435.37,69.24,275.42,1916.51,558.40,89.00,412.96,97.24,87.13,146.95,80.04,194.03,148.10,62.98,159.24,739.60,95.19,104.59,95.07,227.70,346.00,193.48,448.01,49.14,85.41
2024-11-20,227.76,499.50,206.07,288.23,168.19,137.60,276.88,202.88,325.22,651.34,161.02,4959.88,233.80,38.37,922.00,350.15,55.76,85.02,176.32,174.97,208.04,24.01,645.14,541.82,610.81,441.33,69.12,276.31,1931.26,562.81,89.52,410.69,97.88,88.39,145.83,79.26,196.45,150.01,62.12,149.15,738.36,95.11,103.94,95.28,229.91,342.03,190.71,451.23,48.05,85.99
2024-11-21,227.28,504.44,208.95,294.00,173.79,137.49,278.83,198.38,318.24,664.92,161.70,5152.17,250.10,38.83,949.39,357.55,55.81,86.10,168.27,166.67,207.51,24.44,673.01,550.62,626.98,446.17,72.16,280.16,1968.15,560.39,92.58,408.91,102.25,89.75,146.61,80.32,198.85,151.52,61.36,150.30,739.50,96.85,106.48,97.13,231.00,339.64,190.72,450.37,49.58,87.18
2024-11-22,228.62,512.15,209.56,294.56,172.93,138.35,283.28,197.12,333.31,665.63,161.98,5118.79,248.17,38.80,957.70,372.26,56.77,86.51,165.62,163.81,210.28,24.50,634.75,547.87,633.31,445.88,71.67,281.00,2005.00,556.46,92.16,413.00,102.13,89.78,141.89,81.82,191.68,153.09,64.35,151.59,733.05,99.21,106.96,96.83,232.66,352.56,190.53,450.97,50.00,89.20
2024-11-25,231.60,518.73,218.34,294.10,172.60,141.13,282.77,201.45,319.59,677.10,162.57,5051.24,247.21,38.56,954.60,363.68,56.96,86.80,168.46,166.69,211.65,24.87,629.30,536.55,638.38,446.78,72.73,284.67,2099.95,562.40,91.89,414.78,103.96,86.56,135.97,82.58,193.19,154.08,64.65,153.55,744.48,98.57,111.00,98.53,234.28,338.59,195.27,461.71,52.25,88.27
2024-11-26,233.78,525.30,213.92,297.28,171.27,137.72,269.32,207.86,329.77,664.73,162.49,5155.93,264.89,38.06,965.14,364.30,57.78,87.63,169.65,168.15,211.46,24.05,633.47,542.10,625.31,447.67,71.72,284.84,2110.00,570.79,92.78,423.89,101.29,87.26,136.87,82.95,198.20,153.24,65.74,151.72,747.98,97.45,112.08,98.82,239.14,338.23,193.37,467.07,54.96,90.06
2024-11-27,233.65,513.68,212.08,296.27,169.41,136.24,269.37,205.74,328.56,663.26,157.49,5164.27,251.64,37.99,955.25,347.59,57.49,88.64,169.85,168.26,210.77,23.65,630.83,538.55,625.97,448.18,70.62,282.29,2044.76,566.47,89.75,418.94,97.71,87.73,135.29,82.93,192.18,153.77,66.05,151.21,749.80,98.25,112.54,97.20,241.26,332.89,191.68,464.56,53.81,90.62
2024-11-29,236.04,515.93,212.94,296.28,172.76,137.18,272.07,207.89,336.75,679.22,159.86,5143.34,254.79,38.55,965.52,345.97,57.41,88.81,169.52,167.98,213.79,24.05,636.35,542.00,640.71,451.97,72.90,285.74,1985.17,571.56,92.33,419.40,97.46,88.68,138.20,82.88,193.91,154.46,67.08,153.27,745.19,99.17,115.60,98.50,241.98,345.16,193.45,468.13,54.93,91.23
2024-12-02,238.29,516.20,217.89,295.41,181.23,142.06,267.48,210.71,340.59,703.81,164.23,5165.38,247.86,38.64,968.62,346.80,57.63,90.19,171.99,170.51,211.05,23.93,628.75,542.85,659.53,450.70,77.47,282.93,1952.44,589.99,96.49,426.85,98.06,89.77,138.58,83.12,195.09,154.08,66.39,157.62,757.22,98.25,112.98,100.28,239.91,357.09,194.17,465.73,55.26,91.37
2024-12-03,241.33,516.26,216.35,293.04,181.12,141.98,267.69,213.44,366.55,710.33,165.85,5155.60,245.80,38.26,975.72,349.95,57.68,88.72,172.03,170.36,208.31,22.47,630.68,541.71,659.22,450.52,77.30,281.63,1929.49,610.71,95.54,427.07,99.34,90.22,140.20,83.20,196.29,152.81,70.96,157.18,744.54,98.31,111.86,96.04,239.93,351.42,189.79,456.97,53.95,92.23
2024-12-04,241.69,536.49,213.19,292.96,179.14,143.99,267.63,218.16,373.70,712.17,168.23,5184.05,252.45,37.98,984.43,364.16,57.81,87.86,175.09,173.37,210.90,21.96,649.15,549.95,659.72,451.83,77.22,286.28,1987.43,610.83,117.70,433.23,102.69,91.11,145.08,82.86,202.29,151.37,69.85,157.92,749.20,97.47,113.43,94.90,238.20,357.93,189.23,463.98,54.44,93.16
2024-12-05,241.72,538.22,209.52,291.33,170.11,141.36,263.85,220.55,379.07,703.84,168.14,5228.33,254.32,38.20,975.83,364.84,58.20,89.58,173.32,171.65,207.69,20.80,643.26,547.65,636.34,441.14,74.21,289.09,1984.95,606.01,112.94,438.38,100.37,91.79,145.01,82.32,201.51,151.67,71.87,155.88,762.75,96.04,114.09,95.43,239.04,369.49,185.71,459.92,54.27,93.99
2024-12-06,241.52,552.96,213.09,293.99,171.09,138.59,262.17,227.03,401.50,701.34,177.08,5249.27,251.88,38.52,986.11,365.65,58.07,88.38,175.48,173.71,207.77,20.92,641.05,550.41,642.01,441.98,75.57,289.20,1947.18,620.78,113.07,439.32,100.67,93.47,142.39,83.85,202.95,150.38,76.34,155.02,772.78,96.90,118.37,95.76,238.89,389.22,185.81,462.10,53.49,94.39
2024-12-09,245.41,547.93,214.81,287.23,169.94,130.87,267.03,226.09,342.54,698.91,176.49,5099.98,238.19,34.86,981.39,353.60,57.16,86.90,176.29,174.56,206.59,20.81,641.15,538.86,646.00,435.24,76.42,283.65,1844.30,610.63,106.62,441.75,102.31,91.37,138.76,83.66,194.47,151.98,72.46,156.22,782.71,96.12,115.29,96.20,224.27,389.79,186.15,473.98,53.24,92.54
2024-12-10,246.42,547.05,211.45,291.74,166.30,127.74,265.22,225.04,321.06,697.67,169.46,5135.37,230.74,35.29,986.90,346.77,56.94,88.58,185.68,184.32,210.25,20.16,641.64,538.09,635.60,437.43,74.13,284.34,1879.18,616.35,106.27,439.08,97.61,91.33,135.03,84.42,194.88,152.34,70.89,152.06,773.28,95.01,113.45,94.86,228.81,400.99,183.01,469.22,51.79,93.26
2024-12-11,245.15,549.93,212.93,290.31,169.22,130.15,262.97,230.26,338.21,706.74,180.70,5242.00,234.97,35.45,988.18,362.97,56.81,88.62,195.81,194.50,210.23,20.12,664.93,543.60,642.51,433.22,77.43,288.35,1897.87,629.64,110.93,444.69,101.55,93.66,139.26,84.60,199.21,149.41,72.51,155.33,767.81,95.26,117.37,95.64,229.64,424.77,184.47,468.29,52.61,93.66
2024-12-12,246.61,474.63,213.52,288.38,167.20,130.60,263.59,228.97,326.21,705.42,178.19,5218.17,237.37,35.92,981.92,365.50,57.07,88.62,192.74,191.08,208.98,20.78,666.61,544.72,640.29,431.23,74.80,286.63,1870.77,627.76,108.59,445.25,97.75,92.56,137.30,84.65,200.10,151.44,73.20,153.79,736.00,94.68,115.31,94.91,228.59,418.10,184.48,464.12,49.66,92.80
2024-12-13,246.78,465.69,212.43,287.95,167.46,126.91,260.29,227.46,324.47,710.84,221.73,5177.24,237.42,35.63,982.87,368.02,56.84,88.86,190.50,188.95,208.91,20.34,650.94,539.58,647.38,428.08,75.48,283.76,1823.86,617.37,120.31,442.98,101.99,91.89,134.21,84.71,196.56,150.55,76.07,154.07,726.39,94.29,114.63,93.76,227.28,436.23,184.36,463.73,49.01,93.17
2024-12-16,249.68,461.53,212.14,287.99,167.52,126.69,256.32,232.93,343.96,714.60,246.58,5102.49,237.65,34.69,986.37,388.20,56.58,89.04,197.25,195.75,216.60,20.83,665.87,541.99,649.73,421.19,77.03,287.04,1796.72,621.75,124.30,447.26,107.72,92.11,131.96,84.59,202.50,148.70,75.75,153.45,720.01,90.13,115.94,93.60,224.86,463.02,182.31,468.09,49.15,93.78
2024-12-17,252.10,455.23,209.69,286.79,168.44,125.02,255.79,231.15,337.89,727.27,236.95,5105.29,232.62,34.63,975.65,376.42,56.75,89.77,196.22,194.52,213.97,20.44,672.08,545.16,648.49,423.06,77.01,286.09,1809.12,616.96,111.82,450.10,108.06,91.91,130.35,83.07,201.24,148.81,74.39,153.48,735.04,89.13,119.49,92.53,216.28,479.86,181.02,469.24,48.65,94.32
2024-12-18,246.70,441.31,203.76,279.93,163.61,121.41,248.90,220.52,313.07,711.74,220.56,4895.72,224.20,33.79,958.42,349.18,55.79,87.73,189.28,187.53,208.21,19.30,644.36,526.47,624.61,415.26,74.43,274.44,1716.38,594.80,104.88,433.20,103.38,88.96,128.87,81.68,188.76,147.18,71.51,148.74,709.82,87.01,109.70,89.70,216.26,440.13,178.02,447.50,47.82,92.47
2024-12-19,248.43,437.39,203.77,282.68,159.64,118.88,251.22,223.29,318.74,702.61,215.33,4932.42,223.62,33.38,948.55,351.03,55.88,88.11,188.83,187.64,208.23,19.06,631.61,523.91,616.11,412.63,70.48,275.79,1666.00,593.19,108.69,432.84,86.66,90.20,130.64,80.96,189.36,144.36,74.21,146.17,703.50,85.91,107.07,85.72,213.62,436.17,177.51,396.64,44.87,92.32
2024-12-20,253.11,447.17,207.69,285.29,161.77,119.21,253.32,224.92,340.99,698.08,217.77,4999.95,225.45,34.12,947.82,362.29,56.75,89.54,192.08,190.53,209.55,19.52,637.99,524.43,623.23,417.27,71.05,280.67,1720.36,582.91,111.47,432.42,89.67,90.90,134.66,81.27,186.78,145.62,80.55,148.59,697.14,85.15,108.95,85.50,215.89,421.06,179.82,397.27,45.34,91.18
2024-12-23,253.88,446.74,210.74,285.41,165.59,124.60,253.92,225.06,344.82,713.27,229.79,5014.34,226.70,33.90,943.69,361.50,57.19,90.35,195.09,193.73,208.47,20.20,632.94,527.22,641.66,415.32,73.04,280.35,1729.85,597.45,113.32,431.08,89.27,91.14,139.62,80.48,188.22,144.19,80.69,153.79,710.33,84.63,109.25,86.69,217.21,430.60,182.97,405.27,46.33,89.31
2024-12-24,256.80,447.94,213.88,287.65,166.49,126.29,254.39,229.05,341.83,711.96,237.04,5073.58,228.20,34.28,952.54,365.79,58.03,90.88,196.67,195.21,210.09,20.40,639.88,537.02,644.18,418.71,73.07,283.07,1743.29,605.32,115.51,435.12,88.84,93.21,140.17,81.44,189.51,145.64,82.38,154.88,709.68,87.02,110.18,86.65,218.53,462.28,185.18,408.18,46.44,91.61
2024-12-26,257.61,450.16,213.85,288.40,165.68,125.06,253.13,227.05,346.73,708.15,242.65,5046.94,227.06,34.14,949.88,365.08,58.16,91.32,196.20,194.70,212.80,20.44,640.77,538.83,642.22,417.28,73.23,283.24,1732.76,600.94,115.27,433.91,89.37,92.41,139.88,80.45,188.50,145.28,82.14,154.07,711.87,88.91,109.96,86.57,219.19,454.13,184.50,410.65,46.44,91.72
2024-12-27,254.20,446.48,212.80,287.38,164.97,125.19,252.62,223.75,335.17,705.90,239.08,4988.86,224.98,33.86,933.55,354.99,57.80,91.03,193.15,191.87,210.65,20.30,633.21,534.88,638.52,415.96,72.65,280.38,1725.47,597.41,113.18,426.40,88.19,90.75,136.97,79.82,186.18,145.71,79.08,152.82,707.62,89.29,108.18,85.58,218.54,431.66,183.97,408.76,45.68,90.61
2024-12-30,250.83,445.80,208.46,284.27,161.82,122.44,249.40,221.30,335.38,688.65,232.98,4942.78,224.76,33.38,916.17,349.31,57.39,89.00,191.81,190.36,207.98,19.82,625.01,526.96,627.45,410.73,71.41,277.06,1721.80,588.88,111.23,420.76,85.00,90.04,137.44,78.66,184.20,144.60,77.18,150.23,697.88,87.67,106.69,84.74,216.23,417.41,180.87,399.35,44.87,89.53
2024-12-31,249.06,444.68,208.36,284.04,160.82,120.79,250.69,219.39,323.83,685.62,229.28,4920.55,222.17,33.50,910.27,342.16,57.40,89.35,189.57,188.43,207.32,20.05,623.23,521.96,623.97,411.72,71.49,275.71,1700.44,583.17,110.03,417.46,83.85,89.13,134.25,79.05,181.96,144.92,75.63,149.30,707.55,88.32,106.33,84.52,216.30,403.84,180.44,402.70,44.88,89.31
2025-01-02,242.53,441.00,207.27,281.05,162.04,120.63,249.38,220.22,341.78,692.88,229.42,4877.84,240.93,33.40,903.85,347.34,57.31,88.88,189.76,188.56,206.99,20.22,617.56,524.03,630.41,407.30,71.70,271.27,1765.00,596.85,113.12,414.57,87.01,88.67,138.26,79.18,180.74,143.16,75.19,149.32,710.39,89.21,107.53,84.60,215.12,379.28,179.90,405.76,46.56,88.96
2025-01-03,242.04,430.57,211.21,283.03,168.16,125.37,251.24,224.19,350.65,706.67,229.98,4856.60,250.66,33.63,910.58,359.02,57.46,88.42,192.25,190.91,207.90,20.56,624.94,535.29,650.60,406.64,74.34,272.09,1834.17,602.21,117.73,419.29,89.54,88.11,144.42,80.28,183.25,142.63,79.89,153.39,713.33,89.61,109.25,87.30,214.71,410.44,183.32,407.11,48.22,89.74
2025-01-06,243.67,431.18,213.79,278.60,175.50,129.55,248.71,227.61,354.93,760.23,233.80,4862.49,262.46,33.46,916.67,366.36,57.38,88.25,197.05,195.96,203.52,19.87,619.91,542.37,683.56,406.06,77.18,269.46,1799.42,627.68,118.55,423.75,98.89,88.18,149.38,80.70,179.50,139.40,75.92,155.35,711.45,90.14,114.24,87.26,208.12,411.05,184.93,402.49,49.41,90.38
2025-01-07,240.89,422.63,211.70,279.83,175.84,127.33,252.05,222.11,330.01,749.42,226.12,4749.89,253.87,33.19,915.34,359.93,57.53,87.67,195.81,194.59,202.50,20.01,610.27,531.88,682.57,408.07,76.72,266.66,1771.22,615.42,115.78,418.32,101.53,87.92,140.09,79.98,175.51,138.57,69.99,156.00,725.40,89.86,106.78,87.74,208.08,394.36,184.96,408.32,48.82,89.76
2025-01-08,241.38,419.58,216.19,283.22,175.02,121.84,254.12,222.13,329.20,735.97,226.78,4825.48,242.16,33.46,921.30,358.72,57.80,86.23,194.50,193.06,202.07,19.88,620.80,544.02,679.50,413.04,76.25,270.36,1739.00,608.28,117.78,420.49,99.04,87.50,140.06,80.38,172.83,139.66,68.23,154.60,728.67,89.63,107.64,86.85,211.19,394.94,184.43,412.11,48.21,90.74
2025-01-10,235.56,405.92,208.27,278.33,169.74,116.04,252.22,218.94,318.48,731.05,221.84,4693.89,303.08,32.73,930.80,348.84,57.35,86.94,192.29,191.16,200.26,19.15,619.23,547.47,676.39,407.28,73.88,267.63,1758.77,613.40,113.94,414.94,98.97,83.77,135.87,79.84,173.42,135.94,67.26,152.56,692.20,89.29,103.71,87.03,207.06,394.74,182.98,409.56,47.28,91.93
2025-01-13,233.13,408.50,208.84,281.58,168.96,117.32,259.87,218.46,315.68,719.58,222.81,4718.00,277.31,32.81,918.64,341.46,57.37,87.00,191.41,190.13,201.09,19.20,609.09,539.75,684.24,414.44,73.69,269.14,1740.00,605.90,114.77,413.19,94.71,84.03,133.19,80.68,167.82,137.72,64.98,152.71,712.09,90.51,101.76,87.09,209.18,403.31,183.88,413.37,46.68,90.48
2025-01-14,232.01,412.71,210.51,283.03,171.71,116.09,256.90,217.76,321.09,728.36,222.22,4732.77,286.88,32.75,911.22,348.04,57.92,88.03,190.18,188.79,200.54,19.20,619.60,538.88,694.41,420.20,74.29,273.23,1753.61,591.88,114.82,411.69,97.00,82.84,131.72,80.29,170.58,138.15,65.91,155.04,686.23,90.08,101.61,89.34,209.88,396.36,186.20,411.66,47.22,89.75
2025-01-15,236.58,417.28,214.01,284.66,176.39,119.96,258.67,223.35,335.03,718.48,225.49,4783.11,298.69,32.85,917.45,362.02,58.56,89.36,196.08,194.65,201.50,19.72,617.26,580.11,709.26,420.88,75.37,272.85,1838.15,614.65,115.61,422.22,102.81,84.83,136.20,80.27,174.19,137.98,68.14,159.78,698.71,90.09,104.24,92.38,209.90,428.22,190.06,424.26,48.64,90.29
2025-01-16,227.02,426.93,210.87,287.43,184.40,118.44,259.14,220.66,332.01,742.20,226.88,4818.13,313.06,32.68,913.73,363.38,58.40,88.65,193.52,192.02,204.39,19.67,603.18,584.08,739.97,425.32,78.41,272.80,1837.18,608.86,117.19,420.51,102.22,84.24,133.53,80.31,177.17,139.66,69.24,156.89,688.58,91.40,103.50,93.10,211.42,413.82,180.30,416.96,48.36,90.25
2025-01-17,228.73,429.99,214.93,287.38,189.91,121.46,261.72,225.94,342.34,748.18,234.82,4879.33,314.18,32.93,937.01,357.00,58.80,88.84,196.65,195.10,204.29,21.49,600.06,592.64,750.08,428.77,79.48,273.97,1836.00,610.32,124.34,424.92,105.36,85.81,137.66,81.12,177.11,141.29,71.77,159.93,677.01,92.08,103.35,95.64,214.57,426.50,185.16,422.00,48.95,90.88
2025-01-21,221.43,436.36,217.18,289.29,190.72,122.28,264.32,230.71,338.39,754.78,237.66,4641.26,321.41,33.28,941.52,366.41,59.58,89.92,198.72,197.14,206.57,21.77,605.30,604.12,759.75,435.12,80.66,274.50,1834.51,614.00,123.37,424.39,108.98,86.97,140.78,82.74,183.51,141.58,73.07,162.56,683.18,94.83,106.28,99.15,215.08,424.07,187.86,427.89,50.75,92.01
2025-01-22,222.61,437.32,219.76,287.56,193.33,123.75,263.00,235.01,361.72,758.45,238.25,4574.71,330.18,33.40,938.51,377.98,60.17,90.00,199.11,197.46,204.75,21.86,607.56,610.45,764.37,435.26,82.40,277.16,1818.49,621.01,124.79,441.92,108.83,95.40,147.02,82.76,187.70,141.14,76.87,165.45,675.47,94.59,106.37,105.94,213.80,415.11,189.62,428.00,51.65,92.16
2025-01-23,222.44,437.28,223.94,287.01,188.57,123.04,267.27,235.42,362.52,738.20,237.63,4771.72,343.83,33.73,935.99,377.70,60.75,89.88,198.67,197.07,207.11,21.57,594.27,608.66,753.52,433.52,80.40,281.77,1828.73,633.91,125.64,442.43,104.45,98.49,147.17,84.11,187.32,141.64,78.98,169.45,689.98,94.84,106.10,106.17,211.70,412.38,193.04,439.73,51.69,92.73
2025-01-24,221.57,435.38,213.18,288.28,184.67,122.84,264.90,234.85,363.10,724.36,242.00,4718.98,345.04,33.86,933.53,374.92,60.75,90.03,200.98,199.29,203.30,20.83,593.92,584.05,742.50,431.96,78.86,280.82,1843.45,644.90,123.61,439.80,102.81,97.76,142.57,83.60,187.70,142.12,78.98,167.27,671.26,95.64,107.68,105.95,214.18,406.58,178.52,439.62,50.73,93.67
2025-01-27,228.61,438.60,211.26,291.24,172.62,115.01,272.14,235.42,343.02,682.72,199.90,4630.31,273.10,34.41,958.93,373.75,57.68,92.23,192.88,190.93,207.16,20.29,602.53,573.48,695.85,432.20,74.85,284.72,1846.00,657.24,100.00,430.40,90.77,97.19,118.38,85.50,189.30,147.35,75.44,166.36,680.12,96.81,107.38,101.33,216.99,397.15,179.97,443.88,48.47,96.28
2025-01-28,236.97,442.84,205.48,289.45,170.92,114.17,269.60,238.15,360.75,675.99,205.07,4639.54,276.88,33.80,952.39,408.68,58.02,90.78,196.17,194.40,202.56,19.80,596.61,574.14,696.06,428.29,73.75,285.30,1895.53,671.64,103.53,442.91,87.92,97.18,128.95,85.22,192.94,143.20,80.23,166.72,681.72,97.19,117.45,98.19,216.70,398.09,173.76,440.68,47.32,96.17
2025-01-29,238.06,441.68,205.86,291.64,173.33,117.35,270.92,237.07,366.34,704.97,204.07,4676.37,289.88,33.63,957.71,397.07,58.14,92.47,196.28,194.51,202.88,19.75,588.99,572.71,706.01,431.05,74.38,286.31,1889.76,673.79,106.43,438.09,88.68,97.82,123.66,85.87,185.42,143.31,79.76,166.88,682.66,105.09,116.59,97.32,230.43,389.10,173.47,441.52,47.26,96.38
2025-01-30,236.30,446.00,208.30,294.25,179.69,118.86,273.17,234.64,365.51,729.05,213.28,4728.33,306.42,29.93,972.60,396.87,59.04,93.78,201.70,199.95,205.65,20.01,600.52,580.18,735.18,438.97,79.90,289.15,1947.32,684.25,109.96,411.01,92.16,97.32,124.61,87.34,187.42,144.77,81.22,167.09,678.50,105.50,119.18,96.24,229.67,400.28,178.28,438.40,49.51,97.51
2025-01-31,234.72,437.45,207.80,294.01,178.34,115.95,274.52,237.68,369.59,731.35,218.83,4691.91,297.91,30.30,973.46,398.07,59.16,94.02,204.66,203.08,205.33,19.43,597.46,571.88,731.03,438.72,80.22,287.23,1922.19,686.43,112.48,411.08,90.90,97.68,120.03,86.29,184.42,143.62,82.49,168.06,668.46,104.22,116.80,94.36,228.29,404.60,178.96,461.68,49.02,97.03
2025-02-03,226.77,438.60,201.28,298.19,176.81,114.27,277.84,237.42,365.44,723.19,215.33,4647.69,304.20,29.88,999.24,397.57,59.59,95.16,201.71,200.30,204.13,19.38,596.71,578.55,732.98,446.67,79.37,287.10,1908.90,694.67,113.18,406.98,89.59,97.89,116.62,87.74,182.79,143.22,83.74,165.45,662.38,104.69,114.39,91.54,233.32,383.68,175.40,470.37,48.48,98.39
2025-02-04,231.54,440.23,202.04,295.62,176.57,119.50,277.98,242.06,380.26,723.53,219.98,4633.86,304.22,30.20,1015.17,407.52,59.88,94.79,206.76,205.43,205.18,19.29,587.73,579.65,742.01,447.26,79.09,287.38,1966.41,701.38,109.32,408.42,90.33,99.49,118.61,88.95,183.40,136.75,103.83,168.17,692.37,107.05,119.20,92.55,232.49,392.21,175.03,482.28,48.02,99.61
2025-02-05,231.21,437.63,205.75,299.00,178.66,112.01,296.06,236.17,368.27,734.59,229.44,4654.11,311.66,30.55,1036.05,417.22,61.09,96.39,192.41,190.45,204.08,19.65,584.29,590.90,751.74,446.17,81.10,289.00,1975.19,702.05,116.07,409.33,93.26,101.11,124.79,89.88,186.85,138.82,101.36,170.91,711.91,108.65,121.73,93.45,237.56,378.17,176.03,488.44,48.71,101.28
2025-02-06,231.95,435.40,203.82,299.79,180.76,110.16,286.41,238.83,380.63,731.17,228.81,4733.66,309.65,31.03,1044.11,420.51,60.79,94.84,192.42,190.72,192.58,19.38,586.22,588.50,754.38,453.04,81.98,299.44,2012.80,709.14,118.84,411.84,94.19,101.57,128.64,88.72,187.37,138.53,111.28,164.56,717.22,108.11,118.58,94.54,242.21,374.32,177.67,481.16,48.53,101.67
2025-02-07,226.39,433.07,201.25,296.88,177.99,107.56,282.33,229.15,375.72,719.86,222.39,4840.38,307.65,30.94,1038.12,421.59,60.79,92.90,186.28,184.49,188.63,19.10,574.95,582.98,740.40,447.50,81.49,300.45,1996.65,711.66,110.25,405.82,91.96,101.39,129.80,87.78,193.94,137.79,110.85,163.23,705.24,108.60,117.41,94.16,241.30,361.62,174.49,469.32,48.51,99.99
2025-02-10,226.66,451.10,200.91,297.81,181.61,110.48,283.53,233.14,384.40,736.07,232.45,4866.14,319.61,31.03,1056.13,428.92,61.32,92.36,187.34,185.61,191.38,19.77,582.88,595.70,744.12,453.21,82.87,300.93,2042.22,714.53,112.42,408.27,95.58,102.76,133.53,87.33,196.40,137.57,116.65,166.54,685.73,107.87,119.90,95.77,250.69,350.73,174.79,469.97,51.96,101.74
2025-02-11,231.61,458.82,199.53,296.70,181.16,111.10,285.33,232.76,375.25,746.45,232.45,4850.13,311.42,31.71,1052.57,431.64,60.95,93.00,186.21,184.47,189.93,20.97,581.93,591.65,751.21,453.10,82.41,284.67,2035.18,716.92,108.76,407.50,93.73,100.81,132.76,88.26,195.49,138.80,112.62,167.15,660.99,107.47,123.59,95.80,253.51,328.50,173.76,455.22,51.87,101.29
2025-02-12,235.84,462.76,201.17,297.54,178.87,111.72,283.79,228.93,380.32,749.61,233.74,4969.76,311.63,31.41,1059.31,434.63,61.05,99.93,184.58,182.77,188.16,22.48,572.65,589.61,743.22,450.95,80.73,287.09,2016.73,722.48,105.07,405.12,91.34,102.73,131.10,88.29,196.73,137.23,117.39,165.50,659.41,109.41,120.49,97.15,250.16,336.51,174.48,453.20,50.64,102.42
2025-02-13,240.48,459.22,205.30,301.01,182.22,111.81,285.63,230.37,471.67,770.25,233.20,4960.44,309.34,31.85,1070.99,453.77,62.33,102.50,187.02,185.28,188.40,24.13,579.96,591.39,756.82,453.40,82.45,284.90,2066.15,725.65,103.16,406.61,95.31,104.37,135.25,89.05,201.88,137.79,117.91,167.31,669.75,109.37,127.65,99.37,259.76,355.94,175.27,462.58,50.85,103.84
2025-02-14,243.54,460.16,210.47,299.00,167.31,113.10,282.30,228.68,510.13,745.03,230.47,4995.80,315.11,31.86,1066.01,451.74,63.33,100.68,186.01,184.38,186.09,23.60,583.42,595.55,743.41,449.42,81.90,280.24,2109.99,733.73,106.16,404.52,99.15,105.86,138.80,87.92,200.03,136.66,119.16,167.38,669.08,109.53,128.35,99.37,265.38,355.84,177.43,459.00,51.47,102.84
2025-02-18,243.41,464.11,215.97,300.74,170.08,114.28,283.89,226.65,496.00,737.76,226.01,5092.34,323.35,32.72,1050.27,455.36,63.06,101.81,184.95,182.92,190.94,27.39,576.03,600.89,750.85,458.10,85.69,285.08,2098.75,713.51,106.93,405.71,106.40,103.58,139.35,86.39,208.28,137.34,124.62,168.75,675.44,110.00,129.31,100.96,257.93,354.11,180.75,462.11,54.21,102.59
2025-02-19,243.81,456.99,237.00,303.92,172.12,114.69,285.32,226.63,494.17,738.34,226.21,5061.36,319.44,32.84,1056.75,450.14,63.30,104.13,186.27,184.42,193.48,25.72,578.27,608.48,767.19,454.40,86.76,284.23,2075.79,700.96,110.67,410.80,103.98,104.33,139.18,86.39,205.19,138.97,112.06,170.29,681.06,109.47,127.66,100.86,258.06,360.56,190.31,471.76,53.81,102.80
2025-02-20,244.76,454.69,239.12,302.70,174.45,114.17,288.87,222.88,450.01,736.64,224.24,4969.88,307.28,32.77,1029.19,436.14,63.14,106.43,185.79,183.71,193.98,26.09,575.18,606.57,770.04,454.24,88.11,283.88,2110.47,692.06,108.35,412.97,102.80,102.45,140.06,87.50,198.81,142.10,106.27,168.81,692.24,110.30,123.47,100.51,260.07,354.40,197.72,480.33,53.65,96.09
2025-02-21,244.48,444.32,234.30,301.53,170.46,110.84,293.79,216.58,415.31,730.81,216.25,4942.56,282.48,32.62,1029.39,406.68,62.46,106.36,180.75,178.83,194.52,24.87,561.66,591.79,746.94,450.40,85.14,274.26,2260.00,680.82,103.46,405.11,98.48,100.32,134.39,86.89,191.03,146.29,101.35,160.78,696.52,108.75,115.56,98.76,259.85,337.80,195.82,484.24,51.71,93.69
2025-02-24,246.03,444.42,232.42,302.93,167.08,108.11,300.30,212.71,410.45,729.57,205.64,5000.43,265.87,32.67,1029.96,391.72,61.74,107.40,180.36,178.43,192.66,24.27,563.42,591.01,732.02,450.92,82.48,273.56,2223.35,665.46,97.58,400.93,95.06,98.85,130.24,87.66,190.39,146.63,90.68,156.57,709.37,110.15,115.48,98.00,262.75,330.53,194.60,481.65,48.81,92.59
2025-02-25,245.97,443.41,230.76,304.06,164.07,103.96,306.03,212.80,377.06,723.85,200.31,4985.33,262.49,32.27,1049.91,379.75,62.75,107.88,176.56,174.61,194.58,22.99,551.88,573.74,719.51,459.73,79.47,274.25,2168.60,654.87,92.69,394.88,92.88,97.72,126.59,89.77,188.01,149.08,87.84,156.68,719.54,111.51,110.95,97.65,265.11,302.80,193.86,480.35,48.86,96.57
2025-02-26,239.32,441.50,229.22,302.13,167.02,104.74,297.06,214.35,331.00,740.45,210.59,4986.04,268.28,31.59,1026.35,394.56,62.56,106.85,173.90,171.94,193.96,23.52,621.29,580.93,732.96,453.89,80.47,278.89,2197.64,671.01,94.58,396.69,97.35,99.01,131.24,88.69,189.55,144.40,89.31,157.54,703.10,109.97,113.23,98.19,258.29,290.80,192.17,479.10,49.94,95.09
2025-02-27,236.27,437.19,219.53,302.05,155.25,99.51,296.52,208.74,320.49,691.65,195.62,4870.74,248.02,31.86,1016.14,380.24,62.30,108.33,169.43,167.72,194.82,23.09,596.37,563.77,693.90,452.64,75.39,274.61,2129.80,655.61,87.36,389.55,91.48,96.31,120.11,90.23,187.50,144.88,84.77,150.09,698.96,111.42,110.83,98.58,258.87,281.95,185.44,474.50,47.99,95.68
2025-02-28,240.79,438.56,225.62,305.82,156.67,99.86,298.69,212.28,325.74,702.93,197.23,4967.68,248.82,32.30,1042.89,389.66,62.59,110.57,171.43,169.50,196.44,23.73,609.70,573.15,703.51,459.30,75.95,277.82,2121.87,665.53,91.51,393.97,93.28,98.06,124.88,91.58,190.43,146.27,84.92,152.75,694.94,112.70,112.00,99.80,265.16,292.98,189.99,479.79,48.72,97.48
2025-03-03,237.00,440.72,224.12,309.18,150.78,98.23,301.33,205.02,337.34,693.79,185.30,4898.49,230.69,32.39,1041.14,382.73,61.97,112.20,167.89,166.24,195.64,22.74,597.04,566.98,685.95,454.58,75.00,275.12,2070.41,652.43,85.54,385.54,90.21,97.37,114.02,91.73,183.68,148.67,83.42,149.30,681.15,112.31,106.58,97.98,268.25,284.65,188.44,483.31,46.81,96.47
2025-03-04,234.91,446.03,222.78,304.13,151.51,100.75,302.69,203.80,327.23,702.07,185.41,4851.21,230.05,31.95,1031.22,390.16,61.76,110.99,171.82,170.13,191.93,21.33,594.04,557.96,693.74,453.70,75.66,268.26,2059.87,637.44,88.04,385.66,90.86,97.26,115.95,90.45,184.38,146.95,84.40,150.11,671.82,109.05,101.73,92.13,260.20,272.04,188.88,486.22,44.44,93.88
2025-03-05,234.72,451.24,226.02,301.21,153.94,101.67,306.94,208.36,318.00,733.33,189.47,4870.08,227.74,32.01,1042.04,365.44,62.44,111.67,174.19,172.22,193.42,20.81,613.35,568.02,710.42,460.48,78.48,268.56,2112.77,653.85,89.84,397.97,93.99,99.09,117.26,89.31,184.28,146.66,90.13,154.03,683.42,108.69,106.15,90.51,258.33,279.10,189.58,491.64,44.01,94.88
2025-03-06,234.31,444.78,219.42,293.48,150.20,98.85,308.15,200.70,259.63,708.64,177.47,4650.73,206.26,32.65,1021.02,347.73,61.91,112.25,173.41,171.56,194.93,20.75,602.28,538.57,686.92,458.43,75.91,260.17,2045.25,625.42,72.04,393.87,88.94,90.64,110.53,88.74,179.33,147.35,80.46,152.47,694.64,102.64,102.49,84.84,258.53,263.45,183.54,485.72,41.27,93.55
2025-03-07,238.03,449.40,222.47,297.35,154.30,100.31,314.98,199.25,270.48,725.87,192.81,4637.83,211.47,33.84,959.05,333.50,62.42,113.57,174.95,173.06,197.94,20.64,605.50,518.26,705.94,460.99,78.44,260.29,2009.34,623.16,70.60,390.32,92.62,89.11,112.65,87.93,180.93,148.49,84.91,157.53,703.67,103.62,100.13,86.17,260.78,262.67,184.69,488.29,41.52,90.66
2025-03-10,226.49,435.08,213.01,293.99,148.66,96.63,317.40,194.54,238.08,677.18,182.42,4417.17,201.19,32.50,929.32,308.86,60.59,113.38,167.23,165.30,197.30,19.93,575.87,482.61,673.26,454.39,73.27,254.81,1944.61,595.60,65.45,377.27,86.76,86.67,106.94,89.77,173.83,150.23,76.38,151.43,740.78,98.41,92.75,84.62,262.15,222.15,180.78,500.01,40.37,86.81
2025-03-11,219.88,433.66,205.94,283.75,145.69,96.76,309.19,196.59,257.76,684.22,187.99,4320.30,207.53,32.36,925.42,329.75,59.23,110.69,165.41,163.47,192.47,19.78,582.76,493.72,659.22,446.54,72.83,244.00,1990.11,603.29,66.94,377.56,88.72,89.51,108.72,88.27,178.93,146.46,78.05,149.59,714.26,96.91,92.95,85.17,252.36,230.58,171.91,488.34,41.62,86.43
2025-03-12,216.04,438.60,203.51,285.44,147.74,100.79,302.99,198.89,272.59,697.27,192.09,4367.05,214.26,31.68,922.03,346.76,59.03,110.26,168.42,166.53,190.40,20.68,587.16,497.30,675.27,443.69,76.03,241.53,2004.83,617.08,69.62,380.36,95.29,91.97,115.71,87.29,179.48,142.46,83.65,149.30,685.75,96.04,96.53,84.93,251.32,248.09,170.32,495.42,42.78,84.22
2025-03-13,208.77,377.84,200.74,281.92,148.62,98.11,303.13,193.89,272.00,688.56,189.25,4262.73,208.81,31.23,885.77,332.53,58.25,109.64,164.16,162.20,190.72,23.70,577.40,476.78,676.37,447.23,74.71,235.07,1989.70,588.28,68.53,375.89,94.53,89.02,115.55,85.97,176.32,142.63,79.62,148.46,676.91,93.46,90.59,83.84,254.75,240.68,168.29,502.92,41.85,83.53
2025-03-14,212.56,394.74,205.61,284.60,154.28,100.97,304.17,197.95,292.89,707.80,193.38,4431.52,215.37,31.89,898.99,353.73,59.06,108.55,167.04,164.92,193.28,24.05,594.76,484.44,707.63,449.44,78.12,240.83,2021.37,605.71,68.51,385.61,100.42,91.80,121.64,88.49,182.34,142.87,86.24,153.00,663.25,95.48,94.85,86.08,251.68,249.98,171.02,504.77,44.34,84.37
2025-03-17,213.07,399.34,208.50,289.30,154.08,104.59,307.52,195.74,306.85,723.99,192.35,4528.68,217.44,32.18,911.61,364.83,59.45,109.35,166.00,163.72,194.16,25.69,598.05,488.80,712.88,454.18,77.74,245.79,2106.46,603.02,70.17,385.75,102.73,95.00,119.50,89.87,185.00,145.51,87.35,154.33,674.73,96.42,96.59,88.63,255.80,238.01,174.48,513.76,44.56,86.45
2025-03-18,211.77,391.37,206.02,288.67,152.15,103.51,308.96,192.82,278.84,724.77,186.59,4437.50,209.79,32.41,893.16,363.15,58.87,107.37,162.11,160.11,193.53,25.92,594.99,483.95,704.66,454.58,76.80,238.14,2002.80,580.55,68.05,380.61,101.35,93.00,115.40,89.25,183.10,143.25,83.89,152.71,661.35,95.64,94.01,86.80,256.35,225.31,173.96,512.23,44.15,84.60
2025-03-19,214.31,387.89,206.81,291.46,153.09,106.23,306.15,195.54,297.03,728.53,193.41,4556.96,216.95,32.49,899.12,375.05,59.67,104.73,165.71,163.32,192.53,24.12,599.04,492.06,714.20,453.63,77.36,245.30,2065.94,582.24,69.58,384.87,101.68,95.95,117.49,89.34,187.54,142.41,86.10,154.64,668.71,96.53,101.54,87.80,254.89,235.86,176.18,512.52,44.71,85.34
2025-03-20,213.17,389.61,202.81,290.21,153.01,107.14,305.46,194.95,306.74,727.69,189.01,4554.12,218.33,32.85,890.52,369.03,59.18,103.13,164.48,162.24,194.59,23.96,596.37,491.81,711.07,451.66,76.99,242.55,2067.57,584.18,70.26,383.90,102.62,95.08,118.50,89.54,184.01,141.48,87.39,154.33,659.02,96.61,101.85,87.26,252.71,236.26,175.15,510.18,44.32,84.82
2025-03-21,217.32,387.26,201.33,288.08,150.77,106.44,306.43,196.21,314.03,710.00,190.12,4582.14,221.36,33.08,904.30,362.24,58.87,104.31,165.68,163.42,193.88,24.26,599.97,492.49,701.17,452.23,75.29,235.27,2095.27,594.40,70.16,388.29,94.37,96.03,117.67,89.27,182.32,139.85,90.96,153.23,654.90,94.46,104.21,87.15,251.54,248.71,173.52,503.20,43.47,85.22
2025-03-24,219.77,394.47,209.15,291.56,153.58,113.85,304.82,203.26,339.72,721.52,189.71,4673.90,227.47,32.94,920.99,372.64,59.52,103.98,169.34,167.10,195.48,24.22,608.96,508.58,722.25,452.98,77.42,240.64,2134.31,616.93,72.52,390.09,96.58,97.20,121.38,90.85,184.79,140.81,96.75,156.42,657.41,93.15,109.28,87.66,254.61,278.39,179.83,511.74,44.12,86.72
2025-03-25,222.78,403.64,210.37,292.04,152.28,114.81,297.53,205.71,346.29,720.43,186.75,4741.57,225.73,33.25,925.19,384.95,59.54,105.10,172.19,169.97,195.73,24.20,614.55,519.81,716.42,451.36,77.11,244.17,2191.30,624.36,71.43,392.16,93.83,99.73,120.66,91.70,189.95,139.93,96.50,156.48,630.69,93.31,109.82,86.84,254.40,288.14,178.34,509.04,43.20,84.01
2025-03-26,220.57,397.81,207.37,294.99,149.34,110.19,296.41,201.13,327.62,699.64,177.83,4727.92,215.88,33.64,924.68,371.41,60.33,106.44,166.56,164.49,196.65,23.42,610.72,509.03,700.23,455.29,75.59,244.41,2074.97,609.08,66.54,387.01,91.79,97.07,113.73,92.07,184.96,142.92,92.28,154.76,636.66,95.34,104.28,86.51,258.10,272.06,178.84,500.28,42.44,84.46
2025-03-27,222.88,396.15,205.80,297.94,146.37,106.65,296.47,201.36,261.70,684.64,170.61,4716.65,208.14,33.64,933.63,366.56,59.94,108.28,163.51,161.68,197.62,23.62,611.15,507.90,694.73,458.55,74.27,242.16,2095.85,600.71,64.64,387.61,90.82,97.67,111.40,94.91,174.44,143.91,90.09,154.35,632.38,96.20,102.52,86.39,263.77,273.13,175.23,502.55,41.73,84.88
2025-03-28,216.95,385.71,198.53,293.45,143.77,103.22,297.61,192.72,272.38,668.73,167.76,4598.99,204.35,32.96,924.59,357.11,59.42,108.89,155.52,153.80,194.09,22.71,594.88,491.84,668.53,453.00,72.08,234.79,2048.07,574.95,61.83,375.92,88.11,93.39,109.64,93.90,172.76,143.52,85.85,149.22,633.90,95.11,96.68,83.84,260.48,263.55,170.93,492.69,40.45,84.40
2025-03-31,221.17,383.53,198.64,298.04,143.83,102.74,302.07,190.26,264.97,656.88,166.08,4571.87,200.61,33.21,940.62,352.58,60.25,109.15,155.69,154.11,195.39,22.71,609.85,495.27,674.68,459.44,72.17,235.97,1950.87,574.57,61.37,372.54,86.68,93.25,108.35,95.51,170.64,144.17,84.40,150.09,630.78,95.46,95.48,83.87,262.23,259.16,174.20,484.82,40.26,87.02
2025-04-01,222.22,383.20,196.19,299.02,144.37,102.78,297.58,192.17,282.70,661.55,167.17,4650.11,205.90,33.05,949.20,362.38,60.33,108.40,158.33,156.53,196.96,22.05,609.64,496.36,677.32,460.87,72.30,236.01,1915.00,584.18,62.46,379.29,88.50,92.84,110.12,95.45,171.31,143.91,84.68,149.55,613.65,95.59,97.64,83.46,264.03,268.46,172.54,484.74,40.71,88.05
2025-04-02,222.92,385.78,196.59,299.69,146.44,102.96,296.40,196.01,290.39,663.20,170.71,4653.63,213.38,33.25,959.82,371.49,60.35,108.99,158.31,156.50,199.30,21.98,616.72,507.05,681.03,463.49,73.24,240.29,1934.03,582.11,63.02,379.24,88.39,93.55,110.39,94.47,173.18,143.38,87.45,150.55,622.20,96.74,100.65,84.43,260.12,282.76,172.74,483.49,41.60,88.97
2025-04-03,202.31,367.25,178.16,297.90,134.31,93.80,300.42,178.41,261.98,617.81,152.77,4416.68,189.28,32.44,961.81,347.39,56.32,109.48,152.10,150.20,190.71,22.43,594.50,494.61,616.15,461.00,64.75,222.52,1945.55,529.97,55.45,370.28,74.16,91.71,101.78,96.13,165.17,145.54,83.60,136.23,607.32,85.89,82.29,70.62,263.39,267.28,159.17,484.01,34.00,86.49
2025-04-04,187.56,349.07,162.13,279.11,125.82,85.76,285.44,171.00,219.37,600.29,145.11,4251.44,170.10,30.32,911.48,321.63,53.60,104.47,147.23,145.10,176.23,19.85,557.74,451.58,572.19,432.13,58.66,212.57,1841.29,503.16,49.27,357.11,64.57,85.59,94.29,92.66,153.57,140.96,74.01,124.54,570.33,79.90,76.89,65.88,243.94,239.43,146.76,474.62,30.41,82.46
2025-04-07,180.67,340.70,168.77,274.32,131.67,83.64,280.88,175.26,232.22,610.50,152.90,4212.40,178.88,30.40,903.18,324.36,53.47,102.79,148.73,146.24,172.97,19.57,552.49,463.62,600.07,420.19,61.75,211.36,1794.73,514.64,50.83,355.14,68.21,86.78,97.62,88.92,152.44,137.68,77.84,126.75,569.67,77.85,78.82,67.79,242.53,233.29,149.29,474.56,31.03,83.09
2025-04-08,171.67,340.00,163.59,269.97,127.82,78.21,271.73,170.66,235.28,590.20,154.78,4132.48,184.01,29.83,903.80,325.04,52.27,100.52,146.07,144.20,168.73,18.13,540.40,457.63,595.00,407.83,59.81,209.14,1826.11,508.86,49.86,351.87,65.38,87.04,96.28,87.68,152.53,134.90,77.32,121.81,553.78,77.55,77.09,65.69,242.16,221.86,141.54,472.37,31.41,81.07
2025-04-09,197.99,364.64,193.68,287.46,148.40,96.84,282.24,191.10,274.96,681.30,183.66,4581.21,214.36,31.95,959.93,378.01,57.13,102.52,160.51,158.16,183.71,21.53,592.46,522.95,698.02,440.03,70.59,231.20,1980.66,583.95,60.76,387.52,77.68,94.55,114.30,89.90,173.02,139.98,92.01,140.30,573.59,86.30,91.40,73.34,250.62,272.20,164.31,482.30,36.14,88.81
2025-04-10,189.59,350.05,175.68,285.04,137.01,88.70,272.85,181.22,263.83,643.91,170.92,4460.45,203.46,30.59,959.05,368.61,55.62,98.77,154.83,152.29,178.45,19.88,574.58,489.52,651.82,426.13,65.95,220.83,1933.99,544.59,52.69,378.45,69.88,92.12,107.54,91.56,168.27,138.59,88.59,131.32,543.42,82.33,84.63,68.85,251.82,252.40,151.81,475.49,34.72,89.81
2025-04-11,197.29,352.47,176.47,292.19,143.65,93.40,277.28,184.87,249.95,663.01,180.48,4551.64,207.20,30.63,958.16,377.90,56.34,100.95,158.85,156.60,183.21,19.74,584.10,493.60,665.18,435.95,66.99,223.11,1996.95,541.88,53.27,385.50,69.38,91.83,110.90,92.65,168.34,138.87,88.55,136.06,551.17,83.14,83.71,69.26,254.32,252.31,143.08,484.22,34.25,91.98
2025-04-14,201.64,350.91,175.92,294.16,143.25,94.50,284.98,182.12,236.07,667.03,176.93,4522.18,205.66,31.02,973.98,378.66,56.42,103.74,160.91,158.52,184.78,20.31,590.58,490.13,664.93,440.09,67.37,221.40,2037.12,529.83,52.15,384.86,70.85,93.13,110.68,94.28,169.98,141.10,92.62,136.00,567.96,83.19,82.77,71.75,258.23,252.35,146.36,495.83,35.67,93.90
2025-04-15,201.26,350.38,176.84,290.75,144.16,95.29,286.32,179.59,245.47,677.23,177.51,4577.36,207.37,31.25,971.60,392.80,56.22,102.94,158.13,155.77,183.45,19.85,591.11,488.27,671.12,444.97,67.94,220.50,2118.32,519.90,53.20,382.80,70.87,97.63,112.17,93.20,173.55,137.34,98.40,135.43,554.88,81.46,83.91,71.08,262.23,254.11,146.55,500.49,35.78,93.14
2025-04-16,193.43,344.19,173.29,286.92,136.96,88.29,274.04,174.33,229.81,629.42,173.21,4506.30,203.16,30.47,962.48,379.84,54.80,102.16,154.96,152.80,178.34,19.23,585.14,481.34,637.36,442.03,64.67,216.74,2064.37,500.75,51.82,368.79,69.16,96.16,104.47,90.96,169.76,134.69,92.71,132.63,546.30,78.59,83.96,71.89,255.28,241.55,142.06,485.89,35.47,90.39
2025-04-17,196.13,348.80,173.62,286.09,136.24,87.50,268.86,172.61,238.22,634.60,169.62,4538.53,205.64,30.89,989.08,375.62,54.80,101.83,152.83,150.64,181.41,18.93,582.45,482.74,629.66,446.10,63.30,218.35,2099.37,499.92,51.59,364.99,68.64,97.30,101.47,92.73,167.69,137.34,93.78,133.53,560.10,79.31,83.65,74.82,257.64,241.37,143.90,489.10,36.35,92.40
2025-04-21,192.32,343.22,172.36,277.86,134.36,85.56,265.36,167.32,228.13,619.27,164.87,4403.88,191.64,30.52,952.55,362.69,53.43,101.63,149.34,147.16,179.22,18.84,565.99,468.32,616.13,437.94,61.94,213.67,2056.43,483.15,49.27,356.39,66.58,98.79,96.89,91.23,160.05,136.27,90.80,133.02,558.44,78.51,81.64,72.99,249.22,227.50,141.15,477.52,35.81,91.60
2025-04-22,198.87,349.91,175.82,285.71,137.07,86.26,269.93,173.18,237.71,633.15,168.22,4563.11,199.87,31.06,973.89,368.45,54.09,102.78,153.37,150.95,183.04,19.51,580.64,478.74,631.57,448.56,63.02,218.52,2128.33,498.72,50.51,364.03,70.04,104.03,98.87,92.90,163.63,137.93,93.99,135.56,582.31,79.55,85.71,74.40,253.96,237.97,142.27,490.47,36.52,94.02
2025-04-23,203.71,351.96,180.36,286.34,142.31,90.39,269.45,180.60,252.35,652.27,175.49,4695.05,208.74,31.31,970.52,385.75,54.67,103.62,157.18,154.81,182.06,20.59,593.07,487.93,652.17,442.24,66.24,227.64,2139.92,518.65,53.65,371.55,72.76,104.96,102.69,92.03,168.32,136.78,100.82,137.24,584.66,80.59,90.96,77.10,254.99,250.74,147.49,492.42,37.54,94.12
2025-04-24,207.47,360.91,192.30,287.32,148.84,94.47,271.33,186.54,267.88,669.14,186.64,4791.25,216.97,30.15,970.16,414.05,55.32,103.40,160.91,158.73,185.23,21.49,611.75,508.13,684.23,443.55,70.38,234.05,2204.81,531.49,57.20,384.36,77.24,109.69,106.40,90.14,176.04,130.10,107.78,143.84,596.50,81.61,95.12,81.98,257.78,259.51,157.17,492.47,40.00,95.00
2025-04-25,208.37,367.72,191.67,284.60,150.21,96.65,272.30,188.99,276.83,671.39,190.76,4801.64,221.87,30.79,971.83,424.88,55.73,100.50,163.29,161.40,183.77,20.05,621.00,514.59,689.38,442.43,70.90,233.99,2225.85,545.57,58.79,388.87,79.59,110.15,110.98,89.80,178.98,128.24,112.78,145.16,599.37,81.56,97.12,81.65,228.86,284.95,157.87,493.84,40.60,94.25
2025-04-28,209.23,368.62,190.81,286.37,149.45,96.39,274.48,187.70,284.98,668.99,190.92,4852.76,223.69,30.67,973.21,423.08,55.86,103.59,161.86,160.06,185.15,20.51,615.14,514.01,688.50,442.04,71.05,234.71,2208.40,548.03,58.57,388.19,78.37,111.04,108.70,91.34,181.54,128.61,114.65,144.24,607.54,81.65,98.57,81.11,232.79,285.88,157.47,496.49,40.73,94.38
2025-04-29,210.29,370.98,189.77,288.51,148.22,96.06,279.78,187.39,288.88,662.37,189.63,4871.89,225.31,30.83,986.29,430.99,56.35,101.51,161.50,159.61,195.15,20.34,620.03,514.89,682.77,444.58,70.38,237.43,2280.86,552.72,58.55,391.05,76.70,112.56,108.99,93.28,186.65,129.14,116.08,143.52,565.82,82.57,98.92,80.56,237.53,292.03,155.85,503.50,40.45,95.20
2025-04-30,211.58,374.98,191.99,293.23,149.37,97.35,282.07,184.42,269.31,664.33,190.92,5060.50,222.31,31.06,989.08,428.87,56.74,103.78,160.34,158.25,194.23,20.10,624.33,515.80,697.40,447.20,71.15,236.35,2330.85,547.29,58.24,392.26,76.77,113.17,108.89,94.35,186.93,130.36,118.44,145.06,595.51,77.90,95.00,89.87,242.80,282.16,156.47,509.50,43.67,96.39
2025-05-01,212.39,374.63,190.83,291.36,147.64,96.65,275.15,190.20,279.49,662.98,195.74,5062.63,239.40,30.72,993.59,431.88,57.12,100.58,162.23,160.74,194.45,19.98,620.07,517.18,671.22,442.09,71.21,241.67,2294.52,570.43,60.82,422.17,77.58,113.35,111.58,93.85,186.27,128.41,116.20,132.11,586.79,79.81,97.01,88.86,242.85,280.52,154.72,498.86,43.76,96.55
2025-05-02,204.46,380.87,195.61,296.12,153.72,98.80,272.67,189.98,307.58,686.46,202.00,5163.23,246.01,31.30,1004.11,440.58,58.31,100.99,165.24,163.46,197.58,20.62,628.52,529.42,692.91,448.90,73.98,247.13,2280.69,595.16,62.19,431.97,80.53,115.65,114.47,93.76,187.70,128.60,124.28,136.61,602.32,82.42,99.25,91.89,244.70,287.21,160.83,501.15,44.50,97.88
2025-05-05,198.03,381.06,194.75,296.50,153.24,100.59,271.54,186.35,301.84,679.53,199.11,5151.64,247.02,31.29,1010.67,443.47,58.30,100.15,165.48,163.64,197.69,20.27,629.02,531.82,688.07,446.47,73.37,244.95,2246.54,597.41,61.84,432.86,80.23,113.41,113.79,92.48,188.13,126.91,123.77,136.25,600.30,79.47,98.38,92.39,244.13,280.26,158.79,500.19,44.84,98.46
2025-05-06,197.65,382.98,192.66,295.89,151.67,98.62,262.21,185.01,304.62,676.18,198.48,5123.11,272.44,31.33,1006.30,443.21,58.20,95.34,164.63,162.67,193.71,19.94,623.41,530.46,674.31,441.10,72.63,249.60,2229.00,585.48,61.09,430.02,80.32,113.77,113.51,92.44,188.69,125.70,108.86,136.70,555.48,80.56,93.83,92.71,249.54,275.35,157.49,450.03,44.10,97.68
2025-05-07,195.40,384.97,196.86,297.69,154.43,100.36,267.45,188.71,303.46,696.46,203.16,5156.72,266.77,31.24,1002.97,422.52,58.55,96.34,152.27,150.86,198.03,20.31,637.93,536.15,689.13,443.68,74.51,253.59,2262.09,594.95,56.19,430.06,82.42,115.54,117.03,91.87,188.14,126.84,110.48,141.00,557.88,80.49,94.50,94.24,247.04,276.22,161.11,434.82,44.11,97.96
2025-05-08,196.63,383.99,199.73,299.56,154.62,101.70,263.77,192.08,339.51,704.06,206.10,5125.98,269.23,31.08,1003.52,428.63,58.68,95.62,155.21,153.75,197.96,21.00,652.80,538.16,698.04,447.20,74.36,256.87,2410.00,596.15,57.50,434.84,84.95,114.44,117.34,90.68,188.53,126.37,119.15,141.78,544.69,79.98,94.00,95.07,243.33,284.82,161.94,429.60,44.11,96.57
2025-05-09,197.67,383.28,204.39,300.17,154.23,102.84,257.77,193.06,328.54,702.25,206.53,5033.96,270.00,31.11,1003.90,410.57,58.74,94.40,153.85,152.22,196.57,21.42,650.61,536.51,695.92,446.64,74.81,255.55,2450.00,590.65,59.52,435.40,85.65,114.02,116.62,90.62,186.93,125.42,117.30,141.86,524.91,78.14,91.77,94.49,239.71,298.26,168.42,424.99,43.91,96.10
2025-05-12,210.15,395.94,219.80,301.79,166.50,108.12,266.40,208.64,347.90,745.99,219.80,5155.48,283.84,31.54,1011.93,429.44,60.61,101.13,159.03,157.91,202.39,22.18,658.98,561.43,754.75,448.37,81.65,269.41,2504.61,637.44,64.36,445.85,92.07,111.00,122.97,89.31,193.50,126.61,118.46,148.64,572.50,83.37,104.34,100.65,236.28,318.38,183.10,439.37,46.37,96.13
2025-05-13,212.28,397.40,223.27,300.63,171.50,112.46,262.22,211.37,370.10,759.62,230.55,5222.39,290.05,31.60,994.88,440.20,60.72,98.80,160.34,158.98,201.36,22.56,653.51,563.95,789.91,444.67,84.63,271.57,2515.12,653.99,65.34,445.73,96.70,113.84,129.90,88.05,192.00,125.29,128.10,147.88,571.04,84.55,107.68,104.13,233.35,334.07,184.00,432.00,48.80,95.27
2025-05-14,211.69,399.47,223.41,301.82,172.60,117.72,254.30,210.25,376.54,764.60,230.25,5176.87,286.70,31.39,987.42,435.94,60.24,95.83,166.24,164.80,200.40,21.52,649.56,565.94,798.94,440.03,84.35,270.04,2564.00,657.31,65.76,449.50,95.09,115.10,135.31,88.38,190.90,123.50,130.18,149.48,568.26,84.22,111.45,103.85,231.34,347.68,183.15,421.16,48.99,96.21
2025-05-15,210.81,404.69,223.71,308.10,173.20,114.99,263.43,205.17,366.61,754.11,230.77,5197.90,282.97,32.09,1006.27,431.84,63.15,97.74,164.83,163.39,205.11,21.55,658.00,560.28,799.93,448.17,84.17,268.93,2586.49,641.88,65.06,450.51,95.22,117.80,134.80,91.34,192.90,126.44,128.12,149.12,581.81,84.92,110.21,106.06,236.13,342.82,183.63,434.38,49.54,95.73
2025-05-16,210.62,417.13,223.70,311.54,164.10,117.17,266.46,205.59,362.34,743.90,226.77,5276.63,290.05,32.23,1021.57,439.26,62.53,99.85,166.85,165.62,206.71,21.66,666.92,563.60,785.22,451.68,83.82,270.67,2584.92,638.35,63.62,451.65,97.77,119.15,135.37,92.11,192.98,126.90,129.52,149.01,591.09,83.86,110.75,106.42,238.58,349.98,184.29,438.65,49.78,97.61
2025-05-19,208.15,420.68,221.17,315.04,164.47,114.74,269.82,206.16,370.63,744.93,228.78,5337.09,292.94,32.19,1030.04,444.35,62.82,103.41,167.29,165.96,208.62,21.38,667.50,561.63,782.97,454.20,83.21,270.63,2578.35,638.44,62.42,456.22,98.41,119.16,135.54,92.93,194.30,126.71,126.33,150.18,593.30,82.92,109.10,107.65,240.15,342.09,184.13,440.66,50.50,97.49
2025-05-20,206.23,417.61,221.12,314.88,164.26,113.51,269.00,204.07,363.05,744.56,229.82,5270.29,291.32,32.33,1032.51,442.25,62.33,106.28,164.75,163.41,208.73,21.27,667.80,557.16,786.23,453.73,83.68,264.84,2579.21,635.12,61.29,455.52,97.87,119.20,134.35,92.41,194.48,126.72,125.59,150.30,612.35,83.88,106.43,105.61,237.16,343.82,184.49,447.18,50.41,97.17
2025-05-21,201.48,414.03,218.88,314.72,160.79,112.06,265.41,201.12,358.35,733.04,227.88,5253.05,286.05,31.88,1021.04,434.74,62.11,104.93,169.47,167.98,205.77,20.69,656.68,547.07,774.94,449.44,82.19,258.25,2601.97,633.52,59.98,449.96,95.61,119.46,131.77,91.37,181.26,125.14,120.58,147.85,602.22,81.32,102.32,103.10,236.72,334.62,181.28,435.32,49.28,95.81
2025-05-22,200.75,414.33,208.75,313.76,159.55,110.71,265.96,203.10,351.47,736.55,228.68,5301.28,290.40,31.42,1013.90,444.07,62.27,103.98,171.39,170.28,207.40,20.55,662.74,542.67,763.57,452.89,81.96,258.25,2606.01,634.59,61.71,452.23,94.60,118.80,132.80,90.99,186.14,125.11,122.29,144.00,594.48,82.29,103.29,107.47,236.77,341.04,176.18,434.03,49.63,95.32
2025-05-23,194.68,407.69,207.31,313.21,156.56,110.31,265.72,200.99,354.29,728.38,226.88,5292.24,296.39,31.35,1004.31,455.59,62.02,104.59,169.01,167.89,205.92,20.05,716.53,539.54,753.28,452.79,80.47,255.94,2507.83,625.11,60.56,447.58,93.15,118.54,131.26,91.62,186.75,124.36,123.31,142.05,586.01,82.71,101.51,111.31,238.80,339.34,172.36,436.00,49.96,95.72
2025-05-27,199.60,413.10,213.63,317.72,160.85,114.56,273.34,206.02,380.91,752.55,233.76,5410.27,307.92,31.74,1013.56,472.22,62.65,106.26,173.38,172.30,210.03,20.55,748.20,550.19,785.01,461.72,83.33,264.29,2555.17,640.32,63.68,458.03,96.15,121.16,135.47,90.76,187.46,126.31,123.39,145.23,600.87,85.27,106.74,115.56,239.27,362.89,179.15,446.00,51.60,96.96
2025-05-28,199.81,412.23,212.38,316.19,160.61,112.86,272.32,204.72,390.26,742.32,237.51,5433.62,306.92,31.45,1008.93,468.83,62.25,105.63,172.78,171.76,208.31,20.37,750.67,552.41,773.51,456.35,83.39,262.73,2550.71,641.58,64.45,454.72,95.95,120.86,134.78,90.50,187.80,125.64,123.76,144.22,589.50,84.28,107.11,115.85,237.45,356.90,180.04,445.10,52.13,96.62
2025-05-29,199.34,413.36,212.51,316.17,158.52,113.03,277.34,205.70,384.23,742.88,240.03,5460.15,302.25,31.14,1004.55,458.81,61.97,108.23,172.36,171.27,208.85,20.25,753.43,555.75,770.00,457.90,83.55,261.81,2545.49,643.04,63.59,456.03,96.57,118.49,139.16,90.14,185.82,126.84,122.32,144.94,602.99,82.37,107.70,116.64,235.28,358.43,180.86,447.09,52.32,96.48
2025-05-30,200.24,415.09,210.76,317.54,155.80,110.73,281.88,205.01,393.00,732.64,240.12,5476.95,305.02,31.40,1035.86,471.37,61.96,107.23,172.25,171.15,210.22,19.55,749.70,552.34,752.99,461.36,80.20,262.03,2563.29,645.48,60.06,457.70,94.23,120.72,135.10,91.17,192.42,126.39,131.78,141.88,488.34,82.27,107.22,116.44,239.01,346.46,178.76,442.05,51.33,98.09
2025-06-02,201.09,403.40,212.21,317.81,156.32,114.63,282.17,206.65,401.91,742.34,246.71,5496.78,312.28,31.18,1052.46,479.17,62.75,106.09,169.78,168.45,209.16,19.74,761.16,553.29,758.52,458.39,81.88,259.43,2593.44,668.81,61.33,459.30,97.95,121.90,137.35,91.38,194.86,125.87,132.04,143.27,488.86,83.49,106.54,117.63,239.86,342.69,180.09,445.43,51.97,99.13
2025-06-03,202.65,412.49,215.15,318.52,160.76,117.31,283.24,205.71,398.51,743.06,254.79,5433.43,311.88,31.48,1051.20,488.76,63.25,106.50,167.13,165.61,210.32,20.29,760.83,551.85,771.81,465.54,83.05,262.60,2602.26,664.78,62.22,460.30,102.01,121.79,141.19,91.47,197.12,126.77,133.17,145.53,485.93,84.87,105.11,121.66,240.67,344.27,183.88,446.48,53.54,99.34
2025-06-04,202.20,413.91,216.20,318.21,160.95,118.58,280.74,207.23,416.52,738.61,258.98,5514.73,298.44,31.28,1047.32,460.56,63.28,106.20,168.81,167.47,210.95,20.25,762.97,557.95,778.07,468.96,84.15,260.15,2573.96,685.81,66.15,461.19,103.00,123.97,141.89,91.11,194.07,126.67,130.01,145.64,483.01,86.35,103.58,126.02,238.77,332.05,186.46,445.85,54.30,98.71
2025-06-05,200.02,415.20,215.74,318.23,163.20,115.69,280.83,207.91,414.14,743.57,257.84,5528.15,288.81,31.08,1006.61,462.94,63.51,107.60,169.22,167.63,210.22,19.99,762.80,558.06,787.82,465.48,84.29,258.04,2581.74,682.49,65.02,464.98,106.04,125.05,139.96,91.45,197.11,126.06,119.91,145.05,481.15,85.25,105.03,126.08,241.67,284.70,186.23,443.82,54.92,97.33
2025-06-06,203.30,416.92,219.92,318.79,165.73,116.19,283.99,213.57,417.89,748.80,244.95,5581.52,297.70,31.52,1010.72,468.41,64.92,109.55,174.32,173.08,212.18,20.06,767.72,557.08,803.85,467.91,85.72,263.82,2482.39,695.54,68.20,467.66,108.30,124.15,141.69,91.85,199.60,126.39,127.72,146.70,491.26,87.85,111.41,125.35,242.62,295.14,188.12,450.50,55.31,96.85
2025-06-09,200.84,416.26,225.26,310.76,168.76,121.73,283.64,216.98,383.60,765.88,242.32,5506.77,298.56,31.43,1002.00,464.39,64.77,110.07,177.23,175.69,210.65,20.48,760.55,526.15,825.03,467.37,87.66,264.12,2448.60,691.90,68.99,470.02,110.69,122.45,142.60,89.87,196.33,126.33,132.06,152.76,515.55,88.86,107.80,128.51,234.82,308.58,194.76,446.15,56.88,96.83
2025-06-10,202.06,416.06,230.88,306.80,172.72,123.24,287.02,217.61,383.61,780.57,242.66,5455.64,289.95,32.35,1003.09,467.65,64.03,107.24,179.61,178.20,209.84,22.08,758.29,529.60,852.19,470.73,90.34,266.21,2396.44,700.22,68.69,468.20,113.87,120.36,143.93,91.71,195.95,128.14,132.81,156.42,521.45,89.60,110.26,126.36,233.86,326.09,197.77,451.52,55.81,96.70
2025-06-11,198.18,412.84,230.09,304.71,171.74,121.14,285.43,213.20,383.43,779.69,250.88,5434.07,291.11,31.95,992.64,476.98,63.09,106.47,178.39,176.95,209.43,20.68,760.92,522.41,867.52,463.78,90.29,264.25,2387.00,691.98,68.09,469.89,115.75,121.99,142.81,90.01,194.39,126.27,136.39,156.76,516.54,93.48,114.13,124.88,227.90,326.43,195.23,452.44,55.53,95.19
2025-06-12,198.60,413.68,229.67,302.15,173.94,118.50,290.79,213.24,380.58,781.80,254.01,5429.76,299.27,32.04,998.54,481.73,63.98,109.15,176.57,175.30,209.65,20.77,762.37,513.00,870.51,465.75,90.99,261.44,2368.82,691.20,69.49,476.10,115.90,121.50,144.98,91.05,197.67,128.60,135.19,156.00,519.77,92.43,109.21,124.47,225.69,319.11,195.20,460.06,55.64,94.22
2025-06-13,195.85,391.68,222.66,300.79,169.56,116.16,288.77,212.10,364.49,756.73,246.70,5267.16,295.80,31.80,986.10,480.62,62.99,107.89,175.48,174.28,208.02,20.14,750.21,512.18,863.21,461.24,88.87,253.25,2371.98,680.75,67.04,472.22,115.32,121.21,141.95,89.91,196.27,127.19,137.40,152.09,527.14,91.39,105.34,125.65,225.00,325.31,190.64,455.45,55.56,93.84
2025-06-16,197.82,401.73,229.36,301.86,175.48,126.39,289.10,216.10,370.68,770.88,250.07,5337.40,306.88,31.89,980.27,479.39,64.38,108.73,177.54,176.37,207.83,20.74,764.24,519.04,887.80,461.86,92.73,256.15,2454.76,700.47,70.27,476.37,119.55,122.54,144.67,88.12,198.11,127.74,141.41,154.20,520.61,91.61,108.37,129.37,227.95,329.13,194.77,450.91,57.27,93.69
2025-06-17,195.05,382.68,225.04,301.57,173.04,127.10,283.71,214.82,360.45,755.60,247.37,5269.81,304.57,31.36,973.66,492.03,64.21,105.95,176.83,175.55,205.70,20.80,761.07,512.11,888.41,456.22,91.99,254.45,2389.48,695.60,69.84,475.28,120.05,122.07,144.10,88.80,202.05,125.67,138.20,151.83,506.84,89.76,106.53,129.20,218.51,316.35,193.27,441.99,58.43,93.65
2025-06-18,195.98,378.04,227.23,300.74,171.79,126.79,283.30,212.52,344.37,757.37,249.24,5255.11,305.30,31.12,970.85,485.16,64.71,105.95,173.59,172.93,205.77,21.49,751.05,509.49,866.69,454.04,91.80,255.78,2402.75,694.14,74.79,477.47,121.53,122.23,145.46,88.32,199.78,125.46,139.96,151.01,511.54,90.43,105.97,129.63,218.08,322.05,193.92,448.40,59.05,94.48
2025-06-20,200.39,376.92,225.94,300.24,168.44,128.24,283.01,209.69,324.70,752.29,248.56,5272.77,303.80,31.36,976.22,476.30,65.18,106.44,167.35,166.27,205.71,21.08,757.33,509.36,845.63,451.23,90.06,258.42,2403.81,680.75,73.35,474.64,123.30,123.14,143.83,89.69,199.24,125.46,137.30,148.74,507.70,91.26,106.40,129.29,218.60,322.16,193.77,440.87,59.15,95.50
2025-06-23,200.89,380.12,228.54,304.14,170.92,129.58,266.49,208.47,335.40,775.35,252.32,5301.99,314.05,31.42,1000.31,491.81,66.22,104.17,165.64,164.82,208.43,21.19,758.73,515.09,851.88,455.08,91.17,262.31,2452.89,696.89,70.62,483.19,121.79,125.35,144.15,91.26,203.32,125.48,139.92,150.53,509.89,90.49,109.98,131.39,223.99,348.68,196.89,443.54,60.23,97.24
2025-06-24,199.69,382.34,232.50,305.28,179.09,138.43,271.43,212.77,349.48,808.80,262.27,5449.92,319.48,31.98,997.76,485.38,66.72,105.16,167.36,166.39,208.30,22.55,755.23,523.08,884.46,458.45,95.17,266.90,2528.95,710.53,75.04,487.28,127.60,127.91,147.88,89.18,201.69,127.39,143.23,153.06,520.20,89.67,114.42,134.58,226.79,340.47,201.21,450.27,61.92,97.37
2025-06-25,200.95,387.55,232.21,292.33,181.96,143.40,274.22,211.99,338.80,810.67,263.14,5453.03,313.98,31.64,982.44,494.09,67.02,103.92,171.10,170.30,205.70,22.20,754.07,521.63,888.87,455.52,95.56,264.18,2540.50,707.02,75.76,489.43,126.95,127.53,154.28,87.84,204.30,124.44,142.90,153.28,518.23,89.28,113.89,137.50,227.86,327.55,200.79,445.82,62.40,96.64
2025-06-26,200.39,384.95,234.80,297.02,182.41,143.68,273.01,217.12,347.45,793.61,268.63,5563.02,321.32,31.98,978.83,505.22,67.76,105.58,174.04,173.15,209.95,22.50,768.99,534.19,898.30,459.74,96.37,267.78,2560.20,724.39,79.79,494.58,125.70,130.67,154.99,88.23,202.34,124.63,144.25,155.50,518.93,90.00,113.07,139.64,228.37,325.78,201.70,443.40,63.35,95.41
2025-06-27,200.47,385.83,234.46,297.49,182.10,143.81,271.07,223.30,333.78,791.49,267.81,5659.58,318.99,32.08,981.05,499.33,67.47,108.57,177.87,178.13,212.24,22.69,772.68,533.71,885.30,459.08,96.73,271.61,2560.05,731.91,76.99,493.08,124.46,132.31,157.72,89.16,200.57,127.38,130.74,155.84,518.93,90.27,113.65,140.38,232.15,323.63,202.45,441.30,63.14,96.65
2025-06-30,204.55,386.88,235.51,302.34,181.96,141.90,273.11,219.39,350.08,796.90,274.08,5755.13,321.57,32.42,985.83,509.31,68.19,108.77,176.99,175.83,215.98,22.40,783.69,543.41,891.14,464.41,96.87,271.35,2613.63,736.36,77.23,494.54,122.96,133.91,157.96,90.13,204.64,128.35,136.32,156.55,522.92,89.80,115.35,143.25,235.12,317.66,202.98,445.20,63.83,97.15
2025-07-01,207.19,392.10,238.10,304.03,182.65,136.11,284.17,220.46,336.69,786.04,263.23,5696.96,306.79,33.00,981.86,492.07,67.91,109.61,176.51,175.44,221.44,22.85,775.71,537.99,894.23,471.91,96.34,276.18,2501.40,717.53,76.07,489.21,120.60,129.36,153.27,90.50,197.58,131.48,130.68,156.69,532.79,93.02,112.67,143.95,238.33,300.71,205.75,452.16,63.68,97.61
2025-07-02,211.80,378.47,242.57,299.05,188.86,138.52,290.36,219.92,336.00,795.11,268.36,5668.16,305.50,32.84,978.28,496.10,67.41,109.39,179.36,178.24,221.90,21.88,769.83,540.60,916.37,472.32,98.36,275.63,2472.05,711.90,74.09,488.25,121.45,128.49,157.22,89.32,196.97,132.66,132.12,159.56,545.57,92.30,114.77,150.80,234.29,315.65,210.77,457.03,65.62,96.99
2025-07-03,212.90,379.31,243.09,303.12,189.89,137.91,291.72,223.41,341.64,790.04,273.61,5683.11,310.73,32.99,982.92,514.10,68.59,109.63,180.14,179.13,222.96,22.49,776.73,544.47,919.83,470.75,98.34,278.12,2514.05,717.33,75.01,495.96,122.00,129.72,159.31,91.33,201.82,131.59,134.36,159.45,545.19,92.55,116.52,148.32,237.58,315.35,211.19,459.62,65.92,97.73
2025-07-07,209.31,376.93,239.26,302.34,189.63,134.80,286.55,223.47,345.00,780.69,272.62,5781.65,317.08,32.48,988.06,505.46,68.15,109.66,177.16,176.39,221.98,22.00,779.69,534.71,907.93,464.82,97.67,276.50,2501.08,716.67,71.39,494.85,119.75,128.96,158.21,92.67,201.42,130.69,139.12,155.40,535.98,91.77,116.66,147.28,234.50,293.94,208.64,459.41,65.06,98.71
2025-07-08,209.37,382.24,242.57,300.87,193.81,137.82,290.51,219.36,344.75,789.65,270.25,5679.66,311.69,33.00,981.74,507.71,67.82,108.95,174.77,173.97,222.40,23.59,777.57,527.30,914.50,465.17,99.35,278.05,2476.60,718.98,71.79,493.75,124.24,127.53,159.97,91.64,203.99,131.26,139.71,156.74,545.58,93.04,112.48,143.39,232.86,297.81,211.79,466.36,63.86,96.47
2025-07-09,210.50,373.38,240.16,302.35,194.21,138.41,290.04,222.54,352.74,795.34,276.32,5634.64,315.94,32.65,978.01,513.51,68.49,111.09,177.26,176.22,221.40,23.44,765.74,528.13,918.44,466.48,99.33,277.29,2477.08,731.06,72.10,500.60,122.06,128.83,162.85,92.58,206.06,130.72,143.13,156.64,550.39,93.34,114.32,140.95,229.25,295.88,211.56,478.97,64.48,96.19
2025-07-10,211.77,371.43,242.55,299.81,196.83,144.16,293.81,222.26,346.32,797.59,273.83,5684.81,312.46,32.47,966.14,487.11,67.98,112.37,178.30,177.22,219.59,23.82,745.16,526.05,923.85,465.56,100.57,280.38,2402.10,725.54,73.20,498.58,122.93,125.06,164.07,92.38,192.07,132.27,142.50,156.38,557.54,93.25,115.16,143.42,225.15,309.87,214.75,479.53,64.90,94.25
2025-07-11,210.52,363.35,242.10,296.70,196.73,146.42,288.82,225.02,335.10,797.43,272.82,5683.41,320.36,32.07,966.30,478.45,67.18,107.56,180.90,179.78,218.81,23.43,745.16,512.06,919.83,464.05,101.24,279.73,2387.45,715.83,72.61,500.41,124.35,124.51,164.89,91.62,187.39,131.48,142.10,154.78,565.49,93.04,112.11,146.08,224.76,313.51,216.31,468.85,65.98,93.80
2025-07-14,207.99,366.99,240.89,297.40,195.91,146.24,290.54,225.69,355.90,802.21,274.03,5732.06,324.79,32.67,976.83,476.18,67.05,109.96,182.40,181.15,220.79,23.30,750.00,516.44,917.11,464.02,99.14,280.94,2380.25,719.23,72.41,500.11,118.44,126.19,164.04,93.12,190.72,131.78,149.15,151.66,568.33,91.55,116.74,147.96,225.15,316.90,215.13,472.35,66.77,95.17
2025-07-15,208.48,364.18,237.89,292.32,198.08,155.61,286.12,226.35,352.96,818.40,279.34,5642.08,316.82,31.82,963.66,473.28,66.42,106.99,182.69,181.59,218.23,22.92,743.22,512.23,931.72,455.88,100.58,273.03,2390.00,708.73,72.31,502.90,119.94,126.03,170.67,91.19,192.25,130.07,148.58,151.67,545.79,90.63,115.05,147.93,223.04,310.78,213.48,464.20,67.37,94.78
2025-07-16,209.52,361.77,238.07,294.37,193.63,160.08,292.49,223.19,355.50,750.22,279.21,5624.79,307.06,31.53,947.42,470.45,66.61,107.76,183.36,182.56,219.69,22.69,747.97,512.64,928.70,455.00,99.89,271.74,2405.15,701.26,70.75,502.70,116.26,125.03,171.34,91.24,192.59,131.57,150.91,151.45,545.76,90.66,120.00,146.02,225.73,321.67,211.80,469.55,66.37,94.54
2025-07-17,209.38,366.45,238.43,296.18,191.36,160.41,291.73,223.88,363.78,740.73,284.82,5650.45,306.95,31.81,949.95,469.83,67.53,106.73,184.28,183.17,221.07,22.80,752.61,516.16,932.27,456.60,100.31,269.75,2351.14,699.77,71.91,508.74,113.10,127.42,172.97,91.59,196.28,141.37,153.99,150.01,547.82,91.33,126.75,145.62,224.04,319.41,211.75,463.27,66.86,94.48
2025-07-18,210.54,365.79,239.30,295.86,189.29,156.99,288.32,226.13,364.46,730.46,281.72,5669.29,320.24,31.66,947.00,475.96,67.28,106.17,185.52,184.64,219.38,23.10,749.88,518.62,926.34,460.28,100.18,270.72,2413.57,702.63,74.55,507.10,114.22,120.92,172.38,92.34,195.78,139.23,153.52,152.16,540.37,91.92,127.07,147.95,224.22,329.65,211.78,459.81,67.83,94.44
2025-07-21,211.84,367.68,237.94,294.99,191.45,157.00,289.41,229.30,366.17,715.64,286.57,5643.70,316.71,32.09,943.62,481.58,67.57,106.22,190.72,189.67,218.15,23.26,760.90,516.12,932.94,465.65,101.25,269.71,2379.06,711.30,72.96,507.11,113.07,123.33,171.35,94.15,199.88,137.74,151.79,156.26,543.37,90.81,128.43,148.51,229.56,328.49,209.78,458.49,68.57,95.06
2025-07-22,213.75,372.87,233.02,297.02,186.01,154.72,299.01,227.47,350.00,701.52,277.00,5741.50,316.62,32.33,937.70,471.23,67.39,108.08,191.68,190.91,219.41,23.24,763.97,511.00,887.64,467.22,97.22,271.12,2384.72,703.16,71.89,502.35,109.06,119.01,167.00,95.35,196.73,141.96,149.07,155.30,558.71,95.00,123.71,145.49,230.18,332.11,210.12,470.13,66.90,95.24
2025-07-23,213.50,372.46,225.68,298.25,185.88,158.65,302.46,228.29,362.12,712.91,282.07,5702.52,322.51,32.81,937.28,461.52,67.85,111.40,191.08,189.80,221.91,23.49,773.16,501.95,892.48,465.21,96.63,271.65,2394.43,711.91,73.17,502.95,109.67,117.68,170.75,95.42,199.22,141.59,154.63,157.16,570.12,94.00,122.21,151.62,230.85,332.56,182.09,476.95,69.15,95.07
2025-07-24,213.11,371.69,223.98,300.22,186.98,162.12,301.81,232.23,359.94,721.01,287.06,5616.71,320.48,32.42,929.92,462.03,67.52,111.05,192.77,191.74,208.19,22.63,778.35,488.61,899.54,466.70,97.31,271.02,2391.05,713.13,73.94,507.93,111.57,118.08,173.71,98.16,201.16,140.47,154.86,156.14,562.40,91.83,122.08,151.59,244.24,305.30,181.54,472.27,68.85,95.98
2025-07-25,213.23,370.74,225.42,302.56,184.57,166.47,299.88,231.44,364.14,707.26,288.53,5599.08,326.14,30.87,931.59,467.92,67.91,113.99,193.64,192.75,207.97,20.70,783.07,495.86,897.46,468.08,96.49,277.21,2362.56,711.01,74.11,510.74,111.10,118.05,173.47,97.66,203.27,139.44,158.80,155.70,560.87,92.53,124.43,149.76,240.34,316.06,180.86,469.65,68.65,96.85
2025-07-28,213.40,369.47,228.34,300.86,189.12,173.66,294.71,232.79,370.96,725.90,292.62,5645.29,327.45,30.73,930.11,472.18,67.15,110.88,192.99,192.15,208.75,20.68,795.81,493.95,918.41,462.71,98.15,273.91,2354.11,715.95,75.81,509.54,111.09,117.46,176.72,97.33,204.50,137.61,157.88,158.31,556.42,91.80,126.84,149.33,235.05,325.59,185.02,460.83,68.82,96.99
2025-07-29,210.63,370.70,228.32,302.57,187.27,177.44,296.93,231.01,361.63,716.27,295.72,5557.82,329.30,30.09,930.69,465.51,67.19,112.06,195.99,195.31,205.63,20.41,803.39,496.87,911.39,466.72,98.46,271.61,2384.90,698.36,76.23,509.61,111.80,116.87,175.48,98.90,193.84,139.87,156.24,159.32,555.94,91.10,124.85,151.54,236.10,321.20,187.10,468.41,70.44,97.70
2025-07-30,208.42,364.00,228.67,304.83,188.24,179.51,294.79,230.19,363.31,719.22,300.89,5579.83,344.00,29.79,923.66,463.15,67.51,112.58,197.00,196.09,206.04,20.34,804.44,500.51,920.24,461.49,98.61,268.20,2381.39,693.58,81.63,510.28,114.57,118.42,179.24,99.38,183.03,138.87,158.61,156.35,552.38,90.90,123.01,146.32,238.40,319.04,185.29,469.16,71.26,96.97
2025-07-31,206.94,357.69,222.26,303.42,178.97,176.31,288.65,234.11,390.70,692.57,292.03,5471.63,346.56,30.46,935.74,454.57,67.31,110.16,192.43,191.47,206.22,19.80,782.26,481.09,874.52,455.58,94.38,262.03,2373.89,771.63,80.26,530.42,108.98,115.94,177.84,98.32,173.60,134.06,158.35,144.26,543.30,87.38,122.21,155.84,235.27,308.27,178.29,456.87,78.50,97.35
2025-08-01,201.77,347.80,219.37,294.53,178.90,171.70,290.39,214.75,379.17,687.69,286.99,5354.55,339.51,29.81,949.88,446.66,66.35,111.03,189.52,188.70,201.91,19.31,773.31,483.12,882.09,454.74,95.91,253.61,2375.92,748.25,74.35,521.08,104.73,115.86,173.69,99.12,172.88,135.39,154.27,145.67,556.65,85.12,118.60,153.65,234.08,302.63,178.10,462.13,76.36,97.86
2025-08-04,202.73,338.85,220.06,296.32,181.71,176.78,295.34,211.65,395.01,697.20,296.02,5443.82,353.58,29.85,952.72,454.86,67.72,112.34,195.31,194.60,204.77,19.50,782.00,483.36,910.92,462.65,97.94,257.36,2395.83,774.55,76.42,532.55,107.61,117.10,179.97,101.37,171.00,135.66,160.66,145.00,569.27,87.98,125.21,153.65,237.84,309.26,179.94,472.27,77.10,98.95
2025-08-05,202.30,338.74,218.35,293.55,178.07,174.31,293.52,213.75,377.93,687.50,291.26,5425.70,342.30,29.80,941.01,441.75,66.76,110.33,194.88,194.23,205.02,20.19,766.46,477.00,878.87,465.07,96.22,257.95,2408.02,761.67,76.52,524.70,108.90,114.79,178.23,102.23,169.09,135.55,173.27,144.21,567.64,88.40,127.00,150.60,235.78,308.72,182.57,374.98,75.65,98.67
2025-08-06,212.60,345.62,218.36,295.71,177.06,163.12,278.45,222.31,390.57,688.83,299.95,5503.69,337.21,29.48,965.87,451.69,68.43,108.19,196.48,195.65,203.32,20.41,776.62,474.06,883.72,466.69,95.48,260.92,2317.22,770.18,75.22,521.91,108.62,117.85,179.39,104.44,172.89,136.86,179.54,143.36,552.93,87.21,154.90,146.17,236.07,319.91,183.07,385.65,73.60,102.70
2025-08-07,219.36,338.27,220.77,297.52,182.04,172.40,278.48,223.13,437.34,710.92,302.03,5400.09,335.17,29.03,974.74,425.00,69.11,108.19,196.84,196.08,200.86,19.77,758.82,469.81,907.38,464.66,98.67,258.81,2334.82,760.04,75.75,517.83,111.71,118.04,180.74,103.47,168.10,139.90,182.20,143.42,557.58,89.20,151.07,146.99,239.73,322.27,183.07,375.63,74.26,102.46
2025-08-08,228.65,341.05,221.59,299.80,183.75,172.76,281.93,222.69,455.98,720.09,303.23,5374.05,334.53,29.03,978.26,424.49,70.98,117.14,201.64,200.97,200.61,19.95,746.26,470.08,910.10,467.62,101.26,258.15,2353.70,767.50,77.23,519.02,118.72,121.16,182.67,103.33,167.06,141.15,186.96,145.05,560.77,90.28,149.61,149.32,241.75,329.65,184.36,366.54,74.79,103.07
2025-08-11,226.75,333.65,221.71,297.75,183.26,172.28,278.86,221.30,465.58,719.08,302.17,5332.64,330.27,28.79,986.00,426.43,69.87,118.18,201.18,200.55,200.74,20.65,703.51,471.85,905.51,465.60,101.51,256.21,2292.04,764.08,77.17,518.76,123.54,121.83,182.03,103.60,168.17,140.82,182.68,145.45,543.78,89.91,147.50,150.56,245.59,339.03,180.90,374.46,74.46,103.26
2025-08-12,229.21,338.43,229.59,293.74,187.31,174.95,278.75,221.47,467.00,739.50,311.05,5429.36,337.32,29.42,988.50,435.80,70.57,117.74,203.70,202.88,201.26,21.81,710.87,478.19,930.73,468.42,104.77,263.20,2350.83,788.15,77.70,526.18,127.56,122.53,183.13,101.89,175.40,142.76,186.97,151.11,554.34,91.50,149.30,154.43,248.96,340.84,190.02,387.77,75.72,102.96
2025-08-13,232.89,351.07,235.12,298.96,188.88,184.42,283.01,224.56,446.40,753.24,307.33,5415.82,326.42,30.19,976.13,432.12,69.60,117.86,202.57,201.51,203.80,22.22,709.11,482.35,944.60,470.80,106.23,267.86,2327.30,778.25,79.21,517.57,124.09,120.44,181.56,102.64,176.86,145.17,184.37,153.92,559.32,92.30,150.09,155.75,247.54,339.38,190.34,395.92,75.88,100.34
2025-08-14,232.34,348.58,233.72,295.75,187.10,180.95,283.95,230.98,433.34,752.88,309.46,5452.45,325.01,30.16,972.68,424.86,68.52,116.76,203.36,202.48,202.37,23.86,708.04,477.08,950.50,472.78,106.86,264.73,2319.80,780.30,78.93,519.46,125.11,123.06,181.99,101.50,173.55,144.46,181.02,155.40,563.73,91.20,144.27,154.56,247.01,335.58,190.75,390.30,76.05,100.20
2025-08-15,231.15,354.85,229.19,295.86,160.78,177.51,289.99,231.03,438.68,739.87,304.59,5422.15,321.04,30.66,969.34,427.90,65.45,116.12,204.45,203.44,202.09,24.56,714.12,480.26,870.45,475.20,99.03,263.39,2392.30,783.39,76.08,517.17,120.69,123.89,180.42,101.54,177.09,146.19,177.17,155.16,578.11,89.37,141.47,153.27,251.28,330.56,191.60,392.79,74.88,99.59
2025-08-18,230.45,357.24,229.11,296.70,162.54,176.14,286.23,231.49,438.54,745.24,304.02,5499.40,321.97,30.64,976.63,426.34,66.19,115.75,203.83,203.04,201.74,23.66,714.59,481.28,880.77,473.65,98.41,264.45,2364.01,765.57,76.63,514.11,123.37,124.51,181.98,101.39,176.17,145.37,174.03,156.19,572.50,91.29,143.11,157.51,251.82,335.16,191.36,389.88,76.10,100.29
2025-08-19,230.12,361.03,228.01,299.71,161.24,166.55,289.09,228.01,412.60,741.32,293.23,5551.17,316.45,31.06,978.13,418.60,66.01,115.74,202.03,201.12,202.06,25.31,698.46,479.20,873.48,475.04,99.85,264.96,2342.94,749.72,71.97,506.83,121.87,121.42,175.61,103.06,181.56,147.90,157.75,153.59,570.38,89.70,139.25,156.75,254.82,329.31,192.95,390.76,75.67,100.88
2025-08-20,225.58,353.43,242.29,302.96,159.99,165.20,289.97,223.81,412.38,747.18,289.51,5606.55,313.43,30.51,991.81,419.17,66.35,116.48,199.74,198.87,202.30,23.54,696.59,480.45,875.83,477.46,98.67,261.73,2335.98,745.97,71.12,502.80,117.04,121.39,175.37,104.00,184.43,146.51,156.01,152.79,589.56,88.30,137.29,157.21,255.60,323.90,197.70,394.36,75.46,102.15
2025-08-21,224.47,353.43,244.35,298.95,159.33,163.71,289.30,221.95,418.76,733.13,287.95,5677.09,311.74,30.80,966.99,414.06,66.26,113.94,200.17,199.30,202.69,23.50,695.21,469.88,869.80,475.83,97.94,261.15,2337.44,737.37,71.11,502.15,115.62,120.62,174.95,102.87,183.32,144.81,156.18,151.51,596.69,87.36,136.68,153.44,254.76,320.11,197.64,397.46,74.48,97.56
2025-08-22,227.33,362.09,249.54,301.90,161.97,167.76,289.63,228.84,441.68,752.56,292.32,5687.16,309.39,31.30,955.88,420.55,66.56,112.59,206.26,205.63,207.74,24.80,660.24,476.16,867.69,476.78,99.60,272.65,2430.62,753.02,72.90,505.13,117.51,120.46,177.96,102.31,185.88,145.46,158.74,155.32,588.03,87.18,142.11,158.02,248.63,340.01,202.91,395.12,76.78,96.44
2025-08-25,226.73,363.21,251.81,297.87,161.47,163.36,284.46,227.94,450.68,752.13,292.55,5669.99,309.91,31.17,938.97,418.83,66.38,111.98,208.69,208.02,205.67,24.55,654.56,468.44,876.94,472.99,100.79,267.45,2407.74,751.53,72.85,502.17,116.25,121.81,179.78,102.47,184.55,144.06,157.17,153.76,570.98,84.65,140.53,162.77,248.42,346.60,202.82,388.94,79.03,95.68
2025-08-26,228.87,354.91,252.93,297.49,163.98,166.62,285.55,228.71,469.33,760.84,296.31,5672.06,315.79,30.87,938.73,417.60,67.62,112.57,207.48,206.67,207.49,24.35,657.13,474.26,885.46,477.02,103.13,266.70,2405.53,752.33,74.16,499.96,116.33,122.61,181.74,103.18,184.23,142.89,160.87,156.46,586.21,85.46,140.85,164.00,247.89,351.67,202.83,387.18,79.52,95.66
2025-08-27,230.05,356.35,252.81,297.13,163.86,167.13,283.96,229.12,462.94,767.62,298.54,5582.59,315.16,30.99,946.89,422.61,67.67,111.76,207.74,207.01,206.26,24.85,660.74,471.15,886.25,477.80,103.17,268.52,2413.43,745.63,74.69,504.64,117.58,122.35,181.57,104.05,187.61,143.51,156.72,157.05,585.52,86.47,139.89,165.99,248.05,349.60,202.33,389.08,80.47,95.69
2025-08-28,232.12,353.96,251.57,298.12,164.74,168.58,281.64,231.60,483.75,761.10,306.89,5618.68,318.76,30.77,942.34,442.00,68.65,110.42,211.89,211.16,206.36,24.93,665.75,473.84,891.34,477.25,103.59,269.09,2472.29,749.35,77.12,507.53,121.82,123.14,180.14,103.99,191.02,142.87,158.12,158.06,578.19,86.83,141.54,171.09,247.26,345.98,200.97,392.05,81.84,95.72
2025-08-29,231.70,356.70,248.66,298.07,160.25,162.63,283.71,229.00,478.59,740.33,295.69,5566.06,307.22,31.14,940.70,423.70,68.31,110.83,213.05,212.43,204.63,24.35,664.56,473.30,869.41,473.43,99.67,266.71,2472.91,736.97,62.78,504.59,118.84,120.82,174.15,103.68,190.52,144.49,156.71,157.99,579.28,87.00,141.28,166.15,249.55,333.87,199.39,391.02,80.14,96.58
2025-09-02,229.28,345.63,246.67,293.88,157.07,162.32,282.93,225.34,481.73,723.61,296.54,5473.11,306.43,31.28,936.21,413.50,67.03,110.57,211.51,210.87,202.86,24.21,659.57,469.07,843.84,469.32,96.56,263.35,2379.76,733.39,64.51,503.03,118.31,121.41,170.75,103.19,190.52,146.08,157.09,156.08,576.48,88.56,139.04,169.22,253.41,329.36,196.76,401.00,81.71,97.45
2025-09-03,238.02,348.50,242.93,292.99,155.75,162.13,279.90,225.99,487.35,734.55,300.67,5550.05,307.71,31.06,947.14,413.20,66.91,110.84,230.58,230.14,199.51,24.00,666.23,441.18,841.39,466.99,97.27,263.94,2373.12,735.32,62.22,503.26,118.55,122.62,170.59,103.84,191.53,144.48,154.90,154.60,562.42,86.07,140.22,175.00,250.21,334.09,192.75,396.62,85.79,99.03
2025-09-04,239.32,344.31,244.48,295.27,157.73,161.79,276.20,235.68,499.97,751.10,304.35,5552.94,308.29,31.12,953.25,412.46,67.22,110.63,232.14,231.78,200.59,24.61,665.84,454.52,870.70,469.08,99.94,267.70,2417.80,746.90,64.01,505.87,124.03,125.75,171.63,105.04,192.35,142.78,156.14,157.88,565.83,85.83,145.15,182.60,249.68,338.53,184.43,396.93,90.37,100.52
2025-09-05,239.23,348.97,245.43,290.15,162.23,151.14,279.69,232.33,490.24,779.29,332.98,5482.78,300.83,31.08,960.81,417.63,66.14,112.87,234.64,234.47,199.74,24.49,670.36,466.86,902.40,466.23,102.46,263.57,2417.49,750.69,63.24,492.95,131.18,124.38,166.99,104.84,194.46,143.69,153.11,158.01,571.97,84.27,146.82,186.75,250.31,350.84,185.06,396.12,91.92,100.10
2025-09-08,237.43,358.66,247.33,292.56,161.53,151.41,276.29,235.84,547.04,793.79,343.68,5546.41,298.08,31.17,969.15,428.06,66.12,113.68,233.84,233.72,200.20,24.48,669.22,470.00,906.28,471.31,104.57,266.92,2346.96,750.54,65.91,496.14,131.27,124.48,168.28,106.40,197.38,139.09,156.10,158.41,557.07,83.03,146.22,187.82,240.55,346.40,182.98,395.25,93.17,101.86
2025-09-09,233.90,354.06,246.53,291.40,162.98,155.82,276.07,238.24,558.17,802.65,334.75,5548.53,300.07,30.86,976.53,423.51,66.58,113.56,239.61,239.30,199.69,24.44,668.44,467.54,915.00,470.12,105.06,262.87,2373.01,763.91,66.75,496.35,135.04,126.32,170.73,106.92,197.55,140.46,162.36,156.85,555.17,82.68,143.44,190.16,240.37,346.97,182.20,396.48,94.42,101.87
2025-09-10,226.36,350.16,245.57,286.64,162.90,159.54,274.63,230.33,567.12,790.69,367.46,5451.92,319.21,30.69,953.64,424.87,67.36,113.06,239.24,238.85,197.36,24.77,653.86,449.98,929.86,469.39,106.84,261.30,2348.99,750.22,67.01,498.30,139.80,124.77,177.30,105.11,197.33,140.03,166.74,157.13,554.47,81.76,142.20,191.60,238.05,347.79,181.20,388.55,94.90,100.00
2025-09-11,229.59,350.55,246.59,292.17,169.61,155.67,278.80,229.95,571.31,801.68,357.58,5475.01,317.21,30.62,961.64,433.38,66.93,115.62,240.45,240.04,200.73,24.61,658.10,455.85,956.43,480.20,115.02,266.79,2338.20,749.14,66.50,498.94,150.35,120.35,177.15,107.82,198.33,141.57,164.36,159.66,566.81,81.25,145.03,195.34,239.05,368.81,181.53,397.37,96.03,102.23
2025-09-12,233.62,349.36,243.58,289.23,167.26,158.57,272.54,228.15,582.00,811.36,357.82,5435.50,322.68,30.30,965.21,436.10,65.78,112.38,241.05,240.47,197.14,24.08,643.67,449.68,961.16,478.66,116.40,265.36,2339.36,753.82,67.26,507.79,157.00,118.84,177.80,107.50,196.29,140.88,171.43,159.98,558.63,80.79,143.38,194.52,239.38,395.94,179.81,394.53,97.53,103.07
2025-09-15,236.25,347.10,243.29,286.63,170.38,161.16,270.58,231.43,593.14,864.62,362.01,5536.58,329.60,29.90,957.44,444.77,66.26,111.17,251.42,251.27,197.40,24.77,648.95,433.99,985.97,473.39,118.64,264.00,2335.82,762.91,67.34,513.23,157.54,120.23,177.73,106.30,201.28,138.04,171.21,159.38,571.19,81.56,147.89,209.54,237.42,410.04,175.48,393.21,102.26,103.27
2025-09-16,237.70,352.73,242.48,284.49,172.98,160.46,269.28,234.05,603.80,875.71,357.95,5452.12,322.11,29.60,949.43,444.98,66.17,109.51,251.08,250.82,196.66,25.27,648.92,434.50,987.63,468.17,119.89,266.74,2390.14,777.17,68.76,506.93,158.59,120.05,174.86,105.39,201.34,137.45,170.26,162.26,573.65,83.23,147.21,209.55,235.32,421.62,174.92,391.36,102.96,103.00
2025-09-17,238.54,362.07,244.69,284.54,177.56,159.16,270.89,231.62,606.66,869.58,344.20,5530.48,320.48,29.73,960.36,445.50,66.96,110.89,249.51,249.19,197.34,24.90,660.26,433.66,986.93,476.50,121.31,260.93,2446.32,773.90,70.88,507.91,159.76,122.85,170.27,104.55,203.12,138.62,168.33,163.37,584.06,82.09,147.87,211.76,237.13,425.86,177.55,387.15,100.81,103.84
2025-09-18,237.43,367.46,247.40,286.71,189.15,157.92,271.99,231.23,621.52,924.94,343.38,5420.12,321.91,29.00,949.72,502.63,67.90,112.24,251.99,251.69,195.96,30.57,672.49,435.83,1043.58,472.67,125.71,262.82,2476.37,778.42,74.13,506.34,168.65,120.78,176.22,103.69,205.68,138.13,176.97,166.21,597.24,82.29,152.11,215.02,236.52,416.85,178.85,387.11,105.02,103.18
2025-09-19,245.03,365.90,243.70,287.75,189.49,157.39,281.44,231.48,649.59,929.27,342.97,5421.67,330.08,28.96,948.52,502.55,67.44,112.70,254.89,254.37,195.19,29.58,685.40,438.72,1041.71,475.65,126.31,267.37,2452.34,776.56,74.16,515.79,162.49,122.70,176.65,103.93,208.19,139.14,182.39,164.94,590.54,83.42,153.30,219.57,235.86,426.07,176.63,383.12,106.49,101.91
2025-09-22,255.59,364.08,245.70,289.38,199.88,159.79,282.02,227.63,643.50,954.84,337.44,5434.31,346.26,28.86,940.64,493.14,66.98,111.12,252.54,252.19,194.84,28.76,699.52,444.55,1068.07,474.41,131.56,262.97,2460.66,763.88,75.43,512.32,164.38,122.74,183.59,103.45,208.18,138.43,179.33,167.78,594.22,84.14,157.12,227.61,235.14,434.21,176.88,383.13,112.27,102.40
2025-09-23,253.95,361.78,245.14,285.00,200.23,160.90,282.82,220.71,651.18,960.54,337.58,5485.98,335.81,28.98,940.98,484.10,66.78,113.01,252.00,251.32,195.13,29.34,696.62,447.75,1068.02,476.58,131.30,260.72,2494.35,754.14,74.52,507.12,166.17,121.85,178.41,103.73,203.25,139.28,182.55,167.59,566.50,84.53,149.94,226.42,237.17,425.85,179.26,379.72,110.11,102.10
2025-09-24,251.83,353.27,246.96,287.25,200.80,160.88,275.33,220.21,641.92,944.02,337.95,5502.50,338.29,28.97,942.65,476.33,66.56,112.29,247.49,246.80,194.47,31.22,692.25,443.99,1065.50,470.81,127.96,261.02,2510.97,759.39,79.98,508.04,161.48,120.39,176.95,103.47,200.70,139.55,179.56,171.57,575.57,83.13,148.83,222.03,236.09,442.79,181.62,376.62,109.55,102.31
2025-09-25,256.38,354.16,245.89,284.68,198.96,161.27,267.41,218.15,639.91,946.62,334.76,5552.42,325.52,28.98,940.69,473.09,67.08,109.64,246.24,245.46,193.63,33.99,690.15,438.12,1055.95,470.46,127.77,259.78,2492.25,747.66,83.69,504.93,156.60,120.82,177.67,104.58,202.21,137.34,179.12,167.74,554.15,82.70,143.45,218.21,235.63,423.39,179.26,381.87,107.07,102.63
2025-09-26,254.97,360.37,245.92,287.29,203.27,159.46,269.18,219.78,669.86,948.58,333.19,5524.80,330.44,29.08,913.41,481.42,66.46,110.74,246.84,246.21,194.09,35.50,695.70,441.12,1061.13,471.09,127.97,263.08,2468.42,742.51,83.06,509.34,157.04,121.06,178.17,106.10,202.37,137.85,177.57,167.27,562.52,82.26,140.25,215.88,235.17,440.40,181.73,385.74,106.74,102.74
2025-09-29,253.95,359.42,243.17,288.40,204.29,161.36,270.16,222.17,712.36,959.64,326.59,5432.00,333.44,28.86,914.33,488.45,66.96,111.25,244.03,243.72,195.10,34.48,692.15,439.22,1060.97,473.15,130.72,265.68,2501.31,742.16,82.28,512.47,163.66,120.64,181.83,107.55,203.96,137.58,178.86,163.41,559.37,84.48,149.00,227.43,235.65,443.21,180.43,395.31,116.59,102.66
2025-09-30,254.15,352.75,244.07,289.23,204.08,161.79,278.27,219.57,718.54,965.10,328.59,5376.69,328.25,28.80,923.06,490.38,67.65,109.65,243.22,242.77,196.24,33.55,680.41,447.23,1075.40,471.67,133.52,259.32,2336.94,733.15,83.95,515.81,167.08,119.89,186.56,107.81,203.62,137.85,182.42,164.46,560.89,83.46,148.61,235.03,237.06,444.72,180.92,391.64,119.91,102.64
2025-10-01,254.96,343.72,237.69,287.36,217.04,164.01,294.35,220.63,704.09,1000.17,332.06,5328.19,350.03,28.66,914.79,499.96,67.97,109.80,245.21,244.57,195.94,35.94,677.01,438.04,1125.52,463.54,142.38,260.54,2176.91,716.14,83.77,517.56,181.89,117.09,187.22,105.68,206.80,140.50,184.95,164.59,598.47,83.26,149.57,255.72,231.00,459.46,177.63,404.21,130.42,101.54
2025-10-02,256.64,351.48,240.07,285.65,222.87,169.73,293.26,222.41,683.64,1026.99,336.83,5401.87,356.57,28.16,914.23,496.80,67.54,109.21,246.10,245.36,196.72,37.30,679.36,443.01,1135.88,466.19,146.57,265.26,2246.60,725.84,86.08,513.60,183.48,116.25,188.87,104.97,209.30,139.68,187.05,166.92,598.53,85.55,151.30,253.63,227.91,436.00,179.54,408.85,131.09,101.29
2025-10-03,257.53,346.74,240.39,287.07,216.83,164.67,293.74,219.51,682.76,1029.03,337.02,5395.40,359.11,28.62,912.84,489.88,67.56,111.32,246.12,245.02,194.89,36.83,677.45,452.35,1098.28,463.46,145.40,266.42,2172.75,709.37,86.10,515.21,187.68,115.33,187.60,104.79,207.19,139.36,173.07,167.25,598.53,85.25,161.14,251.69,228.04,429.83,177.57,403.30,131.14,101.65
2025-10-06,256.20,350.14,240.89,286.32,223.19,203.71,290.03,220.90,587.00,1040.08,334.15,5397.21,363.20,28.80,908.41,495.95,68.54,112.20,251.17,250.09,194.84,36.59,667.64,449.69,1136.32,465.27,148.73,270.78,2154.22,714.47,88.80,526.38,190.80,116.33,185.52,103.30,212.58,137.12,179.53,166.69,584.04,81.00,164.50,241.77,222.78,453.25,179.03,402.90,125.12,102.28
2025-10-07,255.99,348.31,232.20,288.67,210.88,211.51,291.43,221.78,631.85,999.21,335.06,5220.08,357.27,28.35,912.26,484.62,68.62,115.36,246.79,245.43,194.83,37.17,655.58,440.94,1081.52,467.08,139.95,266.30,2187.57,711.89,86.85,521.81,185.54,119.11,185.02,101.85,211.04,138.19,182.17,163.57,581.81,80.19,161.28,224.03,225.47,433.09,174.35,410.28,119.78,102.82
2025-10-08,257.57,348.77,236.35,286.47,216.81,235.56,290.52,225.22,629.70,984.76,344.12,5109.77,370.08,28.50,912.26,509.95,69.96,116.81,245.13,244.29,195.64,37.43,655.39,448.09,1059.43,464.55,142.14,266.83,2179.89,716.64,92.37,522.68,196.38,121.43,189.09,100.76,217.79,136.28,183.56,165.85,562.48,78.96,166.43,223.37,224.38,438.69,178.83,421.15,121.02,102.48
2025-10-09,253.56,347.47,236.30,281.73,219.60,232.89,291.32,227.74,600.32,977.51,343.64,5170.22,382.28,27.86,940.27,509.13,69.59,115.32,241.88,241.20,190.40,37.80,643.73,443.76,1050.34,454.95,140.60,265.00,2275.00,732.29,90.55,520.24,192.17,123.11,192.55,99.72,215.17,142.04,185.47,163.77,568.50,78.70,163.87,220.73,224.02,435.54,176.23,414.86,119.55,101.35
2025-10-10,244.80,337.51,223.83,281.04,209.28,214.90,286.09,216.37,569.89,933.30,323.33,5143.33,367.58,27.29,927.43,493.66,67.58,115.75,237.17,236.25,187.30,36.37,640.61,429.59,979.83,450.64,131.00,259.09,2133.67,704.12,85.55,508.84,181.45,122.01,183.14,102.15,208.55,147.31,175.44,151.83,563.25,77.40,151.02,213.45,226.57,413.49,169.08,407.79,115.27,101.42
2025-10-13,247.19,339.32,233.11,280.21,218.78,216.42,288.33,220.07,590.11,981.62,355.27,5231.88,379.96,27.24,932.96,508.61,67.10,116.77,244.31,243.82,189.17,37.22,654.47,435.73,1021.96,453.44,137.42,262.13,2175.91,714.51,89.33,511.92,192.61,121.90,188.30,102.88,213.28,146.14,177.21,159.93,556.36,78.95,153.66,218.55,222.88,435.90,172.44,407.37,118.71,101.70
2025-10-14,247.30,335.94,233.84,281.76,217.49,218.09,289.76,216.39,590.03,980.15,342.75,5258.06,388.59,27.78,943.88,488.94,68.29,117.04,245.86,245.12,194.48,35.63,655.95,436.39,1022.66,456.03,137.92,266.82,2157.82,707.47,86.16,511.44,186.91,121.54,180.01,103.05,207.56,148.74,179.74,159.89,571.20,80.05,152.88,210.71,227.20,429.24,171.28,412.22,112.99,106.77
2025-10-15,248.87,330.63,236.57,280.07,226.85,238.60,293.18,215.57,602.30,1006.69,349.92,5059.62,402.95,27.53,952.34,489.02,69.15,116.86,251.37,250.69,188.78,37.15,651.49,435.61,1083.78,448.26,144.37,265.05,2048.35,716.35,88.83,511.30,191.78,120.33,179.81,102.12,206.70,148.37,179.62,161.11,575.01,81.74,156.21,218.42,224.45,435.15,172.59,407.90,120.29,108.59
2025-10-16,246.98,329.23,240.01,276.08,226.99,234.56,291.69,214.47,605.68,1016.44,352.73,4931.60,395.55,27.10,923.05,482.23,68.72,116.42,251.54,251.12,189.41,36.84,645.80,434.62,1095.54,441.13,141.97,257.93,2043.06,710.88,88.17,509.49,202.36,118.36,181.79,101.17,205.51,149.85,178.12,162.20,567.77,83.20,156.57,225.05,224.26,428.75,172.80,408.61,125.76,106.04
2025-10-17,251.81,333.26,241.26,277.17,224.27,233.08,294.65,213.04,599.31,1026.09,347.93,5048.82,385.54,27.36,933.73,484.65,69.76,121.32,253.45,252.96,189.21,37.01,660.17,446.13,1103.37,447.73,141.11,259.73,2024.98,715.72,87.89,511.45,202.21,119.94,183.20,101.60,207.89,150.87,178.15,161.58,576.63,84.20,157.76,224.42,227.11,439.31,173.88,416.81,126.04,107.29
2025-10-20,261.74,343.40,244.59,278.91,227.40,240.56,299.11,216.48,565.94,1038.93,347.84,5120.38,369.08,27.39,933.51,503.61,70.27,121.61,256.67,256.20,192.07,38.10,663.55,458.47,1149.47,448.40,143.64,258.89,2102.11,730.95,85.78,514.65,206.60,123.86,182.62,100.97,211.82,150.80,181.59,165.13,575.36,83.39,164.71,213.47,227.86,447.43,176.85,419.10,121.37,106.61
2025-10-21,262.27,357.55,244.74,279.84,225.28,238.03,296.95,222.03,552.64,1021.86,341.29,5263.90,357.90,27.76,934.90,503.95,70.34,122.57,251.00,250.12,194.92,38.12,673.80,462.74,1144.02,446.93,144.63,267.28,2142.05,732.05,84.20,515.52,202.12,124.14,181.14,101.31,214.40,150.35,181.51,166.90,577.92,84.74,162.64,213.64,226.86,442.60,178.08,426.27,121.25,105.79
2025-10-22,257.96,354.09,238.77,279.81,219.85,230.23,291.86,217.95,564.82,1008.45,338.94,5208.72,349.19,27.23,942.06,500.11,70.28,119.98,252.19,251.35,192.62,36.92,669.54,527.03,1111.01,446.77,140.85,270.91,2095.21,732.19,80.99,518.38,198.31,111.64,180.26,101.21,212.42,150.21,175.49,167.34,583.31,84.34,162.01,214.11,225.20,438.97,168.10,426.44,120.32,106.70
2025-10-23,259.09,354.12,241.68,277.45,227.74,234.99,288.81,221.09,589.70,1033.21,342.91,5072.17,364.89,27.14,939.44,521.98,69.90,119.27,253.39,252.74,205.72,38.16,676.47,551.30,1155.56,446.93,147.12,268.55,2148.32,732.77,82.71,518.40,206.54,111.36,182.14,98.27,215.02,148.71,180.48,168.09,574.28,84.28,167.03,225.42,217.86,448.98,169.56,422.63,125.56,106.42
2025-10-24,262.32,353.52,236.43,276.85,228.02,252.92,287.70,224.21,620.00,1029.91,352.71,5124.64,388.22,27.12,929.55,527.32,70.25,119.47,260.16,259.57,201.50,38.28,681.83,546.51,1179.31,442.88,151.25,270.16,2161.11,737.13,84.07,521.44,218.84,109.47,186.24,97.27,217.11,148.75,184.63,167.01,576.53,84.92,172.95,233.10,215.66,433.72,166.55,421.39,129.26,105.74
2025-10-27,268.30,357.80,241.40,276.44,230.59,259.67,287.11,226.97,643.10,1056.71,360.60,5232.43,390.18,27.25,927.27,529.70,71.01,119.00,269.56,268.90,200.50,39.54,682.13,551.25,1211.52,441.70,156.45,270.05,2282.32,749.57,88.65,529.32,219.92,109.46,191.47,95.79,220.29,149.81,189.18,185.53,583.87,86.04,175.06,229.32,218.54,452.42,166.82,420.17,126.51,104.04
2025-10-28,268.49,359.91,237.76,275.56,226.91,258.01,288.03,229.25,626.82,1049.23,371.48,5099.16,383.99,27.12,921.60,546.94,72.23,116.45,268.07,267.11,199.89,41.53,677.68,545.39,1202.46,439.62,155.18,264.32,2290.14,750.19,88.40,539.83,221.73,110.25,201.01,96.30,221.38,147.35,189.60,178.96,652.88,84.27,178.96,222.03,217.86,460.55,164.36,422.39,124.76,102.75
2025-10-29,269.19,337.86,233.48,257.42,235.00,264.33,287.71,230.30,631.20,1069.43,384.44,5054.64,400.43,26.43,909.89,545.50,70.95,117.06,274.80,274.20,198.47,41.34,654.83,537.59,1231.61,428.98,160.21,261.99,2295.92,750.41,90.09,539.31,226.44,110.04,207.02,94.52,217.16,143.46,198.81,176.63,651.31,83.03,179.01,264.46,212.93,461.51,157.81,417.21,141.20,102.04
2025-10-30,270.88,339.24,231.36,257.72,231.81,254.84,287.94,222.86,620.62,1074.03,374.96,5058.97,381.53,25.31,917.63,538.68,72.52,117.00,281.52,281.10,197.94,40.16,654.97,530.02,1210.80,426.90,160.55,261.15,2360.76,665.36,88.51,523.58,223.83,108.90,202.87,95.15,218.27,144.83,194.55,175.23,652.44,82.02,173.61,267.17,208.61,440.10,158.06,419.89,137.95,101.81
2025-10-31,269.86,340.31,232.58,256.51,232.35,256.12,294.28,244.22,637.33,1057.83,368.15,5056.51,376.06,25.79,910.21,543.01,72.72,118.33,281.44,280.81,199.14,39.99,666.32,534.28,1205.15,415.37,157.01,259.46,2327.26,647.27,93.67,515.67,223.59,111.89,202.47,94.44,220.24,143.39,200.47,178.83,650.20,79.78,173.86,254.77,208.01,456.56,160.41,425.57,150.02,100.77
2025-11-03,268.54,337.47,232.06,253.42,236.95,259.65,292.18,254.00,632.14,1065.41,361.10,5009.52,376.77,24.99,926.77,551.92,74.05,120.56,283.73,283.34,195.62,39.50,674.95,544.21,1215.52,409.29,160.78,262.76,2316.40,636.65,90.31,514.89,234.51,110.01,206.86,91.70,219.23,140.95,207.18,178.65,640.68,79.86,172.94,264.39,201.35,468.37,160.41,426.00,157.82,101.18
2025-11-04,269.53,335.35,227.86,255.44,229.45,250.05,292.57,249.32,608.68,1028.78,350.53,4970.89,361.92,25.42,939.46,533.92,71.94,121.50,277.68,277.16,194.33,37.03,659.21,538.82,1189.94,415.01,155.34,271.07,2305.69,626.27,87.53,512.20,217.85,109.30,198.67,93.83,214.52,140.26,190.74,170.86,626.46,78.52,160.94,249.29,204.29,444.26,158.33,421.67,151.98,101.85
2025-11-05,269.63,335.53,234.44,255.79,240.12,256.33,315.41,250.20,617.05,1042.38,357.54,4890.61,362.35,25.88,933.75,534.14,71.72,121.09,284.36,283.92,194.91,38.38,654.13,548.55,1223.45,415.30,164.58,281.86,2301.88,634.89,92.83,505.06,237.30,109.85,195.19,94.94,213.18,140.22,187.90,177.67,642.61,81.76,162.92,274.57,202.76,462.07,162.51,417.00,159.89,101.06
2025-11-06,269.26,327.35,231.34,248.68,232.78,237.70,311.20,243.04,621.36,1027.84,354.17,4878.57,350.43,25.30,922.32,532.52,70.66,121.90,284.95,284.36,193.78,37.24,652.44,547.78,1202.82,412.41,161.73,279.94,2128.33,617.91,93.26,495.04,238.13,109.70,188.06,95.00,211.37,138.97,175.05,171.22,645.28,81.11,156.05,277.26,199.06,445.91,160.33,416.25,163.39,101.27
2025-11-07,267.96,326.95,226.97,250.46,229.33,233.54,315.74,244.41,619.93,1015.62,348.03,4919.34,357.50,25.34,921.48,539.81,70.69,117.39,279.32,278.45,191.96,38.13,647.66,560.00,1189.82,417.56,158.90,289.91,2108.60,620.67,90.85,494.76,237.72,110.37,188.13,97.09,212.29,140.31,177.93,168.94,655.92,84.41,152.41,278.13,204.99,429.52,159.51,409.47,162.75,102.17
2025-11-10,269.18,328.85,230.46,250.36,234.33,243.98,319.16,248.40,651.32,1037.42,356.96,4937.67,360.03,25.12,914.31,557.53,71.71,116.71,290.20,289.71,193.94,38.45,652.07,576.20,1214.33,417.72,165.90,289.23,2092.04,630.71,93.16,503.90,253.09,112.01,199.03,98.10,216.54,139.99,193.61,169.61,653.13,83.46,158.88,292.71,203.87,445.23,159.54,421.20,174.00,102.00
2025-11-11,274.99,333.22,231.86,251.48,227.94,237.52,333.74,249.10,594.91,1021.07,350.55,5029.53,350.80,25.43,912.61,556.73,71.33,121.07,291.34,290.91,198.23,37.88,653.12,572.17,1187.36,423.66,158.73,290.65,2099.57,626.03,89.27,506.57,240.91,113.64,193.14,99.22,218.27,142.40,190.96,171.99,672.90,85.25,158.94,286.75,209.93,439.62,158.69,429.22,169.77,103.02
2025-11-12,273.21,337.05,239.84,250.84,229.99,258.89,331.60,244.20,584.86,1035.96,353.80,5153.94,353.14,25.84,912.75,545.86,73.57,121.90,287.04,286.32,199.40,37.89,658.09,572.45,1195.41,425.96,160.96,290.42,2103.91,607.99,89.27,509.02,244.70,115.75,193.78,98.09,210.04,141.73,184.17,174.65,680.05,86.08,156.59,282.03,210.62,430.60,162.03,434.19,165.90,103.02
2025-11-13,272.69,333.60,235.96,250.90,222.52,247.96,331.32,237.58,556.15,1018.52,338.62,5054.39,334.91,25.91,923.82,529.78,76.97,123.68,278.74,278.19,197.70,35.91,648.91,565.51,1158.27,425.64,152.88,286.20,2031.05,608.87,87.46,501.21,236.75,115.42,186.84,98.35,204.77,142.34,172.14,172.51,693.29,85.27,146.34,261.42,212.49,401.99,161.18,434.52,156.96,102.12
2025-11-14,272.16,331.11,233.33,249.40,225.29,246.81,332.05,234.69,557.70,1005.65,341.09,5026.90,337.68,25.48,921.72,537.55,77.58,123.50,276.60,276.04,198.06,35.52,661.19,549.51,1130.95,420.42,147.84,284.50,2048.89,608.44,86.39,508.07,246.63,111.22,190.15,98.80,205.25,143.16,174.01,171.99,691.80,84.24,146.04,257.09,213.99,404.35,158.30,437.15,157.63,102.06
2025-11-17,267.21,325.07,228.42,247.25,227.98,240.52,336.96,232.87,539.27,1018.66,341.28,4783.92,338.22,25.22,911.34,529.78,77.37,122.58,285.21,284.63,195.11,34.71,644.79,546.71,1132.23,414.92,147.04,281.68,2057.72,601.00,83.39,505.39,241.75,110.29,186.58,99.56,202.90,145.10,171.25,164.84,702.58,83.15,139.93,260.24,213.75,408.92,153.98,434.02,162.24,102.53
2025-11-18,267.19,324.47,228.60,246.05,224.40,230.29,339.20,222.55,526.01,1002.74,339.14,4763.01,338.90,25.34,893.86,513.67,76.96,125.63,284.57,283.89,190.50,34.33,648.54,546.77,1121.63,411.81,142.83,281.69,2058.81,596.69,78.62,491.75,228.31,114.09,181.34,98.33,201.00,146.02,167.33,163.17,723.56,82.80,140.45,252.75,211.01,401.25,156.30,435.52,152.66,100.98
2025-11-19,268.31,318.11,230.66,246.76,234.38,223.55,337.64,222.69,530.05,1037.96,353.00,4671.16,357.00,24.89,889.38,520.59,77.97,126.51,292.59,292.41,189.63,35.11,649.42,564.64,1165.94,410.31,148.38,282.98,2077.18,589.33,81.26,485.10,225.73,110.00,186.50,98.70,199.90,144.40,165.42,164.21,701.03,83.14,146.00,258.01,209.22,403.99,156.07,421.03,153.77,100.20
2025-11-20,266.00,312.40,223.71,245.43,219.96,206.02,331.39,217.14,520.82,979.75,345.43,4563.94,345.32,24.67,892.07,501.31,75.04,123.47,289.59,289.06,187.21,33.62,636.27,552.23,1101.02,405.65,139.19,281.84,1899.75,588.17,76.62,477.34,201.20,105.67,180.62,99.01,185.07,143.40,155.74,157.77,736.11,82.09,144.56,239.45,208.47,395.23,152.34,422.32,140.05,106.67
2025-11-21,271.24,324.19,230.78,249.43,223.73,203.78,335.22,220.69,520.26,965.30,338.84,4748.06,337.66,25.34,897.78,490.67,75.69,125.10,299.24,299.25,189.08,34.50,661.93,561.61,1095.70,409.85,142.25,295.27,1951.78,593.26,77.39,471.04,207.20,104.31,178.86,100.43,182.90,143.63,154.85,161.43,754.99,84.80,147.80,236.46,207.45,391.09,158.37,426.76,139.01,104.89
2025-11-24,275.66,318.73,237.81,246.46,230.62,215.05,332.00,226.28,559.80,986.52,376.45,4854.98,353.63,24.51,884.91,506.82,75.83,123.75,318.04,318.15,187.73,35.79,652.03,568.48,1135.25,404.81,149.95,295.66,2008.92,612.03,83.73,472.92,223.75,106.97,182.53,99.00,183.89,142.81,162.25,163.17,760.54,82.81,155.31,252.28,205.33,417.78,160.21,424.00,150.74,103.64
2025-11-25,276.71,319.55,250.35,252.58,242.16,206.13,338.76,229.67,556.03,1001.90,383.49,4885.73,351.12,24.71,893.11,512.34,75.91,125.57,323.20,323.00,190.08,35.83,646.88,578.87,1144.40,404.99,151.50,303.53,2055.00,635.16,83.37,475.90,224.35,104.40,177.80,101.38,186.27,143.41,163.55,161.43,786.37,85.36,157.37,260.75,204.89,419.40,160.72,429.82,155.21,106.56
2025-11-26,277.29,317.52,256.21,250.63,249.66,214.24,342.20,229.16,586.37,1039.60,395.98,4891.31,358.61,24.61,907.02,501.54,75.67,125.96,319.85,319.52,189.05,36.81,627.97,574.23,1157.57,405.04,154.70,304.06,2033.32,632.55,87.66,484.39,230.07,106.14,180.24,101.51,185.35,145.25,165.77,163.25,783.67,86.14,159.34,271.09,205.74,426.58,164.28,432.17,157.54,108.66
2025-11-28,278.59,320.13,263.58,251.58,251.94,217.53,343.08,233.22,599.48,1058.60,401.35,4894.14,363.87,24.72,912.34,509.16,76.53,124.31,319.69,319.75,191.24,40.56,632.91,573.48,1173.94,407.45,155.56,304.20,2071.78,646.87,89.34,490.89,236.29,107.58,176.98,101.70,190.13,145.99,168.45,166.17,779.25,86.55,158.64,275.49,208.01,430.17,167.18,433.61,163.12,110.06
2025-12-01,282.84,322.85,264.74,252.11,254.43,219.76,335.17,233.88,623.59,1086.56,384.54,4871.36,358.57,24.62,910.72,504.13,75.64,122.82,314.69,314.46,189.28,40.01,630.46,567.37,1155.68,404.29,154.35,302.85,2064.55,639.80,91.03,485.63,240.26,109.13,179.90,101.24,187.73,146.75,167.49,166.12,749.21,84.37,149.28,268.92,205.64,430.14,167.07,425.60,163.33,111.08
2025-12-02,285.92,322.81,271.16,253.43,265.00,215.24,336.03,234.42,653.00,1107.32,380.04,5113.60,363.18,25.03,920.77,516.55,76.46,122.40,315.59,315.38,192.20,43.47,634.46,567.72,1188.32,405.93,157.74,304.06,2115.91,646.02,92.82,488.88,239.29,109.35,181.44,99.84,189.88,145.87,170.69,168.75,741.11,84.65,156.83,265.71,209.12,429.24,174.12,433.15,159.78,111.95
2025-12-03,283.88,326.78,276.40,256.43,268.30,217.60,343.04,232.38,662.21,1139.42,379.09,5026.11,360.78,25.41,921.00,524.17,77.34,123.48,320.19,319.20,192.51,43.76,646.49,569.71,1210.18,407.78,159.56,306.06,2119.83,638.53,100.13,476.64,233.97,103.96,179.57,98.61,193.63,145.33,176.08,173.07,722.80,86.55,160.00,257.54,207.51,446.74,181.42,463.13,155.39,113.94
2025-12-04,280.44,328.73,275.42,255.62,269.10,215.98,337.82,229.11,683.78,1108.62,379.51,5006.18,368.13,25.20,894.64,513.12,77.35,121.13,317.96,317.19,191.28,40.50,661.86,568.63,1206.51,402.38,156.90,295.43,2139.56,660.43,98.12,479.74,226.46,103.22,183.37,99.51,195.68,144.20,177.92,173.24,721.93,84.46,162.31,264.47,207.01,454.53,178.95,457.36,160.92,114.37
2025-12-05,278.52,346.26,279.43,257.82,267.67,217.97,327.62,229.53,691.94,1098.02,388.68,5185.21,359.34,25.30,893.46,512.03,77.56,119.74,321.65,320.83,190.38,41.41,672.39,575.34,1212.88,398.23,158.51,292.03,2066.42,672.30,98.84,482.06,237.02,100.24,182.40,98.89,198.84,143.74,181.76,173.69,717.50,84.57,161.08,277.58,208.63,455.00,181.36,455.48,168.81,114.64
2025-12-08,277.63,339.12,278.26,254.92,267.83,221.11,319.02,226.89,689.76,1118.21,399.50,5165.61,357.19,24.69,886.31,515.19,78.44,119.71,314.23,313.50,191.04,40.30,655.03,566.89,1223.00,388.08,162.55,287.26,2088.36,665.69,91.93,489.90,246.72,96.79,185.54,98.11,195.35,144.34,181.49,174.19,702.42,82.88,158.41,284.17,203.46,439.58,179.77,442.04,169.70,113.10
2025-12-09,276.92,344.32,275.38,254.47,266.81,221.62,311.69,227.92,724.62,1109.98,404.67,5183.93,358.67,24.82,887.23,517.98,79.09,117.91,317.53,316.86,189.23,40.50,654.54,558.13,1224.02,389.07,165.61,283.29,2074.48,655.86,88.84,490.90,252.21,96.71,184.96,94.25,195.00,143.36,181.84,174.88,691.75,81.75,159.89,281.63,200.39,445.17,178.36,437.01,169.46,114.59
2025-12-10,278.52,343.13,280.69,255.56,274.81,221.42,313.21,231.78,703.28,1117.85,411.32,5265.19,361.59,25.55,873.22,519.54,79.82,119.86,320.77,319.98,191.11,40.78,661.21,555.92,1237.30,391.37,168.06,286.41,1970.73,649.04,92.40,477.47,263.49,92.71,183.77,93.63,192.96,148.37,187.91,181.05,725.34,83.31,168.42,297.62,194.39,451.45,180.49,444.64,181.86,112.72
2025-12-11,277.77,350.43,282.51,260.83,269.77,221.43,315.20,230.28,716.98,1121.36,404.74,5267.66,378.09,25.57,883.27,517.65,78.85,121.71,313.48,312.21,192.89,39.51,674.77,547.36,1244.56,401.95,168.51,295.89,2019.81,651.62,89.37,482.37,258.25,94.09,180.92,93.96,190.36,147.72,187.54,180.11,745.90,84.20,164.75,306.51,194.40,446.89,180.49,445.93,187.11,115.05
2025-12-12,278.02,356.43,278.45,263.92,258.89,210.78,315.55,226.19,670.67,1079.43,358.49,5289.57,351.51,25.22,883.26,504.78,77.39,118.93,310.30,309.07,192.70,37.81,669.70,542.32,1192.37,414.85,160.33,298.14,2015.89,643.15,84.37,477.44,240.94,95.19,175.01,94.11,191.69,149.32,183.57,177.15,740.40,84.80,164.19,286.39,194.23,458.96,178.26,452.04,176.26,116.46
2025-12-15,273.85,351.15,279.56,262.78,260.94,207.58,323.07,222.54,675.16,1086.39,338.45,5445.28,356.66,26.13,859.39,487.47,77.83,119.10,309.10,308.00,196.47,37.51,653.40,559.52,1223.52,415.59,164.10,307.90,1966.76,646.96,84.20,473.74,237.30,93.77,176.28,95.14,185.88,149.88,183.25,178.12,751.72,84.85,159.85,284.34,195.22,475.31,176.82,455.71,171.96,116.55
2025-12-16,274.35,347.89,277.53,260.02,258.52,209.17,324.49,222.56,677.30,1074.63,339.94,5424.56,365.14,27.54,859.22,488.53,77.14,118.11,307.51,306.35,197.28,37.31,668.12,554.58,1221.78,422.09,163.06,305.38,1933.72,656.59,84.01,475.31,232.32,94.57,177.71,92.90,187.09,149.04,187.75,175.00,745.46,84.53,163.14,286.88,197.05,489.88,176.41,454.96,174.50,115.18
2025-12-17,271.59,354.66,270.19,263.29,247.96,198.11,323.77,221.27,657.13,1014.09,324.72,5328.82,340.51,28.09,861.47,470.02,75.60,120.67,297.85,296.51,198.90,36.05,659.57,556.86,1170.50,420.93,154.79,309.47,1916.28,648.94,81.64,475.04,225.33,94.79,170.93,92.85,183.44,148.75,177.29,171.24,748.89,84.66,161.73,276.44,198.43,467.26,173.36,449.52,166.18,115.42
2025-12-18,271.94,355.81,274.06,258.83,253.18,201.06,322.19,226.76,694.37,1034.94,328.56,5333.30,360.57,28.04,856.42,477.26,76.54,120.78,303.54,302.25,197.10,36.28,667.65,561.89,1220.80,417.59,164.50,306.23,1964.46,663.88,84.41,482.88,248.35,94.00,174.13,91.79,185.88,148.05,185.69,173.08,747.81,88.85,166.80,290.73,199.31,483.37,175.05,447.38,174.93,114.59
2025-12-19,273.41,355.86,273.58,255.83,256.09,213.43,325.13,227.35,721.37,1054.63,339.00,5381.46,354.92,27.39,854.45,481.28,78.00,123.59,308.39,306.94,198.13,36.82,670.07,572.47,1244.05,420.02,172.06,309.56,1997.61,658.21,84.03,484.81,265.70,94.39,180.98,91.00,186.88,146.85,193.38,174.13,767.04,87.76,169.57,295.07,195.79,481.20,175.15,456.20,180.99,114.13
2025-12-22,270.72,357.53,274.96,257.61,258.69,214.95,329.11,228.43,733.60,1055.59,340.74,5394.68,357.33,27.10,848.84,483.14,77.69,123.46,311.11,309.56,194.99,36.37,673.97,579.83,1264.02,422.09,175.05,313.14,1993.65,660.93,84.74,483.82,276.36,93.23,183.68,91.75,189.49,145.75,193.98,173.11,778.42,85.62,169.67,281.62,194.82,488.73,177.66,460.31,176.68,112.37
2025-12-23,272.11,352.42,275.87,254.90,259.91,214.90,329.21,232.14,728.45,1060.44,348.59,5426.89,360.85,27.22,853.62,478.84,77.60,124.48,315.46,314.13,194.53,36.35,672.90,577.34,1267.10,423.68,174.95,313.46,1995.07,664.37,87.62,485.74,276.04,93.50,189.20,92.07,188.12,142.41,194.13,173.64,784.23,83.32,169.53,281.57,196.72,485.56,175.93,459.21,178.16,110.67
2025-12-24,273.55,352.98,276.69,255.98,260.46,215.04,331.66,232.38,727.50,1064.12,349.49,5434.11,363.46,27.59,870.67,477.11,77.60,124.96,315.45,313.87,195.96,36.16,673.59,577.15,1275.33,423.48,177.12,314.55,1998.21,666.98,86.43,486.91,286.44,93.64,188.60,92.40,187.22,142.47,194.17,173.66,782.77,84.03,169.45,284.77,198.07,485.40,175.98,462.99,179.47,111.38
2025-12-26,273.14,353.80,275.98,256.72,261.57,214.99,330.64,232.52,714.23,1071.34,351.39,5427.76,359.98,27.48,872.16,481.19,77.74,124.00,314.74,313.29,196.39,36.20,675.31,577.81,1277.94,423.35,177.86,314.97,2005.71,662.72,86.28,486.60,284.56,94.47,190.52,92.25,188.45,142.51,188.71,173.69,784.03,84.53,170.83,285.72,200.04,475.19,175.73,462.90,181.45,111.51
2025-12-29,273.50,353.16,274.77,257.48,262.72,215.61,327.36,232.07,698.82,1064.60,348.66,5428.95,357.85,27.67,866.66,475.91,77.38,124.20,314.17,313.34,196.12,36.68,672.91,575.40,1258.75,425.11,175.66,313.80,2014.97,658.13,85.70,485.99,294.25,94.15,188.21,91.78,186.85,142.96,184.18,172.32,779.56,85.02,167.88,280.81,202.18,459.64,174.55,459.78,179.59,112.30
2025-12-30,272.82,352.51,273.96,257.40,259.65,215.34,326.43,232.53,693.71,1070.73,349.12,5414.80,356.64,27.76,864.47,475.63,77.00,122.48,314.33,313.63,195.39,37.30,668.65,572.63,1242.04,426.93,173.57,313.33,2020.88,665.38,86.70,486.37,292.51,93.78,187.53,91.47,186.85,142.88,180.84,172.54,773.01,84.70,163.74,279.59,202.82,454.43,174.28,453.74,175.98,111.69
2025-12-31,271.61,349.99,270.35,255.12,256.67,214.16,325.06,230.82,673.82,1068.45,345.38,5343.14,352.80,27.69,861.16,468.76,76.62,122.05,313.58,312.78,194.13,36.90,661.20,566.36,1213.50,424.96,170.98,309.64,2014.26,659.53,84.92,482.52,285.29,93.76,186.49,91.21,184.20,142.25,177.75,169.96,770.94,83.67,160.97,274.91,202.07,449.72,172.36,453.36,172.19,111.18
2026-01-02,270.76,333.30,272.89,250.81,268.54,223.47,325.39,226.50,618.32,1162.25,346.89,5311.08,365.76,27.36,853.33,453.58,76.04,120.91,315.10,314.93,194.91,39.38,628.30,561.98,1272.82,427.67,184.84,312.81,1973.70,649.85,89.33,471.86,315.29,90.99,188.84,90.34,179.37,140.97,167.86,171.88,775.38,83.43,157.20,287.04,198.62,438.07,176.37,452.13,187.61,112.53
2026-01-05,267.01,331.56,276.42,255.21,283.97,221.08,318.51,233.06,632.91,1226.57,342.70,5355.15,354.46,27.80,874.55,456.55,75.58,117.63,317.10,316.32,200.10,39.37,632.67,566.38,1350.69,431.65,194.53,310.43,2148.62,658.23,90.17,471.77,312.02,91.46,188.11,90.58,182.12,138.68,174.04,175.19,762.31,86.01,166.21,289.33,199.90,451.67,176.02,448.80,187.79,112.48
2026-01-06,262.11,335.99,292.03,258.98,295.64,214.35,327.90,240.93,617.24,1240.55,343.05,5336.22,354.11,27.10,887.89,458.32,75.23,120.67,314.33,314.12,203.93,40.04,646.01,592.85,1393.19,435.70,206.71,321.24,2187.04,660.05,88.17,477.42,343.29,90.65,187.23,90.39,185.86,137.73,179.71,181.29,775.61,88.89,168.45,329.84,197.65,432.96,190.85,468.38,219.28,114.11
2026-01-07,260.09,338.10,291.98,259.12,291.84,210.02,339.29,241.56,632.92,1226.85,342.78,5433.33,338.18,27.58,881.38,478.91,74.72,123.65,322.20,321.75,198.52,42.63,649.95,592.27,1357.93,432.69,202.84,318.64,2162.61,648.14,84.58,482.37,339.41,90.73,189.10,90.85,193.90,135.80,181.68,179.04,811.29,86.13,166.74,307.72,196.35,431.41,184.51,484.15,199.78,112.49
2026-01-08,258.80,339.04,298.23,263.49,281.29,204.68,327.84,246.29,616.53,1192.75,331.78,5432.61,322.11,27.88,914.06,463.87,73.96,119.99,325.78,325.21,204.23,41.11,651.55,585.08,1322.88,438.22,200.72,324.28,2179.80,645.51,83.39,477.02,326.88,90.53,185.03,91.63,190.80,138.14,176.86,180.71,800.05,87.61,168.28,283.97,196.96,435.80,187.23,469.68,187.59,112.84
2026-01-09,259.13,333.95,299.99,263.84,300.80,203.17,323.86,247.38,647.72,1272.20,344.25,5479.61,342.06,28.04,923.62,470.61,73.88,120.42,328.91,328.34,206.36,45.55,646.90,586.24,1398.18,442.59,218.10,327.55,2178.41,652.50,83.22,478.19,344.95,89.46,184.85,93.80,189.02,138.67,177.49,176.65,795.59,88.31,164.48,303.48,199.60,445.01,189.08,463.86,200.36,114.30
2026-01-12,260.01,327.65,292.94,260.65,306.86,207.69,323.30,246.47,658.65,1279.54,351.47,5379.25,335.41,28.72,941.79,466.99,74.01,121.91,332.50,331.63,207.57,44.06,635.44,572.75,1426.32,442.14,220.14,322.73,2149.90,641.42,82.89,476.09,345.72,89.41,184.93,95.60,188.88,140.11,179.41,168.19,767.08,89.38,167.93,320.92,196.56,448.96,187.84,460.59,212.04,117.73
2026-01-13,260.81,309.93,295.29,254.96,304.49,220.97,322.07,242.60,668.63,1268.49,353.87,5302.61,333.08,28.15,940.64,468.02,75.47,121.07,336.19,335.73,209.24,47.29,605.28,561.82,1439.95,441.42,214.12,322.34,2073.57,630.55,83.05,469.60,337.99,90.32,185.80,94.63,190.85,142.21,178.96,164.24,758.00,89.98,167.44,317.89,188.76,447.20,187.31,454.67,213.90,120.11
2026-01-14,259.72,304.44,297.06,256.38,301.51,223.60,326.71,236.65,617.76,1262.06,339.18,5175.21,329.94,28.42,949.68,460.70,74.41,123.37,336.07,335.60,211.99,48.72,566.60,546.76,1432.64,438.51,208.54,319.06,2101.95,614.99,81.21,458.33,333.21,88.55,183.13,95.02,190.93,144.63,178.40,163.49,753.23,90.57,157.51,311.74,191.10,439.20,192.20,449.53,214.90,119.79
2026-01-15,257.97,304.09,301.16,258.07,318.68,227.92,327.76,238.18,606.99,1329.85,342.30,5181.24,340.74,28.35,955.44,455.00,75.25,120.58,332.93,332.55,213.96,48.32,554.58,541.34,1542.96,438.57,217.21,325.16,2098.85,620.27,80.38,455.62,336.49,88.05,187.04,93.64,187.73,145.27,177.07,160.36,741.03,92.68,157.99,319.76,189.75,438.57,187.89,438.92,221.99,118.96
2026-01-16,255.29,296.12,299.31,258.31,326.60,231.83,328.14,239.12,568.76,1356.78,350.97,5104.27,307.30,27.82,962.30,453.88,75.19,124.20,330.11,329.77,218.31,46.96,545.29,535.00,1565.79,437.49,222.69,325.25,2075.01,619.72,80.46,458.81,362.60,88.00,186.22,94.70,187.66,145.02,170.96,158.40,732.16,92.39,155.81,325.66,185.43,437.50,190.34,441.36,221.40,119.45
2026-01-20,246.47,290.37,294.75,253.01,317.83,231.92,328.72,231.00,565.52,1324.32,331.90,5015.56,295.00,28.16,962.94,442.73,73.35,123.44,321.93,321.77,214.01,48.56,528.95,527.44,1484.25,431.70,222.14,313.23,2034.82,603.60,79.80,453.48,364.85,87.26,178.06,95.24,184.06,146.35,168.53,153.09,732.90,93.06,144.50,325.42,182.77,419.25,188.36,442.08,222.86,118.47
2026-01-21,247.42,294.23,304.02,254.88,324.83,249.80,341.24,231.31,532.56,1358.30,328.11,5151.86,293.98,28.89,981.52,445.88,73.69,128.38,328.15,328.15,218.09,54.25,524.92,523.69,1518.03,437.88,228.12,319.94,2057.77,612.44,82.55,443.10,388.95,85.36,183.31,98.78,181.47,145.44,165.33,155.37,748.43,95.81,138.54,343.62,182.72,431.44,193.15,461.14,241.78,119.12
2026-01-22,248.12,299.73,307.56,257.73,318.39,253.73,344.68,234.34,521.94,1393.16,324.81,5139.18,286.97,29.23,974.84,453.77,74.33,130.40,330.61,330.31,221.44,54.32,547.69,525.81,1498.05,444.15,220.44,321.05,2153.75,647.08,83.10,450.11,397.41,83.54,184.83,98.88,182.27,143.12,165.90,156.79,754.60,95.22,137.64,345.93,184.50,449.36,193.73,467.35,243.17,117.59
2026-01-23,247.81,301.07,304.65,255.76,321.98,259.68,342.38,239.16,524.41,1387.21,319.38,5086.90,288.67,29.30,981.91,452.49,74.59,135.16,328.20,327.70,220.37,45.07,563.97,523.99,1510.82,450.06,217.68,319.08,2137.29,658.20,80.23,464.89,399.48,86.12,187.66,99.23,180.18,143.30,169.60,154.83,752.64,96.99,137.89,345.50,185.14,449.06,192.06,468.41,236.28,117.49
2026-01-26,255.17,304.72,303.06,256.05,319.06,251.31,347.28,238.42,535.44,1411.49,324.17,5095.66,284.89,29.43,976.34,468.33,77.01,137.00,333.36,333.03,220.07,42.49,561.77,528.81,1541.03,453.51,222.60,316.09,2212.62,671.78,81.77,469.21,388.93,85.70,186.46,100.24,184.22,144.58,167.47,153.53,761.73,95.71,136.31,357.67,187.06,435.20,195.32,476.84,240.73,117.40
2026-01-27,258.03,297.42,302.88,252.42,332.30,252.03,348.90,244.68,543.56,1452.67,332.09,5141.68,288.37,28.70,968.96,476.66,78.68,140.17,334.76,334.31,219.82,43.93,545.40,525.04,1614.23,451.51,238.17,313.34,2295.00,672.39,82.93,479.49,410.07,85.58,188.51,100.62,183.50,147.46,165.70,152.06,770.32,95.11,137.50,371.11,183.61,430.90,195.35,474.17,252.54,116.70
2026-01-28,256.20,299.58,316.64,248.64,336.33,252.74,339.87,243.01,542.36,1421.05,332.54,5073.65,287.56,28.41,959.47,469.19,78.96,138.93,336.04,335.77,215.57,48.78,538.70,522.04,1625.09,449.99,239.29,311.47,2268.60,668.16,83.62,480.53,435.10,84.64,191.51,101.37,183.74,147.19,157.35,151.73,750.23,94.55,138.92,442.16,185.36,431.46,214.77,477.91,279.57,116.33
2026-01-29,258.04,291.65,317.71,243.95,340.91,252.18,340.58,241.73,569.24,1453.24,330.04,5101.68,287.07,29.24,951.59,444.62,78.43,138.76,338.42,338.01,226.12,48.66,502.98,507.55,1682.52,453.48,247.87,319.15,2218.14,737.68,81.34,432.51,435.61,83.16,192.50,98.85,176.20,147.37,151.86,151.25,748.54,93.28,143.64,445.79,188.37,416.56,217.55,475.68,278.28,117.17
2026-01-30,259.24,293.25,309.91,244.80,321.92,236.73,339.53,239.30,473.11,1421.13,330.61,4990.46,280.30,29.75,940.25,441.40,78.32,141.15,338.29,337.76,226.40,46.47,498.92,504.22,1426.09,455.44,233.18,314.69,2147.79,715.89,78.92,429.31,414.71,83.49,191.12,98.41,176.97,152.27,146.59,150.62,740.56,91.36,131.23,406.98,196.27,430.41,215.55,469.90,250.11,118.90
2026-02-02,269.76,293.38,315.87,245.53,327.99,246.27,342.31,242.96,483.00,1439.49,330.42,5110.59,270.52,29.59,968.36,438.85,80.64,142.08,344.66,343.45,226.44,48.81,487.12,496.73,1408.62,458.62,237.22,318.67,2147.22,705.81,78.66,422.41,437.62,82.76,185.60,98.01,175.42,153.83,147.76,151.65,754.11,91.10,132.20,432.20,194.06,421.81,225.01,472.01,270.10,123.81
2026-02-03,269.23,271.93,310.32,233.15,318.27,242.11,336.26,238.62,461.79,1394.04,319.66,4634.07,268.09,29.76,977.92,421.73,83.11,142.47,340.46,339.47,229.77,49.25,434.09,478.88,1353.78,462.02,229.82,317.81,2099.90,691.11,75.54,410.27,419.26,79.94,180.33,97.10,166.24,161.41,157.88,146.24,758.27,92.44,119.29,443.68,196.73,421.96,225.21,465.61,290.10,127.45
2026-02-04,276.23,279.71,319.44,232.75,297.23,200.19,363.68,232.99,387.34,1337.37,307.41,4596.64,250.12,30.50,978.35,415.36,81.16,145.40,333.11,332.81,234.19,48.60,445.64,478.49,1305.52,471.75,209.53,323.93,2052.78,668.42,73.73,413.25,379.24,80.16,174.18,96.74,166.72,164.71,139.54,147.94,774.13,96.35,114.02,417.90,200.82,406.01,222.92,470.52,269.28,127.74
2026-02-05,275.65,269.39,321.11,232.07,303.61,192.50,365.27,222.69,375.23,1348.38,309.86,4433.31,246.73,30.85,989.29,377.16,82.36,148.53,331.10,331.02,232.69,48.24,434.91,476.32,1329.30,458.15,213.05,325.82,2034.76,669.64,74.21,392.77,382.73,80.87,171.87,92.86,154.77,166.05,130.01,135.43,765.71,95.45,111.24,404.74,200.89,397.21,223.98,458.81,260.07,126.68
2026-02-06,277.86,268.38,319.45,229.46,322.11,208.44,381.68,210.32,406.72,1411.15,332.22,4447.02,261.07,31.37,1001.16,395.50,84.82,151.64,322.87,322.63,237.20,50.59,443.77,488.15,1441.08,446.74,230.73,332.60,1970.15,660.89,80.28,400.23,394.52,82.20,185.40,94.22,159.32,168.98,135.90,136.46,784.57,98.81,112.05,428.57,196.45,411.11,221.44,477.92,282.44,130.91
