Date,NVDA,AAPL,MSFT,AMZN,TSLA,META,WMT,GOOGL,GOOG,AVGO,COST,NFLX,MU,PLTR,AMD,CSCO,AMAT,LRCX,TMUS,LIN,INTC,PEP,KLAC,AMGN,TXN,GILD,ISRG,ADI,HON,QCOM,BKNG,PANW,APP,INTU,ASML,VRTX,CMCSA,SBUX,CEG,ADBE,CRWD,WDC,MELI,MAR,MRVL,STX,ADP,REGN,ORLY,CDNS,CSX,SNPS,MDLZ,AEP,MNST,ROST,PDD,WBD,CTAS,DASH,PCAR,FTNT,BKR,FANG,MPWR,ABNB,FAST,EA,ADSK,EXC,NXPI,XEL,IDXX,ALNY,PYPL,CCEP,ODFL,MSTR,DDOG,TTWO,ROP,KDP,INSM,MCHP,AXON,PAYX,GEHC,CPRT,CTSH,WDAY,CHTR,KHC,VRSK,DXCM,ZS,ARM,CSGP,TEAM
2021-01-04,13.08,125.86,208.41,159.33,243.26,266.85,45.54,85.60,85.71,38.17,359.20,52.29,72.22,23.37,92.30,37.83,83.09,45.21,127.33,240.73,44.90,122.56,246.35,192.31,139.82,49.33,266.67,133.39,176.12,132.49,84.98,58.61,,358.45,477.32,229.43,40.22,91.53,,485.34,200.49,39.31,1640.00,120.10,45.37,50.95,151.06,479.62,30.26,135.76,27.33,254.70,50.63,67.37,45.30,110.48,166.78,30.63,81.86,139.19,46.77,29.11,18.43,39.39,351.14,139.15,21.00,135.70,296.84,24.39,147.73,55.62,491.77,128.10,230.69,41.70,92.97,42.52,91.23,201.85,405.84,27.51,33.42,61.66,116.85,77.66,,30.16,73.13,228.08,647.03,26.68,196.00,89.43,196.09,,89.53,231.56
2021-01-05,13.37,127.41,208.61,160.93,245.04,268.86,45.30,86.29,86.34,38.43,355.03,52.08,75.35,24.60,92.77,37.85,85.70,46.77,126.77,244.51,45.75,122.92,251.52,193.24,140.85,49.24,268.35,135.78,176.55,135.99,85.92,58.36,,355.72,482.44,228.58,39.98,91.83,,485.69,211.24,39.93,1650.00,121.37,46.64,51.02,150.64,480.21,30.09,136.14,27.80,258.89,50.69,67.27,45.71,110.58,187.20,31.52,83.12,144.43,47.17,28.35,18.64,43.19,356.66,148.30,21.28,137.46,301.70,24.36,151.04,55.07,497.26,127.45,233.66,41.54,93.48,42.86,93.03,204.74,405.49,27.55,33.45,63.02,122.30,77.37,,30.03,73.35,225.36,636.59,26.17,195.12,92.19,193.48,,89.38,234.42
2021-01-06,12.58,123.12,203.20,156.92,251.99,261.26,45.58,85.44,86.06,38.19,349.63,50.05,75.20,23.54,90.33,38.21,86.87,46.96,126.46,252.54,46.20,121.42,250.97,197.90,141.55,50.84,264.26,136.39,179.77,134.89,88.34,57.55,,348.13,467.98,226.65,40.45,92.50,,466.31,208.85,40.20,1571.98,124.54,45.56,50.78,150.11,466.94,31.01,130.64,28.53,249.70,50.59,67.81,45.35,115.41,176.75,34.25,83.62,140.01,49.03,27.62,19.43,45.32,345.15,142.77,21.64,133.06,302.87,25.15,153.82,56.29,483.60,126.83,225.62,42.25,94.24,48.06,91.33,201.53,409.57,27.66,34.05,64.23,121.69,78.34,,29.45,73.81,220.00,624.51,26.46,193.28,93.98,184.42,,89.67,224.48
2021-01-07,13.31,127.33,208.98,158.11,272.01,266.65,45.58,87.99,88.63,39.80,347.64,50.89,77.15,25.00,95.16,38.69,90.44,48.66,128.06,251.81,47.18,121.03,263.25,198.55,144.75,51.31,269.40,142.15,180.06,138.91,87.95,60.52,,355.49,478.68,232.90,40.53,91.75,,477.74,221.47,41.20,1597.97,125.47,48.02,50.98,150.96,477.97,31.33,137.05,29.21,258.84,50.49,66.00,46.75,115.15,180.12,34.40,84.59,152.77,48.80,28.65,19.88,45.70,366.95,151.27,21.91,136.89,315.20,24.90,159.54,55.19,495.19,139.40,233.79,43.46,98.46,53.58,96.64,208.01,417.07,27.82,34.03,66.84,124.57,78.67,,30.22,74.54,226.21,629.77,26.27,194.16,96.79,193.05,,90.55,233.38
2021-01-08,13.24,128.42,210.25,159.13,293.34,265.49,45.57,89.15,89.62,40.01,349.55,51.04,75.51,25.20,94.58,38.78,91.40,47.44,129.86,251.51,46.69,122.48,267.98,202.35,147.53,51.73,272.92,143.18,177.88,139.75,89.59,61.09,,361.69,485.66,237.00,41.23,93.81,,485.10,223.73,39.00,1719.00,124.83,48.08,50.04,152.92,495.38,31.86,136.19,29.77,262.80,50.87,65.42,47.49,115.52,180.77,34.63,83.42,156.09,48.47,29.63,19.70,45.68,372.88,149.77,22.37,137.98,319.85,25.01,159.57,55.70,513.20,146.66,241.17,44.25,100.22,53.16,99.94,210.43,417.57,28.00,33.63,66.26,125.36,79.09,,30.55,75.46,227.65,634.38,26.21,194.09,97.02,197.37,,91.95,235.48
2021-01-11,13.58,125.44,208.22,155.71,270.40,254.84,45.78,87.09,87.62,40.02,343.95,49.91,76.73,25.93,97.25,39.04,93.69,48.85,127.81,248.84,46.59,120.71,273.59,201.57,147.66,51.30,271.22,144.61,176.46,139.28,87.22,60.80,,359.64,484.91,234.64,41.22,92.86,,474.24,232.24,38.80,1761.55,123.84,49.22,49.80,150.65,499.55,32.26,134.69,29.82,260.43,49.91,65.09,46.47,114.07,172.49,35.13,80.89,167.00,48.70,29.63,19.86,46.92,377.74,148.13,22.25,137.36,317.81,24.80,157.91,54.55,506.55,156.63,236.24,43.20,98.65,49.55,104.25,206.54,424.77,27.44,33.20,66.44,124.84,78.21,,30.22,73.80,228.83,641.13,25.61,191.16,92.66,198.70,,90.44,230.67
2021-01-12,13.45,125.26,205.76,156.04,283.15,249.13,46.30,86.16,86.62,40.34,344.13,49.42,77.50,26.18,95.36,39.41,95.65,50.73,123.73,248.00,48.13,120.15,275.37,200.74,148.51,50.95,262.81,145.33,176.90,137.80,86.24,61.75,,353.20,490.62,229.38,40.01,91.28,,471.65,233.59,37.56,1810.09,122.62,49.61,50.06,151.14,502.36,33.03,133.72,29.79,258.58,50.11,64.31,46.99,114.34,169.48,35.30,80.88,191.99,49.38,30.58,20.20,50.60,376.84,160.80,22.75,135.26,320.13,24.93,160.53,53.70,496.73,165.65,236.38,42.40,99.14,51.42,105.58,199.15,416.50,27.44,36.51,67.12,135.00,77.97,,30.46,73.34,225.62,621.49,25.09,189.97,90.04,205.90,,88.23,234.19
2021-01-13,13.49,127.30,207.11,158.29,284.80,249.68,45.83,86.65,87.01,40.51,346.73,50.78,77.94,25.50,91.78,39.04,93.78,49.79,123.55,249.03,51.48,121.13,274.52,201.71,147.74,50.50,270.48,144.77,175.33,140.45,85.70,60.97,,352.52,490.74,227.10,40.13,91.34,,472.05,226.42,37.23,1798.19,121.77,49.22,50.79,147.21,508.46,32.19,134.12,29.40,257.14,50.15,64.56,45.94,112.45,164.80,36.69,80.01,198.00,49.10,29.58,20.16,49.53,373.66,169.99,22.34,132.61,314.33,25.36,161.75,55.06,497.58,170.93,243.60,42.44,97.97,51.93,104.85,199.50,400.19,27.70,36.38,67.74,145.26,76.97,,29.77,73.31,229.07,618.01,24.95,190.21,90.64,207.08,,89.19,229.87
2021-01-14,13.16,125.37,203.94,156.37,281.67,243.73,45.68,85.84,86.30,40.58,342.38,50.09,79.29,24.92,90.79,38.85,101.19,52.75,119.89,245.27,53.56,120.43,287.56,205.04,148.00,51.21,265.71,145.67,176.68,143.51,85.70,60.53,,353.05,519.94,226.12,39.66,90.39,,463.27,225.62,37.91,1852.53,124.10,50.27,50.85,144.75,514.43,31.43,135.40,29.04,257.91,50.10,65.13,45.68,110.48,167.26,37.25,77.94,207.24,49.27,29.51,20.79,49.84,371.72,180.50,22.18,135.14,311.11,25.23,164.10,53.84,488.90,165.07,240.77,41.97,101.17,63.10,101.84,195.47,394.63,27.60,37.37,68.90,149.64,75.69,,29.32,73.71,227.33,623.09,25.01,187.31,88.02,209.87,,86.83,222.97
2021-01-15,12.82,123.65,203.58,155.21,275.39,249.40,44.95,85.67,86.10,40.03,342.20,49.80,78.73,25.64,88.21,39.10,98.65,51.78,122.38,240.06,52.05,120.11,287.80,208.29,145.83,51.97,259.47,144.11,174.44,140.15,83.21,60.81,,358.36,503.57,225.55,38.95,90.85,,458.08,219.51,38.54,1851.78,122.05,49.74,51.32,144.05,514.45,31.11,134.64,29.02,258.92,50.02,66.48,45.83,110.39,161.20,36.76,77.69,187.15,48.67,29.31,20.05,47.67,365.01,169.27,22.25,135.20,308.51,25.69,157.01,55.02,489.46,166.36,238.51,41.86,101.11,57.81,99.84,196.28,398.70,27.88,36.24,66.78,150.77,75.95,,28.94,73.89,222.56,628.91,24.94,183.58,88.55,211.06,,85.37,222.93
2021-01-19,12.99,124.32,207.21,156.04,281.52,259.07,44.57,88.49,88.81,41.23,334.93,50.18,83.39,26.62,89.45,38.89,104.46,54.86,124.85,240.95,52.42,120.68,297.22,210.64,150.14,55.04,259.47,146.66,175.11,146.11,84.93,60.67,,371.82,524.57,231.91,39.08,91.03,,456.50,221.92,39.13,1913.21,122.11,52.71,51.92,144.82,530.31,30.93,137.62,28.78,268.20,49.95,66.68,45.04,107.57,168.79,36.15,76.73,198.75,49.25,29.64,20.05,48.30,376.64,173.69,22.22,137.56,310.97,25.37,159.55,54.81,484.93,168.41,245.94,41.40,101.17,59.22,99.09,198.73,401.43,27.84,39.44,68.89,159.36,75.93,,29.02,73.45,221.04,633.27,25.23,184.88,89.41,212.00,,87.20,226.74
2021-01-20,13.33,128.40,214.77,163.17,283.48,265.40,45.22,93.23,93.58,41.46,341.39,58.63,81.44,26.34,88.75,39.02,103.14,53.25,127.20,239.42,53.04,120.06,287.99,214.12,149.40,55.80,266.19,146.01,176.23,146.85,84.82,61.76,,376.18,524.46,236.70,39.10,93.63,,469.73,226.33,39.00,1984.34,121.98,52.98,52.09,145.15,538.63,31.08,140.10,28.95,273.43,49.92,66.71,44.81,108.58,170.96,36.44,79.15,189.46,49.35,30.06,20.07,48.79,381.55,161.83,21.46,141.62,308.58,25.50,159.08,55.42,495.04,170.97,242.96,41.46,101.87,55.08,104.28,207.05,407.32,27.96,40.25,68.50,164.56,76.77,,29.10,75.43,226.79,642.82,25.62,188.11,91.03,214.76,,89.98,231.61
2021-01-21,13.83,133.11,215.38,165.35,281.66,270.75,45.02,93.44,93.79,41.91,342.80,57.98,82.91,25.98,91.53,38.82,103.27,53.36,125.38,235.51,56.47,118.60,288.81,213.84,150.92,54.97,266.22,145.51,173.81,146.98,82.85,60.94,,368.73,544.85,238.64,39.30,92.84,,472.02,221.00,40.27,1940.19,121.88,52.40,53.38,143.97,531.89,31.40,138.62,28.46,272.87,49.06,66.89,44.60,108.90,172.81,36.88,78.96,190.89,54.51,29.95,19.77,48.91,388.06,180.40,21.23,141.98,306.46,25.49,158.29,55.15,496.44,166.75,247.32,41.94,101.27,52.05,103.34,205.56,408.19,27.60,42.08,68.47,162.54,75.25,,28.92,74.48,229.39,650.43,25.55,188.26,91.88,213.63,,91.20,234.18
2021-01-22,13.67,135.25,216.31,164.61,282.21,272.36,45.48,93.85,94.28,41.75,342.33,56.52,80.25,32.58,92.79,38.53,101.70,53.33,125.34,233.91,51.22,117.73,288.63,215.08,148.95,54.94,248.03,142.12,171.29,144.91,81.13,60.77,,362.07,543.62,237.59,38.94,92.25,,472.44,223.52,38.16,1965.05,118.30,51.55,50.89,144.82,534.17,30.49,137.42,27.22,270.14,49.17,67.81,44.10,106.95,171.89,37.49,77.31,192.00,54.57,30.25,19.44,51.30,382.02,181.87,21.03,142.01,299.17,25.20,157.08,54.85,492.86,172.38,250.66,41.22,99.75,57.70,105.00,204.66,406.07,27.54,42.00,67.48,170.26,74.66,,28.65,74.18,235.53,646.69,25.66,186.22,92.53,217.36,,89.61,235.45
2021-01-25,13.61,139.00,219.74,164.70,293.60,275.85,45.44,93.94,94.20,41.73,341.93,55.68,79.27,36.23,94.13,38.75,103.41,53.70,126.05,235.44,50.12,119.08,292.32,218.14,149.04,55.94,250.67,140.43,170.97,146.67,79.26,60.13,,361.66,541.86,241.31,39.18,91.84,,473.44,217.49,38.59,1880.00,115.14,53.32,51.90,146.33,544.52,30.00,135.90,27.30,269.63,49.72,68.23,44.23,107.15,180.43,39.00,78.18,191.81,54.07,30.36,18.45,49.36,376.64,177.53,21.21,142.30,293.64,25.68,159.02,56.33,489.21,175.69,246.43,40.92,102.93,57.14,108.97,203.99,405.96,28.03,43.86,67.06,174.54,74.74,,28.23,73.70,234.99,652.17,26.31,182.28,94.10,207.66,,90.93,231.08
2021-01-26,13.40,139.23,222.42,166.31,294.36,279.85,45.85,94.62,95.08,41.64,344.86,56.19,77.55,35.37,94.71,38.95,100.93,52.27,126.35,237.98,49.91,120.46,287.25,219.41,147.79,54.74,256.55,141.54,170.28,145.02,77.87,59.04,,362.02,524.10,237.64,40.07,92.94,,476.28,206.80,39.18,1807.74,115.93,52.90,55.01,147.09,540.45,30.30,133.83,26.97,266.09,50.35,67.60,44.40,105.38,173.98,40.72,76.99,198.22,53.99,29.93,18.07,47.97,368.88,192.74,20.98,142.30,291.75,25.39,153.85,55.74,478.10,170.02,239.72,41.09,101.18,55.98,103.52,199.78,404.22,28.55,42.25,65.17,176.65,75.06,,27.57,73.25,235.60,649.54,26.81,182.11,90.36,197.00,,90.31,223.88
2021-01-27,12.88,138.16,222.97,161.63,288.05,270.02,44.71,90.20,90.79,39.92,336.75,52.33,73.23,39.00,88.84,39.33,94.29,48.71,118.52,225.94,48.45,117.27,269.17,213.01,140.43,53.74,252.91,134.72,168.86,137.10,74.06,55.86,,350.73,500.83,225.25,38.74,86.89,,460.00,200.93,40.03,1718.70,113.07,50.10,60.83,148.11,512.10,28.56,128.43,26.06,254.53,49.32,66.46,42.97,101.82,166.30,43.87,75.81,193.07,53.22,29.16,17.89,45.54,338.56,201.25,21.07,142.23,273.47,24.30,146.38,54.06,465.18,155.39,228.72,38.78,94.74,54.01,98.00,195.38,406.82,29.05,38.32,59.80,170.04,75.02,,27.06,70.12,223.45,615.78,27.08,178.02,87.41,199.22,,88.97,217.30
2021-01-28,13.01,133.33,228.74,161.88,278.48,262.94,44.68,91.90,92.40,40.55,337.38,53.86,76.45,35.66,87.52,39.02,96.75,47.98,122.85,232.11,50.69,118.24,275.47,210.20,145.86,53.08,255.12,136.31,171.79,138.78,79.87,58.85,,357.34,522.40,230.04,41.28,87.14,,465.67,212.49,39.62,1844.73,116.19,51.12,56.53,149.08,502.87,28.82,132.95,26.93,259.16,49.94,66.56,44.37,107.39,169.36,41.02,77.29,183.80,51.64,29.71,18.06,48.54,354.18,187.37,20.56,139.10,284.22,24.91,149.82,53.90,482.27,154.74,236.53,40.96,97.03,57.84,100.00,200.30,409.56,28.37,37.47,62.32,163.97,76.57,,27.48,72.65,228.56,654.65,26.47,180.11,91.72,206.28,,90.18,227.02
2021-01-29,12.95,128.34,222.07,160.31,264.51,256.32,43.66,90.62,91.04,40.44,333.01,53.24,76.34,35.18,85.64,38.36,92.47,45.77,121.22,228.26,50.18,116.02,265.03,204.84,143.68,53.84,249.21,134.59,165.46,139.43,76.35,58.46,,348.91,509.93,229.08,39.66,85.95,,458.77,215.80,42.47,1779.51,111.95,50.41,56.08,147.62,500.46,28.36,130.39,26.64,255.45,48.47,66.84,43.42,105.03,165.71,41.42,75.79,193.27,50.36,28.95,17.61,45.62,341.96,183.63,20.09,139.29,277.43,24.62,146.30,54.20,478.68,150.48,233.06,40.04,94.58,61.73,102.75,200.45,380.58,27.82,37.59,61.18,164.16,75.58,,27.44,71.78,227.53,607.56,26.12,177.28,93.71,199.70,,89.97,231.13
2021-02-01,13.20,130.46,229.43,167.14,279.94,259.97,43.28,93.88,94.29,41.90,331.20,53.90,78.44,33.96,87.66,39.07,96.80,47.42,123.47,232.94,51.25,116.36,276.91,203.99,149.55,53.43,248.70,138.74,165.62,144.16,78.16,60.23,,360.84,529.24,231.77,40.12,87.52,,470.00,215.01,43.34,1896.79,113.34,51.79,56.60,148.72,504.67,29.10,134.40,27.04,263.57,48.30,67.07,44.12,106.08,173.96,42.12,77.55,191.17,50.33,29.68,17.81,46.66,354.13,180.44,20.46,141.88,286.32,24.93,156.38,54.16,492.42,149.25,240.56,41.39,97.07,63.46,101.79,200.94,379.08,27.93,37.44,63.94,166.15,77.29,,27.72,72.60,236.69,599.02,25.92,179.64,95.65,204.47,,92.50,234.87
2021-02-02,13.52,131.28,229.30,169.00,290.93,265.00,43.75,95.17,95.59,42.81,335.98,54.82,79.60,31.02,88.86,39.44,99.08,48.81,126.81,234.63,52.43,117.55,282.74,204.04,151.54,53.45,252.61,138.74,169.49,147.01,81.11,64.56,,371.01,528.39,217.33,40.94,90.24,,484.93,219.64,43.58,1909.99,117.53,51.78,56.64,150.54,496.62,29.66,135.72,27.84,269.76,49.10,67.84,45.22,109.74,182.00,40.08,78.91,182.53,50.73,30.76,17.88,47.01,360.52,179.17,20.60,144.90,294.61,25.39,161.56,54.38,506.65,154.05,247.78,42.66,99.73,68.79,106.01,207.11,385.51,27.99,41.70,64.69,166.53,78.35,,28.49,73.71,257.76,616.70,25.85,182.30,98.66,216.71,,92.04,248.79
2021-02-03,13.49,130.26,232.64,165.63,284.90,264.57,43.88,102.10,102.66,41.76,335.63,53.94,77.15,31.76,87.89,39.39,95.52,47.70,124.39,232.66,52.14,117.25,270.93,201.15,146.19,52.95,248.47,134.82,168.66,144.80,79.60,62.93,,367.19,518.28,211.00,40.38,89.68,,481.92,218.12,43.43,1870.52,118.73,50.07,57.21,149.15,487.88,29.50,134.82,27.75,265.21,48.33,67.15,45.21,111.07,193.11,40.81,79.01,180.58,52.81,30.18,18.76,51.17,352.29,185.72,20.84,136.97,292.85,25.17,158.73,53.51,485.36,151.25,250.56,42.73,96.41,74.12,110.52,202.40,389.09,27.93,40.29,62.87,167.55,77.85,,28.02,73.06,258.63,609.26,25.73,180.53,97.92,209.56,,91.74,243.99
2021-02-04,13.63,133.62,231.69,166.55,283.33,264.41,44.30,101.84,102.28,42.25,336.90,55.22,79.24,32.05,87.84,40.66,98.74,49.13,125.57,231.77,53.47,118.66,278.43,201.27,149.15,54.02,252.35,137.50,169.88,132.01,81.79,63.75,,379.34,530.24,213.71,41.16,92.01,,489.38,224.01,44.60,1893.35,120.75,49.28,57.43,152.49,495.49,30.12,137.10,27.47,270.09,48.96,67.92,45.74,112.07,197.26,41.11,80.59,189.33,53.60,31.40,19.60,52.59,353.81,195.80,20.89,134.84,300.49,25.87,165.43,53.86,494.00,157.91,268.99,42.47,99.63,76.56,111.92,201.49,391.08,28.26,41.99,64.61,175.34,79.26,,28.58,68.78,264.19,619.79,25.66,182.00,100.81,213.75,,91.94,241.00
2021-02-05,13.55,133.20,231.87,167.61,284.08,266.01,44.87,103.59,104.05,41.83,336.26,55.08,79.10,34.05,87.90,41.38,96.32,48.21,120.45,239.39,52.92,119.75,272.57,200.51,147.36,56.18,254.08,135.89,171.86,130.11,82.32,63.31,,376.10,527.73,215.26,40.89,94.53,,492.12,223.53,44.96,1918.13,124.63,49.03,58.89,149.55,495.63,29.89,135.80,27.51,272.92,49.14,67.90,45.55,112.04,196.16,42.67,82.19,181.23,53.31,31.10,19.36,51.87,346.03,195.31,20.97,137.36,305.86,25.88,165.92,53.73,502.64,165.11,268.01,43.65,102.11,80.60,114.90,207.49,392.24,28.46,42.46,65.38,177.18,79.31,,29.85,68.60,263.95,617.65,26.35,181.08,102.76,216.78,,90.82,243.80
2021-02-08,14.40,133.35,232.13,166.15,287.81,264.50,45.07,103.37,103.79,42.44,340.67,54.79,81.93,36.05,91.47,42.12,101.57,50.39,121.24,239.36,53.81,119.27,286.03,201.57,151.86,55.78,256.66,139.95,172.65,131.49,82.44,64.23,,376.45,538.42,214.37,41.48,94.34,,493.76,222.36,46.75,1900.89,124.25,50.55,60.56,150.13,491.58,30.17,137.58,27.11,276.48,48.97,66.90,45.44,113.87,188.26,43.25,83.19,177.43,53.60,31.89,19.93,55.47,354.80,200.43,21.05,138.57,302.81,25.91,171.51,52.73,495.76,165.15,280.67,43.77,103.48,104.10,116.42,213.34,394.38,28.09,44.30,68.54,182.39,79.38,,30.19,69.85,272.79,615.53,26.44,182.46,100.82,215.87,,90.03,244.38
2021-02-09,14.22,132.47,233.37,165.25,283.15,267.35,45.32,102.92,103.33,42.61,340.41,55.91,81.26,38.17,90.91,41.74,100.79,49.94,119.66,237.76,53.46,118.59,282.29,200.79,150.62,55.23,259.78,139.63,171.09,130.35,81.88,65.16,,378.20,539.85,213.82,42.18,94.30,,496.05,223.72,46.43,1878.00,122.29,50.21,61.37,149.64,487.39,30.22,139.49,27.48,278.16,48.52,66.57,45.26,113.29,189.76,43.50,83.23,187.75,55.06,31.99,19.69,53.90,364.94,199.88,20.98,142.12,304.50,25.81,171.43,52.62,505.05,167.65,282.69,44.05,105.07,127.29,117.85,200.31,391.06,28.35,44.27,68.35,183.16,78.67,,30.27,70.13,275.37,619.51,26.28,184.05,100.26,220.00,,90.59,248.05
2021-02-10,14.72,131.87,232.46,164.33,268.27,269.75,44.80,103.47,103.92,42.20,337.16,56.36,80.31,35.70,92.35,40.65,101.27,50.36,119.69,235.07,53.53,116.98,281.63,202.32,151.20,55.22,262.70,139.98,171.21,129.81,84.10,65.37,,383.74,541.18,212.53,42.20,93.99,,492.67,231.35,45.45,1905.27,122.00,49.56,60.21,149.25,487.92,30.43,137.86,27.39,276.87,48.30,66.71,45.22,113.51,199.61,45.07,83.15,215.16,55.16,32.26,20.34,55.43,359.72,211.66,21.13,140.66,301.71,25.66,171.31,52.75,516.54,164.16,281.67,44.28,101.89,97.45,115.55,199.82,389.24,28.03,41.95,68.16,187.98,78.28,,29.51,70.02,274.09,611.63,26.42,184.35,99.86,223.09,,92.50,252.46
2021-02-11,15.21,131.62,234.06,163.11,270.55,268.28,44.76,103.58,103.94,42.95,333.45,55.76,84.34,33.11,92.66,40.95,108.08,54.12,119.61,235.43,55.17,114.66,307.06,200.90,155.41,54.92,266.28,145.07,171.23,129.86,84.79,65.18,,394.88,564.68,210.50,42.58,93.98,,496.62,234.80,48.14,1942.25,121.91,51.05,61.45,149.12,487.25,28.88,143.97,27.57,286.70,48.68,65.83,44.97,115.02,199.80,45.55,81.43,213.26,54.61,32.60,19.91,54.54,370.24,216.84,20.87,143.30,300.21,25.32,176.87,52.15,528.47,165.38,283.51,44.25,101.43,100.99,117.60,197.12,387.46,27.92,40.34,70.86,203.51,78.15,,28.99,70.88,275.99,618.68,27.71,182.88,102.55,222.89,,92.49,252.80
2021-02-12,14.92,131.85,234.54,163.89,272.04,268.39,44.90,103.89,104.35,43.66,333.97,55.65,85.84,31.91,93.77,40.70,111.62,55.44,118.92,235.03,56.22,113.72,314.00,202.76,155.78,54.89,269.27,146.87,172.41,132.02,84.45,65.85,,399.87,570.86,213.98,42.58,93.48,,498.84,242.10,49.35,1943.00,124.63,52.72,61.24,149.33,482.36,28.87,145.68,28.00,292.09,48.25,65.54,45.87,112.39,196.59,47.80,81.76,202.97,54.28,32.95,20.07,55.63,371.45,212.68,21.01,143.70,305.14,25.01,177.22,52.13,544.08,157.92,296.78,44.30,103.46,103.43,112.86,199.86,383.59,27.80,41.78,71.72,195.54,77.38,,29.86,70.87,281.36,613.45,27.59,183.08,103.14,226.48,,93.98,252.97
2021-02-16,15.29,129.73,233.31,163.45,265.41,271.84,45.27,104.67,105.23,43.91,335.15,55.73,85.57,27.84,91.46,40.03,113.20,55.97,117.30,232.67,56.82,114.16,319.08,199.02,156.75,53.18,263.98,146.61,172.30,131.29,85.76,65.54,,407.86,575.78,210.27,42.27,94.24,,501.64,242.42,50.17,1939.87,125.52,51.86,60.22,148.55,477.48,29.52,145.99,28.19,290.67,47.98,65.19,46.09,113.18,202.81,47.35,82.40,212.17,53.80,32.98,20.53,55.51,373.41,209.86,20.67,141.80,308.22,24.87,178.17,51.25,538.16,153.81,303.17,45.04,102.47,95.50,107.56,195.79,371.76,27.49,41.88,72.93,175.93,76.86,,29.53,70.09,274.87,618.47,27.57,181.97,101.10,223.63,,90.04,248.95
2021-02-17,14.86,127.44,234.32,165.43,266.05,271.44,45.75,105.06,105.55,43.31,338.97,55.13,83.92,27.08,89.94,39.80,110.67,55.41,116.63,231.87,56.25,114.22,312.57,201.39,154.81,53.43,260.02,145.93,170.99,129.14,87.71,65.90,,401.63,560.93,214.85,42.39,93.11,,491.23,238.56,50.65,1890.25,126.42,49.37,60.56,149.42,478.45,29.83,141.78,27.95,283.76,48.01,65.44,46.08,112.75,202.82,49.36,80.97,197.87,53.20,33.25,20.82,55.40,366.02,201.96,20.82,141.84,302.52,24.98,172.94,51.58,540.35,156.53,295.62,46.03,101.40,94.18,103.08,195.93,374.97,27.70,42.64,73.29,178.38,77.19,,29.50,70.60,271.05,624.12,28.86,182.17,103.53,224.83,,91.07,250.53
2021-02-18,14.79,126.34,233.93,166.41,262.46,267.29,42.78,104.43,105.00,43.38,337.91,54.82,86.35,25.17,88.64,39.88,108.49,54.64,118.30,232.47,56.04,115.00,308.54,198.76,153.06,53.53,255.84,144.42,172.36,128.39,88.73,65.09,,401.23,556.06,209.83,42.05,93.59,,488.37,239.25,51.71,1891.09,127.04,49.44,61.46,154.31,473.83,30.57,139.53,27.96,270.95,49.07,67.10,46.33,113.44,195.78,49.71,81.29,200.06,52.53,33.54,20.40,52.42,361.78,198.04,20.97,143.38,300.72,25.30,169.47,52.77,551.79,150.23,289.26,45.50,103.25,92.78,106.40,196.23,383.14,27.77,40.40,70.37,173.75,79.00,,29.69,69.12,272.79,616.42,30.37,185.51,102.71,223.38,,91.98,256.73
2021-02-19,14.88,126.49,231.23,162.49,260.43,259.52,43.00,103.58,104.20,43.98,335.88,54.02,88.71,29.00,89.58,39.31,114.26,56.59,115.47,233.36,57.31,112.57,313.77,198.04,154.66,52.83,250.05,149.63,172.40,129.31,90.04,66.15,,397.32,567.44,207.02,41.68,92.16,,479.12,239.20,51.84,1910.39,131.18,50.83,62.03,151.35,467.21,30.69,139.66,28.61,268.07,47.48,65.94,44.83,112.26,195.98,50.79,82.01,205.97,52.72,34.39,20.68,52.77,378.98,201.07,20.94,141.96,305.40,24.52,174.67,52.57,544.13,155.06,285.39,45.06,105.13,96.37,105.05,194.86,376.71,27.33,40.90,73.16,177.00,78.11,,29.27,68.03,276.34,607.29,29.22,184.03,104.74,226.03,,91.32,258.41
2021-02-22,14.31,122.72,225.03,159.04,238.17,258.30,42.79,101.87,102.40,42.76,331.56,53.38,84.15,28.00,85.37,39.10,110.21,53.70,113.37,233.53,55.22,112.13,300.00,197.85,150.10,52.61,247.13,145.47,172.45,124.42,92.28,64.06,,387.86,552.26,214.96,42.00,90.77,,467.33,225.83,51.07,1788.82,137.22,48.68,62.32,152.72,457.49,30.44,133.16,28.76,254.69,47.49,64.01,44.58,114.66,188.24,55.29,81.30,178.07,52.44,34.07,21.33,55.05,358.68,195.34,20.54,138.37,297.70,24.05,169.22,51.19,536.91,148.07,272.39,45.50,103.24,87.60,99.70,189.85,371.87,27.72,40.55,69.93,170.00,78.23,,28.13,67.67,269.95,596.50,29.02,179.93,103.01,213.45,,87.67,241.01
2021-02-23,14.10,122.59,223.84,159.73,232.95,263.79,42.10,102.16,102.70,42.36,323.93,54.62,86.05,26.75,84.74,39.16,111.08,53.21,114.63,240.57,55.59,112.80,302.49,198.70,149.89,52.26,248.24,144.06,173.65,122.33,92.64,62.98,,385.48,549.94,216.44,42.67,90.38,,467.80,218.39,50.54,1775.79,143.95,47.85,61.24,153.84,464.89,30.26,132.60,28.48,253.21,47.91,65.11,44.16,113.49,187.91,52.95,80.40,173.50,51.69,33.75,21.13,57.15,357.72,187.59,20.75,137.31,290.25,24.17,165.09,52.46,525.22,153.21,263.59,45.17,103.17,69.12,98.67,185.95,375.67,27.82,39.29,69.82,169.14,78.66,,27.80,67.32,261.73,602.77,28.94,179.08,101.69,206.51,,86.70,241.46
2021-02-24,14.46,122.09,225.06,157.98,247.34,262.25,41.40,103.34,103.91,43.17,322.56,55.34,90.23,26.39,86.94,39.36,117.68,56.45,114.78,236.82,57.47,112.21,311.65,196.59,155.56,52.28,252.90,147.77,178.73,125.88,95.95,61.60,,399.09,568.02,217.04,42.72,93.06,,476.62,216.60,53.08,1714.00,151.60,48.26,63.05,157.90,455.52,30.39,139.42,29.00,260.68,47.50,64.28,44.12,116.65,179.32,51.86,80.78,176.32,52.22,33.97,22.23,59.39,373.31,200.20,20.79,133.92,298.91,23.81,169.77,51.00,532.88,151.59,264.66,46.27,105.95,81.77,99.36,186.99,366.93,27.53,40.03,70.86,161.45,80.80,,27.64,69.22,262.78,608.51,29.31,161.85,101.41,207.81,,83.62,239.93
2021-02-25,13.27,117.84,219.73,152.86,227.41,252.71,41.01,99.97,100.74,41.04,316.12,54.67,85.94,23.96,82.42,39.17,109.18,51.79,116.23,229.75,54.93,110.44,289.21,194.47,147.88,51.53,247.26,140.99,174.21,120.92,89.26,60.01,,374.75,534.38,212.98,41.79,92.25,,459.16,208.66,51.02,1613.06,144.47,45.61,61.79,156.93,450.15,29.73,138.02,28.72,244.09,47.24,63.62,42.67,112.09,171.06,51.32,78.33,166.87,51.35,33.60,21.86,55.58,348.99,182.06,20.52,131.54,284.03,23.06,162.76,50.69,518.28,146.59,252.59,44.51,105.08,73.16,95.00,184.68,367.21,27.00,37.16,66.57,159.90,79.12,,26.73,67.79,251.19,601.55,29.05,158.72,98.87,195.79,,82.00,232.40
2021-02-26,13.68,118.11,222.98,154.65,225.17,255.61,40.38,100.27,101.01,42.18,313.37,53.88,89.27,23.90,84.51,38.61,113.26,53.64,115.35,227.21,55.28,109.75,295.32,192.25,149.38,50.39,245.60,142.95,172.13,121.50,91.43,59.72,,376.84,541.37,212.55,42.18,96.32,,459.67,216.00,51.58,1638.11,142.52,47.30,62.11,155.58,447.55,29.82,141.09,28.52,245.21,46.47,62.41,43.87,110.08,171.16,53.03,77.44,169.49,50.40,33.77,21.64,55.75,360.47,206.35,20.56,130.31,276.00,22.87,166.43,49.63,520.17,148.10,258.47,43.89,104.71,75.04,95.41,184.46,365.77,26.70,35.77,68.78,165.49,78.82,,27.29,67.88,245.18,613.42,28.36,158.30,99.44,205.03,,82.38,237.70
2021-03-01,13.80,124.47,227.36,157.31,239.48,262.85,40.83,102.63,103.23,43.95,314.10,55.06,92.42,24.81,86.39,39.52,117.15,56.63,118.81,233.92,57.19,110.96,309.33,194.06,154.07,51.26,253.07,145.49,175.42,124.45,91.12,61.23,,392.55,557.08,210.38,43.56,95.28,,469.57,223.40,54.35,1713.28,142.91,48.51,62.60,158.69,459.94,30.08,147.44,28.95,254.17,46.91,63.96,43.78,113.78,186.15,58.18,82.35,168.89,51.91,34.65,22.08,59.28,374.46,196.42,21.49,133.52,284.27,23.29,170.76,50.10,538.17,148.75,272.17,45.27,107.61,78.24,97.61,187.45,372.84,27.03,37.73,71.24,169.65,80.28,,27.45,69.12,252.80,619.68,28.91,161.38,99.17,210.16,,81.50,251.50
2021-03-02,13.37,121.87,224.41,154.73,228.81,256.98,40.44,102.38,102.95,43.14,310.97,54.78,88.84,24.48,84.13,39.17,112.60,54.23,117.73,236.27,55.70,111.34,293.99,192.91,151.66,51.71,250.00,141.55,175.73,122.26,89.61,59.11,,388.05,537.60,212.06,43.40,95.58,,466.59,222.10,52.34,1642.41,143.37,46.86,61.51,156.40,451.81,30.09,142.15,28.71,247.87,46.93,63.74,43.44,111.02,175.52,59.24,81.75,160.59,52.16,34.67,21.54,57.15,356.68,189.90,21.05,133.25,277.92,23.29,166.17,49.96,529.47,152.41,267.76,45.20,108.53,74.85,93.51,188.17,369.13,26.93,38.45,68.54,166.15,79.75,,27.39,69.24,247.96,616.07,29.09,160.74,97.98,202.61,,79.02,244.40
2021-03-03,12.77,118.89,218.36,150.25,217.73,253.42,39.65,99.75,100.51,41.57,306.67,52.07,86.91,23.59,80.86,38.84,110.62,52.13,114.26,230.26,54.48,109.70,288.28,191.41,147.93,51.50,242.38,137.56,176.10,118.02,89.33,57.29,,375.46,518.94,208.44,42.98,94.70,,448.45,210.62,52.43,1528.00,140.83,44.63,64.41,156.00,443.73,30.30,133.74,28.38,236.93,46.28,63.63,42.30,104.80,168.75,61.45,80.30,148.25,52.75,33.98,21.62,60.25,341.50,180.40,20.59,129.57,269.30,23.42,160.45,49.15,498.02,144.32,253.70,44.06,108.70,73.16,90.00,180.15,368.65,26.79,37.91,66.86,155.01,78.31,,26.75,67.58,236.70,601.02,29.61,159.22,92.18,187.83,,76.28,227.68
2021-03-04,12.33,117.01,217.56,148.88,207.15,255.63,39.64,100.86,101.62,39.82,302.05,51.13,82.25,24.73,77.75,38.35,103.72,50.01,114.04,229.26,53.05,110.32,272.92,189.68,141.56,51.89,236.39,132.59,172.63,114.56,87.15,55.94,,363.50,487.34,207.79,43.14,93.52,,439.06,192.99,47.78,1458.64,139.35,39.28,60.73,152.89,446.36,30.02,128.81,27.50,229.80,47.17,64.41,42.34,105.72,158.40,62.60,78.01,150.00,51.18,32.79,21.24,65.77,315.67,180.23,19.58,127.86,265.44,23.56,152.51,49.91,485.85,137.37,237.80,43.71,104.92,64.57,85.00,174.03,360.22,27.02,37.29,63.13,144.90,77.30,,26.03,66.88,230.35,607.64,29.01,156.17,89.07,180.90,,75.85,225.44
2021-03-05,12.43,118.26,222.23,150.02,199.32,262.22,40.13,103.99,104.57,40.41,300.42,51.64,86.73,23.95,78.52,39.80,108.72,51.80,119.88,231.33,55.24,113.91,280.75,194.65,145.63,53.03,237.79,136.59,175.73,116.31,90.59,55.79,,369.18,503.13,211.98,44.07,93.79,,440.83,183.12,51.23,1470.24,141.42,40.66,62.23,159.37,458.47,31.06,126.69,28.55,227.80,48.59,65.79,43.21,106.76,156.82,64.25,81.03,151.48,52.15,33.51,21.52,69.01,320.42,179.81,20.03,129.14,267.39,23.71,164.93,51.96,499.70,143.39,237.78,45.57,107.28,62.02,82.20,170.81,365.11,27.59,38.13,65.54,143.04,79.73,,26.60,68.09,237.02,624.03,29.51,162.42,91.02,175.37,,79.87,228.21
2021-03-08,11.56,113.33,218.19,147.60,187.67,253.32,39.74,99.55,100.38,37.82,294.84,49.33,82.95,22.52,73.96,40.89,101.27,47.53,122.17,236.97,54.43,113.14,260.04,194.72,140.57,53.14,228.30,132.16,176.68,110.44,93.01,55.25,,357.79,479.41,213.58,44.38,93.64,,421.20,179.75,51.82,1369.54,144.80,39.24,63.24,161.30,460.08,31.53,119.68,28.83,218.49,48.21,67.11,42.57,113.60,137.60,67.25,81.32,133.41,51.75,33.24,21.51,68.12,290.72,180.81,19.80,123.89,253.10,24.34,155.90,52.48,482.60,138.62,224.89,45.73,106.70,62.42,77.52,161.62,373.29,28.41,38.92,61.62,138.59,80.66,,26.00,67.15,231.07,612.38,30.15,165.83,88.01,167.84,,79.23,223.42
2021-03-09,12.49,117.94,224.33,153.14,224.53,263.67,40.06,101.18,101.80,39.82,301.80,50.64,87.09,24.26,78.53,41.21,109.45,51.40,121.44,245.06,57.00,113.24,279.07,195.73,147.73,52.79,234.27,137.09,176.61,115.74,92.94,57.07,,371.47,515.05,214.04,44.46,95.00,,439.18,199.10,52.18,1452.01,141.49,42.97,63.74,163.66,467.47,30.99,127.30,28.89,228.40,48.62,67.20,44.22,117.95,154.18,63.01,82.58,141.48,52.74,35.15,21.17,65.58,311.71,183.11,20.26,127.51,263.97,24.84,167.59,52.64,493.57,137.68,240.47,46.40,109.22,71.60,82.00,168.57,377.44,28.95,39.89,65.55,144.40,81.83,,26.58,68.72,245.92,614.77,30.50,168.51,90.74,181.43,,81.50,233.05
2021-03-10,12.44,116.86,223.02,152.88,222.69,262.84,41.08,100.97,101.91,39.28,306.59,50.45,83.30,24.75,77.52,41.56,107.98,49.06,122.50,248.15,56.62,114.38,268.96,196.56,146.91,52.45,239.94,134.96,181.12,114.63,93.03,55.78,,369.77,499.59,214.29,45.77,96.09,,437.01,194.86,50.11,1435.57,141.63,41.97,63.55,162.78,464.81,31.59,126.88,29.16,228.84,49.12,67.70,44.70,114.73,148.14,65.82,84.29,135.77,53.50,36.09,21.55,65.51,311.28,183.79,20.46,126.72,263.64,25.04,164.50,52.67,488.78,134.68,240.78,46.42,110.25,75.65,80.70,164.82,373.95,29.36,38.56,63.68,141.10,81.96,,27.17,70.22,242.71,629.07,30.80,168.93,89.10,180.07,,80.81,225.69
2021-03-11,12.96,118.79,227.54,155.68,233.20,271.75,41.07,104.17,104.88,40.73,311.15,52.31,87.10,26.73,81.23,42.00,112.30,50.63,121.14,249.76,57.58,114.07,281.21,197.59,151.71,51.78,244.00,138.56,180.77,118.09,92.75,57.40,,385.56,519.71,215.15,45.51,95.68,,451.06,205.80,51.70,1570.78,143.25,45.36,65.52,163.15,466.81,31.62,130.13,29.23,234.26,49.19,66.70,44.67,114.07,162.40,66.97,85.97,144.97,54.14,37.51,21.36,68.02,324.94,197.87,20.56,127.91,274.36,25.14,171.85,52.40,502.94,142.98,252.48,46.00,112.07,80.38,86.24,170.61,375.28,29.14,40.25,66.79,152.76,82.36,,27.58,71.63,257.27,624.23,30.30,167.34,91.69,188.87,,81.73,235.80
2021-03-12,12.82,117.88,226.22,154.47,231.24,266.31,41.68,101.66,102.26,40.50,313.51,51.80,85.60,26.92,81.05,42.01,109.52,49.64,122.22,250.82,57.21,113.92,279.23,196.90,150.51,51.10,244.66,137.19,182.37,116.52,94.28,57.09,,382.45,513.24,214.33,45.67,96.12,,444.30,199.00,51.53,1550.15,144.57,46.20,65.12,164.24,468.30,32.18,125.74,29.24,229.45,49.72,67.57,44.47,115.72,161.06,71.10,85.55,142.03,53.70,37.67,21.54,66.37,318.59,206.74,20.90,127.08,268.11,25.48,167.77,52.97,497.75,142.20,249.02,46.79,114.09,78.40,83.00,170.25,374.25,29.20,39.11,66.44,152.26,82.44,,27.49,71.84,252.73,624.15,30.01,166.22,89.43,184.61,,81.86,229.26
2021-03-15,13.16,120.77,225.31,154.08,235.98,271.62,41.47,101.88,102.48,42.26,312.91,52.03,86.65,26.79,82.50,42.52,110.09,50.76,120.79,251.29,58.02,113.91,283.68,201.69,151.67,52.35,245.02,138.53,183.91,118.00,95.79,57.38,,383.31,522.37,219.65,46.02,97.09,,447.59,200.55,51.63,1581.32,147.81,47.38,63.96,169.91,480.69,32.29,129.39,29.13,234.87,50.03,68.60,44.65,118.50,159.13,73.67,83.95,140.69,55.08,38.41,21.41,68.22,328.83,209.99,21.34,127.47,273.02,25.94,182.80,53.82,512.76,146.12,248.65,46.06,113.20,76.90,87.61,169.17,378.60,29.38,36.62,67.40,153.71,84.60,,27.71,73.23,254.88,625.00,30.34,168.95,90.48,184.27,,83.79,236.62
2021-03-16,13.26,122.30,228.10,154.59,225.63,277.11,41.46,103.34,103.77,42.93,309.82,52.40,89.17,25.61,82.75,42.74,113.55,51.88,122.86,252.96,58.92,114.75,286.52,205.42,153.61,53.13,242.21,140.44,180.18,119.81,94.10,56.67,,381.94,524.46,218.99,46.43,99.27,,450.54,196.31,52.51,1550.49,144.99,46.98,64.02,169.19,478.93,32.26,129.39,28.65,234.05,50.51,69.62,44.69,116.72,160.89,75.81,83.08,133.66,53.00,37.90,20.35,66.44,329.80,200.01,21.16,128.30,275.01,25.94,185.43,54.11,506.92,143.78,247.98,45.82,111.74,72.43,86.37,173.01,375.81,29.83,35.53,67.55,147.03,84.85,,27.26,72.11,257.12,639.65,30.51,167.39,88.66,182.18,,83.87,235.89
2021-03-17,13.31,121.52,227.45,156.79,233.94,281.80,41.11,103.26,103.70,43.41,311.66,52.44,92.42,25.21,82.63,42.53,114.90,52.43,122.40,251.80,59.83,114.42,289.78,208.79,155.52,53.47,241.55,141.43,181.22,120.05,96.67,56.15,,378.36,534.19,217.08,46.00,98.48,,451.01,208.03,53.66,1537.62,150.11,47.12,66.14,168.83,492.68,32.20,128.49,28.71,235.61,50.63,68.47,44.30,116.99,149.46,74.07,81.95,133.80,53.26,36.53,21.20,65.89,338.99,201.36,21.46,127.19,272.84,25.71,190.51,53.50,504.90,145.15,250.13,45.62,111.22,77.10,86.54,168.91,381.20,29.84,37.49,69.32,148.43,84.80,,27.63,72.08,260.72,641.86,30.78,166.39,87.93,185.33,,82.30,234.00
2021-03-18,12.69,117.40,221.39,151.40,217.72,276.45,40.58,100.24,100.98,41.67,305.78,50.48,87.60,23.98,78.12,42.00,109.51,51.12,120.10,250.26,57.96,113.48,273.98,208.92,151.20,53.19,233.11,137.11,182.91,116.31,92.16,52.92,,361.22,514.73,213.36,44.70,95.95,,439.18,190.21,52.06,1436.17,148.51,44.62,62.65,167.20,471.49,32.15,124.03,28.82,227.39,50.63,68.87,43.96,116.51,141.82,75.95,80.52,130.62,52.68,34.61,20.31,60.84,323.17,191.45,21.06,124.66,263.44,25.54,181.60,53.25,484.47,140.04,237.14,44.70,112.28,73.21,81.89,167.22,388.68,29.65,36.43,65.56,139.96,84.20,,27.25,70.58,249.14,629.39,30.67,165.04,84.79,178.21,,80.55,219.28
2021-03-19,12.81,116.87,221.03,153.75,218.29,287.85,41.12,100.52,101.33,42.93,311.40,51.22,88.27,24.32,79.06,42.15,110.07,51.41,119.41,251.40,57.99,115.17,277.91,210.22,152.60,53.50,235.83,139.37,181.12,117.45,89.83,52.81,,368.28,522.59,216.11,44.37,94.81,,441.50,194.63,53.12,1448.89,146.58,46.04,63.30,165.28,470.52,32.54,125.48,28.28,227.86,50.79,69.76,43.96,114.75,141.80,77.27,79.52,135.03,52.65,34.90,19.99,61.36,330.31,194.39,21.12,125.05,261.50,25.71,184.75,53.75,484.88,144.16,240.00,44.61,112.53,77.70,84.03,169.74,382.61,29.87,37.52,67.62,144.75,82.95,,26.65,70.71,251.23,629.74,30.82,166.32,86.16,181.56,,81.87,219.09
2021-03-22,13.15,120.18,226.45,155.54,223.33,291.25,41.31,100.70,101.10,43.00,316.68,52.31,89.02,24.22,80.30,43.29,114.35,53.09,121.25,252.56,59.69,118.00,289.75,213.42,156.17,54.39,238.24,141.74,180.45,120.20,87.64,53.91,,369.96,549.86,218.82,45.10,95.91,,452.41,195.73,52.93,1476.11,145.82,46.70,64.41,165.70,479.98,32.72,127.97,29.22,234.43,51.44,69.73,44.53,114.13,137.15,74.65,80.30,135.91,51.83,35.82,19.72,60.95,335.18,195.00,21.27,127.98,265.96,25.60,183.25,54.40,491.37,144.15,243.09,44.48,112.84,72.46,85.18,171.88,388.70,30.26,37.59,69.78,144.77,83.59,,27.45,70.88,257.27,637.62,31.15,169.18,89.96,182.61,,82.78,221.74
2021-03-23,13.04,119.35,227.97,156.88,220.72,288.37,41.80,101.23,101.81,41.99,322.22,53.51,83.29,23.26,78.38,43.04,111.52,51.61,119.60,250.24,57.74,119.42,281.88,209.45,155.03,53.54,236.94,138.06,177.44,118.79,86.98,53.93,,370.13,533.52,213.59,44.91,94.73,,460.20,190.60,49.27,1446.65,137.09,45.21,62.12,165.38,466.61,32.35,128.25,28.95,235.13,51.23,70.57,44.81,110.37,136.06,71.68,79.51,131.76,50.50,35.21,19.17,58.38,324.07,187.14,21.15,129.57,269.00,25.60,175.22,55.84,487.66,138.66,242.47,43.36,113.04,67.72,85.17,173.85,391.96,30.28,35.19,67.58,139.62,83.22,,26.85,70.42,257.39,645.45,30.65,171.86,91.04,183.00,,83.08,222.92
2021-03-24,12.61,116.97,225.94,154.35,210.09,279.94,41.54,100.79,101.42,41.37,320.04,52.08,80.95,21.88,76.48,42.73,116.05,52.38,117.65,252.01,56.43,118.86,282.67,209.82,155.13,53.41,237.02,138.02,180.53,114.01,86.49,53.50,,364.43,552.34,211.54,44.74,93.59,,451.51,181.60,47.91,1387.85,137.91,44.33,61.03,166.49,457.23,32.59,126.97,29.34,233.05,50.76,70.86,44.36,109.23,124.18,61.94,80.21,125.53,50.23,34.26,19.51,60.21,318.58,178.85,21.38,126.41,263.18,25.68,171.25,55.96,472.97,134.63,233.02,43.84,114.24,62.16,81.26,170.26,393.53,30.07,33.98,66.13,133.45,83.92,,26.48,71.07,246.07,651.56,30.11,171.22,88.93,175.10,,80.42,210.44
2021-03-25,12.50,117.45,222.94,152.31,213.46,276.57,41.82,100.79,101.39,41.77,327.90,50.29,82.01,22.58,76.22,43.47,114.72,51.96,118.72,255.38,56.41,119.56,284.11,210.48,154.78,53.11,234.83,137.52,181.94,114.10,89.09,53.91,,359.69,557.51,212.36,45.04,95.71,,450.99,179.16,48.20,1402.50,141.08,43.84,62.45,168.04,460.37,33.13,125.67,29.77,231.67,51.19,70.64,44.40,112.55,127.53,57.75,80.48,131.75,51.10,34.25,19.03,59.73,319.14,176.16,21.82,126.63,262.19,25.94,174.94,56.32,472.11,135.24,232.99,45.22,113.09,62.09,78.26,169.79,390.69,30.22,34.47,66.31,136.77,85.09,,26.38,71.22,246.15,637.79,30.87,169.14,87.05,172.85,,80.32,206.84
2021-03-26,12.81,118.06,226.92,152.60,206.24,280.82,42.17,100.41,100.95,43.61,333.27,50.81,85.82,22.58,77.41,45.24,123.27,55.39,118.25,262.87,59.00,122.19,303.59,216.13,163.20,54.15,243.58,144.14,185.90,119.21,91.24,53.28,,363.74,597.29,214.64,44.14,97.98,,469.09,177.68,50.64,1431.97,141.32,46.01,65.05,173.16,473.71,33.78,132.58,30.43,242.75,51.96,70.86,45.83,115.74,131.29,41.90,82.76,134.01,51.89,36.55,19.75,61.34,337.81,174.40,22.42,129.38,269.01,26.04,181.97,56.58,480.22,136.25,239.75,45.78,115.04,62.40,80.29,174.29,397.48,30.83,34.65,70.04,137.82,87.26,,26.86,73.20,249.66,631.75,31.53,172.86,88.18,169.78,,81.65,212.94
2021-03-29,12.92,118.23,225.73,153.79,203.76,288.56,42.65,101.45,101.96,42.76,337.19,51.40,84.45,21.73,77.14,45.20,120.46,54.07,118.70,262.50,58.66,124.00,298.25,217.93,161.45,54.94,241.32,141.15,186.19,117.67,92.33,53.37,,361.85,580.42,216.71,44.15,97.30,,469.32,173.85,49.18,1403.42,139.18,45.56,64.37,172.98,478.29,33.87,132.75,30.10,240.46,52.61,71.57,45.96,113.54,131.53,41.23,81.47,129.98,51.61,36.73,19.59,60.08,327.77,182.50,22.47,131.44,270.78,26.17,177.53,57.17,479.18,133.80,234.42,44.44,114.84,63.13,77.04,176.29,395.54,31.05,32.54,67.98,134.32,86.79,,26.53,72.11,243.12,636.68,32.12,174.50,87.34,165.75,,80.96,204.59
2021-03-30,12.84,116.78,222.47,152.76,211.87,285.76,42.36,101.48,101.94,41.27,331.13,51.34,84.40,22.04,76.00,44.55,121.47,54.28,119.84,260.87,58.00,122.06,300.87,213.48,161.24,54.37,242.16,140.01,185.52,116.63,91.68,53.00,,360.92,574.01,212.99,43.98,98.31,,465.46,175.28,49.27,1428.03,142.68,46.37,64.77,168.84,467.51,33.94,130.87,30.03,239.60,51.66,70.65,45.35,113.87,135.44,43.44,80.54,130.60,51.69,36.27,19.21,60.28,330.32,183.10,22.44,130.92,268.43,26.02,180.85,56.33,475.95,135.13,235.28,44.43,117.41,65.40,77.37,177.09,390.36,30.55,32.28,67.64,139.28,85.88,,26.56,72.58,243.23,632.69,31.72,170.27,86.80,165.79,,79.96,204.43
2021-03-31,13.31,118.97,226.24,154.70,222.64,292.24,42.39,102.28,102.59,41.95,333.71,52.17,86.03,23.29,78.50,44.50,128.02,56.43,120.46,261.69,58.21,121.12,313.52,212.67,163.88,53.64,246.31,142.27,184.65,118.86,91.48,53.68,,370.00,589.36,214.89,43.29,97.42,,475.37,182.51,50.24,1472.14,142.56,47.98,65.67,169.36,469.97,33.82,136.99,30.04,247.78,51.44,70.62,45.54,113.42,133.88,43.46,81.49,131.13,51.46,36.88,19.10,59.48,340.56,187.94,22.29,131.83,277.15,26.17,184.11,56.76,489.31,141.19,241.55,44.94,117.31,67.88,83.34,176.70,390.68,30.20,34.06,69.95,142.42,84.84,,27.15,72.16,248.43,617.02,31.50,170.99,89.85,171.67,,82.19,210.76
2021-04-01,13.78,119.80,232.55,158.05,220.58,296.33,42.33,105.62,106.02,43.06,336.04,53.94,90.13,23.07,81.09,44.73,135.61,60.61,122.73,262.35,58.71,120.98,329.54,212.98,166.55,55.15,249.20,147.14,184.42,123.52,93.55,54.67,,381.75,608.20,213.04,43.80,97.52,,483.34,187.03,53.71,1510.50,142.72,48.65,67.16,170.20,471.74,33.85,141.49,30.30,254.23,51.36,71.32,45.68,113.99,143.93,43.31,83.17,133.14,50.97,37.28,19.21,65.73,354.36,188.24,22.66,134.36,283.90,26.27,190.27,56.99,486.36,141.81,246.22,44.02,118.91,70.36,87.20,180.15,398.03,30.32,35.44,72.18,143.06,85.48,,28.15,72.87,254.97,608.58,31.53,174.01,91.38,175.77,,86.14,223.06
2021-04-05,13.95,122.63,239.00,161.34,230.35,306.50,43.52,110.04,110.37,44.19,341.61,54.07,91.43,23.44,81.43,45.43,137.08,62.65,126.34,266.61,60.52,122.59,336.93,215.42,170.77,55.06,255.31,149.99,186.53,125.79,94.60,55.17,,388.43,611.44,215.32,43.84,98.98,,491.62,186.62,54.22,1503.45,145.28,50.03,67.77,173.50,481.31,33.94,145.87,30.71,260.11,51.69,71.95,46.72,116.33,142.91,41.64,84.53,133.55,52.04,38.25,18.92,61.02,364.54,186.69,22.81,137.84,288.32,26.61,196.33,58.12,491.31,142.65,249.69,44.06,120.19,72.06,83.24,183.38,402.38,30.76,35.39,73.82,146.33,86.86,,28.44,74.21,255.00,605.50,31.75,175.69,92.04,175.19,,84.82,221.23
2021-04-06,13.83,122.93,237.84,161.19,230.54,303.88,43.72,109.56,110.33,43.78,340.94,54.45,91.18,23.27,81.44,45.10,133.72,61.86,126.37,265.40,59.63,123.02,328.89,212.92,168.74,54.97,255.62,148.36,186.46,123.76,95.10,56.23,,387.52,599.51,215.30,44.07,100.88,,491.34,194.38,54.81,1547.79,145.94,49.81,67.36,170.21,475.47,34.28,143.46,30.26,257.36,51.93,72.35,46.87,116.82,148.13,43.38,83.30,131.09,51.43,38.94,18.78,61.07,361.13,190.03,22.73,137.59,285.50,26.66,194.69,58.16,492.90,142.01,251.84,44.58,119.35,70.46,88.89,184.00,403.16,30.82,34.13,72.43,145.60,82.59,,28.21,73.59,254.90,613.39,32.05,175.05,93.25,182.12,,86.11,223.13
2021-04-07,14.11,124.57,239.79,163.97,223.66,310.65,43.63,111.03,111.57,43.65,339.70,54.70,91.64,22.90,82.20,44.87,133.33,62.46,125.01,262.82,60.26,122.80,330.25,212.08,167.44,54.45,253.67,146.28,185.87,124.99,94.66,56.43,,387.38,598.14,212.72,43.88,100.92,,493.41,193.93,54.35,1542.00,143.24,49.33,67.56,166.97,478.56,34.18,142.56,30.21,257.00,52.02,72.28,47.12,116.74,137.89,43.39,83.64,127.50,51.22,38.57,18.94,61.76,359.76,179.94,22.14,138.30,286.12,26.89,193.99,58.07,489.27,140.67,254.24,44.61,118.77,65.62,86.60,183.65,402.29,30.99,33.35,71.97,147.27,82.06,,28.35,73.17,251.93,611.63,32.01,174.18,92.35,180.02,,85.99,217.63
2021-04-08,14.28,126.97,243.01,164.96,227.93,310.58,43.60,111.60,112.35,43.92,341.99,55.46,92.94,23.41,83.35,44.99,133.53,63.33,125.10,263.62,60.98,122.06,335.95,211.02,169.27,53.97,256.78,148.73,187.03,125.80,95.34,57.21,,397.29,610.85,210.28,43.66,100.78,,499.84,203.45,54.90,1588.00,143.84,49.41,68.45,169.12,473.16,33.88,145.46,30.06,261.01,51.83,71.76,47.65,120.56,140.20,41.88,82.55,128.14,51.42,39.32,18.31,60.86,364.82,180.18,22.27,137.85,293.43,26.86,191.31,57.79,499.66,142.50,263.09,45.74,119.54,69.01,88.32,183.60,405.64,31.03,32.32,72.91,150.57,83.12,,28.74,73.96,257.04,615.16,32.14,175.36,94.60,185.19,,87.44,224.11
2021-04-09,14.36,129.54,245.50,168.61,225.67,310.03,43.62,112.60,113.36,43.89,343.87,55.53,92.94,24.04,82.76,45.15,133.11,62.76,124.06,266.05,62.08,122.08,334.82,212.79,169.47,54.04,261.49,147.93,193.08,126.01,96.21,58.25,,403.95,605.55,213.35,43.05,100.91,,504.04,202.68,54.89,1584.73,142.92,48.65,68.91,170.23,471.98,34.45,145.35,30.62,261.85,51.72,71.61,47.65,121.29,137.62,42.00,84.16,140.50,51.71,39.52,17.78,60.54,363.38,179.50,22.19,136.79,297.57,26.82,191.29,57.54,502.88,138.23,265.35,46.40,121.64,71.10,88.80,184.02,408.92,30.91,31.70,72.88,149.42,83.40,,29.51,74.41,257.61,614.24,31.61,176.80,95.72,185.04,,88.75,225.40
2021-04-12,15.17,127.83,245.56,168.97,233.99,309.11,43.63,111.31,111.82,43.76,345.38,55.28,93.23,23.34,78.58,44.70,129.37,61.65,125.72,266.63,59.49,122.47,327.46,212.78,166.87,53.67,259.75,146.54,194.46,123.20,94.59,59.23,,402.32,601.83,213.60,42.85,101.47,,506.03,203.99,53.76,1593.65,143.76,48.70,68.38,170.52,469.63,34.64,144.79,30.72,258.05,51.51,71.71,47.71,121.08,133.77,40.38,84.80,147.83,52.78,39.42,17.76,59.79,360.53,176.49,22.48,137.75,294.50,26.76,190.15,57.95,506.43,135.03,267.60,47.05,121.51,71.82,90.46,182.76,412.87,31.19,30.82,71.55,149.17,82.96,,29.58,74.11,259.51,619.30,32.05,176.61,96.79,188.38,,88.75,230.66
2021-04-13,15.64,130.93,248.04,170.00,254.11,307.35,43.50,111.80,112.44,43.88,345.76,55.37,89.87,25.42,80.19,44.78,129.46,61.15,125.75,267.44,59.32,122.49,326.54,213.65,165.83,53.86,264.82,146.02,194.80,123.08,94.41,59.98,,405.24,600.58,215.94,43.30,102.85,,514.86,216.35,52.53,1598.20,143.24,47.81,68.44,172.46,473.84,34.36,146.15,30.47,261.93,51.58,72.31,47.94,119.55,135.15,40.38,84.88,149.46,52.46,40.01,17.57,61.31,363.04,177.95,22.16,138.40,295.35,27.02,184.71,58.44,516.94,136.23,273.97,46.75,121.18,84.85,94.21,182.66,408.96,31.09,31.68,70.91,152.55,83.33,,29.38,74.31,265.93,621.29,32.23,177.64,97.03,196.65,,90.57,242.19
2021-04-14,15.24,128.60,245.25,166.65,244.08,300.46,43.48,111.18,111.82,43.18,343.83,54.00,88.43,23.70,78.55,44.52,128.54,60.72,124.90,266.28,58.38,121.69,319.30,213.37,165.05,54.20,261.94,145.38,195.13,120.79,96.37,60.16,,397.84,602.37,217.13,42.84,102.67,,510.63,208.20,51.70,1546.56,143.99,47.15,68.69,171.77,477.93,34.51,144.61,30.65,258.59,51.25,72.60,47.40,120.01,132.61,38.38,83.59,143.65,51.85,39.86,17.99,65.02,356.67,176.43,22.19,137.91,294.35,27.19,182.78,58.61,514.16,138.31,265.79,46.18,120.96,73.55,93.25,181.44,406.42,31.07,33.02,70.44,152.44,83.74,,29.74,73.40,259.85,617.10,31.71,176.08,97.78,192.39,,89.53,231.48
2021-04-15,16.10,131.00,249.01,168.95,246.28,305.42,43.74,113.33,113.90,43.43,349.16,54.92,88.04,23.15,83.01,44.76,128.80,61.58,126.41,269.01,59.14,121.86,321.24,218.07,167.51,54.59,268.24,147.44,195.52,123.56,95.54,61.73,65.20,403.90,612.96,221.10,43.51,104.01,,523.25,213.10,51.73,1599.48,143.59,47.84,69.59,172.44,491.32,34.80,147.59,30.80,262.13,51.60,73.21,47.97,122.09,132.38,37.82,84.01,151.50,52.63,41.11,17.59,64.00,367.91,175.35,22.34,139.04,298.86,27.38,184.50,59.70,528.46,139.02,272.54,46.99,122.04,74.01,95.27,182.50,412.19,31.49,33.62,72.29,153.25,83.36,,30.42,73.69,260.29,636.00,32.33,178.54,99.87,195.92,,91.34,239.13
2021-04-16,15.87,130.67,250.20,169.97,246.59,303.80,43.88,113.20,113.95,43.32,350.98,54.65,88.42,22.47,82.15,45.76,128.15,61.03,127.93,270.87,58.89,123.44,315.98,218.57,166.43,55.50,270.86,146.34,197.45,123.89,97.26,61.11,61.00,402.22,616.40,219.39,44.29,105.51,,525.08,215.20,51.85,1591.88,143.06,46.99,70.22,173.38,499.23,35.37,147.26,30.73,260.77,51.65,73.83,49.08,122.88,133.31,37.34,83.69,149.49,52.57,41.20,17.77,62.76,365.06,178.69,22.41,137.37,300.16,27.61,182.32,60.05,535.00,138.88,268.43,47.34,122.66,69.36,90.34,178.80,410.58,31.64,33.07,71.33,152.74,84.39,,30.87,74.47,256.35,644.37,32.29,179.47,100.01,192.49,,90.49,234.76
2021-04-19,15.32,131.33,248.28,168.60,238.21,299.89,43.60,113.55,114.18,41.80,349.87,55.44,86.23,21.94,81.11,45.81,125.43,58.94,126.91,269.45,57.87,123.95,307.81,218.79,162.21,54.74,270.40,143.95,196.48,121.24,96.45,61.16,58.86,389.13,601.53,219.18,43.51,104.85,,516.17,213.37,51.41,1570.99,142.36,45.75,70.45,173.21,496.34,35.58,141.94,30.75,250.64,51.58,73.91,48.93,120.60,132.80,36.37,82.07,146.67,51.70,41.23,17.71,62.86,356.37,174.58,22.52,135.98,290.20,27.22,178.09,60.15,528.58,137.40,266.49,47.53,120.97,63.75,87.89,177.91,412.69,31.75,32.25,69.41,150.55,83.46,,30.44,74.27,254.51,644.42,32.25,178.57,98.26,190.94,,89.90,228.21
2021-04-20,15.13,129.65,247.82,166.73,239.66,300.29,43.94,113.02,113.75,41.37,351.94,54.96,85.32,21.78,79.27,44.89,123.22,58.12,125.52,267.02,57.03,124.77,302.62,221.50,160.66,55.10,270.37,141.71,193.38,119.58,92.08,60.00,60.15,392.11,588.96,220.16,43.53,103.66,,514.21,206.60,51.16,1533.41,136.65,44.96,70.52,173.26,501.04,35.75,140.94,30.67,250.17,52.03,75.16,48.70,118.20,125.61,35.47,81.59,144.35,51.01,40.56,17.25,60.11,351.24,169.57,22.67,137.18,286.36,27.40,177.27,61.06,532.27,136.03,263.02,47.53,120.84,64.64,83.96,177.90,413.74,31.78,32.30,67.47,150.79,84.39,,30.32,73.54,249.92,652.46,32.31,178.49,97.23,186.08,,91.29,226.34
2021-04-21,15.32,130.03,250.04,168.10,248.04,299.12,44.07,112.98,113.73,41.60,354.17,50.89,87.28,22.63,81.61,45.01,129.41,60.79,127.03,272.74,57.94,125.86,314.83,221.19,163.81,55.44,297.13,145.22,196.08,122.08,92.58,59.44,61.81,395.57,625.76,219.76,43.93,104.08,,512.34,210.37,52.28,1576.99,139.34,46.57,71.77,174.61,503.08,35.55,141.50,31.99,252.56,52.35,74.50,48.99,120.48,128.67,38.48,83.01,143.32,51.86,40.38,17.28,60.91,364.05,167.07,23.08,137.36,288.87,27.33,183.92,60.86,541.08,137.53,263.48,48.36,120.38,65.05,84.78,176.45,416.75,31.91,33.79,69.69,149.89,85.01,,30.64,73.21,251.62,652.90,32.75,179.40,100.40,186.12,,90.93,226.58
2021-04-22,14.81,128.51,246.77,165.45,239.90,294.21,43.59,111.70,112.47,41.18,351.49,50.88,82.62,22.86,79.06,44.64,126.25,58.26,126.66,269.69,56.91,125.08,308.47,218.01,161.12,54.48,286.55,142.54,195.02,119.20,92.16,58.80,62.10,393.47,617.74,215.98,43.72,103.35,,507.29,216.73,49.87,1563.46,141.15,44.24,71.94,175.08,487.14,35.31,140.06,31.72,248.21,52.33,73.33,48.76,120.93,133.32,38.21,83.22,143.96,51.07,40.23,17.52,60.93,358.85,170.71,22.94,137.57,288.00,26.97,179.46,60.69,546.26,137.77,260.88,48.37,122.36,59.82,84.81,178.38,418.19,31.66,35.02,68.21,153.65,85.06,,30.72,73.01,252.95,657.68,32.27,181.21,102.60,190.03,,91.30,228.45
2021-04-23,15.23,130.83,250.59,167.04,243.13,298.79,43.66,114.05,114.82,42.17,353.40,50.56,83.90,23.41,82.76,44.99,129.23,59.49,128.18,272.40,53.88,124.87,315.10,219.70,163.74,54.35,291.84,145.89,190.97,121.40,94.06,59.74,58.50,401.35,640.48,217.90,43.71,104.81,,515.84,219.30,51.23,1600.91,142.80,45.22,76.28,176.00,485.36,35.51,142.08,32.13,251.45,52.30,73.12,49.34,121.85,138.61,38.40,84.46,152.75,51.70,40.35,17.69,61.61,367.16,174.25,23.26,139.40,295.27,26.87,184.31,60.65,559.10,136.72,264.62,48.74,125.78,61.30,89.57,176.19,421.18,31.79,35.00,70.47,153.94,85.88,,31.17,72.69,254.80,657.54,31.82,182.78,103.75,190.26,,93.37,230.82
2021-04-26,15.44,131.22,250.97,170.45,246.07,300.68,43.04,114.55,115.39,42.69,348.90,51.03,85.67,24.11,85.41,44.76,131.57,60.98,127.40,270.45,53.44,122.76,318.65,218.41,165.94,54.58,288.65,147.38,188.44,124.57,96.53,60.24,59.80,404.61,640.03,216.97,43.66,103.35,,515.70,224.47,53.74,1623.01,142.92,46.41,79.81,175.36,497.81,35.08,144.23,31.88,256.88,51.65,73.04,48.57,120.31,141.50,38.85,83.42,153.80,51.70,40.78,17.80,62.69,375.58,174.88,23.14,140.03,299.34,26.71,187.48,60.25,558.42,142.90,270.27,48.37,123.70,65.88,93.14,176.43,419.39,31.29,36.01,71.72,159.29,85.55,,30.86,73.49,259.24,652.57,31.60,180.45,104.69,196.69,,93.33,236.50
2021-04-27,15.34,130.90,251.38,170.87,234.91,301.21,43.19,113.61,114.42,42.19,350.50,50.56,87.25,23.88,85.21,44.52,131.07,61.14,127.80,271.10,52.72,122.35,313.60,218.07,164.94,53.68,287.13,146.38,189.64,123.71,96.76,59.75,58.85,402.51,642.29,215.53,43.64,103.56,,517.32,221.25,54.53,1604.94,144.13,45.05,80.63,176.03,488.51,35.51,132.75,31.75,251.70,51.60,72.71,48.51,122.18,140.08,39.01,83.60,162.13,50.56,40.25,17.61,64.20,371.21,177.94,23.14,139.71,297.87,26.64,185.99,59.73,557.54,141.30,267.39,48.70,126.07,67.70,93.80,174.28,432.47,31.20,35.99,70.97,156.61,85.79,,30.99,73.85,261.33,653.52,31.58,181.16,105.43,195.93,,93.68,236.12
2021-04-28,15.24,130.11,244.27,172.93,231.47,304.71,43.03,116.99,118.03,41.55,349.91,50.65,83.90,23.85,84.02,44.30,130.03,60.49,126.99,268.23,52.41,121.45,308.24,202.33,157.67,53.49,289.60,143.17,189.59,122.42,98.37,60.03,58.75,402.20,635.16,213.48,43.48,100.21,,515.48,220.24,53.13,1622.00,143.85,45.90,81.46,167.70,484.50,35.26,133.27,31.62,251.37,53.50,72.31,48.24,121.57,142.37,37.49,82.42,162.45,50.22,39.60,17.90,67.72,364.00,180.00,23.04,140.23,299.23,26.69,181.65,59.57,557.81,143.53,269.65,49.03,125.52,68.08,91.56,174.38,429.06,30.94,35.73,69.68,155.55,84.69,,30.82,74.07,260.89,652.72,31.60,181.21,106.44,195.42,,86.22,235.96
2021-04-29,15.29,130.01,242.30,173.57,225.67,326.94,43.58,118.66,120.51,42.19,354.41,50.90,85.88,23.37,83.91,44.60,129.74,60.77,128.85,270.29,53.01,123.25,309.68,200.62,161.13,52.99,287.74,144.96,190.46,127.90,98.22,59.19,59.17,402.54,632.43,211.86,45.33,102.20,,516.09,211.53,53.53,1588.23,145.37,46.35,82.85,169.30,481.75,36.48,133.46,31.53,252.51,53.53,73.45,48.97,124.09,137.49,37.95,83.82,150.11,50.90,39.09,18.16,68.26,357.82,177.68,23.57,142.52,296.28,26.85,183.58,60.21,552.63,139.69,266.43,49.33,126.54,65.50,88.84,176.47,432.46,31.58,34.90,70.26,154.05,85.99,,31.42,75.16,254.67,669.97,32.83,182.51,105.43,187.28,,87.88,228.12
2021-04-30,14.97,128.04,241.98,173.37,236.48,322.55,43.67,116.71,119.52,41.27,353.03,51.35,83.94,23.04,81.62,44.13,127.17,58.82,127.04,267.02,52.32,123.44,299.23,204.83,157.39,52.68,288.33,140.51,189.73,124.42,96.83,58.90,58.01,398.68,618.70,218.20,45.13,102.08,,508.34,208.51,53.16,1570.98,142.96,44.34,79.44,168.03,478.07,36.86,131.77,31.39,247.06,53.44,73.96,48.53,123.86,133.93,37.66,82.41,143.17,49.78,40.85,17.75,66.15,348.44,172.71,23.31,138.37,291.91,26.88,176.04,60.84,548.99,140.64,260.90,48.95,125.80,65.72,85.77,175.38,433.04,31.50,33.73,67.72,151.61,84.38,,31.13,74.27,247.00,673.45,32.52,182.12,96.53,187.64,,85.44,237.56
2021-05-03,14.80,129.09,241.67,169.32,228.30,320.07,44.35,116.19,118.78,40.73,359.89,50.91,82.92,22.30,78.55,44.35,127.31,58.52,126.39,269.69,52.08,124.84,295.32,209.74,155.90,54.61,289.18,138.82,189.87,123.20,95.83,58.18,60.06,397.88,626.55,217.95,45.46,103.17,,503.46,205.12,52.77,1571.53,143.31,43.46,78.38,172.05,485.34,37.00,129.62,31.59,244.81,53.97,73.94,48.81,124.98,133.43,36.12,83.72,140.47,50.29,40.64,19.17,67.92,337.74,168.11,23.63,137.49,287.50,26.85,175.42,61.12,549.88,135.34,257.71,48.88,127.69,63.56,80.17,170.30,431.71,31.70,32.94,66.75,148.98,85.74,,31.12,75.93,243.75,677.31,33.07,182.46,95.14,180.59,,85.89,229.99
2021-05-04,14.32,124.53,237.77,165.59,224.53,315.88,43.92,114.40,116.75,40.22,356.07,50.32,82.32,21.64,78.61,43.95,123.35,57.48,123.53,264.36,51.75,123.27,292.20,211.43,156.10,54.48,283.00,139.37,191.77,120.23,93.57,57.60,58.55,384.61,602.21,214.85,45.51,101.74,,490.70,197.79,50.64,1526.91,142.08,43.64,75.71,174.31,481.92,37.33,126.35,31.67,237.07,53.38,73.69,47.97,124.85,132.17,36.52,83.75,135.22,49.88,41.36,19.07,64.10,322.16,168.90,23.76,133.48,279.73,26.79,174.74,61.30,526.88,131.57,248.83,48.02,129.19,61.69,77.86,167.53,434.92,31.39,31.30,65.29,142.46,87.23,,30.88,75.06,237.16,672.86,33.36,182.43,92.86,175.48,,85.03,225.02
2021-05-05,14.42,124.77,236.50,163.53,223.65,312.57,43.88,114.79,116.88,40.16,353.42,49.61,83.05,21.15,77.83,44.32,124.85,57.93,128.96,272.41,51.71,123.21,295.98,213.13,158.39,55.20,279.47,141.22,192.41,120.70,91.80,56.86,58.18,379.22,614.54,213.87,45.34,101.17,,486.69,193.24,51.61,1530.54,139.10,43.93,75.67,174.03,479.18,37.34,126.89,31.53,237.46,53.73,72.93,47.22,121.76,131.11,36.66,83.23,128.39,50.53,41.88,19.98,67.27,325.72,162.33,24.15,134.26,281.08,26.04,174.12,60.37,529.92,132.67,246.08,48.02,128.89,62.35,76.74,167.47,436.63,31.63,30.52,65.63,141.24,86.88,,30.65,75.25,235.94,673.75,33.45,167.06,91.49,172.30,,83.40,223.50
2021-05-06,14.49,126.37,239.63,165.32,221.18,317.53,44.19,115.91,118.10,40.58,363.15,49.96,82.70,20.09,77.89,45.45,126.23,58.54,133.53,276.88,52.34,124.64,299.75,214.80,160.67,55.23,280.82,142.59,194.51,121.91,89.50,56.24,56.93,381.18,616.89,213.16,45.79,102.30,,483.61,187.07,52.39,1446.34,137.25,44.67,77.00,175.52,495.33,37.41,126.90,31.95,237.46,54.24,73.47,47.51,122.08,134.65,36.25,83.63,122.77,51.91,41.30,20.39,66.57,321.44,153.64,23.57,137.65,284.35,26.61,176.04,61.06,533.18,132.10,250.68,48.81,129.29,60.91,71.36,168.64,432.80,31.93,32.50,66.02,130.86,87.93,,30.64,69.39,234.93,675.79,33.96,169.37,89.33,167.35,,82.06,218.77
2021-05-07,14.78,127.04,242.25,164.58,224.12,316.60,43.93,116.63,118.96,40.95,364.63,50.38,83.86,19.75,78.81,46.31,127.40,59.78,133.76,279.24,52.77,124.64,303.36,217.29,163.72,55.23,285.70,144.27,194.62,123.57,91.38,57.06,57.26,387.92,630.52,215.01,46.70,101.94,,488.73,189.18,53.92,1481.26,141.20,45.08,78.34,175.13,493.42,37.49,129.05,32.13,241.84,54.35,73.31,45.62,125.77,133.79,37.56,86.12,124.89,52.34,42.35,21.77,68.15,330.52,151.21,23.74,138.70,285.76,26.73,180.98,60.86,544.26,131.30,252.01,48.94,131.54,62.05,77.29,170.07,431.12,32.16,32.58,67.48,134.74,87.42,,31.14,69.12,236.71,693.44,34.24,173.00,89.68,169.32,,85.07,219.63
2021-05-10,14.23,123.76,237.18,159.52,209.68,303.59,44.12,113.65,116.13,39.46,361.94,48.67,78.85,18.47,75.99,46.08,119.49,55.60,130.58,281.19,51.22,125.63,284.57,215.93,158.74,56.01,278.26,138.34,196.45,115.58,88.86,56.89,55.50,379.70,600.54,212.90,46.22,101.91,,479.38,187.58,51.64,1384.46,135.39,43.47,77.00,174.69,498.97,37.50,124.14,32.14,232.39,54.55,73.62,45.80,123.88,121.60,37.26,86.13,120.45,53.02,40.86,21.77,66.98,310.34,146.73,23.96,136.98,276.05,26.63,172.85,61.94,525.26,128.63,242.33,48.62,131.82,56.95,76.86,169.02,431.06,31.97,25.99,64.58,129.00,86.93,,30.78,68.37,232.29,694.72,34.35,173.76,85.67,165.77,,83.97,215.83
2021-05-11,14.27,122.84,236.27,161.20,205.73,304.14,43.72,112.57,114.50,39.81,358.81,49.51,78.69,20.21,76.83,45.79,118.39,56.17,132.68,278.95,50.37,124.72,284.93,215.66,159.74,55.79,278.92,138.38,194.94,115.07,88.26,57.24,53.46,382.07,603.79,213.00,46.21,101.24,,485.19,195.10,51.29,1381.42,136.40,43.37,74.79,174.75,497.83,37.32,125.83,31.64,234.82,54.44,72.66,45.77,122.14,125.83,36.78,84.69,124.54,52.67,41.30,21.93,64.58,308.94,142.73,23.58,137.67,277.42,26.58,176.06,60.61,528.19,132.41,247.28,48.38,128.89,57.70,78.62,167.99,427.18,31.42,26.96,65.57,131.96,86.28,,30.26,67.10,236.90,685.09,34.07,169.43,87.00,170.69,,84.75,224.44
2021-05-12,13.72,119.78,229.33,157.60,196.63,300.19,42.59,109.11,111.04,38.21,353.14,48.50,74.90,18.89,74.64,44.72,110.09,52.87,131.38,274.62,49.07,123.50,272.09,214.40,153.98,55.98,270.60,133.99,187.18,111.71,85.30,55.85,52.25,386.81,576.24,212.68,45.50,98.27,,472.09,189.27,48.45,1302.49,130.85,40.71,72.77,170.23,503.74,36.55,121.78,31.04,228.54,54.10,71.46,44.90,117.38,124.06,35.76,82.08,112.99,51.05,39.41,21.19,64.65,295.14,140.25,23.18,136.02,269.54,25.79,167.14,59.88,512.31,133.36,238.63,49.32,125.11,54.19,76.84,164.26,416.49,31.13,26.46,62.70,124.09,83.93,,29.52,65.34,224.50,681.98,33.80,166.45,83.37,164.08,,81.87,223.87
2021-05-13,13.63,121.93,233.20,158.07,190.56,302.88,43.31,110.54,112.18,38.96,360.09,48.67,75.28,18.37,73.09,45.50,114.92,55.44,132.80,278.33,49.43,125.33,281.59,215.46,156.07,57.20,273.53,134.52,191.09,113.94,86.67,53.98,49.87,390.32,596.55,214.35,46.12,98.90,,474.16,183.76,49.95,1296.65,134.05,40.80,75.11,173.00,513.70,36.96,122.07,31.38,230.86,54.83,72.75,44.74,118.94,115.23,35.23,84.52,115.49,52.38,39.68,21.52,61.98,295.36,135.75,23.73,135.50,269.72,26.80,170.49,60.69,518.07,132.92,239.52,50.45,128.81,48.81,77.39,162.74,424.31,31.39,25.48,64.04,126.25,85.84,,30.12,65.85,222.58,685.30,34.51,167.98,80.99,160.92,,81.08,212.45
2021-05-14,14.21,124.35,238.11,161.15,196.58,313.48,43.71,112.99,114.86,39.96,364.73,49.34,77.73,20.08,74.59,45.85,119.62,57.17,136.07,281.34,50.65,125.52,291.01,216.38,159.80,56.88,277.79,137.26,194.23,116.67,89.62,56.14,57.26,403.61,620.17,217.09,47.16,99.54,,486.56,190.64,54.09,1323.10,137.92,42.53,84.46,174.91,513.15,36.89,124.28,31.69,239.70,54.81,72.95,46.07,123.44,118.33,35.65,85.68,141.07,52.62,41.17,22.19,64.02,305.19,141.20,24.03,135.00,277.63,27.22,175.82,61.20,530.07,135.70,244.98,51.92,131.54,52.13,82.51,166.99,425.19,31.68,26.23,65.55,132.76,87.22,,31.03,65.60,228.77,710.40,34.44,169.35,83.31,165.34,,82.19,214.99
2021-05-17,14.13,123.20,235.26,163.52,192.28,313.00,43.52,113.51,115.13,39.80,364.29,48.89,78.40,20.46,74.65,45.89,118.41,56.13,134.80,281.07,50.63,125.16,283.36,217.24,157.67,57.33,272.34,135.87,193.47,116.36,87.30,55.97,62.44,405.70,608.28,216.35,44.57,99.34,,482.74,188.53,57.51,1336.78,134.62,41.99,89.86,174.84,520.22,36.88,121.84,31.28,236.00,54.90,71.85,45.67,121.47,118.02,33.85,84.24,133.79,52.14,40.87,23.26,65.37,301.12,132.50,23.92,133.94,274.78,27.22,174.82,60.42,523.62,135.89,243.06,52.92,131.86,48.94,81.03,168.22,420.04,31.61,26.04,64.67,133.59,86.99,,30.74,65.25,229.45,686.85,34.49,167.36,81.35,163.28,,81.80,212.30
2021-05-18,13.98,121.81,233.25,161.61,192.62,307.55,44.46,112.20,114.23,39.24,363.20,48.63,76.93,21.24,74.44,45.88,116.73,55.44,129.80,278.38,50.18,124.60,279.75,215.93,155.96,57.15,271.54,133.84,189.92,115.56,86.84,56.68,64.29,403.78,605.26,214.65,44.16,99.42,,480.62,196.78,55.10,1346.06,134.53,41.64,87.22,173.02,512.76,36.54,121.14,30.81,235.03,54.64,72.10,45.40,118.06,122.24,33.31,83.27,138.56,50.60,40.85,22.81,65.07,298.32,135.02,23.36,134.45,272.75,27.55,174.88,60.42,524.86,135.15,241.92,52.11,129.32,48.72,83.11,167.69,419.82,31.64,26.05,64.18,123.43,86.34,,30.29,65.56,225.09,686.11,34.40,166.51,82.53,166.50,,81.86,217.02
2021-05-19,14.03,121.65,233.83,161.59,187.82,311.15,44.47,112.64,114.50,39.96,360.21,48.77,77.95,20.67,76.23,45.48,119.59,57.09,129.18,276.57,50.66,124.53,289.28,214.01,158.45,56.86,272.32,140.48,189.07,117.13,89.14,55.93,64.61,407.42,603.91,214.05,43.59,98.17,,480.47,198.71,53.63,1322.31,134.21,43.66,85.83,171.49,506.85,36.16,122.32,30.65,237.36,54.79,72.25,45.37,118.37,127.17,33.11,81.95,140.20,50.73,41.52,22.30,63.38,308.35,138.19,23.15,135.25,273.97,27.49,178.26,60.22,528.14,134.93,243.33,51.53,128.90,45.49,83.67,179.35,418.33,31.45,25.74,66.24,126.80,86.16,,30.25,65.57,226.00,679.65,34.31,167.48,83.07,164.81,,82.91,216.18
2021-05-20,14.58,124.21,237.06,162.38,195.59,316.13,44.62,114.40,116.85,41.17,363.93,50.17,79.13,20.61,78.06,45.81,124.87,59.42,130.92,278.50,51.20,126.07,298.25,216.85,161.57,57.56,277.55,146.30,189.76,118.90,90.55,57.10,67.90,421.03,621.13,216.61,44.23,99.72,,491.67,204.03,54.90,1374.99,133.77,45.37,83.47,174.46,509.77,36.43,125.25,30.62,244.71,55.46,72.53,46.25,115.86,131.00,31.85,83.62,137.00,50.48,42.46,22.44,62.25,320.08,136.20,23.33,138.11,281.16,27.61,182.58,61.08,539.24,140.10,250.20,52.87,129.12,47.27,88.12,185.08,424.36,31.98,26.27,68.30,130.31,87.66,,31.02,66.09,233.43,694.71,34.55,167.75,86.07,170.73,,84.19,224.66
2021-05-21,14.95,122.38,235.80,160.15,193.63,313.77,44.41,113.77,116.30,40.83,361.22,49.79,78.73,20.75,77.17,45.44,123.29,58.22,130.81,278.91,51.32,125.96,295.19,216.06,161.32,57.06,275.00,146.20,190.67,117.84,90.05,60.41,68.35,419.25,611.99,213.43,44.27,99.29,,488.07,210.60,54.44,1367.12,133.80,45.33,80.97,175.48,503.32,36.28,123.46,30.62,242.00,55.68,72.86,46.01,116.58,129.29,31.47,83.38,137.57,51.15,42.17,22.58,62.07,312.82,134.71,23.35,136.51,281.68,27.67,182.74,61.47,539.34,140.06,249.36,52.97,128.31,45.05,88.95,184.36,426.61,31.85,25.85,67.70,127.07,87.78,,31.75,66.03,231.42,692.52,34.75,167.91,85.52,170.08,,83.87,223.65
2021-05-24,15.57,124.01,241.19,162.25,202.15,322.10,44.42,117.08,119.35,41.54,363.81,50.29,80.85,21.22,77.44,46.28,128.96,60.17,132.43,281.43,52.12,126.60,302.24,213.26,164.53,55.97,278.31,149.09,192.21,119.14,92.22,60.75,70.31,426.00,630.88,211.22,44.73,100.72,,497.83,214.35,55.63,1367.33,136.57,46.71,84.61,177.06,497.11,35.79,126.33,30.95,248.58,55.96,72.79,46.62,116.83,130.41,31.28,84.84,140.46,51.05,42.61,22.39,62.88,318.09,135.91,23.56,138.38,287.48,27.78,186.89,61.16,549.71,138.28,255.80,52.36,129.16,47.24,89.76,185.02,431.10,32.39,25.36,69.64,129.99,88.77,,32.03,65.90,234.00,703.13,35.06,168.55,88.85,174.40,,84.43,222.60
2021-05-25,15.61,123.81,242.10,162.95,201.56,325.24,44.60,117.18,119.47,41.58,365.64,50.13,79.22,21.48,77.86,46.21,131.76,60.71,131.49,281.41,52.04,126.99,302.59,208.31,164.54,54.97,282.00,150.20,191.39,119.90,91.84,60.85,69.95,424.63,643.65,208.76,44.76,100.82,,505.08,212.86,54.98,1365.42,137.44,47.11,80.61,175.41,494.69,35.65,127.49,30.86,255.83,55.99,72.25,46.51,117.17,130.82,30.66,85.07,136.27,50.33,42.91,21.49,61.40,319.49,133.99,23.49,139.52,289.47,27.11,187.24,60.79,555.19,139.40,257.27,52.11,127.52,46.97,89.58,184.62,432.48,32.07,24.29,69.93,130.73,88.07,,31.96,65.81,236.57,695.51,34.77,168.09,88.31,172.74,,84.99,225.72
2021-05-26,15.66,123.76,241.88,163.26,206.38,325.11,44.54,118.04,120.69,41.66,365.87,50.24,80.21,22.12,78.34,45.86,131.42,60.49,134.27,280.03,52.09,126.99,302.09,205.34,164.24,55.07,279.79,150.35,191.59,119.30,92.16,61.29,68.62,428.33,637.41,206.80,45.69,101.01,,506.98,219.96,56.27,1385.47,139.06,47.69,83.44,174.67,493.82,35.41,126.83,31.29,254.28,55.92,72.10,46.71,119.32,123.57,31.82,84.76,141.86,50.46,43.14,21.52,63.68,326.89,134.75,23.59,140.23,292.51,27.26,188.50,60.59,557.33,138.80,259.98,51.84,128.18,48.28,91.43,185.67,431.09,32.11,24.46,70.29,136.06,87.64,,31.98,65.81,237.07,693.50,34.79,167.40,88.67,194.20,,85.04,230.49
2021-05-27,15.45,122.23,239.78,161.51,210.28,330.16,44.39,117.17,119.15,42.31,367.65,50.39,81.86,22.70,78.42,45.87,132.30,61.22,135.87,280.97,52.83,125.45,301.28,202.55,164.91,54.70,278.12,150.37,197.57,119.80,91.68,61.21,69.68,417.98,636.76,207.31,46.08,101.60,,498.28,222.81,57.09,1355.00,140.38,47.43,83.13,177.24,492.02,35.27,127.13,31.20,254.62,55.64,71.93,46.65,118.86,119.66,32.52,84.74,152.82,50.79,43.27,21.67,64.54,330.30,143.17,23.51,139.20,286.67,26.92,192.23,59.96,554.04,140.23,258.09,51.66,128.98,49.38,92.31,186.48,434.05,32.21,24.17,70.38,139.48,87.89,,32.12,65.92,229.35,692.45,34.52,166.57,90.48,194.26,,84.48,231.89
2021-05-28,16.20,121.58,240.14,161.15,208.41,326.17,44.50,116.88,119.60,42.73,358.89,50.28,82.06,22.95,80.08,45.85,132.60,61.61,136.00,280.80,52.27,126.68,301.61,204.81,165.51,54.87,280.73,151.65,197.26,120.60,92.73,60.54,74.31,424.73,646.70,208.63,46.08,101.94,,504.58,222.15,56.62,1358.67,138.20,47.37,82.54,176.15,499.06,35.67,126.99,31.28,254.34,55.83,72.31,47.13,119.55,124.88,32.11,84.60,150.28,50.89,43.71,21.72,65.13,330.83,140.40,23.64,139.20,285.86,27.23,193.33,60.48,558.11,141.99,258.64,52.14,129.53,47.00,91.05,185.56,436.50,32.48,24.60,70.93,140.59,88.12,,32.25,66.33,228.72,694.53,34.64,167.25,92.35,194.20,,85.40,233.28
2021-06-01,16.22,121.25,237.94,160.93,207.97,326.57,44.38,118.08,120.50,42.37,358.86,49.91,82.07,23.06,80.81,45.61,132.67,61.53,136.24,282.36,52.06,126.41,300.51,201.06,164.80,54.22,278.68,150.81,199.00,120.07,91.42,60.06,68.86,424.31,643.18,209.67,45.77,101.45,,495.91,222.07,56.86,1368.87,139.74,46.83,84.70,176.77,499.85,35.84,125.75,31.34,253.82,55.66,71.56,46.79,116.32,139.34,32.00,84.46,149.27,51.39,43.00,22.72,70.45,330.18,144.31,23.42,140.03,281.30,27.25,190.12,59.73,550.59,144.28,257.89,52.26,130.80,47.78,91.88,182.76,434.96,32.42,25.17,70.19,139.15,87.99,,31.45,65.99,226.41,688.89,34.85,165.65,91.42,191.77,,85.43,231.98
2021-06-02,16.74,122.01,237.85,161.70,201.71,326.59,44.29,117.56,120.08,42.86,361.10,49.92,82.26,24.45,81.97,45.90,133.44,61.53,135.55,281.12,52.60,126.92,300.37,202.42,166.32,54.81,273.85,151.55,197.12,120.57,91.02,59.61,70.09,430.87,645.37,210.38,45.56,101.15,,495.77,220.58,57.65,1362.45,137.29,46.61,84.51,178.32,501.97,35.57,124.53,31.11,253.05,55.91,72.02,47.42,114.45,139.90,32.15,84.30,149.83,51.30,43.27,23.39,70.31,331.33,151.00,23.37,137.87,279.67,27.28,190.06,59.94,547.56,142.85,260.78,52.70,128.64,49.85,91.60,176.91,435.77,32.56,25.49,70.27,141.59,88.76,,31.11,66.08,226.83,682.45,35.04,167.11,92.75,191.34,,84.59,231.45
2021-06-03,16.93,120.53,236.32,159.35,190.95,323.50,44.37,116.42,119.25,42.05,364.21,48.94,80.00,23.63,80.28,46.22,130.92,60.28,136.84,279.66,51.47,127.37,293.89,202.92,162.18,55.18,272.22,149.32,195.80,118.73,90.15,58.52,70.47,435.82,637.52,211.15,45.32,99.46,,493.14,216.00,57.79,1324.15,135.14,46.27,84.11,177.02,502.27,35.22,123.94,31.15,250.59,56.02,72.28,47.53,113.02,133.45,31.63,83.96,139.11,51.70,43.08,23.02,70.38,323.91,144.19,23.45,138.45,274.47,27.63,183.57,60.14,550.30,147.29,256.42,52.76,129.01,48.86,88.69,177.73,433.68,32.44,25.17,68.56,138.19,88.74,,30.91,65.62,221.24,675.64,34.96,166.28,94.18,184.25,,83.61,221.37
2021-06-04,17.53,122.82,241.20,160.31,199.68,327.78,44.44,118.70,121.59,42.98,367.67,49.47,81.69,24.03,81.58,46.86,134.25,62.13,138.94,281.10,52.50,127.52,301.71,203.87,165.73,55.97,277.15,152.55,196.53,121.04,90.93,59.56,74.36,446.82,654.19,209.93,45.81,100.24,,504.50,206.94,58.08,1325.42,136.74,47.77,85.45,177.68,508.46,35.11,126.75,31.12,255.88,56.26,72.34,47.69,113.01,132.17,31.55,84.28,143.80,52.77,44.35,23.16,69.81,334.60,150.73,23.66,141.58,284.78,27.52,184.71,59.80,558.36,145.60,261.64,53.24,127.10,48.47,88.45,184.45,437.51,32.43,25.33,70.22,141.16,89.35,,31.26,66.27,223.31,682.65,34.94,167.08,95.73,185.80,,84.10,225.88
2021-06-07,17.57,122.83,244.11,159.90,201.71,333.96,44.15,119.13,122.30,41.96,360.92,49.47,81.96,24.46,81.35,46.73,133.40,61.58,137.98,273.34,52.24,127.44,303.19,204.17,164.40,55.96,277.04,151.54,194.94,120.12,90.25,59.40,77.25,442.25,652.93,209.16,45.75,99.65,,509.47,215.41,57.30,1325.19,137.14,47.34,85.04,176.78,511.53,35.03,124.93,30.64,252.59,55.95,72.04,47.15,113.04,127.93,31.24,82.99,142.50,51.90,44.71,23.09,70.92,330.37,148.97,23.53,142.08,278.89,27.68,183.94,59.84,560.35,150.46,259.21,53.29,124.18,46.98,90.62,184.26,433.37,32.37,26.97,69.40,146.61,88.65,,31.08,66.09,225.65,680.56,34.87,162.38,96.75,192.73,,82.79,228.13
2021-06-08,17.41,123.65,242.92,163.21,201.20,331.08,43.81,118.94,123.13,41.94,360.25,49.24,78.54,24.38,80.89,46.92,130.42,60.44,139.79,274.20,52.16,126.25,298.67,203.85,162.99,56.03,277.89,151.93,196.32,120.91,90.46,58.89,79.47,450.04,651.73,211.13,45.35,99.82,,509.20,215.14,56.97,1311.53,140.26,49.76,86.92,178.72,503.02,35.27,125.22,30.67,254.99,55.62,69.76,47.08,114.04,127.00,30.04,83.14,136.76,51.96,45.47,23.10,72.91,326.53,147.01,23.64,141.87,278.66,27.61,181.28,58.71,561.31,151.08,261.75,53.04,124.72,45.94,92.48,184.83,436.19,30.98,26.93,68.96,151.06,89.76,,31.09,66.22,224.72,677.91,34.79,164.03,97.49,194.65,,84.55,228.93
2021-06-09,17.32,124.03,243.90,164.06,199.59,327.68,43.58,119.41,123.56,41.97,360.50,48.58,76.72,24.17,79.96,46.82,129.26,60.11,141.60,272.31,52.16,126.02,299.01,206.17,162.57,56.98,280.08,153.28,194.61,119.73,90.86,58.73,80.25,453.01,653.51,213.56,45.21,99.71,,514.68,213.95,56.34,1316.66,138.43,49.38,85.63,178.10,518.35,35.20,125.19,30.56,256.06,55.64,71.01,46.62,113.87,125.52,30.56,83.24,136.98,51.46,45.10,22.98,71.81,328.32,144.85,23.45,142.18,275.50,27.98,180.49,59.18,566.66,157.41,262.20,53.20,121.97,51.30,91.72,183.59,437.41,30.74,27.58,68.60,148.05,90.24,,30.63,66.04,225.46,676.47,34.21,164.43,97.51,195.99,,84.83,232.31
2021-06-10,17.39,123.04,247.41,167.48,203.37,329.87,43.83,120.76,125.05,42.40,363.39,48.73,77.32,24.14,81.56,47.70,131.67,60.75,140.87,272.17,52.51,127.31,303.91,210.58,163.93,57.51,286.38,154.17,193.28,120.93,91.27,60.41,81.86,455.91,670.12,216.77,45.49,100.44,,535.52,228.60,55.36,1373.35,138.58,50.81,84.02,180.63,528.47,35.18,128.51,30.20,262.07,55.92,71.24,46.88,111.86,123.20,30.14,84.02,144.85,50.98,45.79,22.71,70.76,331.10,146.12,23.48,142.02,277.50,28.19,183.84,59.42,580.53,163.26,268.04,52.85,121.31,50.87,94.50,184.97,440.05,30.70,29.07,69.34,150.72,91.30,,30.98,65.97,229.07,682.91,34.13,165.31,99.75,204.91,,85.69,238.56
2021-06-11,17.78,124.25,248.03,167.34,203.30,328.68,44.10,120.51,124.67,42.59,362.27,48.88,77.38,24.67,81.31,47.47,131.34,60.88,139.75,273.00,52.94,127.39,304.68,208.97,164.51,57.08,288.09,154.41,192.37,121.29,90.48,60.97,82.42,456.72,667.34,193.02,45.71,100.75,,541.26,231.27,56.28,1392.75,138.11,51.10,83.42,180.26,522.02,35.65,129.28,30.38,263.07,56.05,71.27,46.75,113.86,121.97,30.79,84.43,154.16,51.34,45.79,23.07,70.99,334.73,148.44,23.40,142.74,277.51,28.31,183.92,59.34,584.47,165.02,270.01,53.39,122.59,51.64,95.48,186.42,445.45,30.96,30.06,69.63,157.44,91.48,,31.21,66.04,230.09,686.74,34.51,166.64,100.05,207.79,,86.97,244.09
2021-06-14,17.98,127.30,249.96,169.19,205.90,334.15,44.04,121.44,125.32,43.05,364.10,49.99,78.50,25.00,81.55,46.95,133.46,61.65,139.66,272.71,53.25,128.15,309.53,207.61,165.90,57.16,290.93,155.18,190.65,123.72,90.51,61.26,81.89,461.37,679.11,194.80,46.03,100.66,,556.95,233.53,56.23,1432.63,138.51,52.77,81.61,179.82,525.20,35.49,130.96,30.40,266.49,56.06,71.58,46.70,113.04,121.61,30.82,84.53,158.83,50.62,46.29,22.02,70.31,339.19,149.21,23.51,144.84,280.52,28.43,186.67,59.34,592.36,166.66,273.47,53.20,122.15,59.85,97.25,186.75,450.34,30.62,29.97,70.39,156.99,91.03,,31.42,65.61,232.28,690.61,34.03,167.96,102.27,211.43,,87.98,250.89
2021-06-15,17.75,126.48,248.48,169.16,199.79,334.13,43.86,120.42,125.01,42.59,364.25,49.19,80.15,24.41,80.47,46.62,133.09,61.13,140.07,272.71,53.07,128.16,305.13,206.46,164.46,57.10,290.79,154.43,190.08,122.16,90.39,60.14,81.65,455.31,671.89,188.97,46.07,100.15,,548.46,228.34,56.39,1404.78,138.71,52.56,80.98,179.70,523.95,35.67,129.46,30.75,264.09,55.95,71.67,46.10,112.58,121.91,30.07,85.62,158.65,51.32,46.01,22.21,73.90,333.04,151.78,22.98,141.19,276.76,28.43,186.14,59.43,592.26,166.50,270.44,53.66,123.75,63.05,96.59,178.60,448.86,30.48,29.31,69.57,154.49,90.90,,31.39,65.21,231.81,687.83,33.98,167.28,101.28,207.39,,86.84,245.80
2021-06-16,17.77,126.98,247.54,170.76,201.62,328.50,42.97,119.78,124.67,42.14,359.98,49.24,78.50,24.80,80.11,46.34,131.49,60.68,139.33,271.44,52.36,126.88,300.67,206.22,163.69,56.47,290.47,152.96,187.08,121.59,90.24,60.58,85.81,453.99,669.27,187.49,45.91,99.68,,543.33,234.17,55.14,1427.23,137.85,53.07,79.91,178.07,520.07,35.63,128.20,30.38,261.41,55.14,70.97,45.76,112.81,122.82,30.46,85.39,161.46,50.78,46.05,21.99,73.51,331.37,149.15,22.74,139.04,273.71,27.89,183.64,58.21,593.52,168.30,267.39,53.65,123.28,61.98,98.38,171.65,440.21,30.09,29.00,68.86,152.00,90.45,,31.42,64.89,230.20,682.07,33.31,165.66,100.94,212.27,,87.14,248.46
2021-06-17,18.61,128.58,250.93,174.46,205.53,333.89,43.15,120.75,125.34,42.63,365.04,49.83,78.65,25.45,84.56,46.05,131.82,60.78,140.81,269.27,52.33,128.10,303.07,207.24,163.62,56.38,295.00,153.14,184.77,121.95,90.08,62.01,88.22,459.20,669.06,188.36,46.23,99.71,,551.36,241.31,53.26,1462.58,136.48,54.06,76.57,178.31,532.41,35.84,130.91,30.07,265.14,55.53,70.96,46.28,112.10,125.79,29.41,86.55,164.52,49.79,47.40,21.35,70.68,343.33,150.70,22.42,138.39,276.34,27.76,181.96,58.71,604.20,172.25,276.63,53.80,121.69,63.08,101.75,170.50,441.24,30.31,29.23,67.89,153.60,90.82,,32.02,64.11,235.04,691.05,32.85,167.69,103.11,215.14,,89.36,262.51
2021-06-18,18.60,127.28,249.51,174.35,207.77,327.09,42.35,119.13,124.54,41.93,361.37,50.08,75.05,25.37,84.65,45.13,125.97,58.20,139.13,264.38,50.94,125.43,289.80,205.45,159.63,55.86,292.95,149.43,181.53,119.83,88.06,61.95,88.21,457.91,642.48,187.85,45.58,98.19,,565.59,244.91,52.28,1468.06,133.63,53.23,73.54,174.16,534.31,35.81,130.47,29.60,265.86,54.61,69.24,45.88,109.29,125.03,29.08,84.91,167.33,48.38,46.73,20.18,70.10,341.29,152.52,22.61,137.60,277.98,26.89,177.07,57.21,601.05,176.89,281.87,53.10,120.30,64.65,103.26,171.28,435.92,30.33,29.10,65.81,156.85,88.88,,32.03,63.33,236.49,685.60,32.19,165.85,104.57,218.60,,87.89,266.56
2021-06-21,18.39,129.08,252.59,172.70,206.94,329.70,42.74,120.81,125.43,42.36,366.99,49.70,75.17,25.42,82.59,46.09,127.72,58.77,140.05,270.29,51.13,126.41,293.92,206.79,162.28,56.48,298.00,151.23,184.52,120.70,88.86,61.82,83.91,462.27,651.66,187.70,46.03,99.33,,567.35,237.68,52.08,1476.34,137.53,53.77,73.54,177.38,530.68,36.47,132.13,29.93,264.80,55.07,69.95,46.02,113.22,120.78,29.69,86.81,173.21,48.58,47.58,21.22,74.43,341.43,149.70,22.94,137.44,283.22,26.99,181.99,57.67,606.63,171.26,281.59,53.85,122.77,58.37,102.35,173.47,444.54,30.13,28.77,66.77,158.76,90.31,,32.93,64.53,236.93,694.81,32.45,169.55,105.76,216.41,,90.10,267.16
2021-06-22,18.84,130.72,255.36,175.27,207.90,336.39,42.93,121.33,125.97,42.35,372.09,50.88,75.74,25.40,83.58,46.16,128.09,59.07,140.20,272.18,51.13,126.60,293.74,206.51,163.09,56.23,300.65,150.79,184.09,121.71,88.38,60.90,80.30,461.94,656.60,188.87,46.32,100.12,,575.74,256.61,51.52,1505.00,136.10,53.32,72.85,177.67,530.44,36.78,134.04,29.77,268.46,55.25,70.01,45.89,114.16,118.30,29.49,89.61,178.98,48.56,48.38,21.27,74.29,341.05,149.68,22.98,137.34,286.07,26.76,181.01,57.34,611.64,172.95,285.23,53.97,123.52,55.37,104.54,174.23,446.18,30.55,27.62,65.92,160.62,90.29,,32.88,64.45,238.97,706.99,32.23,169.89,106.88,219.61,,90.67,267.96
2021-06-23,19.01,130.44,255.13,175.19,218.86,337.94,42.60,121.13,125.43,42.55,371.89,51.27,77.07,26.27,83.82,45.73,130.07,59.30,139.44,266.94,50.57,124.94,295.87,205.47,162.27,55.90,301.81,150.75,183.38,122.10,88.20,61.40,81.49,462.93,652.61,187.52,44.59,99.86,,574.23,252.90,52.11,1532.76,135.81,53.48,73.07,176.26,526.24,36.66,133.00,29.58,268.86,54.78,69.50,45.15,114.62,121.61,29.51,89.92,174.03,48.77,48.01,20.77,74.76,337.55,151.58,23.00,135.16,283.67,26.65,182.62,56.89,615.88,174.63,286.59,52.81,123.53,55.30,106.53,171.88,443.71,30.31,27.84,66.18,165.98,90.13,,32.92,64.06,238.69,699.29,31.90,166.44,107.93,218.86,,89.04,267.49
2021-06-24,19.16,130.16,256.50,172.45,226.61,340.51,42.90,121.50,126.25,42.86,371.99,51.81,78.59,26.53,86.10,45.75,132.72,60.32,139.99,267.29,51.31,125.65,300.66,207.40,164.46,56.34,301.52,153.89,185.97,124.27,88.20,62.10,84.50,466.83,665.39,191.94,45.05,100.24,,578.26,253.70,52.52,1542.39,135.52,55.06,74.48,177.03,540.80,36.64,135.02,29.73,273.80,55.06,69.66,45.07,116.79,127.72,30.32,90.40,175.30,49.18,48.00,20.96,76.66,346.48,150.73,23.04,135.19,286.96,26.70,186.91,56.92,614.93,173.68,291.65,52.73,123.11,58.19,106.44,175.06,447.74,30.40,27.64,67.39,167.87,90.85,,32.85,64.72,241.71,711.54,32.08,168.00,106.25,219.64,,87.82,266.96
2021-06-25,18.99,129.87,254.89,170.07,223.96,338.71,43.40,121.50,125.96,42.14,374.30,52.71,80.00,26.78,85.62,45.99,130.73,59.89,139.74,267.27,51.16,126.28,301.01,208.89,164.07,56.93,302.78,154.47,186.86,124.02,89.59,62.60,84.86,470.19,656.98,194.34,45.34,101.18,,579.66,253.24,53.25,1541.72,134.89,55.22,74.57,178.19,546.86,37.14,134.76,29.97,268.97,55.52,71.28,46.06,117.17,127.60,30.86,90.51,176.72,49.46,48.41,20.96,78.34,352.59,149.67,23.08,135.13,288.74,26.94,187.22,57.64,620.64,175.39,288.06,52.73,123.85,55.01,106.06,173.82,452.08,30.63,28.94,67.23,172.18,92.01,,33.32,65.34,243.00,721.29,32.34,169.35,107.59,218.84,,88.26,264.69
2021-06-28,19.94,131.50,258.45,172.19,229.57,352.87,43.27,121.53,125.79,43.11,376.23,53.30,81.32,27.38,87.08,45.90,135.34,61.46,139.45,271.57,52.60,126.83,306.72,209.03,167.00,56.78,304.14,157.15,185.20,125.89,86.56,63.08,82.12,471.06,674.12,197.82,45.09,100.47,,588.80,255.09,52.68,1570.72,130.78,57.48,74.32,177.53,539.06,37.44,137.10,29.78,274.03,55.53,71.39,45.73,115.47,124.91,30.57,90.83,175.60,49.27,49.41,20.16,75.22,361.07,149.94,23.02,139.41,293.36,27.08,189.07,57.60,631.90,166.20,292.09,51.03,124.81,62.42,106.44,178.09,453.99,30.65,29.70,68.83,172.06,93.14,,33.40,65.02,242.91,721.36,32.49,168.65,106.79,221.27,,84.92,263.23
2021-06-29,19.98,133.01,261.03,172.41,226.92,349.15,43.02,121.27,124.99,43.51,378.36,53.35,80.88,26.63,89.52,45.86,136.24,61.92,139.41,272.20,51.93,126.74,309.52,208.70,168.18,56.97,306.91,157.91,184.48,128.50,85.29,62.61,83.32,475.33,673.70,196.78,45.44,100.49,,590.75,257.12,53.17,1583.00,129.94,57.63,75.59,178.42,542.32,37.66,138.35,29.58,276.18,55.06,70.57,45.78,115.83,133.55,30.34,91.53,183.91,49.01,48.65,20.19,75.34,364.47,146.08,23.08,140.50,297.74,26.90,190.46,56.44,637.08,165.87,291.20,50.30,124.54,66.90,107.20,178.10,453.59,30.97,29.37,69.06,174.14,93.69,,33.33,65.27,246.39,717.46,32.25,168.99,106.70,221.44,,83.29,264.15
2021-06-30,19.96,133.63,260.54,172.01,226.57,345.00,44.18,121.09,124.30,43.48,375.40,52.82,82.88,26.36,93.93,45.94,136.70,61.81,139.25,271.01,51.37,127.80,308.58,209.81,167.67,57.75,306.55,158.61,187.39,128.78,85.92,61.84,75.17,474.14,661.41,201.63,45.83,100.08,,585.64,251.31,53.56,1557.79,131.41,57.21,75.80,179.33,554.79,37.75,136.82,30.07,275.79,55.15,71.13,45.67,117.57,127.02,30.68,91.41,178.33,49.61,47.64,20.36,76.37,360.66,153.14,23.18,140.24,291.90,26.74,188.64,56.59,631.55,169.52,289.93,51.11,123.94,66.45,104.08,177.02,456.08,31.13,28.46,67.67,176.80,93.48,,32.96,64.20,238.74,721.45,32.41,169.36,106.75,216.06,,82.82,256.86
2021-07-01,20.17,133.93,261.22,171.65,225.97,351.63,43.65,121.44,125.34,42.82,374.32,53.35,78.13,24.72,93.31,46.32,132.42,60.14,139.74,272.64,51.26,127.83,296.71,212.52,166.40,57.98,309.15,155.86,188.47,126.86,86.78,61.78,70.98,474.99,650.37,202.21,46.41,101.51,,584.73,251.16,53.33,1544.99,134.02,56.29,74.67,180.40,570.76,38.36,136.93,30.26,277.11,55.17,71.69,45.58,118.51,121.84,31.20,91.15,180.59,49.35,48.47,20.96,81.02,357.50,153.08,23.21,138.59,293.70,27.15,185.10,57.58,638.95,169.75,287.46,51.42,125.99,65.09,104.57,178.97,456.32,31.12,29.47,66.75,173.26,94.50,,33.60,64.73,235.51,721.80,32.18,171.38,106.71,213.72,,83.25,258.43
2021-07-02,20.44,136.55,267.04,175.55,226.30,351.94,43.90,124.23,127.67,42.69,378.51,53.40,78.34,24.44,94.70,46.73,132.63,59.98,140.66,273.51,51.94,128.44,296.78,214.07,167.60,58.12,312.72,157.24,189.07,128.46,87.91,62.14,72.07,481.36,658.25,200.54,46.95,102.91,,593.07,252.59,52.84,1551.96,135.97,56.32,75.03,181.91,579.72,38.79,137.94,30.54,279.16,55.29,71.64,45.43,119.71,119.20,31.14,91.77,182.91,49.08,49.61,20.96,79.76,363.42,150.23,23.45,139.83,297.74,27.24,185.90,57.40,648.20,171.43,288.70,51.23,125.99,63.56,106.47,177.30,458.41,31.08,28.50,66.99,177.79,94.73,,33.81,64.52,238.30,731.92,32.09,172.06,107.90,214.78,,82.58,262.72
2021-07-06,20.65,138.56,267.05,183.79,219.86,350.03,43.85,125.16,128.71,43.15,378.43,54.16,79.08,24.68,94.47,46.24,131.30,59.08,141.10,270.45,51.33,128.63,296.24,209.73,166.72,57.37,316.01,155.07,186.71,127.21,87.26,65.32,68.06,484.58,656.65,200.05,46.54,103.59,,596.90,264.98,52.04,1553.96,134.88,56.40,73.82,181.57,578.34,38.68,138.67,30.37,279.29,55.06,71.67,45.31,119.96,113.10,30.34,91.60,182.77,48.22,50.23,19.95,74.16,370.32,148.37,23.39,139.43,295.60,27.09,184.99,57.61,658.99,174.38,291.08,52.60,124.30,63.43,108.68,174.07,459.92,30.86,28.06,66.04,176.70,94.59,,34.15,63.71,238.55,729.54,31.51,172.17,110.16,225.00,,83.58,268.43
2021-07-07,20.33,141.05,269.23,184.83,214.88,347.76,43.77,125.44,129.02,42.81,383.95,53.60,76.29,22.89,90.54,46.48,129.47,58.29,142.34,274.23,51.21,129.20,292.25,209.36,165.48,57.33,318.23,152.41,188.57,126.11,85.08,64.50,66.28,489.54,660.78,198.99,46.95,104.85,,605.77,267.52,52.18,1540.90,134.38,55.59,75.71,183.59,581.97,39.01,139.10,30.91,279.86,55.69,71.99,45.42,117.66,110.29,29.56,93.23,185.15,48.28,50.67,19.82,71.57,364.01,143.72,23.94,139.38,296.11,27.24,181.88,58.15,665.31,172.59,295.55,52.73,126.56,63.99,107.31,173.69,467.91,30.92,27.86,64.85,175.81,95.67,,34.69,63.89,238.65,742.37,31.67,176.51,111.88,227.90,,85.83,269.06
2021-07-08,19.86,139.75,266.82,186.57,217.60,342.96,43.74,124.02,128.13,42.90,386.29,53.08,75.20,23.08,89.74,46.48,127.22,57.57,141.20,269.03,50.69,129.26,288.48,210.27,164.13,56.77,317.29,151.01,187.36,124.60,84.97,64.42,65.88,489.54,644.99,197.74,47.00,103.82,,605.95,263.39,51.04,1526.93,132.48,55.25,74.57,182.25,571.06,38.77,137.31,29.01,278.86,55.60,71.73,44.92,115.36,108.77,28.78,92.56,178.56,47.61,50.59,19.56,71.73,360.22,142.53,23.63,136.94,294.47,27.12,179.72,57.98,659.94,172.50,293.48,52.25,125.23,61.84,107.10,170.67,461.52,30.72,27.89,63.73,177.68,96.03,,34.21,63.37,237.09,743.50,31.47,175.66,111.74,227.17,,85.08,266.66
2021-07-09,20.00,141.58,267.32,185.97,218.98,347.69,43.96,124.49,128.52,43.78,391.25,53.60,76.79,23.29,90.90,46.90,129.50,58.22,140.39,274.40,51.24,128.93,293.87,211.06,165.90,57.21,316.93,153.19,191.65,127.43,86.19,65.04,66.18,488.02,661.91,198.16,46.84,105.15,,604.50,264.44,52.81,1554.97,137.14,55.97,75.83,183.93,576.51,39.44,138.50,29.83,280.75,55.66,71.80,45.12,118.30,111.07,29.30,92.92,180.23,48.64,51.36,20.23,72.74,369.49,149.64,24.00,137.47,295.38,27.11,183.72,58.13,667.03,176.74,298.61,52.89,127.25,62.87,108.12,170.37,467.29,30.92,28.40,65.08,178.29,97.49,,34.62,64.09,239.94,736.47,31.75,176.14,110.18,227.79,,86.28,268.64
2021-07-12,20.47,140.98,266.72,185.93,228.57,350.41,43.88,125.93,129.50,44.29,386.99,53.73,77.59,22.95,90.81,46.46,131.32,59.41,141.24,274.22,51.91,128.96,298.88,210.35,167.34,57.09,319.68,154.36,192.23,128.36,86.54,64.75,67.20,489.15,677.66,198.34,47.02,106.03,,600.20,261.79,53.35,1526.00,136.46,56.29,76.71,183.96,570.18,39.43,137.73,29.75,278.56,55.60,71.82,45.58,117.67,110.52,29.65,93.82,177.18,49.09,51.16,20.49,73.07,373.69,146.69,24.08,137.86,291.93,27.33,187.44,58.27,659.54,177.03,301.36,53.21,125.81,58.87,107.76,172.10,468.41,30.90,28.25,66.06,179.92,97.29,,34.79,64.19,236.39,719.80,31.62,174.50,111.44,227.97,,86.04,261.36
2021-07-13,20.20,142.09,270.24,183.87,222.85,349.35,44.05,126.30,129.93,44.13,386.21,54.07,76.51,22.45,90.26,46.54,130.83,59.34,142.08,271.59,52.04,131.93,296.58,210.74,166.72,57.04,318.75,154.10,191.43,127.20,85.93,64.67,68.98,490.69,676.33,198.33,46.67,107.01,,605.01,261.16,52.74,1548.21,133.16,55.74,76.29,184.10,573.14,39.30,137.72,29.71,278.09,55.70,71.67,46.01,116.31,112.07,29.10,91.16,176.49,48.69,51.41,19.91,73.24,374.18,143.41,23.70,139.67,296.42,27.03,187.07,58.05,662.58,175.63,299.59,53.42,125.79,57.99,106.59,173.55,467.81,30.94,28.51,65.04,182.30,97.25,,34.58,63.68,232.99,710.70,31.12,175.62,111.60,227.18,,85.23,261.14
2021-07-14,19.80,145.52,271.71,184.08,217.79,344.92,44.35,127.19,131.01,43.91,388.95,54.79,76.55,21.56,89.05,47.21,130.22,58.70,143.16,272.88,51.72,133.30,294.21,210.63,166.79,56.97,318.36,153.08,194.58,129.52,85.47,64.38,65.16,489.59,685.99,197.89,46.63,107.23,,608.83,254.23,52.69,1507.01,134.40,54.99,77.26,184.63,577.16,39.67,138.83,29.66,279.08,56.09,72.46,46.50,118.42,108.94,28.74,90.68,169.33,48.77,51.17,19.29,68.80,369.75,139.09,23.73,139.55,297.10,27.25,186.65,58.49,659.85,170.34,299.15,53.67,126.36,56.04,104.67,171.88,472.43,31.36,27.39,64.87,177.31,97.86,,34.88,64.17,232.03,701.37,30.99,176.74,110.12,224.51,,85.87,259.22
2021-07-15,18.92,144.86,270.29,181.56,216.87,341.78,44.38,125.96,130.20,43.52,390.73,54.29,75.02,21.47,86.93,46.82,127.86,58.02,142.63,273.78,51.07,133.91,289.10,212.29,164.15,57.28,317.89,150.78,198.88,127.45,85.18,64.64,63.43,487.28,673.95,200.09,46.77,106.49,,606.17,249.30,50.36,1508.48,134.30,54.69,74.27,186.92,585.37,39.83,137.55,29.82,277.68,56.63,73.30,46.81,117.29,110.74,28.46,88.33,167.33,49.10,51.26,18.89,66.49,366.51,137.50,23.86,139.10,294.79,27.60,178.27,59.03,657.42,171.95,294.93,52.98,126.39,54.10,103.48,168.24,472.55,31.81,27.49,62.11,173.61,98.16,,34.87,63.80,228.70,704.93,31.34,179.10,110.36,219.31,,87.33,259.36
2021-07-16,18.12,142.83,270.02,178.68,214.74,338.50,44.35,125.93,130.77,42.68,389.35,53.03,73.16,21.37,85.89,46.87,123.05,55.90,143.66,271.92,50.30,134.40,279.08,213.44,162.29,57.56,316.70,147.81,196.77,125.88,84.22,64.72,60.75,485.67,658.14,202.28,46.45,106.28,,606.10,249.96,48.32,1512.51,129.99,52.99,72.81,185.63,579.33,40.09,137.67,29.53,276.56,56.76,73.57,46.53,113.30,107.45,28.18,92.42,167.36,48.70,51.69,18.34,63.74,366.46,134.31,23.89,139.53,293.33,27.76,174.33,59.38,667.76,177.54,293.06,52.29,124.01,52.31,104.64,170.52,471.95,31.70,26.66,60.45,173.76,97.45,,35.03,63.25,227.53,709.99,31.23,181.26,112.17,221.16,,87.35,260.64
2021-07-19,18.74,138.98,266.42,177.48,215.41,334.33,44.25,123.56,128.20,42.46,392.94,53.23,72.74,21.54,86.58,46.31,123.47,56.19,139.04,266.86,50.00,134.38,280.14,212.38,162.39,57.22,310.73,146.47,188.51,125.05,81.19,64.91,60.51,483.03,654.86,199.24,45.71,103.22,,602.05,250.40,47.41,1497.27,125.95,53.81,72.67,182.09,581.30,39.63,137.72,28.89,274.48,56.54,72.12,46.12,109.55,104.69,27.82,90.59,175.50,48.20,51.33,17.49,59.53,367.70,131.88,23.85,137.71,287.31,27.35,172.96,58.64,669.40,175.31,293.28,49.57,122.16,49.87,104.83,168.96,467.81,31.43,25.70,59.64,175.70,95.32,,34.93,61.60,226.15,711.47,31.27,178.66,108.76,223.01,,85.99,262.87
2021-07-20,18.57,142.59,268.64,178.66,220.17,339.00,44.45,125.17,130.03,42.73,394.92,53.10,73.53,22.18,87.11,46.76,126.68,57.67,138.84,272.20,50.55,134.40,288.17,212.52,163.72,58.00,318.35,148.25,196.19,125.73,83.65,66.83,60.85,492.50,654.91,196.55,46.07,105.10,,608.72,252.24,48.65,1542.15,129.97,55.53,73.70,183.41,583.30,40.49,139.79,29.23,277.89,56.89,72.09,46.85,112.44,102.25,28.13,93.13,177.56,48.96,52.77,17.84,60.94,378.92,136.09,24.14,137.55,296.12,27.80,177.26,58.55,669.39,183.17,296.48,50.59,123.57,50.18,107.52,170.02,477.37,31.71,26.48,61.92,180.56,96.24,,35.86,62.67,230.83,718.76,31.31,181.69,111.93,229.11,,88.10,267.62
2021-07-21,19.37,141.86,270.64,179.26,218.43,343.53,44.23,126.50,131.52,43.68,393.75,51.36,75.28,22.52,89.41,47.03,132.47,60.54,139.00,275.79,51.46,133.90,301.60,210.76,169.37,57.37,314.98,151.87,198.06,128.09,86.15,65.30,59.83,498.20,690.29,196.27,46.66,106.76,,612.26,253.55,48.51,1550.17,135.10,57.27,71.21,184.61,579.80,40.29,140.76,29.59,278.22,56.54,71.24,46.67,115.35,104.52,28.79,93.84,179.02,49.00,52.93,18.01,64.54,391.42,139.25,24.18,137.21,301.78,27.67,182.13,57.60,670.51,180.09,300.17,51.76,124.24,55.69,108.39,170.90,479.53,31.36,26.02,63.56,181.45,97.05,,36.10,62.80,237.36,718.42,31.29,181.36,111.75,231.06,,88.84,268.85
2021-07-22,19.55,143.23,275.20,181.90,216.42,348.46,44.26,127.37,132.24,43.43,396.15,51.18,73.66,22.07,91.21,47.60,131.68,60.41,139.17,276.75,51.21,133.86,299.20,210.66,160.36,57.57,324.63,149.27,198.82,128.34,86.17,66.39,62.69,504.85,698.83,196.02,46.64,109.77,,623.68,263.04,47.45,1591.22,133.31,56.93,71.67,183.54,582.94,40.60,143.02,30.62,281.60,56.38,71.37,46.69,114.92,104.96,28.48,93.58,182.78,48.44,54.15,17.70,63.99,391.13,139.47,24.03,138.74,308.51,27.77,178.18,57.76,683.03,181.81,302.07,52.04,124.69,55.59,110.20,171.28,477.41,31.57,25.02,62.53,180.55,96.65,,36.38,63.13,237.92,720.22,30.84,181.46,112.72,235.59,,89.16,269.13
2021-07-23,19.51,144.94,278.60,182.83,214.46,366.91,44.63,131.92,136.69,44.05,401.74,51.54,74.06,21.81,92.15,48.20,132.88,60.82,138.45,280.12,48.50,135.57,305.29,213.23,163.83,57.88,325.49,150.68,195.90,130.54,86.49,66.94,63.35,511.74,716.27,200.50,47.10,112.76,,625.87,268.96,47.98,1613.81,133.97,57.85,73.69,186.06,582.42,41.39,145.67,30.75,285.07,57.31,72.30,48.15,115.37,97.31,28.47,94.60,188.60,48.68,55.14,17.99,63.64,400.07,138.73,24.36,141.37,312.65,28.08,180.05,58.64,693.74,182.41,306.89,52.85,127.50,53.97,111.23,173.29,482.29,31.87,24.24,62.91,183.03,97.80,,36.66,64.22,240.40,726.81,31.17,182.62,115.18,238.72,,89.97,271.29
2021-07-26,19.25,145.36,278.00,184.99,219.21,369.56,44.69,132.94,138.51,43.97,401.55,51.65,74.41,22.13,91.82,48.41,132.93,60.83,139.39,279.80,49.70,135.48,303.27,210.96,165.07,57.66,322.03,151.00,195.84,129.29,87.59,66.50,62.57,512.59,721.97,198.93,47.38,112.84,,620.80,264.83,48.37,1585.71,137.15,57.88,74.37,186.23,573.90,41.30,144.97,30.83,283.89,57.27,73.73,48.00,116.05,88.71,29.34,93.04,184.09,48.31,54.47,18.60,65.28,398.79,142.00,24.35,141.62,313.62,28.01,181.71,58.68,685.67,178.11,305.17,53.10,126.37,68.25,109.79,172.90,475.64,31.85,23.90,62.99,182.04,98.17,,36.49,64.35,238.61,729.66,31.41,181.09,113.14,234.52,,89.27,267.54
2021-07-27,19.16,143.20,275.59,181.32,214.93,364.95,44.69,130.82,135.68,43.34,402.60,51.89,72.39,21.68,91.03,48.25,129.50,59.14,139.24,280.15,48.67,136.23,294.10,210.61,162.32,57.81,325.03,149.79,196.79,126.98,88.20,66.25,62.65,506.40,713.84,202.85,47.27,112.81,,618.28,257.84,46.93,1580.00,138.08,56.93,73.43,187.70,577.11,41.10,143.27,30.35,281.16,57.61,75.16,47.59,115.33,79.53,28.83,93.05,179.99,47.03,54.23,18.40,63.89,393.31,141.58,24.37,138.39,308.25,28.51,178.13,59.67,686.95,176.59,298.88,52.67,126.61,63.06,109.62,167.50,479.08,31.37,23.81,61.44,180.54,98.64,,36.51,64.08,230.66,726.75,31.21,180.98,112.14,233.03,,89.02,264.97
2021-07-28,19.46,141.45,275.28,181.52,215.66,370.37,44.51,134.98,135.27,43.55,400.59,51.93,73.68,22.56,97.93,47.80,131.71,60.32,139.53,278.29,48.57,134.98,300.35,210.24,163.83,58.76,324.17,151.13,196.90,128.34,87.42,66.58,65.21,506.58,727.49,202.24,46.80,109.57,,620.92,263.58,47.81,1637.03,139.15,57.92,74.66,186.78,582.47,40.64,144.59,29.91,283.69,56.00,74.83,47.03,114.90,91.89,29.39,93.41,186.85,46.00,54.34,18.69,64.73,416.23,143.30,24.20,139.98,313.13,28.36,182.10,59.01,695.58,182.10,300.37,52.83,126.49,64.67,111.45,171.28,474.26,31.21,25.09,62.31,186.09,98.25,,36.40,64.69,234.39,722.26,30.93,179.59,114.98,236.84,,86.95,269.08
2021-07-29,19.62,142.09,275.55,180.00,225.78,355.53,44.57,134.66,135.43,44.14,404.25,51.42,75.18,22.18,102.95,48.06,131.99,58.86,139.06,280.71,49.14,135.26,304.03,208.70,166.44,58.56,327.16,153.43,198.94,136.04,86.95,66.50,65.22,508.91,733.09,200.38,46.90,109.54,,621.70,260.03,48.51,1641.52,142.34,59.22,75.17,188.54,579.22,39.75,145.80,30.08,285.53,55.93,74.95,47.29,116.23,92.10,30.18,94.07,178.06,46.30,54.84,18.85,64.70,424.98,143.47,24.58,139.80,320.50,28.56,187.31,59.09,704.16,181.83,281.66,53.46,130.87,62.50,111.23,169.99,477.65,30.88,24.54,63.73,186.42,99.00,,36.67,68.52,235.25,713.80,30.98,182.05,114.01,237.03,,87.50,266.79
2021-07-30,19.45,142.31,274.02,166.38,229.07,353.53,44.66,133.62,134.12,44.26,408.47,51.76,75.66,21.71,106.19,48.33,134.32,60.55,138.47,288.16,49.16,135.38,331.37,207.91,167.14,57.27,330.49,154.24,199.72,134.97,85.53,66.51,61.47,513.23,734.08,201.58,47.48,108.69,,621.63,253.61,48.87,1568.70,140.51,59.41,75.78,189.27,570.75,40.26,147.65,30.29,287.99,55.87,74.10,47.16,116.33,91.61,29.01,94.32,174.29,46.13,54.45,18.91,62.74,433.87,144.01,24.54,140.37,321.13,28.25,189.26,58.63,678.53,178.94,274.06,53.47,131.44,62.60,110.70,173.42,477.15,31.11,24.60,64.68,186.02,99.74,,36.75,68.15,234.40,744.05,30.57,184.12,128.88,235.91,,88.85,325.12
2021-08-02,19.70,141.98,273.93,166.57,236.56,349.21,44.56,133.75,134.88,44.19,407.71,51.51,75.72,22.10,108.63,48.40,136.32,60.97,139.33,281.44,49.12,134.83,329.23,206.40,167.22,57.32,330.85,154.43,198.55,134.12,85.25,66.72,63.23,510.85,736.86,198.32,47.19,107.74,,618.75,253.91,48.69,1578.65,139.44,59.47,76.29,189.10,573.26,40.08,147.29,30.08,287.61,56.05,74.28,46.68,114.74,91.48,29.09,93.17,177.63,45.63,56.92,18.57,62.43,438.89,145.49,24.51,140.51,322.07,28.39,191.63,58.89,678.72,177.96,269.55,52.95,130.28,63.78,111.63,173.21,474.25,30.38,24.13,65.52,189.64,99.23,,36.51,68.28,233.65,749.87,30.66,184.18,127.84,239.04,,88.90,322.58
2021-08-03,19.77,143.77,276.14,168.31,236.58,348.51,45.06,134.52,135.17,44.39,413.56,51.08,78.86,22.24,112.56,49.09,136.47,61.32,138.93,283.97,49.47,135.13,330.16,210.10,166.01,58.56,333.20,155.41,198.75,133.30,84.00,66.39,62.89,513.44,746.32,200.05,47.00,106.63,,621.28,254.34,49.78,1575.70,137.29,60.23,77.95,192.71,582.57,40.83,149.85,30.40,289.20,55.98,74.91,46.52,115.68,88.91,27.87,93.42,177.13,45.50,59.55,18.97,65.50,440.90,145.65,25.06,136.31,327.61,28.60,193.05,59.01,695.67,178.81,272.05,53.17,133.72,62.51,114.68,159.86,478.08,30.76,24.04,66.35,187.32,100.60,,37.05,69.42,235.36,770.02,30.95,182.71,130.30,243.07,,87.33,329.42
2021-08-04,20.23,143.37,275.56,167.74,236.97,356.13,44.75,134.02,134.92,44.48,413.53,51.74,79.95,22.30,118.77,48.61,137.04,61.73,136.74,286.50,49.32,132.87,336.74,196.52,168.68,58.07,330.29,159.00,196.13,133.55,81.90,67.22,63.18,519.13,761.59,199.59,46.79,105.85,,625.68,264.21,48.87,1570.00,132.80,60.77,77.00,191.41,577.05,40.39,151.08,29.92,291.49,54.51,74.69,46.01,112.55,89.28,28.34,92.80,178.52,45.08,60.80,18.36,62.16,450.45,147.40,24.78,136.42,329.09,28.23,194.80,59.23,698.48,183.44,274.03,52.31,132.03,67.09,114.93,158.75,475.96,30.36,24.77,66.66,191.12,100.13,,37.08,68.18,232.23,770.00,29.36,181.73,128.63,247.93,,86.26,340.44
2021-08-05,20.59,143.48,278.45,168.80,238.21,360.14,45.58,135.13,135.82,44.47,421.28,52.49,79.48,22.52,112.35,48.67,136.57,61.33,136.46,285.76,49.64,133.10,336.65,201.41,169.36,58.12,339.70,156.56,196.38,132.29,86.69,67.27,63.25,521.02,760.90,202.99,47.09,106.54,,632.08,265.62,50.48,1786.11,136.41,59.94,78.36,192.57,598.43,40.34,151.76,30.13,293.20,54.64,75.39,45.97,114.42,88.74,29.20,93.80,181.33,44.52,60.00,18.57,64.93,447.60,150.32,24.85,133.45,328.82,28.77,195.23,59.48,705.76,193.90,279.18,52.62,132.92,71.56,132.47,156.78,475.68,30.44,25.31,67.68,193.49,101.04,,37.05,68.03,236.00,769.91,29.36,184.09,130.98,247.67,,87.92,342.43
2021-08-06,20.32,142.80,278.40,167.25,233.03,360.68,45.50,134.63,135.92,44.26,417.89,52.06,79.97,21.82,110.11,48.52,136.94,61.55,136.75,286.73,49.66,133.12,336.31,198.11,169.19,57.68,343.34,157.66,196.21,131.80,85.72,64.39,58.65,517.42,749.91,200.67,47.37,106.56,,631.38,260.74,51.75,1756.27,136.29,59.44,79.44,192.31,606.76,40.23,151.07,30.28,292.43,54.56,75.12,48.49,116.71,87.46,29.04,93.63,181.56,44.49,60.74,18.86,65.11,445.97,149.99,24.76,132.94,332.77,28.73,196.01,59.34,685.20,195.23,278.05,53.04,133.18,74.87,131.92,158.30,473.87,30.29,25.60,67.66,192.59,101.14,,36.50,67.66,235.72,770.09,29.56,182.36,129.16,242.05,,86.00,334.51
2021-08-09,20.25,142.75,277.31,167.09,237.92,358.79,45.61,135.79,136.88,44.19,418.69,52.00,78.23,22.93,107.58,48.41,136.31,60.84,137.48,284.29,49.78,133.13,334.57,196.16,166.99,57.42,344.00,157.83,194.97,132.37,84.73,64.75,57.57,518.33,755.08,200.40,47.04,105.57,,629.22,263.56,50.88,1755.74,131.97,59.38,79.76,192.94,609.82,39.91,150.29,30.36,291.40,54.78,75.26,49.24,115.17,92.71,29.23,93.91,183.15,44.41,60.22,18.94,62.82,444.02,149.44,24.63,132.76,332.77,28.63,199.09,59.37,686.41,200.25,276.67,52.87,132.92,76.77,130.00,160.57,471.35,30.36,24.60,67.56,192.37,100.93,,36.51,67.23,234.19,765.50,29.65,181.71,129.40,245.04,,85.63,335.84
2021-08-10,19.89,142.27,275.49,166.03,236.66,358.32,46.58,135.69,136.97,43.97,421.13,51.58,74.03,22.92,106.48,48.54,132.53,58.63,137.68,282.90,49.68,133.20,325.51,196.22,166.29,58.07,331.87,157.54,198.09,131.43,86.40,62.83,57.19,513.39,755.67,196.46,47.18,104.18,,621.74,252.67,49.30,1878.53,132.82,58.67,79.98,195.67,610.85,40.04,149.05,30.88,288.25,54.79,75.25,49.40,119.22,91.59,29.44,93.52,190.16,44.33,60.08,19.18,63.54,442.68,147.95,24.59,133.61,331.28,28.71,199.23,59.02,671.53,207.73,272.91,53.56,133.03,75.05,125.30,159.68,465.56,30.36,24.19,68.01,183.79,101.54,,35.83,67.73,230.70,766.50,29.78,181.75,124.99,240.50,,85.05,327.52
2021-08-11,19.65,142.52,275.98,164.61,235.94,357.16,47.00,135.16,136.57,44.09,422.33,51.24,73.18,22.35,107.68,48.75,129.42,57.81,139.02,287.14,49.87,133.73,326.14,196.37,166.15,58.57,331.88,157.05,200.05,132.16,86.39,60.91,58.50,515.42,755.60,195.25,47.69,104.69,,626.03,239.88,50.21,1887.57,132.95,58.70,81.15,195.24,604.37,40.08,150.53,31.85,288.95,55.17,75.60,49.36,120.66,89.61,29.45,93.35,190.56,46.01,59.73,19.31,64.64,443.50,148.16,24.94,134.85,328.64,29.09,200.29,59.33,665.32,202.85,274.94,53.47,134.94,74.75,128.21,159.93,466.61,30.62,24.36,68.00,184.65,102.32,,35.85,69.56,231.37,776.65,30.02,184.54,122.57,237.67,,84.91,332.56
2021-08-12,19.86,145.48,278.73,165.18,240.75,359.83,46.88,136.07,137.26,44.16,423.34,51.07,68.51,24.89,106.50,49.22,124.04,55.43,139.16,287.47,49.31,133.75,312.67,196.38,164.73,59.44,333.33,155.31,198.93,132.58,86.12,61.50,56.96,519.96,747.80,194.81,47.64,104.01,,634.35,245.82,46.95,1842.67,129.72,58.77,78.30,194.02,603.92,39.80,152.26,31.99,292.19,55.10,75.42,48.81,118.93,87.42,28.90,93.23,188.21,45.59,61.13,19.17,64.93,446.50,151.15,24.79,135.52,332.05,29.22,196.72,59.09,675.67,200.92,273.13,52.37,136.27,72.10,130.28,160.37,465.66,30.39,23.92,68.30,186.45,102.10,,35.34,70.93,235.33,774.57,29.69,184.30,123.21,242.94,,83.97,338.04
2021-08-13,20.14,145.69,281.66,164.70,239.06,360.35,47.02,136.60,137.28,44.33,425.68,51.59,69.17,24.90,110.55,49.29,124.70,55.14,139.36,290.04,49.27,135.01,313.07,197.70,165.45,59.68,334.35,156.70,198.78,133.92,86.52,62.34,56.46,523.66,755.35,194.36,47.88,104.92,,637.31,243.82,47.53,1851.60,129.35,59.29,77.88,194.27,620.60,39.60,152.67,31.75,293.12,55.96,76.05,49.06,118.20,84.38,28.42,93.41,194.79,45.10,61.87,19.45,61.88,448.93,152.76,24.76,135.22,332.78,29.42,197.39,59.30,672.10,196.54,273.45,51.92,137.22,72.80,135.49,160.35,466.88,30.44,23.56,68.49,185.14,102.68,,35.38,71.95,236.68,771.71,30.10,185.38,122.85,245.15,,84.45,337.94
2021-08-16,19.90,147.66,283.34,164.95,228.72,363.71,47.41,137.18,137.78,44.51,430.47,51.79,69.18,24.50,107.48,49.12,126.41,55.94,135.31,291.87,49.25,136.32,314.32,200.43,166.46,60.14,339.41,157.61,200.48,133.46,83.67,61.72,55.88,525.79,753.81,190.97,47.82,105.62,,636.94,234.71,46.55,1795.00,128.14,58.09,78.20,195.52,624.38,40.26,151.87,31.75,294.42,56.25,76.56,49.21,118.33,82.22,28.34,94.37,187.67,45.11,60.49,19.11,59.35,442.82,148.57,24.92,136.50,330.18,29.56,195.48,59.93,675.48,196.78,276.80,51.53,137.56,69.75,133.52,160.35,471.18,31.04,22.89,67.97,186.24,103.57,,35.20,71.54,232.58,782.58,30.21,185.53,126.54,243.43,,83.15,334.02
2021-08-17,19.41,146.75,281.88,162.10,221.90,355.66,47.39,135.54,136.18,43.65,429.97,51.89,69.03,23.97,107.56,48.88,123.64,55.00,135.25,292.03,48.53,136.20,307.89,200.55,163.37,61.25,345.00,153.21,198.51,130.11,82.98,60.96,62.57,518.94,743.48,198.44,48.00,104.75,,635.01,232.80,46.01,1767.99,125.48,57.46,77.77,193.93,643.10,39.98,149.59,31.62,291.62,56.58,76.77,48.76,114.50,79.45,28.61,94.56,185.88,44.73,59.73,19.20,58.81,437.16,143.90,24.59,137.52,324.70,29.42,189.36,60.09,678.12,200.25,269.66,50.56,136.64,66.37,133.00,163.47,471.90,30.61,23.32,65.84,183.45,102.56,,34.76,71.38,231.36,788.37,30.13,187.08,127.56,241.47,,83.19,336.73
2021-08-18,19.00,143.01,280.15,160.06,229.66,352.68,46.89,134.34,135.46,42.76,424.15,52.19,68.87,25.28,103.44,48.13,122.27,54.10,134.44,290.52,48.07,134.80,303.21,196.76,161.16,60.35,346.46,152.73,195.91,128.10,81.92,60.39,63.77,516.15,739.54,194.77,47.64,103.95,,626.77,233.78,45.92,1784.13,125.13,56.79,76.75,188.22,631.31,39.92,148.02,31.64,290.63,55.62,76.10,47.93,117.62,80.96,28.45,93.13,191.63,44.60,58.54,19.02,57.11,442.22,146.74,24.29,136.50,323.52,29.34,186.90,59.55,676.94,197.53,267.41,49.99,135.01,65.50,132.68,161.62,464.45,30.37,22.81,64.92,182.71,100.52,,34.44,71.06,231.58,785.47,29.37,184.91,127.39,242.54,,80.97,337.73
2021-08-19,19.75,143.34,285.97,159.39,224.49,352.35,47.21,134.57,135.80,43.18,431.80,54.37,68.54,24.16,103.70,49.98,124.02,54.83,135.46,291.70,48.30,137.07,307.79,194.64,162.24,60.11,351.88,153.66,195.32,126.69,81.51,60.48,67.10,526.28,748.22,195.04,47.59,102.73,,637.66,234.96,44.83,1759.96,125.38,57.91,75.98,190.61,651.23,40.14,153.27,31.48,315.99,56.24,76.65,48.59,120.02,74.69,27.74,93.88,182.06,44.86,59.16,18.13,55.53,451.21,142.65,24.67,137.09,330.35,29.68,186.17,60.23,681.71,196.99,269.14,49.40,136.50,67.63,132.42,162.27,463.32,30.82,22.46,65.38,181.52,101.00,,34.40,70.47,231.90,785.54,29.27,188.71,126.39,244.88,,82.16,334.56
2021-08-20,20.77,144.80,293.29,160.00,226.75,356.57,47.63,136.30,137.31,43.33,436.30,54.69,68.49,24.01,104.65,50.81,122.10,53.76,136.35,294.21,47.90,136.58,305.52,193.89,162.18,60.75,347.94,153.53,195.29,128.02,81.47,61.24,69.97,528.08,754.60,195.85,47.95,103.00,,647.34,237.88,45.19,1786.54,126.24,58.76,77.10,191.03,658.82,40.43,156.67,31.62,316.88,56.08,77.22,48.37,116.74,77.29,28.07,93.98,184.08,44.80,59.59,18.34,55.78,459.86,143.70,24.85,136.67,334.38,30.03,187.98,60.65,682.14,197.78,271.51,48.88,137.96,71.66,131.15,160.96,466.08,30.76,23.57,65.65,186.83,101.14,,34.99,71.32,235.95,794.09,29.09,190.37,129.75,246.40,,82.53,346.00
2021-08-23,21.91,146.28,293.57,163.29,235.43,360.52,47.31,138.89,139.95,43.99,432.44,55.33,69.97,24.82,108.77,51.09,126.22,55.51,137.05,293.26,49.03,136.15,313.70,195.72,164.71,60.85,348.67,156.28,196.50,129.87,83.92,62.10,71.56,535.04,777.05,198.40,48.27,103.47,,656.86,245.80,46.87,1810.00,129.12,60.87,79.02,191.16,662.81,40.17,158.32,31.75,320.92,55.73,76.41,48.38,118.00,81.08,28.44,94.01,183.08,44.88,61.50,19.32,59.07,468.56,146.79,24.89,139.25,336.76,29.85,193.15,59.26,671.11,198.40,275.51,49.73,138.76,71.85,132.50,163.36,468.32,30.95,25.31,67.03,186.73,101.19,,34.90,71.93,242.62,797.51,29.12,191.46,128.18,250.81,,83.56,352.49
2021-08-24,21.74,146.20,291.61,165.29,236.16,362.66,46.83,140.10,141.24,43.90,429.45,55.34,70.20,25.10,107.65,51.77,126.17,55.63,137.01,292.93,49.56,134.46,313.19,194.63,164.68,60.59,348.90,152.80,197.64,130.16,87.69,73.64,74.50,536.52,771.29,199.73,48.05,103.41,,657.24,265.63,45.73,1855.29,131.76,61.41,74.20,187.97,665.45,39.96,158.58,31.28,324.95,54.98,75.66,48.31,117.38,99.12,28.70,93.77,187.45,45.63,59.97,19.92,60.70,468.70,161.42,24.69,139.01,341.07,29.76,196.71,58.66,672.54,201.90,278.02,50.21,139.44,71.55,135.48,163.82,465.60,30.89,25.49,67.11,185.80,100.15,,35.35,72.53,245.81,792.64,29.05,191.13,128.82,257.97,,84.37,353.89
2021-08-25,22.16,144.96,291.02,164.96,237.07,365.52,46.84,140.91,141.79,44.08,428.92,54.76,72.21,24.35,108.30,51.80,127.73,55.93,134.47,293.28,49.56,133.87,318.93,192.21,164.92,59.89,347.99,151.09,197.83,129.63,88.89,74.51,76.60,538.06,773.46,201.33,48.01,103.85,,656.80,270.00,49.30,1871.94,131.77,62.05,74.91,187.97,664.69,40.47,158.63,31.36,325.01,54.64,75.74,48.56,117.56,97.84,28.74,94.07,188.25,45.75,61.21,20.08,61.37,466.71,160.35,24.87,138.32,342.27,29.75,199.71,58.68,676.42,204.92,276.21,50.23,139.69,72.67,135.63,160.66,465.66,30.85,26.19,68.65,186.40,100.10,,35.98,72.05,246.11,796.67,29.21,191.76,129.39,263.03,,84.06,353.41
2021-08-26,22.02,144.16,288.21,165.80,233.72,361.54,46.34,140.28,140.97,44.29,427.09,55.01,70.97,24.87,107.27,51.67,127.42,55.61,132.28,291.84,48.94,133.37,318.68,192.11,164.81,59.91,347.42,154.84,198.02,128.28,89.40,76.24,73.57,535.19,776.40,198.25,47.62,102.73,,652.39,278.77,47.09,1835.68,128.66,62.09,73.05,186.96,661.30,40.02,159.37,31.19,326.51,54.26,75.67,48.42,113.07,95.86,27.89,93.57,191.00,45.47,62.03,20.02,59.79,470.53,152.73,24.90,137.94,310.19,29.68,203.79,58.67,673.36,202.39,272.16,49.69,139.71,69.37,131.30,158.88,464.29,30.89,25.81,70.68,185.15,99.37,,35.74,71.58,246.76,797.40,28.67,191.72,129.26,266.97,,82.80,349.99
2021-08-27,22.58,145.20,288.82,167.48,237.31,369.73,46.08,142.82,143.37,45.22,428.07,55.89,72.17,25.71,111.40,51.51,131.32,57.91,133.05,294.86,49.64,133.64,327.44,193.24,167.05,59.78,345.51,154.03,198.25,130.51,90.53,76.88,74.20,548.07,797.44,199.92,47.94,103.45,,658.52,282.31,47.60,1865.00,130.92,60.23,74.41,188.66,658.84,39.46,162.47,31.35,331.81,54.66,75.71,48.67,112.73,94.63,28.28,93.96,187.94,45.91,63.21,20.71,62.71,478.00,154.18,24.94,139.37,315.64,29.87,207.71,59.01,668.27,203.93,276.85,50.06,141.51,70.72,134.84,160.03,464.73,31.04,26.88,72.24,187.01,100.22,,36.11,71.82,269.28,807.18,28.91,193.40,130.18,273.73,,83.19,358.34
2021-08-30,22.64,149.62,292.54,171.08,243.64,377.70,46.45,143.41,144.28,45.49,433.39,56.62,71.35,25.76,111.32,51.61,130.84,57.76,132.59,295.81,49.68,134.56,326.66,194.41,167.85,60.39,352.97,154.49,198.87,131.49,89.44,76.47,73.30,547.71,803.82,199.49,48.19,103.89,,665.99,286.37,46.71,1878.90,130.04,60.84,74.86,188.76,672.54,39.78,163.89,31.11,334.28,54.90,75.99,48.90,112.34,94.98,27.85,94.40,192.70,45.80,63.88,20.47,62.41,485.71,156.02,25.15,139.71,313.39,29.96,208.74,59.30,686.97,203.51,286.94,50.37,143.49,70.30,136.63,158.14,468.72,31.15,27.65,72.08,192.84,100.36,,36.11,71.46,271.37,814.20,28.71,194.63,130.38,278.17,,83.99,366.03
2021-08-31,22.34,148.35,290.90,173.54,245.24,376.43,46.57,143.51,144.28,45.34,432.97,56.92,71.88,26.34,110.72,51.51,129.95,57.45,131.74,294.91,49.79,134.89,324.61,195.63,167.39,61.04,351.19,150.76,198.91,132.17,90.30,76.84,70.40,548.23,797.55,200.29,48.98,105.57,,663.70,281.00,47.56,1867.45,130.08,60.08,75.51,188.73,668.88,39.61,163.48,30.58,332.24,54.82,75.94,48.78,112.26,100.02,28.84,94.93,191.40,45.70,63.03,20.45,63.11,477.97,154.99,25.02,141.75,310.09,29.82,197.27,59.06,673.76,201.43,287.12,49.74,141.09,69.43,137.80,161.22,469.33,31.51,28.04,71.33,181.87,100.31,,36.08,70.95,273.16,816.66,28.92,195.58,132.35,278.34,,84.74,367.06
2021-09-01,22.39,149.02,290.85,173.95,244.70,379.08,46.47,144.03,144.65,44.97,433.95,58.21,71.90,26.20,109.99,51.53,128.35,56.98,132.43,294.24,49.43,136.20,320.30,193.74,165.15,60.27,354.24,149.06,197.10,132.57,89.80,76.72,74.30,545.35,806.30,197.14,49.35,105.54,,665.89,269.97,45.94,1896.51,129.78,59.62,75.17,186.77,676.39,39.50,164.15,30.59,333.63,55.05,76.73,48.90,111.44,106.83,28.43,95.02,191.80,46.14,61.69,20.20,60.67,479.09,156.59,24.85,142.94,303.24,30.18,193.94,59.91,676.90,197.04,285.23,50.02,143.13,70.25,135.77,161.93,469.29,31.58,29.13,70.53,181.65,99.57,,36.24,71.44,273.37,818.44,29.01,196.84,136.23,276.71,,86.84,371.70
2021-09-02,22.35,150.13,290.19,173.16,244.13,372.36,46.72,142.11,143.04,44.85,438.18,58.85,72.16,26.51,109.20,51.96,129.30,57.20,130.89,296.83,49.49,136.30,322.46,196.00,166.08,60.67,357.18,150.46,198.10,131.36,90.33,77.09,78.45,542.11,824.59,199.22,49.84,105.47,,664.64,272.67,46.39,1931.33,130.33,60.21,77.16,186.47,671.22,38.59,165.19,30.62,337.74,54.69,77.10,48.80,110.90,102.76,28.94,95.08,191.72,46.84,62.78,20.96,62.64,480.96,157.20,25.19,141.94,287.47,30.48,194.32,60.40,685.44,200.18,284.01,51.91,146.55,69.57,137.09,162.03,472.20,31.68,29.24,70.83,182.87,99.65,,36.26,71.88,271.32,821.01,28.99,198.33,134.93,282.20,,87.18,376.00
2021-09-03,22.79,150.77,290.18,173.90,244.52,373.33,46.94,142.56,143.60,45.38,439.68,59.05,71.99,26.64,109.92,51.86,130.63,58.01,130.76,294.82,49.29,136.43,326.31,196.36,166.49,60.35,357.26,150.29,195.86,130.92,90.49,78.04,77.98,545.46,821.56,198.05,49.82,105.31,,666.59,278.23,46.22,1946.01,128.02,60.39,77.86,187.23,675.01,38.99,165.71,30.08,336.64,54.51,76.66,48.79,109.67,102.23,28.31,95.12,193.46,47.13,64.04,20.79,61.82,484.93,158.00,25.04,143.11,288.75,30.31,195.31,59.96,688.33,197.46,287.59,52.60,147.16,71.23,138.06,160.56,472.18,31.13,28.51,71.09,184.89,99.55,,36.41,71.18,277.74,811.33,28.79,198.79,135.61,287.40,,87.86,384.59
2021-09-07,22.61,153.10,289.26,175.46,250.97,379.20,46.31,143.10,144.33,45.28,436.88,60.67,71.82,26.70,109.15,51.39,131.26,56.35,129.29,296.89,49.41,134.20,326.37,191.99,166.12,59.70,359.39,151.06,191.20,130.12,91.83,77.11,74.04,542.77,825.06,192.20,48.67,104.05,,661.39,269.68,45.46,1953.83,129.03,60.13,75.92,182.58,664.32,38.71,164.98,29.62,336.32,53.03,75.38,47.59,108.85,107.74,27.96,93.90,197.12,46.06,62.82,20.67,61.30,480.32,165.00,24.20,141.76,287.46,30.12,195.19,58.33,681.67,188.27,291.70,51.59,147.56,64.80,137.36,159.11,462.98,30.72,28.14,70.72,182.67,97.53,,35.75,70.86,274.37,800.83,28.66,196.88,137.91,282.90,,87.71,381.69
2021-09-08,22.29,151.56,289.29,176.27,251.29,374.63,46.37,142.51,143.70,45.08,442.67,60.60,70.48,25.58,106.17,51.22,128.44,55.43,128.52,293.09,49.34,136.10,321.54,191.59,165.54,60.28,360.85,151.43,192.46,129.01,90.94,77.62,68.00,549.66,821.44,191.37,48.54,106.07,,663.22,265.23,43.71,1906.14,128.77,59.27,72.70,185.20,664.70,39.43,165.56,29.79,336.59,53.75,76.88,48.42,108.59,104.72,26.98,95.54,200.92,45.94,61.84,20.39,61.11,475.20,163.93,24.14,140.67,289.56,30.64,190.84,59.54,687.70,186.31,283.71,51.60,146.47,63.86,139.57,159.45,468.53,31.18,27.81,69.94,182.56,98.23,,36.17,71.28,272.20,799.79,29.78,200.02,137.64,280.66,,88.66,381.75
2021-09-09,22.13,150.54,286.44,174.21,251.62,375.06,46.05,142.36,143.73,45.00,442.90,59.75,71.07,26.13,106.15,51.15,129.83,56.39,126.38,294.13,49.18,135.24,332.12,187.00,165.25,59.22,356.67,156.18,191.20,128.16,91.05,77.75,71.09,549.82,817.14,188.09,48.07,106.74,,661.68,265.16,44.21,1883.41,130.99,60.14,75.29,184.26,641.77,39.48,165.91,29.47,333.55,53.53,76.65,48.17,108.61,104.28,26.79,95.96,207.74,46.45,62.15,21.11,61.90,471.60,166.00,23.93,138.92,287.68,30.56,192.99,59.50,676.57,189.60,285.35,50.20,141.54,64.06,140.90,157.03,465.08,30.77,28.14,70.70,181.15,97.55,,35.52,71.11,270.00,785.41,29.38,198.58,138.16,280.22,,89.69,378.84
2021-09-10,22.43,145.56,284.95,173.46,245.42,375.74,45.88,139.72,140.77,45.42,442.16,59.87,71.68,26.28,105.20,50.53,131.60,56.82,125.77,292.00,49.59,135.01,334.74,185.41,167.16,59.54,341.16,157.23,190.72,129.15,90.50,78.32,77.38,549.46,822.28,188.57,47.86,107.24,,658.94,262.00,43.63,1847.41,130.56,60.06,72.35,182.15,646.12,39.49,166.87,29.09,332.49,53.20,75.32,47.96,107.23,103.75,26.15,96.84,210.37,46.67,62.10,21.42,61.39,477.10,165.20,24.01,141.67,284.43,30.37,194.51,58.21,681.61,189.55,282.81,50.24,142.43,61.56,137.15,153.94,460.28,30.77,27.15,71.38,179.81,96.66,,35.81,70.91,267.53,787.12,29.20,199.25,137.35,270.64,,90.15,379.97
2021-09-13,22.11,146.13,286.18,172.86,247.67,373.58,45.62,141.17,142.30,45.50,436.93,58.93,72.51,25.83,104.80,50.71,134.10,57.83,125.01,294.88,50.65,135.27,339.54,187.99,170.08,59.67,342.61,159.88,191.78,129.81,91.18,79.35,74.96,539.82,834.13,190.72,48.40,107.09,,645.15,254.03,44.04,1852.61,134.74,61.25,72.36,181.39,635.23,39.16,164.63,29.04,331.59,53.67,74.88,47.69,107.93,104.16,27.06,97.52,208.64,47.10,59.38,21.90,63.65,472.61,160.32,23.92,141.24,281.28,30.76,196.94,57.62,655.05,185.79,279.00,50.88,141.65,64.27,135.23,152.93,458.25,31.05,27.66,72.84,176.25,95.91,,35.71,71.04,267.75,793.07,29.45,198.74,135.11,267.84,,89.37,376.71
2021-09-14,22.20,144.73,288.88,172.50,248.16,373.60,45.38,141.38,142.24,45.76,435.74,57.78,71.67,26.26,105.73,50.51,134.77,57.33,123.95,293.41,50.22,134.74,340.29,187.40,171.07,59.68,346.34,160.49,188.85,127.76,91.44,80.81,75.63,550.32,850.24,188.41,44.87,106.81,,645.01,257.30,43.31,1856.34,137.01,61.17,71.32,181.16,640.82,39.39,164.93,28.67,332.59,53.30,74.47,47.48,106.85,101.78,26.26,95.02,203.33,46.85,60.12,21.85,61.92,478.49,163.30,23.77,141.91,279.35,30.65,194.43,57.18,661.39,187.97,280.74,50.36,141.06,61.85,138.12,152.15,455.19,30.94,27.30,72.82,177.26,96.10,,36.15,70.37,269.78,761.86,29.10,199.54,135.56,275.80,,89.34,389.39
2021-09-15,22.29,145.62,293.73,173.79,251.94,371.01,45.46,143.25,144.02,46.48,437.95,58.29,72.00,27.08,105.60,50.24,135.82,58.09,122.18,295.85,50.77,135.50,350.75,189.21,173.17,60.79,348.51,161.06,190.14,125.13,93.30,79.99,73.57,554.04,851.45,188.86,46.01,103.01,,661.08,259.57,43.85,1889.26,139.26,61.33,72.72,181.87,647.62,40.06,167.54,29.00,336.09,53.44,74.04,47.57,107.32,99.30,26.81,95.65,209.85,47.21,60.31,22.56,66.74,479.00,166.37,24.09,133.78,286.62,30.94,195.23,56.61,661.65,187.48,280.93,51.14,142.10,63.30,139.11,152.69,461.09,31.29,27.64,73.52,177.83,96.14,,37.24,71.11,269.85,765.20,29.11,198.57,137.92,273.44,,88.95,394.53
2021-09-16,22.20,145.38,294.12,174.41,252.33,370.16,45.61,142.43,143.20,46.26,440.40,58.65,72.79,28.63,106.22,50.04,138.57,58.50,123.94,294.49,50.50,135.10,355.22,188.54,172.57,60.42,344.67,160.25,188.39,125.28,92.08,80.81,71.62,554.79,849.51,187.10,46.23,103.04,,665.11,264.74,43.86,1881.35,139.38,62.10,73.12,179.94,648.80,40.46,167.61,29.05,335.38,53.62,72.90,47.94,108.02,99.89,26.99,95.84,221.50,46.02,60.81,21.90,65.51,481.74,168.15,23.98,132.72,290.68,30.53,195.86,56.22,663.45,190.20,281.47,51.24,142.45,63.30,144.14,151.89,460.04,31.35,26.86,73.93,179.54,95.84,,38.07,71.37,271.07,765.24,29.36,196.52,141.28,274.39,,89.10,403.91
2021-09-17,21.85,142.72,288.96,173.13,253.16,361.88,45.51,139.65,140.31,46.14,436.79,58.94,72.46,28.71,103.88,49.62,135.41,57.85,123.07,290.95,49.98,133.85,353.11,190.29,172.07,60.66,345.76,158.69,187.40,120.93,91.31,79.39,72.75,544.11,823.22,188.30,46.10,101.91,,654.48,263.09,43.59,1878.23,138.51,60.97,72.19,180.19,647.51,39.96,163.63,28.49,325.54,53.82,71.31,47.32,108.95,100.73,26.88,94.24,222.91,45.52,59.90,21.49,67.59,480.48,166.59,23.73,130.69,288.15,30.34,192.46,55.35,661.71,190.34,274.87,49.84,141.54,61.43,143.13,151.66,453.18,30.84,26.78,73.02,172.38,95.33,,35.99,70.18,268.51,763.48,29.37,195.21,140.79,275.66,,89.38,404.60
2021-09-20,21.07,139.67,283.59,167.79,243.39,352.93,44.89,137.58,137.88,45.12,428.83,57.54,70.58,26.55,101.55,48.78,130.34,56.04,120.79,284.26,48.80,133.40,339.14,186.59,168.86,60.11,338.00,156.80,185.03,120.17,91.91,79.07,70.34,536.89,804.93,185.67,45.59,100.48,,641.29,257.56,42.61,1820.70,137.47,59.58,71.51,180.31,636.59,39.93,160.93,27.98,321.30,53.37,70.63,46.40,107.53,94.18,26.01,94.41,220.32,44.58,59.41,20.54,64.72,471.88,161.64,23.70,126.99,283.60,30.24,186.44,54.87,659.78,183.46,268.47,49.02,142.44,58.84,142.25,148.84,448.19,30.32,26.01,70.94,172.94,94.98,,35.29,69.79,267.19,755.90,29.10,195.79,139.44,269.98,,88.72,400.59
2021-09-21,21.20,140.15,284.07,167.18,246.46,354.70,44.98,137.89,138.51,45.10,429.76,57.31,70.36,26.62,102.82,48.23,130.00,55.69,120.09,286.85,48.70,133.34,340.47,186.81,169.19,60.76,338.01,157.81,184.32,119.26,91.32,78.84,74.09,537.71,818.32,185.80,45.25,100.84,,645.89,254.11,41.75,1838.59,136.69,59.92,70.89,178.72,642.61,40.48,160.87,27.93,317.90,53.19,70.36,45.90,108.19,95.10,25.15,94.34,221.36,44.08,59.92,20.87,65.48,475.79,169.29,23.60,123.74,283.19,29.82,189.45,54.74,666.87,184.15,268.06,49.43,145.72,58.10,145.38,145.72,445.21,30.03,26.63,71.30,174.65,95.08,,35.26,69.28,270.18,747.63,28.88,197.01,138.45,272.33,,88.15,405.98
2021-09-22,21.89,142.51,287.72,169.00,250.65,340.54,44.87,139.13,139.79,45.98,429.97,59.06,72.14,27.43,104.38,48.46,132.81,57.10,122.81,287.88,49.28,133.75,349.00,185.31,171.78,60.47,342.82,160.85,186.13,120.40,94.48,79.33,73.08,545.03,827.90,184.27,45.22,101.60,,626.08,259.86,42.58,1879.49,138.99,61.53,72.08,179.86,642.72,41.35,162.23,28.07,320.52,53.49,70.14,46.28,108.54,97.60,25.44,95.04,217.66,44.33,60.32,21.05,69.03,490.53,169.96,23.85,123.39,286.42,30.04,195.91,54.65,671.47,182.21,270.89,49.61,145.00,59.96,148.69,145.25,447.66,30.33,26.67,73.20,175.00,95.84,,36.09,70.10,270.71,751.55,29.04,199.54,142.60,277.70,,88.37,406.40
2021-09-23,22.43,143.47,288.66,170.80,251.21,343.27,44.90,140.06,140.67,46.32,430.39,59.33,72.21,28.77,106.15,49.48,135.71,58.19,125.90,291.94,49.76,133.85,354.22,186.54,174.19,60.73,348.28,163.97,188.43,121.21,97.20,80.53,77.85,559.14,842.30,185.09,45.34,102.56,,630.84,262.29,43.27,1886.49,144.29,62.29,73.91,182.65,642.17,41.76,163.10,28.40,322.88,53.64,69.79,46.54,109.84,98.28,25.53,96.38,217.00,45.12,62.11,21.58,71.88,500.01,175.13,24.14,124.85,292.16,30.21,198.91,54.40,682.58,186.95,277.62,49.23,146.44,61.66,147.50,146.68,449.37,30.30,27.58,74.87,176.73,96.67,,36.46,71.73,270.07,741.95,29.18,202.85,143.18,280.02,,88.52,409.60
2021-09-24,22.03,143.56,288.46,171.28,258.13,350.21,45.02,141.05,141.47,46.38,444.62,59.24,72.22,28.56,105.80,49.51,136.48,58.18,124.44,291.83,49.94,133.92,352.84,185.29,175.93,60.31,347.78,165.18,188.00,121.19,97.83,81.75,79.47,559.67,831.81,183.61,45.39,102.54,,622.71,261.75,43.61,1869.62,146.80,62.46,74.81,183.41,634.61,41.70,163.55,28.59,321.94,53.31,69.57,46.37,110.25,94.55,25.30,96.30,220.52,44.95,62.38,21.75,72.58,500.18,175.88,24.24,126.81,294.67,29.96,199.21,54.77,679.64,187.40,276.63,48.51,148.05,59.94,147.32,147.36,452.55,29.92,27.01,74.93,179.75,96.38,,36.95,72.17,268.43,739.17,29.24,201.88,140.18,279.99,,88.34,413.94
2021-09-27,21.61,142.04,283.47,170.29,263.79,350.83,44.73,139.92,140.35,46.37,437.79,59.26,73.32,27.47,108.16,49.07,137.27,58.72,122.86,290.85,50.35,132.63,349.26,184.86,175.65,59.65,337.92,163.68,186.89,120.82,97.24,81.01,76.70,549.10,799.73,183.41,45.43,102.15,,603.65,253.34,44.45,1768.15,148.54,61.92,75.53,182.95,614.92,41.58,158.16,28.72,313.40,52.53,68.98,45.90,110.83,96.32,26.14,94.84,216.73,45.52,60.11,22.37,78.11,491.70,174.26,24.19,128.84,294.06,29.75,199.22,53.84,650.02,193.85,271.94,49.04,145.88,59.47,142.00,148.65,448.40,30.05,27.93,75.28,179.02,95.32,,36.68,72.55,263.78,734.41,29.61,197.77,137.27,272.73,,87.63,391.89
2021-09-28,20.66,138.66,273.20,165.80,259.19,338.00,44.18,134.72,135.08,45.10,425.23,58.38,71.29,25.34,101.52,48.46,127.80,55.80,121.44,282.12,49.74,131.18,331.36,184.13,170.88,59.27,330.83,158.48,184.38,117.58,95.53,79.39,72.71,527.80,746.94,181.60,44.19,100.38,,578.77,241.86,43.89,1682.01,147.84,59.65,73.18,178.93,600.94,40.87,152.47,28.67,301.93,51.84,68.91,44.75,108.88,89.00,25.60,92.61,206.32,45.11,57.58,22.37,77.71,473.40,168.58,23.60,130.59,287.85,29.33,189.57,53.12,626.85,177.08,260.80,47.81,143.43,57.35,137.40,149.11,439.83,30.07,26.23,71.77,177.59,93.53,,35.28,71.00,252.37,727.49,29.43,195.83,134.24,258.74,,85.38,381.58
2021-09-29,20.47,139.56,273.67,165.06,260.44,336.97,44.16,133.25,133.43,44.96,429.45,59.91,69.87,24.52,100.35,48.42,123.36,54.04,123.17,281.37,49.27,132.27,320.16,186.41,169.28,60.09,330.78,156.21,184.33,117.02,93.37,78.85,74.16,529.66,718.45,182.22,45.14,100.79,,577.70,239.57,42.67,1662.99,146.22,59.06,72.22,181.01,602.63,41.73,152.25,28.54,302.62,52.47,69.67,44.67,109.28,89.06,25.42,93.37,205.83,45.25,57.77,22.49,78.58,468.58,168.07,23.67,134.66,287.99,29.59,182.73,54.20,629.55,177.45,257.62,47.65,143.26,56.63,138.14,151.60,442.39,30.60,26.23,69.38,175.14,94.51,,35.35,70.27,249.51,733.18,30.16,196.45,136.40,258.88,,85.38,387.60
2021-09-30,20.67,138.26,271.66,164.25,258.49,336.75,43.83,132.58,132.18,44.54,427.13,61.03,69.32,24.04,102.90,47.51,123.80,54.20,122.84,275.96,49.07,130.62,319.40,184.46,168.53,59.17,331.38,154.95,182.07,116.75,93.21,79.83,72.37,522.47,713.37,181.39,45.14,99.12,,575.72,245.78,42.48,1679.40,142.54,59.22,71.72,181.32,601.12,40.74,151.44,27.95,299.41,51.69,68.83,44.42,103.46,90.67,25.38,91.31,205.98,44.05,58.41,22.20,77.45,468.65,167.75,23.12,138.86,285.17,29.41,180.08,54.06,621.90,188.81,258.83,47.63,139.75,57.84,141.35,154.07,433.25,30.34,27.54,69.57,175.02,98.54,,34.68,69.00,249.89,727.56,29.59,194.41,136.71,262.22,,86.06,391.42
2021-10-01,20.70,139.38,278.58,164.16,258.41,340.34,43.10,135.42,135.35,44.76,426.16,61.31,69.33,24.33,102.45,48.13,124.18,54.25,121.88,280.16,49.61,131.09,319.89,185.56,169.92,58.08,336.50,154.85,184.96,116.51,96.43,81.08,74.78,526.79,710.21,180.35,46.18,101.47,,577.47,249.27,42.97,1667.60,150.13,58.74,73.36,183.21,566.96,40.30,153.01,28.52,302.49,51.72,69.00,44.94,105.59,88.15,25.74,92.91,203.99,44.35,59.60,22.61,80.88,467.10,173.01,23.16,140.17,284.06,29.08,177.34,54.05,623.98,192.68,263.24,48.12,139.53,61.25,144.69,158.54,434.66,29.49,27.38,69.22,178.77,100.91,,34.98,69.99,254.55,738.08,29.48,194.13,137.48,263.16,,87.77,392.22
2021-10-04,19.69,135.96,272.81,159.49,260.51,323.69,42.68,132.56,132.68,43.72,418.38,60.33,68.97,23.17,100.34,47.65,120.40,52.39,120.63,277.15,49.25,130.44,314.21,183.41,166.94,57.23,323.50,151.97,183.72,114.67,96.58,78.26,71.88,508.76,682.57,177.40,45.83,100.16,,558.49,238.88,42.86,1592.75,149.33,56.54,73.13,181.37,551.69,39.89,148.05,28.68,289.25,51.60,70.41,44.25,104.75,85.08,25.61,92.62,197.68,43.97,57.77,22.85,84.58,448.66,164.50,22.99,139.75,272.93,29.42,173.72,55.27,614.19,195.02,253.65,47.31,138.47,60.72,137.10,157.13,432.63,29.06,26.46,66.46,166.09,100.79,,34.14,69.12,249.68,740.96,29.65,192.99,131.61,251.86,,85.79,382.71
2021-10-05,20.41,137.88,278.25,161.05,260.20,330.37,42.96,134.91,135.07,44.59,424.18,63.48,68.85,23.21,101.81,48.06,123.16,52.94,120.57,280.14,49.69,131.21,316.27,183.77,169.99,57.10,330.07,153.00,185.02,115.44,95.51,79.26,73.75,516.51,701.65,177.01,46.04,99.61,,566.70,244.92,42.87,1585.44,149.62,58.31,74.00,184.80,547.20,40.51,150.21,29.54,293.35,52.27,70.39,44.78,102.96,87.42,26.15,93.99,199.50,45.66,59.70,22.75,85.22,453.98,164.74,23.17,140.66,275.98,29.41,176.18,54.75,614.80,198.35,258.77,47.81,141.52,65.10,141.89,162.02,434.55,29.70,26.54,67.09,165.28,102.38,,34.65,69.21,252.05,747.79,29.79,195.73,135.10,258.50,,86.51,389.94
2021-10-06,20.66,138.75,282.45,163.10,260.92,331.04,43.28,136.44,136.24,44.89,427.12,63.91,68.31,23.58,103.64,47.40,121.67,52.54,119.80,278.47,49.72,134.58,314.24,182.14,170.44,57.16,334.94,153.63,186.00,115.92,96.13,81.02,77.00,517.73,701.30,180.91,46.13,100.32,,570.31,248.20,42.47,1548.57,149.49,62.59,70.06,185.92,542.90,40.86,150.04,30.59,294.57,53.49,71.70,45.05,100.64,89.32,25.88,94.98,205.26,45.68,60.36,22.25,85.17,451.38,167.25,23.30,130.88,277.42,29.88,175.51,55.64,617.17,201.08,262.66,47.32,143.10,67.38,143.31,165.44,441.28,30.30,27.46,66.97,166.02,103.44,,34.42,69.14,256.33,743.75,30.02,197.77,135.46,264.25,,86.34,395.19
2021-10-07,21.03,140.01,284.12,165.12,264.54,326.66,43.79,138.08,138.05,45.37,430.48,63.19,68.89,23.73,106.45,48.35,122.98,52.93,118.44,281.39,49.90,135.82,315.19,181.39,171.25,57.72,338.34,154.49,187.29,115.72,96.95,82.28,84.94,521.41,715.01,180.02,46.53,100.83,,578.96,249.88,43.19,1554.04,151.84,64.03,71.08,188.26,548.32,40.79,152.25,30.25,298.37,53.21,71.34,45.03,102.57,94.95,26.46,96.14,204.92,46.33,61.92,22.26,86.00,456.58,169.60,23.62,134.31,283.02,29.64,178.23,55.33,623.01,202.91,262.14,47.94,143.53,69.28,142.10,170.77,440.82,31.10,27.61,67.65,168.94,103.97,,35.22,69.98,257.86,741.95,29.80,200.69,134.80,269.88,,87.19,392.98
2021-10-08,20.79,139.63,284.12,164.43,261.83,327.48,43.92,138.64,138.92,45.27,429.51,63.27,68.48,23.50,105.06,48.40,121.39,52.39,116.55,278.60,49.56,135.50,311.32,181.25,171.19,57.65,328.54,156.01,186.72,114.55,97.16,82.13,86.34,515.00,699.16,178.94,44.35,99.94,,576.86,245.00,42.59,1511.19,151.21,63.51,69.47,186.98,546.33,40.68,150.12,30.74,291.66,52.90,70.86,44.63,102.53,96.22,25.89,96.62,204.42,47.31,61.43,22.66,89.91,453.22,169.97,23.62,136.66,278.94,29.42,174.97,54.66,617.02,203.70,258.68,46.57,140.58,70.88,140.32,173.69,439.11,31.13,28.46,66.24,164.55,103.99,,35.10,70.19,255.90,706.13,29.56,201.40,132.27,266.66,,86.88,390.74
2021-10-11,20.65,139.54,283.52,162.32,263.98,322.92,43.88,137.78,137.72,45.22,427.47,62.70,67.60,23.53,104.68,48.27,122.62,52.61,112.68,277.33,49.22,135.69,310.51,179.30,169.55,57.67,324.18,155.34,184.65,113.09,96.89,83.30,87.41,509.46,691.14,179.58,42.33,99.69,,573.07,244.36,42.27,1459.32,150.95,62.35,70.95,184.80,542.59,40.35,149.52,30.55,288.74,52.80,69.96,44.03,100.32,94.83,25.17,96.52,195.30,46.78,61.36,22.85,90.59,445.59,166.67,23.40,136.15,276.54,28.94,170.95,54.00,612.77,204.53,253.69,46.01,140.22,73.18,141.96,170.72,439.74,31.21,29.14,65.23,167.50,102.83,,34.69,70.10,253.67,695.23,29.56,200.48,132.20,267.70,,86.53,389.50
2021-10-12,20.63,138.27,282.22,162.37,268.57,321.25,43.83,135.33,135.60,44.57,424.78,62.49,65.16,23.69,105.04,47.69,121.90,52.07,111.80,278.24,48.05,136.29,305.12,175.12,165.26,57.07,324.45,151.75,183.83,111.29,96.78,84.21,87.18,511.05,694.16,180.21,42.42,99.74,,580.69,252.74,40.79,1461.25,151.55,62.49,68.67,184.88,540.79,40.59,150.16,30.20,292.04,53.02,69.99,43.97,100.94,93.52,24.58,96.91,199.00,46.65,61.32,23.12,89.99,446.42,172.75,24.12,133.42,275.91,29.38,168.42,54.49,615.91,203.44,254.49,45.90,139.65,71.07,145.59,171.35,439.67,31.23,29.32,63.91,171.43,102.82,,34.63,69.84,257.19,690.62,29.56,201.67,134.62,277.72,,87.16,397.47
2021-10-13,20.89,137.68,285.53,164.21,270.36,322.01,43.51,136.45,136.78,44.55,423.28,62.98,64.83,24.13,109.16,47.99,123.30,51.84,111.97,283.11,48.13,137.21,305.94,176.61,164.05,57.29,326.00,152.06,184.90,113.19,96.69,84.08,88.01,518.71,712.71,181.34,42.72,99.53,,591.12,270.44,40.80,1518.43,148.83,62.33,69.15,186.10,543.45,40.82,153.50,30.62,296.30,53.28,70.76,42.67,101.36,97.58,25.50,97.23,205.42,46.96,62.02,23.57,88.51,450.56,173.58,24.04,133.19,283.45,29.86,168.34,55.69,623.12,203.89,255.00,46.74,139.16,72.63,155.89,170.60,443.82,31.90,28.83,63.69,176.62,102.93,,34.96,70.32,266.60,696.23,29.57,202.27,137.01,286.64,,89.38,407.04
2021-10-14,21.70,140.47,291.73,164.99,272.77,325.97,43.99,139.99,140.26,45.70,428.38,63.38,66.22,24.35,111.99,48.90,127.01,54.08,114.67,290.43,49.65,138.31,314.89,179.36,168.78,57.73,330.95,155.62,187.48,116.46,98.02,83.83,90.79,527.28,745.14,181.90,43.77,100.52,,607.51,276.01,42.56,1524.25,149.41,64.17,71.70,189.12,551.89,41.68,157.33,31.42,304.83,53.87,71.26,42.80,102.79,94.03,25.26,99.89,212.43,48.30,62.76,24.09,89.04,464.18,170.50,24.92,132.48,289.17,30.50,173.86,56.59,629.72,209.29,265.03,47.68,144.44,72.39,153.36,169.38,450.00,31.61,26.90,65.71,179.03,104.06,,36.19,72.01,271.11,703.67,29.94,205.36,138.63,293.89,,92.35,406.73
2021-10-15,21.82,141.52,293.14,170.45,281.01,322.23,44.20,140.21,140.52,46.22,430.02,62.83,66.10,24.00,112.12,48.55,126.55,53.75,113.03,289.93,50.16,137.92,314.24,180.28,170.49,57.29,331.50,159.17,189.31,117.86,99.67,84.64,91.84,535.40,755.77,181.77,43.79,100.15,,610.09,273.11,41.70,1563.09,154.05,64.52,71.26,193.17,549.53,41.93,155.78,32.11,306.26,53.44,70.79,42.79,103.33,94.01,24.83,99.79,214.07,48.50,63.06,24.14,88.59,465.13,169.18,24.98,131.54,291.19,30.30,174.51,57.02,635.15,208.56,266.92,47.42,147.83,74.99,154.48,170.56,454.18,31.37,26.49,65.98,177.94,104.41,,36.25,73.30,270.99,699.03,29.72,204.46,136.12,292.70,,93.80,409.74
2021-10-18,22.18,143.20,296.11,172.34,290.04,332.73,44.55,141.61,141.80,46.23,439.11,63.80,65.69,24.26,116.43,48.49,128.18,54.16,112.86,289.68,50.17,137.29,312.01,176.20,170.90,55.83,332.30,160.36,189.23,117.78,98.25,85.86,92.21,547.43,754.64,180.80,43.15,101.87,,622.83,285.35,41.69,1592.62,153.25,66.01,70.61,192.79,539.83,42.56,157.54,32.17,307.22,53.09,70.36,42.72,104.08,97.00,24.67,101.00,215.37,47.88,65.35,24.21,89.39,474.10,172.32,24.94,131.50,292.67,30.35,176.76,55.94,638.29,203.90,268.89,45.98,150.35,73.96,157.42,171.75,455.58,30.88,26.36,66.91,181.70,105.25,,36.92,73.35,272.67,706.88,29.64,204.86,135.32,301.31,,94.94,414.77
2021-10-19,22.24,145.36,297.02,172.21,288.09,337.34,45.50,142.06,142.65,46.88,443.99,63.90,65.99,24.69,116.33,48.98,129.44,54.36,113.99,292.23,50.85,139.04,317.14,179.36,173.81,56.67,336.30,163.42,190.22,119.94,96.72,85.42,95.66,555.42,766.84,185.41,43.97,101.98,,636.07,282.35,41.88,1591.26,149.21,66.68,70.50,194.07,548.41,42.55,158.83,32.06,311.00,53.12,71.05,42.50,103.28,97.52,24.90,101.68,213.33,48.28,66.42,24.12,90.76,479.66,170.74,25.21,133.49,296.69,30.62,181.08,56.16,640.99,206.59,270.26,46.05,150.53,72.72,157.94,172.04,461.02,30.87,26.64,67.86,185.27,106.74,,37.03,74.19,277.27,717.91,29.58,205.84,137.51,298.03,,96.52,410.46
2021-10-20,22.06,145.84,296.23,170.75,288.60,338.13,45.91,140.61,141.26,46.79,446.54,62.51,66.68,24.22,116.39,49.38,128.85,53.85,117.24,292.74,51.00,140.09,316.08,181.86,174.82,56.64,339.80,163.69,191.81,119.63,93.62,85.32,93.33,553.22,735.00,185.49,44.35,102.31,,632.37,283.33,42.45,1604.01,147.53,66.03,69.99,193.23,558.93,42.96,160.09,32.39,315.50,53.57,71.98,42.47,103.78,99.40,25.33,101.63,215.68,48.52,66.69,22.76,90.93,484.40,169.76,25.10,135.89,298.64,31.16,181.60,56.71,642.20,203.82,256.99,46.60,153.04,75.82,158.85,173.50,461.81,31.00,26.71,67.88,179.05,106.81,,37.37,73.60,277.26,734.01,29.67,205.73,139.13,297.67,,96.82,409.69
2021-10-21,22.64,146.06,299.45,171.75,298.00,339.22,46.17,140.72,141.62,47.22,453.63,65.32,67.04,24.78,119.33,48.93,128.23,52.89,112.35,292.82,51.58,138.24,320.36,181.28,176.49,56.75,339.63,165.43,192.57,120.44,94.68,84.67,96.30,560.80,754.01,187.09,43.80,102.83,,638.66,284.10,42.75,1583.94,149.82,65.91,71.48,194.74,565.55,44.22,165.45,32.91,321.01,53.45,72.24,42.62,105.23,97.15,25.00,101.86,218.82,48.42,66.87,21.79,89.12,500.38,170.50,25.14,137.28,305.68,31.07,185.03,56.75,645.24,204.33,241.92,45.82,155.74,73.54,160.92,182.06,467.94,30.54,27.52,68.91,184.60,107.24,,37.96,73.53,281.01,735.67,29.24,206.90,142.02,305.69,,98.54,417.12
2021-10-22,22.68,145.29,297.91,166.78,303.23,322.08,46.65,136.44,137.50,47.34,458.16,66.48,65.93,24.43,119.82,48.42,130.72,53.02,112.37,295.49,45.56,138.93,327.54,181.50,174.55,56.96,341.52,165.07,186.46,119.14,94.03,84.02,94.25,572.87,766.85,183.52,43.96,102.93,,643.58,283.39,42.94,1503.78,148.95,65.17,75.81,197.49,568.52,44.24,166.76,33.29,321.12,53.77,72.56,42.37,104.93,99.05,25.10,102.39,213.83,48.56,67.06,22.12,89.45,494.05,166.64,25.11,137.71,308.58,31.22,183.82,56.69,651.85,198.61,239.12,45.53,157.22,71.85,162.39,180.75,473.73,30.79,27.45,68.17,182.65,108.46,,38.07,73.45,280.79,730.93,29.24,207.70,141.64,307.87,,99.29,423.20
2021-10-25,23.12,145.24,296.92,166.02,341.62,326.13,47.19,136.32,137.64,47.95,465.87,67.17,67.15,25.41,122.36,48.45,130.56,52.56,111.46,297.87,45.51,138.28,327.73,180.10,175.54,57.32,343.59,167.02,186.58,119.42,94.75,82.96,93.56,584.27,754.85,184.99,43.84,103.08,,646.97,280.10,42.77,1536.51,148.99,66.50,77.49,197.78,572.33,44.09,167.37,33.58,324.00,53.61,71.79,42.19,107.52,100.64,25.29,102.81,216.33,48.69,66.38,22.59,89.51,505.52,169.24,25.29,138.80,311.79,31.39,184.15,55.92,652.52,199.67,245.57,44.90,158.67,74.60,161.58,182.99,474.43,30.59,27.08,68.72,179.80,107.94,,38.32,73.42,282.15,731.01,29.11,205.81,142.09,311.20,,99.19,429.01
2021-10-26,24.66,145.90,298.83,168.80,339.48,313.35,46.78,138.17,138.53,49.04,461.52,66.85,67.33,25.52,122.93,49.04,126.94,52.27,111.88,297.96,44.47,139.97,326.52,181.01,172.71,57.38,348.70,166.42,187.25,119.43,95.93,81.09,94.01,590.14,757.52,184.07,43.58,103.27,,642.50,287.08,42.39,1544.66,150.19,66.56,76.54,198.44,588.18,43.89,172.93,33.55,328.03,54.05,71.58,42.79,108.22,93.19,24.64,103.27,212.93,48.49,64.53,23.07,91.38,506.01,171.14,25.23,139.01,312.80,31.65,180.34,55.77,651.96,197.71,241.71,45.39,159.19,73.49,163.87,182.54,474.82,30.72,26.86,66.89,180.20,108.25,,38.31,73.22,282.76,728.23,29.28,205.13,141.41,315.32,,99.74,424.52
2021-10-27,24.40,145.44,311.41,169.62,345.95,309.79,46.39,145.02,145.24,48.05,464.93,66.29,66.65,25.06,122.28,49.36,127.10,52.72,112.13,300.03,44.11,139.48,325.19,179.19,164.05,56.56,348.98,157.71,185.02,118.76,95.34,82.14,94.92,594.52,766.88,180.94,42.51,102.00,,640.08,279.00,41.75,1500.00,153.81,66.53,76.51,201.30,585.64,43.40,165.10,33.71,319.13,53.66,71.48,42.44,105.18,92.29,23.60,101.45,198.95,47.87,64.12,22.45,88.01,507.64,169.10,25.02,137.03,308.51,31.63,176.90,54.83,640.50,191.16,233.69,45.41,158.28,71.50,157.09,180.91,467.89,30.38,26.40,65.61,176.30,107.33,,37.90,72.25,283.13,714.51,29.25,201.79,139.63,310.10,,89.82,412.88
2021-10-28,24.89,149.08,312.55,172.33,359.01,314.45,46.68,144.65,144.94,48.64,467.03,67.40,67.96,25.64,121.16,49.42,130.81,53.89,111.57,299.08,44.28,140.36,339.29,179.70,164.73,57.04,355.61,159.56,187.39,121.01,95.41,83.07,97.90,596.73,778.55,182.00,42.08,101.72,,639.28,281.17,43.11,1516.87,153.98,67.30,77.83,202.20,620.99,41.65,168.92,34.06,326.78,54.16,71.82,42.45,107.38,92.45,24.31,102.20,196.00,49.90,65.48,22.78,89.18,531.53,171.70,25.30,136.89,317.10,32.09,183.79,55.64,653.02,162.14,235.57,45.73,163.72,71.71,161.00,181.11,473.11,31.53,29.59,67.47,174.64,108.10,,38.20,71.89,286.74,706.27,29.32,203.19,142.58,316.34,,87.57,417.33
2021-10-29,25.51,146.37,319.55,168.62,371.33,321.05,46.99,146.83,147.06,48.83,467.99,69.03,67.49,25.88,120.23,49.18,131.42,53.67,110.60,300.24,45.13,140.34,355.92,179.53,165.40,54.96,361.13,160.51,187.51,120.43,95.06,84.85,98.25,606.99,778.25,184.93,41.69,95.31,,650.36,281.80,39.35,1481.02,154.03,67.32,77.41,203.61,635.65,41.49,173.11,34.00,333.18,53.97,71.82,42.50,107.60,88.92,23.44,103.89,194.80,50.02,67.27,22.52,87.69,508.08,170.66,25.70,136.91,317.61,32.36,184.67,55.86,666.14,159.56,231.35,45.36,166.81,71.51,167.05,181.00,474.38,32.06,30.15,67.17,179.96,108.61,,38.82,72.61,289.98,674.89,28.84,204.11,155.80,318.86,,86.05,458.13
2021-11-01,25.77,145.55,317.39,165.91,402.86,327.41,47.10,142.32,142.60,48.50,468.31,68.12,69.05,26.56,125.23,49.29,134.17,54.54,111.40,303.79,45.64,140.05,363.09,181.98,165.39,55.60,355.03,161.90,188.48,122.03,97.76,84.72,99.49,590.33,773.05,185.40,42.37,98.66,,640.20,269.17,40.78,1489.66,155.77,67.77,79.87,201.47,634.86,41.32,173.84,33.55,329.84,54.12,72.18,42.73,108.37,93.48,24.42,103.32,197.94,50.84,64.82,23.34,91.31,511.77,174.60,25.57,138.39,315.01,32.79,188.60,55.79,666.48,166.36,230.05,46.33,168.56,73.61,165.20,183.80,465.94,32.33,31.05,69.71,180.67,107.13,,38.64,72.52,288.07,671.37,29.52,202.82,156.82,318.68,,85.15,450.14
2021-11-02,26.35,146.59,321.01,165.64,390.67,325.53,47.08,144.24,144.68,49.33,473.18,67.77,69.11,25.92,127.63,50.63,135.80,54.68,111.34,308.12,45.92,141.33,371.19,185.85,167.04,55.83,360.37,164.63,189.71,122.41,96.35,84.74,98.75,599.62,779.44,181.40,42.68,100.15,,640.40,268.12,41.42,1508.71,154.06,68.71,79.80,204.22,634.48,41.41,175.55,33.55,333.19,54.52,72.32,42.94,108.87,92.28,24.55,104.42,199.19,51.16,65.69,23.42,93.63,518.25,172.87,25.86,136.83,314.92,32.70,189.91,55.97,627.35,167.65,228.24,45.78,169.53,79.41,164.88,183.94,465.76,31.95,32.03,71.42,181.60,108.75,,38.51,73.10,291.28,681.50,29.80,203.18,159.91,325.87,,85.11,450.29
2021-11-03,26.54,148.02,321.85,169.20,404.62,329.04,47.23,145.40,145.59,49.82,478.27,68.83,69.59,26.12,130.53,50.66,137.28,55.37,117.24,308.91,46.41,142.69,375.89,189.21,166.90,57.10,361.49,165.43,191.09,125.35,95.63,83.16,98.36,603.97,796.72,189.07,42.93,101.19,,655.18,270.65,41.97,1531.93,158.37,68.06,81.23,204.75,647.72,41.44,172.97,33.54,333.41,55.39,72.01,43.66,111.52,92.39,25.60,105.05,206.02,50.52,65.98,22.91,91.47,521.23,172.87,25.79,136.18,308.37,32.88,198.39,54.92,625.66,172.87,229.15,46.38,170.22,81.03,162.79,184.16,465.26,32.06,32.42,72.32,184.91,108.76,,38.94,74.06,288.96,692.54,30.07,208.02,154.93,327.50,,84.42,445.43
2021-11-04,29.74,147.50,324.20,173.85,409.97,333.23,47.57,147.05,147.47,50.39,490.92,66.84,70.55,26.47,137.50,50.19,144.38,57.02,117.93,311.81,46.66,142.70,390.60,186.43,168.60,56.31,363.32,167.21,190.83,141.31,95.69,82.31,98.55,606.69,816.37,194.21,42.75,100.79,,674.08,279.62,41.42,1556.49,157.94,70.31,82.83,205.15,643.28,42.26,179.56,33.30,341.72,55.17,71.13,43.89,111.77,86.67,25.46,105.69,207.44,50.00,67.68,22.55,92.25,517.37,178.45,26.36,139.09,318.97,32.92,201.59,54.55,639.96,185.55,227.01,45.76,173.61,80.00,166.95,192.91,474.17,32.11,33.45,75.17,184.54,109.02,,38.83,73.96,290.48,686.07,29.89,210.26,157.46,331.90,,84.21,449.12
2021-11-05,29.69,148.03,323.83,175.95,407.36,338.47,47.24,147.63,148.03,51.34,488.54,64.57,71.22,26.00,136.34,50.15,147.42,58.16,117.95,312.27,47.23,144.16,397.91,185.43,170.62,56.18,364.95,170.40,193.89,147.57,102.84,82.30,98.47,596.33,813.02,192.85,43.70,105.05,,662.72,273.43,42.28,1629.76,161.33,70.62,84.09,208.24,607.44,42.54,178.00,33.28,340.75,55.32,72.10,45.81,113.73,83.67,26.52,106.01,198.68,50.24,68.24,22.43,93.09,528.21,201.62,26.22,136.25,324.52,32.94,206.18,55.18,637.40,187.25,224.58,47.47,170.46,79.75,185.51,187.20,470.91,32.32,33.43,77.75,182.64,109.80,,38.48,74.30,289.92,689.32,30.41,208.31,158.87,338.49,,83.25,440.22
2021-11-08,30.74,147.21,324.73,174.45,387.65,335.98,46.94,147.81,148.14,51.34,479.67,65.14,72.82,26.75,150.16,50.08,147.10,58.00,116.20,317.48,47.81,141.06,394.19,183.35,169.70,55.88,365.42,170.66,193.61,150.13,103.66,86.22,99.64,596.58,815.83,192.23,43.36,103.48,,666.02,282.93,41.98,1650.00,162.08,71.74,84.93,206.33,618.60,42.34,179.24,33.34,342.91,54.98,71.14,45.42,112.75,83.24,26.28,104.79,193.15,49.64,70.24,22.52,94.66,530.21,200.32,26.22,134.87,329.07,32.32,205.10,54.26,634.21,187.97,228.20,47.30,171.74,86.00,191.35,185.14,475.00,31.77,32.83,76.30,176.65,108.53,,38.54,74.54,292.73,695.18,29.90,208.62,159.27,350.17,,83.07,442.76
2021-11-09,30.59,147.57,323.73,178.81,341.17,332.76,47.10,147.70,148.03,51.23,484.34,65.60,73.83,24.25,148.92,50.47,150.30,59.22,115.24,318.51,47.49,142.00,398.27,183.64,168.32,56.04,364.15,171.16,195.34,150.93,103.99,85.39,103.57,594.18,815.95,191.09,43.57,102.56,,667.92,293.18,42.33,1709.98,158.60,71.68,86.29,207.88,612.17,42.90,182.37,33.40,348.26,55.30,71.07,45.88,113.37,83.24,26.65,104.81,192.01,49.13,69.81,22.86,92.84,535.16,194.68,26.49,136.46,329.40,32.91,203.23,55.01,629.26,183.92,204.33,49.80,171.98,85.90,196.56,186.81,475.85,31.78,32.35,75.17,176.40,108.34,,38.60,74.86,293.48,696.31,30.02,209.96,159.26,352.61,,83.25,444.50
2021-11-10,29.40,144.75,318.76,174.10,355.98,325.09,46.68,144.70,145.43,50.40,481.29,64.69,71.70,22.52,139.87,50.76,144.64,57.69,114.95,316.63,47.08,142.46,386.09,184.94,164.99,57.03,359.49,167.33,194.17,144.65,100.91,83.20,95.73,585.65,785.04,187.91,43.92,102.20,,647.50,281.56,41.59,1592.22,154.96,69.75,86.06,208.28,618.02,43.20,177.48,33.34,337.66,55.74,72.04,45.99,112.80,86.51,27.36,104.08,214.24,49.93,66.63,21.78,88.05,519.82,192.22,26.51,135.96,320.53,33.13,196.95,55.69,622.43,176.25,203.55,49.13,168.60,81.63,188.80,182.75,472.48,31.86,31.50,73.39,170.25,108.46,,37.99,74.99,291.01,701.25,30.13,207.56,155.10,337.11,,82.21,433.57
2021-11-11,30.33,144.70,320.34,173.62,354.50,325.19,46.70,144.57,145.55,51.01,487.64,65.76,72.81,22.99,146.01,49.87,148.01,58.44,113.91,315.73,46.86,141.29,394.15,183.51,166.38,57.12,350.79,169.40,190.38,148.83,97.34,84.65,114.85,588.45,799.95,185.87,43.50,100.57,,643.17,280.92,44.27,1577.08,150.99,72.15,91.48,207.29,622.44,43.01,177.23,33.01,340.36,55.51,70.70,46.13,109.75,92.87,28.23,104.10,227.42,50.20,67.38,22.01,89.37,536.25,191.61,26.70,141.01,325.21,33.28,201.44,54.92,615.05,173.05,200.96,49.16,170.73,81.84,190.34,185.71,466.09,31.64,31.81,75.70,168.95,108.72,,38.05,75.38,295.24,694.21,29.96,206.75,159.35,343.62,,81.65,441.59
2021-11-12,30.33,146.77,324.47,176.26,344.47,338.24,46.47,147.46,148.43,51.73,492.39,68.26,75.50,22.83,147.89,49.93,150.81,59.46,113.69,317.01,46.66,141.25,395.62,183.36,167.69,57.16,354.93,170.97,191.56,149.30,96.27,85.86,112.36,607.96,817.46,187.29,43.37,100.82,,657.60,284.30,45.58,1597.15,150.62,72.21,93.97,209.45,626.96,43.27,181.44,33.11,347.01,55.78,70.19,46.03,109.78,95.00,27.91,105.44,245.97,50.15,68.43,22.03,90.34,543.19,206.54,27.13,141.98,329.32,33.33,200.26,54.60,628.18,170.87,207.19,48.42,174.64,81.17,193.03,187.83,474.25,31.69,31.86,75.56,170.41,109.78,,38.91,76.23,296.45,689.35,29.91,209.94,161.64,349.07,,82.86,445.12
2021-11-15,29.96,146.78,323.84,177.28,337.80,344.85,46.20,147.24,148.17,51.97,494.98,67.93,74.99,23.41,146.49,50.32,150.28,60.02,113.23,314.17,46.67,142.25,395.41,181.41,166.94,56.93,353.56,171.22,191.63,152.53,94.44,86.34,102.77,607.14,822.35,186.86,43.27,100.96,,659.73,254.15,44.35,1633.21,149.85,71.66,91.83,211.38,643.38,43.32,182.34,33.08,345.75,55.84,70.93,46.50,109.73,91.37,28.02,105.52,242.72,50.01,67.03,22.36,91.35,544.34,207.21,27.31,137.92,326.39,33.56,198.30,55.62,618.96,173.31,211.41,48.26,175.77,79.50,191.00,177.60,472.21,31.72,30.50,75.43,167.41,109.67,,39.13,76.20,295.60,692.91,30.23,211.65,160.49,345.80,,83.81,433.99
2021-11-16,30.14,147.76,327.16,177.04,351.58,340.29,45.02,146.66,147.86,52.24,501.49,68.74,75.02,23.13,152.45,50.08,151.81,60.40,113.80,313.20,46.94,141.83,405.12,179.65,166.31,56.66,361.12,173.63,190.69,164.57,93.47,87.52,109.03,626.16,826.02,188.33,43.06,101.28,,671.03,262.51,44.01,1541.55,148.22,72.55,90.09,213.36,638.44,43.47,186.92,33.04,353.46,55.51,70.66,46.17,109.33,93.96,27.73,106.58,234.65,50.11,68.20,22.81,90.53,556.92,207.04,27.63,136.24,333.64,33.24,201.59,55.45,633.22,172.94,214.52,47.83,176.58,75.20,193.26,179.69,478.68,31.61,30.72,76.39,177.79,110.17,,39.78,76.01,299.84,689.18,29.77,216.08,162.01,353.75,,84.06,443.96
2021-11-17,29.20,150.20,327.38,177.45,363.00,338.12,44.64,146.83,147.85,52.32,501.08,69.17,73.70,22.49,151.34,49.87,150.01,60.05,112.68,311.79,46.59,141.88,401.90,180.03,167.24,57.15,361.42,173.05,189.93,166.14,92.92,85.63,105.42,615.79,824.98,188.25,43.56,101.54,,670.67,269.78,42.51,1487.33,150.85,72.37,87.68,214.84,637.52,42.73,187.74,33.40,353.92,55.24,71.24,45.70,110.75,89.77,27.59,106.87,229.46,49.86,68.27,22.01,88.12,544.91,199.11,27.57,134.85,330.55,32.83,200.25,56.19,627.99,172.73,205.17,47.86,176.38,75.30,190.26,177.04,477.21,31.69,30.35,75.12,172.89,110.88,,39.29,75.30,300.90,691.04,29.38,217.93,162.82,356.00,,82.57,440.24
2021-11-18,31.61,154.48,329.46,184.80,365.46,336.05,45.02,148.61,149.48,52.80,504.01,68.20,75.22,21.50,155.02,47.12,152.66,60.55,112.47,311.34,46.08,141.92,405.15,178.46,170.68,57.43,359.20,174.02,190.11,168.66,93.30,86.67,99.64,609.85,843.85,185.41,42.79,101.89,,670.96,264.72,41.92,1446.10,149.90,73.86,88.00,215.81,644.16,43.06,186.05,34.03,352.09,55.39,70.88,44.69,113.60,85.08,26.85,106.44,228.81,48.73,68.70,21.64,88.71,542.40,204.33,27.51,134.06,322.18,32.80,202.80,55.64,634.00,178.98,199.43,46.95,172.01,72.74,190.60,174.00,473.21,31.60,30.61,75.74,174.43,110.58,,38.94,75.58,299.09,685.88,28.42,220.08,162.10,365.65,,81.38,440.69
2021-11-19,32.92,157.10,331.23,183.83,379.02,342.61,44.78,147.71,148.73,52.24,508.22,67.88,81.09,21.41,155.41,46.79,144.28,61.37,111.17,312.46,45.93,142.26,404.33,180.26,172.17,58.19,348.65,174.68,188.21,167.46,91.88,88.39,99.77,671.33,822.78,182.88,42.08,99.97,,688.37,257.63,42.16,1401.27,149.12,73.29,87.59,215.78,648.30,42.41,188.12,33.91,357.95,53.77,71.36,44.65,107.20,81.87,25.26,107.23,215.25,48.39,68.50,20.39,83.95,551.72,196.42,27.48,129.24,322.52,32.85,203.43,56.30,647.27,181.00,192.58,45.96,171.92,71.83,192.60,170.50,484.65,31.23,30.46,75.16,181.94,110.12,,38.10,76.46,286.60,682.34,28.40,223.30,160.29,368.78,,81.57,429.86
2021-11-22,31.89,157.56,328.06,178.63,385.62,338.35,45.53,145.10,145.88,50.82,513.80,65.92,81.90,20.65,152.52,47.98,141.90,61.58,109.46,310.16,46.22,142.56,390.47,177.33,169.82,59.27,340.72,171.62,187.90,164.20,90.20,89.99,95.50,641.55,792.62,181.50,41.76,100.58,,673.57,239.64,42.85,1314.83,150.55,71.50,88.32,214.79,639.32,42.68,184.51,33.88,347.97,54.17,72.15,45.04,105.67,79.52,25.71,106.66,201.46,49.76,66.16,20.48,86.66,539.41,181.73,27.49,123.27,310.48,33.06,203.99,57.35,634.68,187.01,188.47,46.31,173.17,69.00,180.75,164.91,479.24,31.85,29.30,75.17,180.98,109.58,,36.62,75.90,274.75,668.32,28.51,221.84,154.51,343.86,,80.08,403.00
2021-11-23,31.68,157.95,325.99,179.00,369.68,334.62,45.85,144.59,145.56,50.99,519.14,65.41,83.42,20.59,149.92,48.59,143.22,62.98,111.01,310.64,45.54,143.51,394.38,178.90,169.95,59.83,335.90,168.80,186.06,163.79,91.93,88.84,92.93,650.28,775.08,186.85,42.19,102.50,,665.16,230.58,45.56,1285.00,151.54,71.96,88.28,214.17,644.96,43.42,181.58,34.29,344.66,54.56,72.15,44.31,109.72,79.27,25.60,105.57,184.31,50.39,65.50,21.49,90.54,527.79,178.27,27.44,125.35,304.00,33.32,201.46,56.94,619.98,187.15,187.05,47.34,173.45,69.68,179.42,165.13,472.22,31.90,30.02,75.74,174.35,110.54,,37.12,75.31,274.28,674.74,28.79,222.61,147.50,336.11,,80.26,389.51
2021-11-24,32.61,158.46,326.21,179.02,372.00,338.40,46.08,144.92,145.52,51.32,523.39,65.83,84.20,21.11,157.80,48.80,143.53,62.93,110.07,307.82,46.15,142.20,395.64,178.41,170.79,59.36,339.42,168.82,182.80,163.58,91.22,91.62,94.32,663.24,770.20,186.24,42.06,102.85,,668.32,230.77,45.06,1273.00,151.71,72.59,87.81,212.57,643.83,43.10,183.47,34.07,349.21,54.48,71.74,44.54,109.79,81.36,25.17,106.15,184.93,49.71,66.65,21.81,93.83,534.30,179.89,27.42,123.63,256.90,33.40,203.22,56.69,622.45,188.80,187.71,46.59,175.35,70.09,180.34,164.31,471.47,31.64,30.61,76.28,179.86,110.20,,37.13,75.30,277.88,672.69,28.60,221.53,149.65,342.47,,79.70,393.07
2021-11-26,31.44,153.44,318.27,175.23,360.64,330.53,45.57,141.02,141.64,50.20,519.97,66.56,81.47,21.03,154.81,48.04,138.02,61.13,109.16,301.53,45.24,139.94,381.91,175.89,166.08,59.53,329.23,164.69,179.35,159.08,84.64,88.87,90.71,646.67,750.64,183.59,41.43,99.87,,662.10,232.64,43.47,1258.71,141.92,70.75,85.71,208.26,639.03,42.38,178.36,33.43,342.16,53.53,70.65,43.53,104.56,68.46,24.72,102.96,187.92,48.49,65.48,20.85,88.31,517.32,173.86,27.07,122.97,254.17,32.74,195.33,56.01,607.52,188.53,186.79,45.00,172.04,66.30,181.25,169.66,462.23,31.07,28.93,72.79,177.20,107.88,,36.48,73.11,277.55,672.87,28.31,219.20,147.99,336.90,,77.59,391.54
2021-11-29,33.31,156.80,324.98,178.08,379.00,335.40,44.85,144.34,144.92,51.83,528.30,66.38,84.13,21.07,161.91,49.00,145.66,64.81,109.03,301.69,46.37,142.55,396.16,177.98,171.48,59.85,334.74,169.50,178.88,166.32,85.68,91.86,90.26,673.58,782.31,190.11,41.78,99.93,,687.49,224.57,44.40,1234.10,145.12,73.73,90.44,213.95,650.01,42.94,186.69,33.57,355.87,53.88,71.30,43.42,106.13,71.96,24.59,104.51,183.01,48.25,68.66,21.28,90.33,545.66,180.08,27.44,121.91,261.15,33.19,205.89,56.73,631.30,180.74,186.24,45.99,174.56,69.55,182.99,169.60,468.17,31.24,27.12,76.73,179.75,109.01,,37.00,74.33,281.59,668.19,28.27,222.45,142.75,355.92,,79.99,397.69
2021-11-30,32.61,161.75,319.14,175.35,381.59,321.93,44.22,140.73,141.29,50.86,513.54,64.19,82.04,20.65,158.37,48.19,141.78,64.74,104.62,299.25,45.63,138.76,390.69,173.96,169.71,58.39,324.34,166.77,174.21,163.44,82.53,91.16,91.11,632.50,759.75,186.94,40.52,98.95,,669.85,217.14,43.53,1188.41,142.03,69.94,89.23,209.41,632.26,42.54,177.46,32.66,341.00,52.37,69.36,41.89,103.69,66.50,23.27,101.49,178.77,46.74,66.42,21.11,87.70,535.15,172.54,26.65,121.26,254.19,32.31,205.36,55.12,608.07,183.80,183.91,43.81,173.66,72.14,178.29,165.88,451.32,30.19,27.52,75.85,168.79,105.02,,36.29,72.72,274.23,646.28,27.32,218.29,140.65,346.97,,77.76,376.32
2021-12-01,31.37,161.23,318.65,172.19,365.00,308.18,43.13,139.90,140.46,50.96,504.46,61.78,83.16,19.38,149.11,48.35,146.10,66.04,102.61,299.39,45.07,139.09,394.57,175.64,169.17,58.39,319.93,167.31,171.78,159.58,81.16,88.03,86.13,643.74,771.74,205.00,39.79,98.06,,657.41,201.50,43.44,1104.20,137.16,69.73,90.25,205.76,626.36,42.45,175.05,32.46,334.75,52.03,68.71,40.53,99.68,62.11,22.26,100.40,161.62,46.20,61.05,21.18,84.63,536.84,163.08,26.33,117.37,249.68,32.04,205.03,55.54,599.45,179.93,178.37,43.79,171.34,70.55,164.53,160.35,446.88,29.81,26.69,76.79,164.77,103.79,,35.63,71.68,260.86,634.20,26.72,213.21,137.09,318.21,,75.23,357.21
2021-12-02,32.06,160.25,318.08,171.87,361.53,307.97,42.60,141.79,142.61,50.74,500.34,61.65,80.94,19.69,150.68,49.34,141.11,63.00,106.11,305.78,45.91,140.43,385.33,175.96,170.78,59.02,327.32,167.76,175.72,160.85,85.28,89.22,90.32,651.72,757.71,204.45,41.75,100.55,,671.88,209.35,42.86,1129.22,145.46,69.81,91.35,210.81,629.75,43.82,184.66,33.52,349.67,52.83,69.59,41.48,105.09,59.28,23.25,103.89,166.12,47.04,62.62,21.70,87.45,536.12,169.60,26.87,119.67,257.66,32.42,204.78,55.92,599.01,182.85,186.15,46.19,174.58,68.34,169.44,161.38,454.35,30.34,26.96,76.58,159.36,106.30,,36.75,74.07,266.66,670.40,27.02,219.26,140.05,331.97,,78.71,368.94
2021-12-03,30.63,158.37,311.83,169.49,338.32,304.45,43.24,140.84,141.36,51.26,503.59,60.21,79.71,18.98,144.01,49.41,140.47,62.99,108.43,302.66,45.68,144.01,383.56,177.07,170.60,58.93,321.63,167.91,175.29,160.38,83.03,86.81,93.53,628.30,740.57,203.81,41.98,100.39,,616.53,197.05,43.29,1052.95,144.36,82.15,91.61,208.50,630.90,43.95,177.87,33.78,344.56,53.54,70.47,41.85,104.74,54.44,23.99,102.72,157.71,48.00,60.56,21.65,87.10,526.61,166.75,27.08,122.29,259.02,32.31,208.81,56.37,586.54,171.36,182.95,47.11,175.52,63.10,164.22,165.78,453.19,30.62,25.89,77.52,151.41,105.55,,36.40,73.23,266.99,679.30,27.34,215.16,129.87,313.35,,78.77,349.50
2021-12-06,29.98,161.77,314.90,171.37,336.34,315.39,43.71,141.98,142.63,51.89,507.66,61.27,80.52,18.80,139.06,50.05,141.96,63.57,111.18,306.75,47.29,145.50,382.46,182.63,171.69,58.87,323.77,168.16,177.66,159.42,87.46,83.54,89.82,625.76,726.04,205.06,42.44,102.30,,622.04,194.71,42.94,1112.14,150.83,83.96,90.03,210.60,620.81,44.10,177.21,34.64,345.45,54.57,71.45,42.85,107.38,56.01,24.40,104.65,161.54,49.09,58.41,22.08,88.93,493.34,180.85,27.92,123.30,265.56,32.80,206.20,56.37,592.21,177.00,183.88,48.01,172.66,59.65,161.41,164.40,459.12,30.91,26.81,76.32,148.22,107.42,,36.43,75.28,269.09,672.95,27.85,215.41,131.11,274.36,,77.35,353.44
2021-12-07,32.36,167.51,323.32,176.16,350.58,320.30,43.57,146.06,146.83,54.23,516.05,62.56,83.83,19.46,144.85,51.03,151.12,67.25,112.64,312.05,48.76,145.34,401.24,184.84,175.59,59.00,340.49,173.34,178.44,166.93,88.15,87.24,96.47,652.87,773.67,205.22,40.19,104.92,,649.96,204.32,44.53,1178.26,150.67,89.93,94.32,213.26,630.83,44.85,182.77,34.95,356.20,54.56,71.81,44.19,107.78,63.03,24.22,107.22,163.46,49.09,63.45,22.50,94.98,520.96,183.14,28.46,123.31,276.70,33.04,219.64,57.12,611.43,180.28,190.00,48.67,177.98,62.82,177.01,167.29,458.88,31.03,28.09,80.81,153.79,108.48,,37.65,75.96,280.24,650.60,28.05,218.84,139.60,297.76,,78.82,382.99
2021-12-08,31.76,171.32,323.37,176.16,356.32,327.99,43.13,146.97,147.51,54.06,504.71,62.81,84.01,19.82,145.24,50.10,151.51,68.00,110.33,314.45,48.00,145.59,403.28,186.77,173.26,59.05,340.80,172.99,176.28,165.94,90.60,88.44,96.06,652.63,771.67,206.61,39.68,104.91,,653.10,209.18,44.40,1210.40,151.73,89.72,91.86,212.50,649.65,44.98,184.21,34.82,364.36,54.09,71.91,44.47,107.81,62.43,24.03,108.42,168.93,49.82,64.49,22.56,93.37,521.18,186.49,28.31,123.53,276.29,32.74,209.71,58.04,618.55,176.92,196.30,47.72,174.46,63.65,183.16,170.55,458.82,30.92,28.49,79.40,151.47,108.40,,37.43,75.74,282.30,642.07,26.94,222.34,141.21,311.81,,78.99,387.41
2021-12-09,30.43,170.81,321.57,174.17,334.60,327.25,43.73,146.43,146.90,53.59,499.21,61.10,82.95,19.21,138.10,50.57,147.04,66.60,109.60,313.44,46.82,145.41,391.88,185.93,170.62,59.55,340.34,170.59,177.45,165.60,89.04,87.92,90.78,645.31,741.61,208.41,38.76,104.10,,632.57,201.27,43.15,1131.84,151.26,88.48,89.46,212.03,661.25,44.80,179.62,34.50,354.48,54.19,71.48,44.15,107.24,62.18,23.58,107.97,164.86,49.65,63.28,22.49,90.66,498.54,181.46,28.28,122.19,267.67,32.56,207.01,57.78,607.58,172.47,190.73,47.01,173.45,59.19,175.41,166.38,454.89,30.73,26.92,78.75,146.47,107.77,,37.07,75.53,279.35,611.97,27.20,217.93,140.04,303.04,,78.80,375.44
2021-12-10,30.14,175.60,330.68,172.21,339.01,327.18,44.53,146.79,147.46,58.02,532.05,61.17,83.54,18.94,138.55,52.06,147.12,67.23,110.35,315.21,46.92,147.73,393.14,184.47,172.91,59.51,344.96,170.36,180.73,167.08,87.81,88.64,90.67,657.38,750.47,208.06,39.28,105.34,,654.45,198.60,43.55,1144.50,154.79,87.49,90.31,215.66,665.03,45.49,184.14,34.62,362.34,55.32,71.88,44.78,107.55,63.62,23.29,110.21,158.00,49.94,66.53,23.01,91.35,486.76,180.42,28.87,122.81,269.00,33.03,208.21,57.52,607.90,173.65,187.51,47.42,174.21,60.08,174.56,165.60,460.33,31.37,26.39,79.21,141.45,109.47,,37.30,76.56,279.68,610.89,27.75,220.02,141.62,305.75,,78.24,372.62
2021-12-13,28.11,171.97,327.65,169.57,322.14,331.89,45.33,144.63,145.51,57.10,530.53,60.46,82.38,18.40,133.80,51.50,141.69,65.23,110.58,315.39,46.37,148.47,382.67,184.90,170.48,59.82,340.36,165.75,180.23,166.57,84.40,89.15,88.85,648.45,733.80,208.15,38.68,104.29,,658.30,198.68,41.94,1180.00,147.92,85.10,88.37,214.11,655.72,44.78,184.13,33.94,362.23,56.13,72.73,44.89,104.52,61.61,22.75,109.97,155.25,49.50,66.32,22.21,87.60,464.13,171.04,28.86,123.92,268.88,33.17,203.91,58.35,605.34,186.42,185.39,47.25,175.49,57.16,172.03,166.26,462.81,31.36,26.95,77.42,138.89,109.60,,36.45,76.41,280.92,605.55,28.02,222.24,137.40,308.54,,78.04,369.93
2021-12-14,28.28,170.59,316.97,169.09,319.50,331.14,45.76,142.73,143.79,56.48,519.22,59.80,81.35,18.64,135.60,50.76,142.30,64.82,112.79,315.69,46.10,148.10,382.39,186.96,167.86,60.35,328.24,163.72,178.03,165.35,83.44,85.42,87.53,620.07,724.12,209.24,39.53,103.52,,614.86,198.71,41.87,1190.40,148.24,83.82,89.03,209.28,666.47,44.49,176.06,33.85,345.93,56.32,72.86,45.19,104.44,61.62,22.51,107.84,156.43,49.40,63.16,21.78,85.51,462.11,167.96,28.38,124.00,263.22,32.99,202.77,58.29,596.35,185.73,185.81,47.42,172.15,58.04,160.78,167.63,453.40,31.14,26.82,77.17,145.73,107.86,,36.77,76.36,273.35,621.89,28.27,218.50,133.84,284.34,,77.26,351.74
2021-12-15,30.40,175.45,323.06,173.32,325.33,339.00,46.03,145.24,146.17,58.77,538.39,60.50,83.66,18.86,146.50,52.66,148.01,66.55,113.86,322.16,46.99,150.01,392.39,191.78,170.65,60.94,331.66,166.74,180.69,171.98,83.65,90.05,88.56,627.84,760.44,211.13,39.06,103.49,,630.33,210.71,42.41,1210.12,145.52,86.85,90.85,213.10,653.52,45.81,184.27,34.37,361.30,57.57,74.65,45.60,103.70,59.13,22.57,110.03,156.24,49.36,67.36,21.55,85.25,474.18,168.14,28.66,126.00,271.73,33.51,211.43,59.52,611.56,191.06,189.65,47.51,172.88,59.86,171.02,171.15,466.01,31.67,28.03,79.95,147.54,110.38,,37.32,77.31,279.22,617.32,28.35,222.16,135.32,307.24,,78.07,364.43
2021-12-16,28.33,168.56,313.65,168.87,308.97,332.29,45.26,143.26,143.66,57.01,526.16,59.11,80.76,18.34,138.64,52.99,141.31,64.07,115.94,320.89,47.14,150.23,380.33,194.69,166.07,61.88,334.53,160.30,180.56,161.87,85.01,87.29,83.75,614.72,724.71,212.61,39.59,102.51,,566.09,200.28,42.68,1178.03,145.11,82.15,90.92,211.22,627.50,45.83,179.62,34.46,352.92,58.37,75.31,45.81,104.13,57.09,23.41,109.34,144.44,48.97,64.58,21.95,86.52,459.77,156.38,28.58,126.48,269.61,33.31,200.89,59.63,607.56,184.88,187.75,47.65,171.72,56.69,164.05,172.74,473.49,31.71,26.46,76.85,142.11,109.82,,36.56,78.97,272.23,631.58,29.26,222.77,132.34,295.25,,77.97,345.44
2021-12-17,27.75,167.47,312.59,170.02,310.86,331.19,43.81,140.56,141.64,58.32,521.38,58.67,81.06,19.06,137.75,53.13,140.78,63.86,115.20,315.05,46.95,147.15,374.82,194.62,164.35,61.79,337.40,157.99,176.73,160.64,86.80,88.36,88.13,601.45,719.78,214.54,39.52,98.03,,556.64,205.10,42.79,1187.55,144.56,82.58,90.83,209.00,615.12,45.07,179.15,33.66,348.04,57.72,74.06,45.81,102.99,58.06,23.28,105.42,148.81,47.60,66.77,21.41,84.16,467.02,157.91,27.94,124.65,277.65,32.79,201.59,57.95,616.88,194.57,185.21,47.52,166.54,57.16,170.16,175.74,462.38,31.69,27.49,76.69,144.93,109.15,,35.78,79.10,273.88,650.00,28.86,215.91,138.84,304.87,,78.70,350.96
2021-12-20,27.66,166.11,308.83,167.08,299.98,322.92,43.95,140.45,141.24,59.25,522.28,59.37,80.11,17.96,135.80,53.04,139.68,63.09,114.41,311.74,46.00,148.13,369.03,192.43,162.54,62.01,332.11,156.33,172.15,160.52,86.73,88.26,87.36,586.28,722.67,215.41,39.24,97.55,,549.77,206.29,42.07,1187.36,144.07,82.72,91.37,208.95,599.09,44.84,177.32,33.28,346.11,57.56,74.65,45.82,100.88,54.78,22.89,103.36,148.07,46.81,66.11,20.86,81.44,461.69,157.23,27.61,127.00,275.12,32.72,200.62,58.05,604.11,198.29,181.71,46.24,163.23,54.64,164.38,178.35,454.09,31.52,27.88,75.09,150.86,109.07,,35.49,77.32,269.70,646.76,28.66,215.10,136.22,305.94,,77.35,343.33
2021-12-21,29.02,169.28,315.96,170.42,312.84,331.60,44.08,142.30,143.05,59.74,519.30,60.49,88.56,18.90,144.25,53.63,145.86,65.19,116.44,314.17,47.09,147.69,391.91,193.24,164.42,61.48,348.09,159.82,173.72,163.17,92.89,89.61,91.15,602.22,751.62,218.60,39.61,99.60,,557.52,210.31,44.42,1224.51,152.39,84.81,95.56,211.31,602.74,44.98,183.03,33.88,359.07,57.15,74.24,46.40,103.44,59.31,23.53,105.00,151.61,47.53,67.85,21.51,86.19,469.39,165.66,27.74,129.20,280.42,33.05,206.81,57.77,624.06,199.59,188.13,47.34,165.97,56.75,177.49,179.44,459.17,31.37,28.35,77.58,156.70,111.39,,35.88,79.45,278.86,644.33,28.44,215.76,141.48,319.42,,78.35,380.63
2021-12-22,29.34,171.87,321.66,171.04,336.29,327.88,44.14,145.21,145.75,60.57,523.34,61.42,88.23,18.88,143.88,54.07,146.72,65.97,115.92,316.49,47.27,148.61,395.55,193.77,164.91,61.98,362.21,160.01,173.86,164.80,93.66,92.46,93.83,612.49,760.34,222.77,39.75,100.84,,563.98,207.60,45.00,1227.94,156.49,86.77,96.51,216.47,613.34,45.43,186.56,34.00,364.83,57.60,74.13,46.74,103.90,58.44,23.63,103.11,149.24,48.03,69.63,21.63,86.84,476.50,169.29,27.94,128.51,282.61,33.31,209.01,58.11,640.03,187.38,190.66,47.69,168.21,57.00,179.68,177.62,459.89,31.86,28.42,78.52,159.01,117.54,,36.35,80.11,277.88,639.79,28.53,217.57,143.20,322.01,,78.83,388.05
2021-12-23,29.58,172.50,323.10,171.07,355.67,332.63,44.04,145.71,145.94,61.45,524.00,61.41,92.22,18.93,146.14,54.72,149.78,66.68,115.29,320.09,47.59,148.44,402.78,195.75,165.33,62.02,363.94,160.36,176.77,166.04,94.33,93.63,93.80,616.42,769.26,223.45,40.56,101.41,,569.62,211.52,46.06,1262.73,159.00,86.17,97.48,220.47,621.18,45.29,187.48,34.67,366.15,57.70,74.05,46.92,104.98,57.71,24.42,104.57,153.68,48.42,69.80,21.90,87.05,479.21,171.31,28.19,129.56,280.99,33.39,209.56,58.01,645.02,194.35,190.99,49.01,170.30,59.72,180.36,177.96,465.11,31.93,28.28,79.03,160.54,118.27,,36.54,80.47,278.05,648.30,28.65,219.20,143.00,323.00,,79.94,387.92
2021-12-27,30.88,176.46,330.59,169.67,364.65,343.48,44.44,146.69,146.86,62.33,536.48,61.31,92.23,18.94,154.36,55.73,156.74,69.04,114.01,324.10,48.17,149.92,421.36,196.96,169.24,62.36,364.58,162.97,177.82,169.30,94.02,94.72,95.81,632.96,778.87,222.34,40.92,103.08,,577.68,209.64,46.73,1299.11,160.47,89.25,99.40,224.37,630.51,46.16,191.65,35.05,375.59,58.22,74.53,47.40,107.08,56.96,24.36,106.28,156.04,48.91,73.53,22.26,91.32,494.19,171.68,28.63,130.05,284.30,33.58,214.56,58.19,654.84,161.11,190.99,49.34,173.87,60.83,183.47,179.56,474.53,32.08,27.77,81.23,161.12,119.50,,37.18,82.15,279.35,652.35,28.79,221.03,142.47,329.89,,79.96,394.43
2021-12-28,30.26,175.44,329.44,170.66,362.82,343.52,45.08,145.48,145.26,61.84,537.59,61.07,90.77,18.57,153.15,55.82,153.77,68.34,113.61,324.45,48.01,150.70,413.68,197.48,168.59,62.44,364.54,161.95,178.35,167.93,93.73,94.12,93.19,630.06,772.48,221.93,40.95,104.30,,569.36,207.23,47.29,1316.28,160.50,86.47,99.60,224.17,634.18,46.46,190.08,35.26,372.15,58.65,75.49,47.35,106.88,56.04,24.33,106.76,153.56,49.53,73.20,22.23,90.52,481.61,169.71,28.77,130.47,282.77,34.07,212.94,58.89,651.28,168.70,189.09,49.47,174.38,56.80,177.42,179.39,478.49,32.31,27.26,80.03,153.81,119.69,,37.44,82.75,275.80,655.79,29.14,221.68,132.38,324.66,,79.75,388.61
2021-12-29,29.94,175.53,330.11,169.20,362.06,340.27,45.06,145.45,145.31,62.17,540.57,61.05,93.92,18.17,148.26,56.20,155.06,69.36,113.11,325.97,48.07,151.23,416.49,199.08,168.33,63.02,365.27,163.01,178.76,169.18,93.64,93.93,91.28,628.36,769.80,223.32,41.01,105.03,,569.29,206.87,49.77,1323.56,160.31,87.01,100.62,225.94,642.94,47.21,189.93,35.41,373.44,58.97,75.81,47.90,107.98,54.01,23.87,106.96,150.11,49.95,73.35,21.95,89.32,481.84,167.44,29.01,130.15,282.57,34.71,212.48,59.18,655.69,170.08,188.96,49.84,176.42,55.61,179.71,180.30,477.43,32.49,27.22,80.22,154.70,121.04,,37.71,83.55,275.75,656.28,29.10,222.87,133.85,323.18,,79.85,382.78
2021-12-30,29.53,174.38,327.57,168.64,356.78,341.68,45.20,145.00,144.81,61.48,536.90,61.21,91.70,18.69,145.15,55.90,152.17,68.56,112.02,324.96,47.99,150.97,408.83,198.09,167.10,62.78,363.30,162.33,178.40,166.03,94.08,93.57,93.99,623.84,768.11,222.45,41.01,104.90,,570.53,208.95,49.20,1356.46,158.68,85.93,99.55,223.71,638.20,46.78,188.25,35.17,370.81,58.73,75.90,47.69,108.89,59.45,24.45,105.67,152.38,49.83,71.96,21.66,88.17,475.82,168.78,28.74,131.44,281.71,35.14,210.71,59.42,661.32,171.03,190.86,49.29,174.20,56.23,178.93,180.83,475.64,32.58,27.32,79.16,156.07,120.22,,37.77,82.94,276.50,657.23,28.98,221.69,135.33,324.59,,80.17,385.36
2021-12-31,29.35,173.76,324.68,166.72,352.26,333.73,45.68,143.66,143.50,61.51,540.50,60.24,91.07,18.21,143.90,55.68,151.58,68.63,111.51,326.94,47.76,151.88,411.73,196.78,166.27,62.13,359.30,163.24,179.61,166.16,94.21,92.79,94.26,623.70,764.20,219.60,40.80,105.56,,567.06,204.75,49.08,1348.40,159.05,85.98,98.85,224.64,627.28,47.08,186.35,35.43,368.50,59.23,76.14,48.02,108.90,58.30,23.54,106.54,148.90,50.31,71.88,21.76,88.62,477.59,166.49,28.85,128.93,281.19,35.39,209.95,58.96,658.46,169.58,187.58,49.63,175.23,54.45,178.11,177.72,478.26,32.74,27.24,79.15,157.00,120.26,,37.90,82.74,273.18,651.97,29.18,222.32,134.24,321.33,,79.03,381.29
2022-01-03,30.06,178.10,323.16,170.40,399.93,335.90,45.67,143.80,143.89,61.32,539.56,59.74,93.61,18.53,150.24,55.50,154.05,69.24,110.02,319.59,49.35,151.24,416.50,198.29,168.15,62.11,360.00,164.53,178.14,169.19,96.65,90.70,94.38,612.31,765.49,222.53,41.13,105.30,,564.37,198.33,49.62,1332.94,157.77,87.89,99.01,222.30,622.89,46.40,183.16,34.94,361.10,58.93,75.83,48.27,107.84,56.10,25.33,101.95,145.34,50.43,66.62,22.64,91.90,479.06,172.68,27.91,131.91,283.72,34.97,213.12,59.16,631.01,173.91,193.90,49.99,169.36,55.83,163.83,178.61,461.84,32.61,28.13,80.00,152.87,118.51,,36.74,83.53,263.72,647.58,29.37,215.44,130.20,301.83,,78.84,350.42
2022-01-04,29.23,175.84,317.62,167.52,383.20,333.91,44.83,143.22,143.24,62.02,537.20,59.12,94.19,18.17,144.42,54.14,152.54,67.95,109.67,325.42,49.29,151.46,412.81,199.29,168.32,61.79,354.63,163.04,180.03,170.12,96.79,87.33,88.61,599.55,747.93,221.86,40.89,103.10,,554.00,189.19,50.89,1241.38,161.72,86.85,101.51,223.33,612.68,46.59,178.30,35.46,352.99,59.35,75.87,48.87,107.84,49.82,26.75,102.20,135.91,52.86,64.43,23.14,97.94,475.57,170.80,28.07,132.71,278.19,34.93,214.65,59.54,605.42,165.23,190.12,49.99,173.57,55.11,157.76,181.90,457.16,33.10,27.95,79.52,151.51,118.28,,36.53,85.26,253.06,640.77,30.00,215.51,128.07,281.58,,77.38,334.99
2022-01-05,27.55,171.17,305.43,164.36,362.71,321.65,45.44,136.65,136.53,59.44,523.58,56.75,92.29,16.96,136.15,53.28,148.09,66.02,110.92,326.93,49.96,151.97,402.76,196.93,164.81,61.77,341.95,160.52,181.81,169.46,94.76,84.14,82.03,575.68,715.75,221.42,40.91,99.67,,514.43,179.29,50.47,1129.69,158.21,82.67,100.36,221.43,591.13,45.69,172.62,35.28,339.77,60.21,76.57,48.03,104.50,48.53,26.45,97.60,127.97,53.06,60.70,23.22,97.05,445.83,162.25,27.71,130.79,264.32,34.91,207.00,60.12,583.46,155.09,186.16,50.99,167.36,50.91,145.52,171.85,453.63,33.06,26.06,76.84,147.99,116.02,,35.38,83.95,248.26,624.86,29.88,208.30,121.95,262.33,,74.75,311.64
2022-01-06,28.12,168.31,303.01,163.25,354.90,329.87,45.31,136.62,136.43,58.89,523.46,55.33,93.52,16.74,136.23,53.84,150.59,66.99,111.12,319.00,50.09,152.01,413.75,196.96,164.76,61.26,334.18,161.03,181.60,168.96,95.42,88.82,82.15,568.59,732.50,221.65,41.15,100.30,,514.12,187.49,48.72,1156.78,159.03,84.12,98.32,219.91,594.42,46.68,173.12,35.54,344.97,60.19,76.32,47.76,104.29,52.13,25.72,96.88,137.28,53.59,62.80,23.47,101.60,450.75,159.75,27.87,126.77,264.11,34.76,209.20,59.65,576.36,151.00,191.25,51.29,167.31,49.86,143.89,164.61,458.47,33.42,26.43,77.55,150.14,115.24,,35.37,82.28,250.63,631.95,29.93,206.71,120.75,260.21,,73.65,313.75
2022-01-07,27.19,168.47,303.17,162.55,342.32,329.21,45.75,135.89,135.89,57.23,510.49,54.11,92.34,16.56,132.00,54.03,145.27,63.88,105.51,317.37,49.56,152.20,399.10,198.81,158.30,60.98,324.29,156.81,185.85,163.92,95.60,87.58,80.45,550.97,725.76,221.85,40.78,97.08,,510.70,188.99,49.54,1085.36,160.42,81.74,97.08,217.59,599.68,45.48,166.02,35.35,330.36,60.34,77.71,47.03,100.05,55.90,30.06,95.54,132.27,53.25,62.93,23.62,99.85,430.50,166.05,27.30,128.82,262.32,34.70,204.01,60.17,550.30,148.13,186.60,51.32,162.62,48.29,143.79,164.60,449.27,33.30,25.75,74.48,145.19,113.51,,34.10,81.52,250.24,610.49,30.35,200.85,117.87,261.53,,71.88,303.71
2022-01-10,27.35,168.49,303.39,161.49,352.71,325.52,45.66,137.53,137.45,57.42,493.95,53.99,91.80,16.50,132.00,54.64,144.09,63.40,101.67,316.56,51.21,152.28,400.84,201.50,161.41,61.69,325.53,158.26,183.87,163.26,95.28,87.10,82.94,553.53,698.00,223.96,41.16,95.69,,525.83,192.50,49.33,1053.31,155.98,80.85,100.11,212.17,617.10,45.01,165.88,34.43,329.63,59.87,77.45,46.37,98.27,56.99,28.59,95.97,133.45,52.65,64.94,23.58,99.71,434.99,160.71,27.10,126.00,262.39,34.81,204.47,60.84,558.65,150.16,181.98,51.33,161.44,48.19,146.33,142.99,441.67,33.31,25.48,75.39,147.51,111.52,,34.02,80.83,252.31,605.43,30.36,200.88,115.58,275.65,,71.51,312.98
2022-01-11,27.76,171.32,304.08,165.36,354.80,331.77,45.53,138.59,138.88,57.50,497.02,54.08,92.10,16.89,137.31,55.13,146.85,64.25,106.70,317.51,51.85,152.21,407.42,203.26,162.89,61.93,328.02,161.26,186.33,168.46,96.97,87.68,84.00,561.81,699.91,226.15,41.66,93.89,,529.89,196.11,49.69,1166.07,159.01,84.80,97.75,214.34,621.89,45.44,169.23,34.21,340.38,60.08,76.83,47.29,101.90,60.02,28.68,97.39,143.64,52.66,64.71,24.38,102.18,438.07,168.61,27.15,127.86,270.63,34.08,209.73,59.74,555.06,148.03,190.50,51.98,159.14,50.66,148.60,148.42,448.15,33.77,24.59,76.92,149.76,113.45,,34.51,82.04,255.72,612.10,30.55,202.83,120.29,277.53,,75.29,314.95
2022-01-12,27.94,171.76,307.25,165.21,368.74,330.67,45.29,140.27,140.49,57.50,500.61,53.72,92.99,16.72,137.47,54.91,153.69,65.50,106.58,322.09,51.70,152.04,415.32,202.72,164.12,61.83,323.16,161.37,188.00,169.38,95.66,88.67,84.33,560.39,712.39,226.14,41.51,93.74,,532.37,187.97,50.08,1210.91,158.68,83.54,99.07,213.75,627.20,45.57,170.18,34.53,338.59,60.18,77.27,46.99,100.48,60.38,28.79,97.65,140.66,52.75,64.16,24.17,102.36,434.59,169.54,27.19,129.52,269.60,34.30,211.10,59.73,554.63,147.54,186.20,51.99,158.57,51.46,146.33,156.06,452.27,33.94,23.47,77.48,151.03,113.02,,35.17,82.13,257.96,613.98,30.31,201.57,122.60,273.98,,74.81,320.59
2022-01-13,26.52,168.49,294.25,161.21,343.85,323.94,45.93,137.45,138.00,55.20,492.12,51.92,93.49,16.01,132.74,54.36,151.40,65.54,105.88,314.66,50.95,152.29,403.47,201.92,162.46,61.51,313.21,157.68,189.02,167.08,96.56,83.10,79.55,536.76,700.79,226.58,41.78,92.41,,516.90,174.90,50.06,1131.01,158.35,77.35,96.98,211.29,611.98,45.85,163.16,34.62,327.51,60.42,77.76,47.19,99.80,57.62,29.34,97.30,131.78,54.33,61.58,23.76,101.95,419.77,166.00,27.36,127.90,260.17,34.61,204.50,60.11,534.20,148.00,180.05,52.93,155.40,48.96,135.13,154.83,443.73,34.33,23.67,76.08,143.65,111.56,,34.64,81.32,249.41,619.08,30.60,197.41,113.94,250.47,,74.02,298.65
2022-01-14,26.89,169.36,299.46,162.14,349.87,329.32,45.80,138.34,138.65,55.13,478.89,52.57,95.19,16.01,136.88,54.23,160.86,69.65,104.34,310.15,51.66,153.57,425.98,205.87,164.98,61.42,307.74,159.74,187.48,171.45,96.24,83.18,79.01,534.69,714.66,234.06,42.10,90.35,,520.60,176.70,50.15,1122.74,156.70,81.63,95.54,208.39,611.11,45.26,161.75,34.34,326.16,60.83,77.86,44.96,97.46,60.41,31.18,95.55,131.53,55.01,62.51,24.83,106.17,424.20,163.99,26.66,127.51,259.10,34.46,207.66,60.06,529.35,148.50,177.47,52.94,154.57,49.96,138.28,152.58,436.00,35.07,23.73,76.63,137.17,110.13,,34.18,81.32,254.31,607.69,30.90,192.59,111.83,254.74,,74.53,297.39
2022-01-18,25.85,166.16,292.17,158.92,343.50,315.67,45.00,134.88,135.18,53.41,464.69,51.08,90.80,14.97,131.93,52.79,146.76,64.80,102.79,303.10,50.79,152.10,395.33,204.53,160.81,60.27,295.49,154.64,183.98,162.51,93.62,83.73,72.44,522.10,686.53,231.07,40.88,88.20,,513.34,172.85,48.26,1100.75,153.53,76.39,92.27,206.29,607.12,44.38,153.53,33.22,313.48,60.18,77.30,43.35,94.54,61.53,29.64,94.01,128.58,54.70,61.69,24.24,103.48,403.06,154.69,26.29,130.90,252.03,34.34,200.40,59.56,518.17,139.19,173.53,51.87,153.41,46.83,131.87,154.04,433.69,34.06,22.64,72.12,132.20,108.39,,33.24,80.38,245.86,582.75,30.42,192.88,107.47,259.20,,73.15,293.63
2022-01-19,25.02,162.66,292.83,156.30,331.88,317.10,45.45,134.01,134.55,52.13,466.68,51.59,87.99,14.56,128.27,52.06,137.81,61.34,101.32,304.07,49.73,153.19,376.39,202.32,157.30,59.10,293.46,151.44,181.52,156.71,93.34,86.60,70.12,529.41,670.78,230.84,41.00,87.42,40.56,516.58,175.71,46.62,1060.94,148.42,75.62,89.56,204.82,613.96,43.97,153.17,33.22,312.14,60.38,77.28,43.37,94.37,64.35,28.58,93.24,131.76,53.67,61.43,23.77,103.29,400.76,154.58,26.13,133.83,254.35,34.61,194.44,59.32,519.13,138.62,172.63,51.70,152.76,46.04,130.91,163.36,430.82,34.27,22.22,69.69,132.55,106.84,,32.97,80.24,249.46,581.30,30.25,194.25,108.81,253.11,,73.15,293.46
2022-01-20,24.10,160.98,291.16,151.67,332.09,314.10,44.59,132.21,132.42,50.63,459.69,50.83,83.17,14.62,121.89,51.33,134.04,59.14,100.05,303.59,48.27,152.08,366.90,200.22,153.02,58.03,292.73,147.33,179.96,151.28,95.56,86.61,70.90,528.70,678.12,228.61,40.91,86.38,43.45,510.85,173.89,45.10,1091.31,150.83,72.58,87.87,200.71,610.26,43.20,150.31,33.21,309.96,60.53,76.96,43.19,92.85,66.12,27.49,91.42,126.78,52.61,61.00,24.16,100.17,391.26,158.00,25.29,135.76,252.41,34.91,183.99,59.37,511.15,138.31,172.36,51.63,150.10,45.75,130.01,164.46,428.15,34.02,21.94,67.25,133.82,106.60,,32.10,79.91,251.77,572.16,30.12,192.48,108.66,250.67,,72.30,291.32
2022-01-21,23.33,158.92,285.78,142.64,314.63,300.81,44.26,129.28,129.03,49.29,458.54,39.75,80.10,13.53,118.81,50.10,130.10,57.81,97.71,298.34,48.27,152.32,357.09,199.19,154.95,58.63,269.53,148.15,176.67,149.86,92.11,80.61,68.49,513.10,666.86,228.08,40.52,86.92,43.45,499.91,164.73,43.51,1052.56,151.11,71.35,83.57,197.81,617.23,42.39,148.30,32.14,303.31,61.06,77.00,42.81,90.94,62.41,26.19,91.23,116.95,52.19,57.73,24.63,96.95,384.75,156.73,25.45,135.88,239.19,34.78,184.30,59.41,501.96,136.41,162.67,50.32,145.12,37.59,125.55,164.76,426.39,33.77,22.00,66.66,132.96,104.55,,31.67,78.58,245.69,569.69,30.07,190.59,105.53,241.94,,70.92,283.00
2022-01-24,23.33,158.15,286.11,144.54,310.00,306.31,44.27,129.73,129.31,50.06,465.48,38.72,81.10,13.40,116.53,50.29,134.17,59.34,102.54,298.38,48.17,151.55,374.39,197.75,157.33,58.68,271.98,149.94,176.11,154.53,92.26,84.04,69.54,519.06,659.84,229.68,40.79,88.53,41.33,519.66,167.27,42.91,1026.63,149.91,70.90,85.01,198.82,617.31,43.85,151.66,32.38,308.34,60.39,76.27,44.07,93.63,60.52,26.88,92.87,117.35,51.96,58.07,24.48,98.12,389.19,147.90,25.88,132.16,245.35,34.37,187.18,58.72,511.65,136.53,161.31,50.46,151.11,37.04,136.07,164.99,423.00,34.08,22.30,68.05,135.59,105.80,,32.35,79.36,247.63,577.13,29.57,191.84,106.71,243.20,,69.65,300.27
2022-01-25,22.28,156.35,278.50,139.99,306.13,297.81,43.30,125.89,125.70,49.37,454.45,36.64,78.92,13.06,111.13,49.59,128.10,56.14,101.60,295.95,47.30,149.81,354.30,196.84,153.47,58.91,264.14,144.67,174.26,150.33,91.45,79.25,64.58,500.91,622.55,227.11,40.47,87.55,40.46,502.72,158.59,41.46,1001.65,151.15,65.91,82.93,197.58,599.14,43.09,142.39,31.78,291.66,59.83,76.13,43.17,92.07,59.50,26.86,91.65,109.39,53.55,54.59,25.26,104.34,362.91,144.56,25.07,128.06,233.78,33.98,179.53,59.11,478.19,130.94,157.36,50.00,146.67,36.51,125.14,158.39,416.56,34.00,21.69,65.95,128.07,104.64,,31.77,76.70,236.11,563.54,29.43,185.26,101.56,228.88,,67.04,286.69
2022-01-26,22.73,156.26,286.44,138.87,312.47,292.34,42.86,128.17,128.19,51.50,460.31,35.97,80.14,12.75,110.71,48.90,130.60,56.94,100.21,291.55,47.94,148.22,364.34,194.66,157.32,57.62,264.46,148.38,172.84,151.74,93.09,79.37,63.03,492.65,627.05,226.58,39.48,86.26,41.73,500.81,160.94,41.08,975.64,152.78,66.54,84.26,179.89,601.19,42.05,141.49,31.71,288.56,59.51,76.02,42.29,90.30,54.08,24.40,91.67,101.47,53.51,54.23,24.89,104.68,366.14,142.14,24.91,127.06,233.28,34.13,181.55,58.89,466.52,130.12,156.15,50.54,142.81,35.37,128.04,157.92,415.57,33.40,21.45,67.63,128.19,100.06,,30.80,76.31,225.04,555.00,29.29,182.49,98.96,226.85,,65.98,293.06
2022-01-27,21.90,155.80,289.46,139.64,276.37,292.35,42.89,127.95,128.07,50.13,459.40,38.67,76.96,12.28,102.60,48.28,125.37,53.00,101.95,293.84,44.56,148.08,346.34,195.93,154.22,57.56,262.77,143.57,172.84,146.47,92.66,80.87,59.78,502.11,609.20,228.22,39.11,86.02,44.19,493.05,159.81,40.52,992.50,147.95,63.82,90.71,178.94,604.64,42.31,138.98,31.63,285.36,60.27,76.51,41.58,90.41,50.83,25.24,90.80,96.09,53.14,53.94,24.69,105.70,349.60,138.41,24.69,128.11,228.66,34.39,173.25,60.04,471.08,127.18,157.27,49.43,139.83,31.94,128.15,157.25,412.32,33.57,20.42,64.58,129.40,98.32,,30.38,76.27,226.18,561.03,29.33,183.02,95.88,223.08,,65.82,290.89
2022-01-28,22.79,166.67,297.59,143.98,282.12,299.36,43.42,132.26,132.20,51.77,468.84,38.44,77.50,12.71,105.24,49.15,127.58,53.55,104.47,297.23,44.27,150.97,350.98,200.43,157.44,58.93,271.79,147.33,173.99,151.57,94.75,82.69,60.89,519.19,619.09,243.02,40.51,87.73,45.14,518.16,168.90,37.56,1048.63,153.41,65.22,93.64,181.54,620.73,42.90,145.42,32.45,296.35,59.33,77.14,42.65,91.27,53.05,27.15,92.87,103.67,53.39,56.43,24.56,105.77,359.06,142.77,25.14,128.95,239.54,35.13,174.62,60.82,489.05,132.09,162.65,50.34,143.50,33.90,136.96,158.74,423.99,33.60,21.40,65.65,136.07,102.21,,31.35,78.75,238.18,590.47,29.30,187.87,103.35,238.70,,67.37,319.17
2022-01-31,24.44,171.03,300.21,149.57,312.24,310.82,44.14,134.19,134.59,54.16,480.93,42.71,80.43,13.71,114.25,49.20,133.10,56.30,104.00,300.76,45.28,151.71,372.64,198.68,159.40,58.77,284.18,152.29,176.14,159.70,96.44,86.23,64.42,539.00,650.03,243.05,40.73,88.73,46.35,534.30,180.64,38.94,1132.06,155.08,70.22,93.75,187.82,604.51,43.45,152.14,32.25,310.50,59.87,77.37,43.36,93.15,59.84,27.91,94.12,113.49,53.00,59.45,24.81,103.66,390.07,153.97,25.52,129.68,249.79,35.51,189.36,60.66,507.30,137.60,171.03,50.72,147.63,36.80,146.11,163.34,425.64,33.88,22.68,70.44,139.93,104.37,,32.31,79.66,253.01,593.34,29.10,190.63,107.62,257.11,,70.16,324.34
2022-02-01,24.59,170.86,298.07,151.19,310.42,316.52,44.49,136.52,136.76,54.79,484.05,45.71,79.63,14.20,116.78,48.94,133.52,56.26,105.33,303.33,45.40,150.68,371.45,200.03,160.99,58.59,286.51,153.59,176.88,160.94,96.82,85.48,67.69,544.44,654.14,245.66,40.69,89.13,48.07,535.98,182.15,39.56,1138.11,156.91,71.22,94.46,187.27,609.24,43.80,151.61,32.72,311.82,59.56,75.61,43.24,93.90,59.60,27.17,93.11,114.62,54.34,60.44,24.87,106.99,393.37,156.94,25.59,127.02,249.77,35.43,191.91,59.64,513.51,144.93,174.87,51.74,149.71,37.30,147.78,160.25,430.34,34.05,23.71,71.17,144.00,104.67,,32.36,80.59,252.74,596.89,29.36,191.06,108.76,261.09,,70.51,325.87
2022-02-02,25.19,172.07,302.61,150.61,301.89,320.49,44.47,146.79,146.83,55.78,497.01,42.95,82.62,13.32,122.76,49.65,135.59,58.39,105.36,304.16,45.92,153.42,378.56,200.24,166.81,56.32,292.94,156.87,178.78,171.00,95.85,84.90,65.22,545.87,659.20,253.57,40.73,88.20,51.19,533.09,177.04,40.22,1082.60,154.84,72.86,96.58,189.40,618.67,44.83,153.13,33.18,315.63,60.65,76.92,43.60,92.75,57.79,27.69,94.10,104.17,54.77,61.98,24.30,107.61,401.27,151.76,25.93,134.08,248.00,36.82,193.89,60.60,534.23,145.26,131.87,51.71,158.53,34.88,142.20,165.05,440.40,34.61,22.30,71.85,142.15,106.45,,32.97,82.29,242.85,600.24,29.57,194.50,108.92,257.50,,71.00,314.29
2022-02-03,23.90,169.19,290.82,138.85,297.05,235.91,44.52,141.92,141.49,53.69,497.53,40.56,80.14,12.45,120.08,48.79,131.49,56.19,116.13,294.26,44.78,153.33,357.71,195.97,155.93,55.96,285.60,150.47,165.16,162.73,95.71,82.07,61.31,519.94,620.01,243.75,40.44,86.58,51.78,510.83,170.63,39.35,999.74,155.94,67.50,94.64,186.88,616.52,44.03,146.42,32.62,303.51,60.69,77.19,43.04,89.94,55.13,28.93,92.57,92.29,54.06,59.40,23.84,106.32,380.61,149.57,25.53,134.20,237.76,37.62,182.82,60.50,538.95,142.51,123.64,51.43,160.20,34.01,138.02,163.02,449.29,34.60,21.67,67.43,139.99,105.34,,32.10,80.26,233.02,610.45,29.13,191.42,104.68,245.02,,68.22,304.41
2022-02-04,24.27,168.91,295.35,157.64,307.77,235.24,43.99,142.12,141.85,54.55,495.62,41.02,79.36,12.94,123.60,48.74,130.59,55.26,116.28,281.22,44.87,150.81,361.25,194.28,152.23,54.68,285.73,149.56,164.96,163.07,95.93,85.92,68.90,528.12,626.62,241.96,40.19,85.73,48.42,513.54,177.21,38.99,1035.33,156.64,69.92,95.12,187.90,618.78,43.10,147.51,32.32,308.89,59.86,76.31,42.15,89.73,55.85,28.90,91.79,98.49,53.88,62.87,24.21,108.51,387.35,155.56,24.90,134.61,241.24,37.38,182.62,59.90,526.44,145.42,125.41,50.69,151.37,39.16,150.26,175.00,436.14,34.14,22.03,66.53,142.99,106.27,,32.03,80.97,236.79,608.92,28.24,192.20,105.09,258.98,,68.55,320.91
2022-02-07,24.68,168.19,290.53,157.94,302.45,223.16,43.56,138.06,137.81,54.32,491.92,40.21,79.07,12.98,123.67,48.76,131.13,54.53,117.35,279.80,45.03,150.22,359.55,195.52,150.92,54.56,284.89,149.36,165.80,159.09,97.50,85.16,68.42,529.35,623.95,243.26,39.81,85.91,44.49,507.10,178.84,39.02,1035.14,159.82,70.39,95.75,187.65,618.18,42.27,146.72,31.71,305.14,60.27,76.86,42.27,88.96,53.33,28.34,91.32,97.91,53.95,61.44,25.07,106.97,384.28,157.91,24.20,133.33,240.48,37.49,181.51,59.87,517.76,148.65,120.76,51.05,149.56,41.35,152.62,175.10,431.54,34.43,22.51,66.95,144.46,106.33,,32.01,81.82,236.45,610.75,28.22,191.50,105.21,262.92,,69.40,314.19
2022-02-08,25.06,171.30,294.02,161.41,307.33,218.47,43.57,138.26,138.08,55.48,496.94,40.35,82.24,13.15,128.23,48.91,133.65,55.00,120.61,281.91,45.61,150.40,368.76,210.81,153.30,54.51,283.39,151.51,167.59,162.27,99.79,85.54,70.81,538.03,627.25,240.94,40.09,85.66,43.93,511.31,178.90,39.41,1050.87,165.12,75.24,96.89,189.86,613.79,42.48,148.37,32.14,309.11,60.78,77.20,42.36,90.99,60.16,28.21,92.21,100.51,53.58,62.97,24.91,102.19,392.66,162.26,24.28,131.35,241.10,36.95,186.68,59.95,521.61,147.64,119.62,51.22,151.85,42.54,151.73,172.20,434.04,34.68,22.82,68.58,145.33,107.26,,32.09,83.16,238.51,609.12,28.40,192.63,106.38,270.71,,69.05,318.05
2022-02-09,26.65,172.72,300.44,161.19,310.67,230.19,43.47,140.43,140.30,56.51,504.26,41.29,86.15,13.87,132.85,49.75,138.90,57.97,123.15,287.04,46.64,150.33,383.03,207.47,156.93,54.24,292.18,156.22,169.37,167.14,103.15,89.08,74.75,562.47,653.07,244.24,40.55,87.66,45.68,521.75,186.90,41.00,1133.20,167.03,76.45,98.06,192.37,615.61,42.68,154.40,32.74,324.18,60.70,77.16,43.15,92.84,62.28,29.84,94.13,108.13,54.16,65.97,25.18,105.90,409.32,169.53,24.68,132.74,251.34,36.59,193.34,60.25,531.81,151.40,122.29,52.32,154.46,44.66,155.50,172.34,442.10,34.53,23.72,71.30,148.75,110.00,,32.81,85.51,243.45,614.75,28.40,193.48,111.97,280.85,,71.04,335.60
2022-02-10,25.77,168.64,291.91,159.00,301.52,226.29,42.97,137.48,137.47,54.66,494.39,40.63,88.99,13.56,125.77,48.50,134.63,56.77,120.31,291.48,45.66,147.21,373.06,200.15,151.55,52.88,292.49,150.15,165.17,158.16,103.21,87.96,72.23,541.29,630.53,235.89,39.86,86.45,45.43,495.02,187.88,40.71,1122.42,168.14,72.62,96.31,187.25,614.07,43.90,148.87,32.03,311.15,59.64,75.44,41.92,92.03,63.20,30.09,91.75,97.81,53.20,65.07,24.99,107.16,394.29,171.95,23.93,131.94,238.52,36.11,183.47,58.42,526.20,150.86,118.39,51.86,150.19,43.15,174.60,173.15,430.65,34.18,23.45,68.12,144.18,106.68,,32.11,84.16,239.64,606.52,27.87,189.23,110.57,284.10,,69.84,346.16
2022-02-11,23.90,165.23,284.83,153.29,286.67,217.84,42.73,133.18,133.04,53.01,485.99,39.13,87.76,13.13,113.18,47.64,127.62,53.44,119.69,278.15,44.51,147.39,354.41,199.61,145.99,53.11,283.16,142.93,161.07,149.59,99.34,85.03,70.31,520.15,603.03,233.89,38.80,85.02,46.44,473.97,181.86,40.44,1091.09,163.52,66.87,95.11,185.66,634.13,44.55,142.50,31.45,295.29,59.58,75.67,41.40,89.84,60.00,29.57,90.28,95.01,53.09,62.05,26.53,111.39,410.75,166.53,23.52,131.08,227.13,36.19,172.13,58.31,515.05,150.76,114.68,50.66,144.56,41.10,167.40,171.48,426.29,33.95,23.34,64.85,139.59,105.39,,30.33,81.45,232.77,604.73,28.23,187.50,105.14,273.00,,65.99,321.76
2022-02-14,24.22,165.47,284.79,155.17,291.92,216.00,42.29,134.42,134.20,53.48,483.02,39.66,87.86,13.26,114.27,47.00,127.01,53.28,120.68,277.00,44.47,145.75,350.50,197.85,144.28,52.29,281.14,143.01,160.81,150.04,99.96,86.84,70.96,513.59,602.72,231.23,38.62,84.94,46.45,474.01,180.60,39.78,1119.01,164.91,66.63,92.86,184.01,619.35,44.07,142.08,31.97,294.96,59.08,74.40,41.28,89.84,59.16,29.42,89.29,97.11,53.19,62.07,25.99,107.20,419.49,169.66,23.51,130.40,226.90,36.25,171.33,57.82,505.53,148.66,113.51,50.56,143.73,40.95,164.35,167.07,430.53,34.02,23.00,64.72,140.51,105.01,,30.68,80.42,232.98,607.94,28.11,186.43,101.75,274.43,,65.99,320.25
2022-02-15,26.44,169.30,290.07,156.51,307.48,219.28,42.43,135.49,135.31,55.72,490.04,40.75,93.86,14.17,121.47,47.97,134.70,56.67,122.14,284.92,45.27,145.10,371.94,197.56,147.57,52.48,289.31,150.49,163.26,157.19,103.47,87.73,75.51,512.36,630.07,233.41,39.15,85.72,46.35,479.50,189.30,42.05,1170.30,174.41,72.94,96.17,185.86,625.92,44.98,146.07,32.56,306.15,58.84,73.76,41.39,91.67,61.23,30.51,91.04,101.81,53.96,64.48,26.21,105.08,463.98,180.07,23.62,131.47,233.38,35.85,181.23,57.58,510.87,153.30,114.85,50.80,145.52,43.72,168.99,168.93,430.30,33.86,24.29,68.16,143.25,106.45,,31.69,83.05,235.46,609.45,28.18,188.82,104.38,285.82,,67.69,330.33
2022-02-16,26.46,169.06,289.73,158.10,307.80,214.85,42.16,136.61,136.37,55.21,488.59,39.81,93.92,13.97,117.69,47.95,135.78,56.45,122.55,286.74,45.07,145.40,370.17,196.43,149.41,52.97,291.14,156.34,162.85,156.83,106.15,87.74,68.71,512.72,637.23,235.77,39.18,86.33,45.58,477.70,183.28,42.44,1133.84,176.40,70.91,97.86,186.07,626.67,45.23,145.85,33.14,306.79,58.69,73.73,41.61,91.20,60.20,29.38,91.24,94.89,54.33,64.07,27.05,106.67,472.01,186.64,23.70,130.29,233.74,36.08,184.03,57.42,508.01,153.28,109.95,50.09,145.35,43.50,173.92,166.09,433.27,33.85,24.00,68.64,141.41,106.37,,31.72,83.39,228.31,609.46,29.76,188.63,103.41,280.87,,67.29,318.71
2022-02-17,24.46,165.47,281.25,154.65,292.12,206.09,43.85,131.45,131.23,53.52,491.08,38.67,91.64,11.77,112.37,49.29,131.45,55.41,119.75,282.15,44.46,145.79,351.36,195.57,146.22,52.45,284.08,149.00,159.00,151.56,103.03,83.19,64.13,481.68,624.33,232.77,38.10,84.40,43.73,457.71,169.85,42.48,1021.07,171.50,66.43,97.28,182.62,622.51,45.00,138.22,33.08,293.31,59.01,73.80,41.07,87.43,59.64,29.87,89.33,105.03,53.57,62.11,26.80,106.56,447.14,183.60,23.22,127.47,223.39,35.86,172.93,57.56,493.35,149.95,104.64,49.48,141.67,40.46,165.81,162.13,426.64,33.85,23.52,64.70,132.58,103.12,,31.20,80.37,216.71,597.83,30.71,184.96,96.81,261.94,,65.65,304.00
2022-02-18,23.60,163.92,278.54,152.60,285.66,204.55,43.57,129.33,129.41,53.61,488.85,39.13,88.77,11.02,113.83,50.57,128.45,54.40,119.20,285.83,42.09,146.63,343.92,194.76,148.07,52.24,280.78,148.93,156.89,152.32,102.74,80.36,63.77,467.14,621.84,229.61,38.00,84.66,43.85,442.56,164.93,41.79,937.26,168.37,66.23,95.05,182.61,611.00,45.13,134.95,32.66,287.63,58.95,73.99,40.63,89.07,56.03,29.86,89.55,96.21,53.66,60.97,26.51,108.03,442.76,174.90,23.18,126.42,216.84,35.76,172.45,57.48,489.45,147.50,103.10,49.16,140.80,39.60,159.02,158.50,428.72,34.35,22.76,65.49,128.47,102.67,,30.58,80.78,214.47,596.83,31.26,183.99,95.31,255.22,,64.95,298.07
2022-02-22,23.34,161.00,278.33,150.20,273.84,200.51,43.08,128.75,128.35,53.38,478.85,37.74,88.55,10.48,115.65,49.76,125.70,53.42,118.75,277.08,41.76,147.19,341.46,195.33,148.03,52.18,284.00,149.42,157.26,150.73,98.88,79.25,57.33,469.13,614.58,230.21,38.24,84.45,42.04,438.40,166.71,40.20,887.86,166.64,65.60,93.92,182.11,598.84,43.48,135.21,32.27,289.47,59.37,74.23,40.83,87.90,54.40,28.28,89.17,93.17,53.55,59.48,26.04,105.20,435.75,165.24,23.12,124.23,215.65,35.78,172.59,57.42,488.64,146.81,102.62,48.06,140.13,37.77,158.94,158.28,427.63,34.43,22.43,65.50,126.76,102.44,,30.44,79.76,218.09,595.50,32.83,181.21,97.74,254.81,,62.94,295.70
2022-02-23,22.34,156.83,271.13,144.83,254.68,196.90,42.64,126.54,126.55,52.25,472.25,36.75,85.36,10.43,109.76,48.12,123.38,51.76,116.76,274.72,41.73,145.74,329.98,194.97,147.10,52.50,276.50,145.34,154.15,146.85,96.98,79.60,56.28,453.35,606.38,230.69,36.77,81.32,41.61,429.45,161.83,39.12,920.57,161.68,63.75,91.72,178.82,604.89,42.12,140.88,31.48,285.53,59.20,73.07,39.71,83.88,51.82,28.21,87.71,90.55,52.22,56.90,26.45,106.46,417.64,150.04,22.47,123.87,209.02,35.19,170.66,56.54,474.68,147.47,100.18,47.01,138.12,36.50,149.44,157.82,417.86,33.98,21.98,64.14,122.44,100.69,,29.45,79.18,213.01,570.60,32.59,172.64,94.08,239.40,,53.50,281.02
2022-02-24,23.70,159.45,284.98,151.36,266.92,205.98,42.48,131.60,131.59,53.61,482.09,39.00,86.85,11.83,116.61,48.37,128.75,53.72,118.90,269.21,43.66,143.21,343.52,193.44,150.60,51.87,288.38,149.13,157.93,152.63,90.12,89.99,57.11,482.60,630.49,230.25,37.48,82.55,42.94,463.82,182.88,39.01,1033.59,162.43,66.67,90.26,182.40,605.69,42.48,149.04,31.66,307.80,57.75,74.73,40.17,86.38,51.06,27.73,90.14,100.42,52.60,63.29,26.15,105.08,440.62,158.26,22.85,124.63,218.18,35.77,176.44,56.46,509.77,152.89,104.46,45.79,144.07,39.70,159.86,163.38,432.35,32.72,23.25,65.01,130.15,102.62,,30.40,80.52,222.36,586.59,31.68,174.19,102.18,263.38,,60.60,301.60
2022-02-25,24.11,161.52,287.61,153.79,269.96,208.84,43.06,133.36,133.42,54.35,493.45,39.08,88.09,11.47,121.06,49.53,130.97,54.70,120.63,280.76,44.59,147.22,343.29,200.29,151.70,52.30,293.51,151.30,163.32,155.31,89.58,94.96,57.20,472.94,640.35,230.30,38.35,83.97,42.54,465.54,181.75,39.85,1111.39,167.84,67.61,91.78,186.17,614.51,43.65,152.93,32.43,311.15,59.63,77.23,42.28,88.37,51.65,28.24,90.94,100.34,52.46,64.99,26.86,109.50,446.72,155.09,23.22,125.82,219.62,36.90,179.00,58.55,522.45,155.00,110.35,47.51,148.55,40.50,161.41,165.28,436.60,34.19,23.39,65.83,134.14,105.15,,31.17,82.35,225.23,601.16,32.29,174.50,102.83,221.85,,61.70,305.03
2022-02-28,24.34,161.78,289.04,153.56,290.14,209.39,42.68,133.95,133.79,54.30,495.12,39.45,86.88,11.85,123.34,49.29,129.50,53.57,118.46,276.75,44.58,143.16,334.51,199.80,150.96,51.69,290.33,149.59,164.35,156.27,85.30,99.04,58.08,460.51,639.77,230.02,38.10,83.26,44.54,467.68,195.21,38.34,1126.65,163.77,67.20,90.26,186.25,614.21,43.28,151.43,32.05,312.39,58.49,78.26,42.20,87.09,51.86,28.05,90.46,104.95,52.52,68.90,26.75,113.47,444.06,151.49,23.30,127.16,220.23,36.86,175.24,58.63,532.35,157.85,111.33,45.44,153.54,44.30,161.11,162.00,436.40,34.52,23.90,64.16,140.25,105.52,,30.72,80.57,229.05,601.78,31.87,172.37,103.48,239.15,,61.01,305.72
2022-03-01,23.43,159.90,285.33,151.14,288.12,201.91,42.94,132.96,133.08,52.70,498.63,38.62,84.34,12.18,113.83,48.28,125.07,51.59,118.39,266.67,43.75,141.88,323.27,198.68,148.56,51.57,291.55,146.48,159.02,148.73,81.36,96.12,60.34,454.89,608.76,230.69,37.79,81.76,46.30,466.68,197.64,37.25,1124.52,158.73,63.88,88.04,184.31,602.96,43.77,150.53,31.51,307.71,57.47,77.88,41.62,85.34,50.98,28.11,89.69,102.43,51.08,67.57,25.80,112.43,422.67,151.01,23.35,125.27,214.00,36.58,167.00,57.92,535.14,162.51,105.94,43.01,151.78,46.47,159.97,159.80,434.50,34.07,23.99,61.95,142.12,104.18,,30.21,80.26,240.33,594.74,31.44,174.33,102.10,247.83,,59.83,307.27
2022-03-02,24.18,163.19,290.40,152.05,293.30,206.49,42.99,133.47,133.65,54.15,503.47,38.00,91.22,12.06,118.28,49.63,128.52,52.87,120.77,273.88,45.67,143.84,332.18,201.66,151.06,52.40,299.01,149.16,161.48,154.42,84.95,97.01,57.85,471.80,629.08,234.11,37.79,84.15,47.92,471.18,201.75,39.02,1140.90,161.93,66.55,92.48,187.93,612.73,45.06,157.46,32.71,315.32,57.79,78.77,41.88,90.53,48.77,29.24,91.82,103.62,52.42,68.96,27.67,112.30,438.98,157.53,23.80,126.35,216.51,37.04,173.61,58.83,539.97,163.20,106.04,44.60,155.62,45.93,164.48,160.86,437.24,34.47,23.77,63.63,144.61,106.69,,30.72,82.49,248.39,570.99,31.75,176.63,105.02,254.41,,59.72,309.28
2022-03-03,23.67,162.87,286.27,147.90,279.76,201.39,43.98,132.80,133.21,53.48,508.28,36.81,87.19,11.34,111.98,49.56,126.07,51.87,119.15,271.24,44.79,143.69,328.78,205.23,151.86,52.81,299.82,148.65,162.42,150.87,82.54,95.57,55.14,458.89,605.48,235.69,38.39,83.02,47.97,459.08,191.02,39.15,1096.76,159.27,64.12,91.57,186.48,607.05,45.61,153.94,33.36,308.84,57.98,81.13,41.67,89.13,45.22,28.68,91.20,101.68,52.43,67.27,28.42,110.69,416.28,151.69,24.07,124.96,210.00,37.36,170.25,60.20,538.52,165.07,100.80,45.27,158.79,42.87,148.46,158.20,438.05,34.47,23.10,62.99,140.15,106.72,,30.31,82.25,245.37,561.82,32.47,177.56,105.99,242.03,,58.59,286.88
2022-03-04,22.89,159.87,280.40,145.64,279.43,198.50,45.09,130.83,131.05,55.09,501.08,36.17,80.08,10.96,108.41,49.95,121.34,50.18,118.48,265.60,44.92,145.87,318.77,205.47,150.95,52.94,302.28,146.38,162.34,148.05,77.95,92.92,50.26,451.36,570.48,238.66,38.46,81.66,49.41,452.13,179.03,37.83,1055.78,153.31,62.36,90.28,189.91,616.25,44.94,154.69,35.38,309.06,57.01,83.16,40.66,85.23,41.27,26.89,91.33,89.86,50.31,67.09,30.25,113.73,400.58,142.70,24.44,123.65,207.66,38.35,162.64,62.06,535.71,164.44,99.38,40.84,155.79,41.04,142.19,158.01,442.60,34.71,22.94,61.82,138.13,109.53,,29.60,83.14,240.21,549.93,32.38,182.44,108.01,225.50,,57.92,267.61
2022-03-07,21.31,156.08,269.81,137.45,268.19,186.01,44.73,125.34,125.43,52.75,503.96,35.03,74.01,11.11,102.95,49.13,115.05,46.68,117.60,255.75,44.56,142.97,301.53,206.75,146.43,51.57,292.69,136.52,157.78,136.95,71.35,88.92,47.33,424.61,551.30,235.54,37.72,76.61,50.04,437.97,167.40,35.08,957.87,142.51,60.16,87.57,189.85,614.44,44.03,150.40,34.98,295.46,55.85,83.96,37.50,81.12,38.61,25.55,89.42,79.86,47.59,58.27,31.67,110.95,369.33,131.59,24.50,123.42,199.09,37.96,156.44,62.31,517.28,163.00,93.11,38.03,147.81,38.89,130.11,158.00,433.43,34.05,23.16,59.43,126.13,108.49,,27.41,81.00,224.41,555.64,32.63,182.24,105.20,204.37,,53.27,244.24
2022-03-08,21.47,154.26,266.85,136.01,274.80,188.81,43.81,126.06,126.24,53.24,499.04,34.18,75.44,11.04,105.53,48.08,119.80,46.80,114.69,256.17,44.39,138.94,308.90,203.88,148.61,50.95,269.32,138.61,158.71,137.55,74.59,87.53,45.74,429.29,550.05,238.71,37.58,76.19,50.69,431.53,156.77,34.45,914.78,147.07,63.44,79.24,187.10,610.61,43.68,145.80,33.07,296.35,54.31,82.23,36.24,81.82,40.02,25.27,88.57,85.01,47.77,55.37,31.69,110.95,381.85,142.13,24.52,120.07,195.95,37.67,163.06,61.12,507.78,162.00,94.40,39.10,146.51,41.04,127.13,156.10,426.97,33.22,23.09,62.52,125.03,104.96,,27.21,81.83,219.90,551.43,31.42,179.84,100.20,198.63,,54.31,240.95
2022-03-09,22.97,159.66,279.09,139.28,286.32,196.95,44.03,132.33,132.78,55.19,503.13,35.88,77.67,11.65,111.05,49.43,124.12,49.37,117.26,276.30,44.51,138.52,325.93,204.19,153.15,50.49,278.82,143.37,160.58,143.35,79.93,92.49,48.54,451.16,596.41,239.24,37.57,79.46,49.73,450.87,169.79,35.95,984.76,153.50,65.45,79.09,191.04,619.25,44.98,150.89,32.71,307.79,54.75,82.02,38.34,84.40,43.34,25.37,90.18,91.84,49.95,57.49,30.79,107.33,404.82,148.31,24.80,122.86,204.88,37.72,169.00,60.82,529.92,162.23,99.69,41.95,150.19,43.67,142.83,158.32,431.60,33.60,24.15,64.67,131.63,108.39,,28.98,82.28,233.53,557.75,31.03,182.02,103.06,212.35,,57.02,261.59
2022-03-10,22.62,155.32,276.27,146.82,279.43,193.69,45.03,131.34,131.60,54.33,507.97,35.68,74.03,11.87,106.46,48.36,120.59,47.44,118.78,268.61,43.61,135.98,315.59,200.22,153.41,49.56,275.72,140.51,159.68,141.16,79.73,91.97,46.43,439.15,575.99,241.93,36.98,79.06,49.72,438.95,191.02,35.06,931.29,156.47,64.17,77.62,191.74,626.13,45.04,149.46,32.98,300.84,53.74,82.87,37.69,85.39,35.76,25.08,89.11,89.65,49.28,57.35,33.45,110.65,396.01,151.80,24.66,121.06,199.79,37.76,166.37,61.10,524.44,160.56,98.03,40.31,151.59,42.11,140.16,158.29,424.89,33.21,23.59,63.73,130.33,108.29,,28.95,82.00,228.45,562.13,30.83,179.66,101.39,208.41,,56.08,255.20
2022-03-11,22.06,151.60,270.93,145.52,265.12,186.15,44.86,128.81,129.41,53.42,502.91,34.03,71.20,11.39,104.29,48.34,119.31,46.13,119.77,266.03,42.83,135.29,310.29,201.89,151.29,49.63,273.69,137.75,157.84,139.00,79.22,91.00,44.55,426.48,562.35,236.48,36.68,75.04,47.78,416.38,190.54,34.09,891.69,155.59,62.05,76.41,189.77,638.27,45.01,144.91,32.79,293.69,52.81,82.48,36.61,83.63,32.13,23.99,89.00,86.97,48.95,55.83,34.27,107.02,383.11,145.14,24.44,119.74,192.31,37.79,164.59,61.28,498.08,154.96,96.06,40.47,149.95,39.08,127.02,153.49,420.91,32.86,22.14,62.99,124.66,106.88,,28.88,82.35,224.91,559.29,30.68,176.93,97.57,201.14,,55.43,246.39
2022-03-14,21.29,147.58,267.42,141.85,255.46,185.18,45.48,124.92,125.71,52.49,501.51,33.10,67.85,10.50,102.25,47.99,115.92,44.76,119.29,270.39,41.49,137.19,307.15,202.21,148.06,50.39,263.80,135.91,158.68,128.91,78.53,87.55,44.05,412.22,554.38,241.68,36.64,71.92,49.36,411.50,183.12,33.47,882.47,155.70,59.25,75.55,189.52,652.01,44.99,139.16,32.35,278.98,53.00,81.79,36.62,82.02,25.53,23.88,90.38,76.06,49.86,55.09,33.67,104.14,372.72,138.50,24.67,116.61,188.70,37.75,159.02,60.95,486.33,151.80,96.35,41.30,146.12,36.99,118.76,141.82,423.63,33.07,21.20,62.16,120.30,106.25,,29.02,81.78,220.91,566.14,30.96,181.04,101.82,189.53,,55.95,238.66
2022-03-15,22.93,151.95,277.78,147.37,267.30,190.53,46.03,128.14,128.60,54.79,517.12,34.38,71.48,10.77,109.33,49.14,120.05,46.41,121.42,278.67,41.88,139.93,319.84,204.28,153.03,50.54,270.00,140.85,162.65,131.58,81.68,90.01,45.96,426.83,572.76,246.99,37.10,75.39,49.69,421.66,188.64,34.57,952.34,160.17,64.69,77.53,194.38,661.46,46.39,142.50,32.48,285.50,54.64,82.97,37.54,83.64,27.31,25.02,92.09,79.77,50.15,56.66,31.75,102.80,408.36,143.95,25.26,118.24,192.43,37.90,165.26,61.59,502.93,152.92,99.93,41.73,151.21,39.61,120.94,142.88,434.05,33.34,21.79,65.34,121.18,107.97,,30.07,82.47,221.42,569.16,31.06,185.87,104.02,196.61,,57.84,245.17
2022-03-16,24.45,156.36,284.79,153.10,280.08,202.04,45.89,132.19,132.60,56.12,518.14,35.75,77.89,11.79,115.37,49.33,125.91,49.26,122.84,288.55,43.58,140.55,336.83,204.38,156.59,50.24,277.85,147.99,165.46,137.27,86.48,92.32,49.99,444.52,624.53,248.52,37.66,79.28,50.15,442.36,189.66,36.31,1075.97,165.84,67.77,79.13,194.52,673.43,46.72,150.51,33.66,300.08,55.34,82.07,38.60,87.35,42.62,25.64,93.78,90.50,51.66,59.51,30.64,103.68,426.62,155.75,25.34,121.18,204.50,37.63,174.41,60.73,520.19,158.97,107.35,43.69,158.28,42.88,132.24,148.79,441.51,33.44,22.60,68.20,127.30,110.39,,31.32,83.90,227.47,572.11,30.95,190.27,109.33,207.03,,59.53,280.96
2022-03-17,24.72,157.37,285.59,157.24,290.53,206.22,45.96,132.74,133.50,55.71,527.11,37.14,78.72,12.32,111.69,49.65,127.37,50.39,123.98,293.14,44.05,141.64,338.45,208.08,158.49,51.30,282.95,149.31,166.24,139.44,84.86,94.03,52.51,459.91,627.86,250.00,37.87,79.51,49.40,444.36,204.13,36.77,1149.09,164.83,68.26,80.58,195.86,680.63,46.75,153.32,34.31,304.05,55.62,81.96,39.14,88.18,39.37,25.71,95.19,96.09,51.64,60.70,31.85,110.49,436.84,157.55,25.87,122.53,211.65,37.63,175.75,61.12,527.09,163.08,111.56,43.65,157.97,43.41,137.74,149.51,449.80,33.75,23.12,68.81,131.34,111.33,,31.90,84.73,235.30,577.65,31.00,197.07,113.68,214.83,,62.55,280.13
2022-03-18,26.40,160.67,290.63,161.25,301.80,214.80,46.10,135.01,135.69,56.43,535.27,38.06,77.64,12.82,113.46,49.47,130.41,52.15,122.28,295.31,44.34,143.27,350.40,208.42,159.94,51.50,290.11,152.54,168.65,140.50,85.85,96.17,54.45,465.85,652.58,249.08,38.22,81.27,47.48,453.33,208.06,37.10,1185.53,164.78,70.15,82.52,196.56,681.34,46.00,158.87,34.32,318.21,54.94,81.21,40.29,89.26,42.60,26.26,96.49,107.29,50.72,63.99,32.13,108.49,454.89,167.00,26.20,123.61,213.30,37.46,178.20,60.32,542.46,165.25,118.14,44.11,160.67,45.43,145.76,151.37,456.19,33.76,24.21,70.51,134.89,113.56,,32.31,85.79,243.60,577.32,30.90,202.75,117.01,222.71,,65.21,294.73
2022-03-21,26.69,162.04,289.40,161.49,307.05,209.84,45.72,134.99,135.37,55.96,529.72,37.46,76.60,12.59,115.92,49.50,129.50,51.40,121.12,294.40,44.29,143.06,341.98,208.48,160.26,51.70,283.28,153.26,167.18,141.96,84.87,96.20,53.40,452.87,655.51,250.26,38.02,78.79,47.68,453.59,204.13,36.84,1153.84,163.58,69.54,81.33,194.58,688.55,45.70,157.20,34.84,314.31,54.82,81.74,39.50,87.09,39.99,26.15,94.31,107.10,50.75,62.91,32.98,115.44,449.61,161.80,26.15,122.90,212.38,37.82,176.44,60.79,539.59,162.43,114.04,44.01,156.51,43.65,140.14,151.22,450.47,33.73,23.15,69.86,134.37,112.26,,31.57,85.49,242.84,565.77,30.90,204.77,115.08,220.86,,64.53,288.31
2022-03-22,26.48,165.41,294.14,164.89,331.33,214.96,45.58,138.72,139.14,56.89,533.43,38.29,77.35,13.27,114.78,49.65,130.74,52.35,120.85,295.76,45.22,144.63,346.54,208.61,161.94,51.98,286.44,153.78,168.92,143.80,86.46,99.57,55.25,462.08,661.11,251.88,38.47,79.72,49.54,466.45,217.06,37.43,1215.07,164.18,70.20,82.57,197.04,687.99,45.80,160.20,34.76,325.22,55.00,82.23,40.65,87.68,47.53,26.87,94.72,111.25,51.00,65.14,33.27,113.35,455.15,166.44,26.15,125.22,216.66,37.79,173.88,60.69,552.46,163.83,117.24,44.11,158.04,45.99,148.65,152.29,451.63,33.77,23.51,69.69,137.67,112.96,,31.84,87.10,244.15,574.66,31.17,205.58,116.18,232.39,,66.99,298.51
2022-03-23,25.59,166.77,289.72,163.41,333.04,211.80,44.99,137.14,137.38,55.78,528.28,37.45,73.96,13.18,113.92,48.15,126.82,50.84,120.02,291.18,45.11,143.87,334.73,206.59,159.03,51.00,275.20,148.52,166.59,139.48,84.81,100.67,54.90,447.96,638.66,248.13,37.90,78.20,49.40,422.90,219.48,36.64,1212.45,161.37,67.80,80.58,194.62,664.73,45.88,157.29,34.40,316.44,54.29,82.88,39.03,85.82,49.40,26.62,96.73,114.34,50.30,64.29,34.23,117.72,448.92,164.16,25.84,122.00,207.34,37.85,170.03,60.77,536.06,162.35,114.04,42.68,154.01,45.07,146.44,149.40,449.84,32.92,22.73,67.30,134.82,111.12,,31.22,85.08,236.78,559.99,31.44,202.17,112.33,233.38,,66.82,289.41
2022-03-24,28.10,170.55,294.18,163.65,337.97,217.86,45.27,140.41,140.16,58.30,532.18,37.57,76.47,13.39,120.53,48.17,133.74,53.25,120.85,301.36,48.24,144.75,351.20,208.97,163.59,51.25,281.08,153.95,168.63,144.58,88.82,103.69,55.20,452.02,662.83,251.70,38.13,79.02,50.77,432.14,223.40,38.01,1236.44,165.54,72.54,82.79,198.63,675.20,46.68,162.12,34.67,325.56,54.35,83.26,39.28,86.47,44.94,27.12,98.91,114.88,50.88,67.14,34.86,118.17,478.84,170.83,25.97,122.91,213.05,38.52,176.96,61.28,540.39,163.70,115.43,43.08,154.98,48.39,152.21,150.50,449.29,33.27,22.82,70.87,138.15,113.21,,31.66,85.30,241.23,559.32,31.73,202.75,117.10,235.79,,67.44,294.13
2022-03-25,27.64,171.19,293.77,164.77,336.88,220.09,45.47,140.51,140.37,58.52,529.89,37.38,76.36,12.97,119.67,48.59,132.26,53.12,119.50,302.02,48.44,145.42,351.73,210.66,164.20,51.05,286.87,154.58,171.31,144.13,88.27,103.73,53.44,445.93,659.78,253.95,38.40,79.32,52.12,431.62,221.95,38.24,1166.33,165.10,73.14,80.14,200.54,675.47,46.89,158.84,34.90,318.91,54.95,83.60,39.35,86.28,44.24,27.35,99.61,105.29,50.90,66.55,35.26,120.91,475.84,167.22,26.07,124.62,212.14,39.42,176.39,62.00,538.93,163.81,113.16,43.01,153.56,47.24,146.84,154.50,453.58,33.55,22.03,70.40,132.69,114.07,,31.56,85.60,238.09,558.26,32.27,202.51,120.24,230.32,,67.56,284.21
2022-03-28,28.17,172.05,300.56,168.99,363.95,221.85,46.28,140.30,140.79,58.90,538.95,37.85,78.08,13.42,120.24,48.74,132.84,53.36,121.62,305.71,48.14,145.85,360.28,212.14,164.89,51.29,294.95,156.10,170.72,144.57,89.40,104.21,53.43,466.46,666.95,255.72,38.72,80.16,55.01,450.01,222.12,38.16,1225.16,165.13,73.08,81.44,202.02,688.75,45.77,162.47,35.47,332.38,55.00,84.27,40.01,87.56,43.67,25.58,102.00,114.43,51.08,67.71,33.69,116.12,483.48,167.65,26.47,125.33,215.41,39.86,175.43,62.47,539.54,161.65,115.55,43.22,154.62,51.00,149.35,156.50,459.81,33.93,21.79,70.66,135.11,115.10,,31.55,85.63,244.23,565.25,32.35,206.02,123.77,237.93,,68.39,302.31
2022-03-29,28.60,175.34,305.12,169.32,366.52,228.07,46.67,141.34,142.08,59.70,543.50,39.18,80.22,14.20,123.23,49.20,136.49,54.47,123.48,309.22,48.83,148.02,368.90,213.09,169.63,52.46,302.00,158.82,171.10,146.96,93.14,102.75,55.98,471.18,680.69,257.98,38.93,82.75,54.57,466.33,223.01,39.05,1256.50,171.64,74.90,82.55,205.95,693.74,46.83,165.97,35.62,341.00,56.33,85.20,41.29,91.38,44.30,26.25,104.00,123.55,52.03,69.50,33.39,114.49,495.87,175.52,26.71,126.10,223.00,40.70,180.35,62.99,551.76,166.74,120.54,44.82,156.69,52.00,155.41,158.57,464.07,34.19,23.19,72.79,138.99,117.46,,32.69,86.74,246.26,572.33,32.34,209.13,128.82,243.99,,69.59,311.64
2022-03-30,27.64,174.18,303.62,166.30,364.66,226.08,47.50,140.77,141.48,58.73,549.69,38.15,77.39,13.88,119.22,49.54,131.05,52.52,123.66,308.54,48.06,147.82,358.81,214.00,166.46,51.70,304.44,155.37,170.23,139.35,91.41,102.62,55.31,458.16,657.09,256.52,38.85,82.57,55.70,460.06,224.96,38.10,1209.85,169.84,71.80,80.54,208.53,687.73,46.44,163.31,35.73,332.59,56.36,85.83,40.03,88.57,43.76,25.70,104.12,118.23,51.14,68.39,34.01,114.84,473.51,173.63,27.04,124.98,221.00,40.91,173.49,63.42,548.68,165.24,117.86,43.36,152.36,50.07,149.66,156.06,465.71,34.06,22.92,69.69,139.00,121.32,,31.86,85.49,241.56,570.12,32.36,211.24,129.76,239.90,,67.99,302.64
2022-03-31,27.24,171.08,298.25,163.00,359.20,220.63,47.20,137.93,138.51,58.60,549.09,37.46,76.15,13.73,109.34,49.28,127.19,51.47,123.41,302.67,46.32,147.31,351.36,213.33,162.94,51.52,301.68,154.16,168.53,139.43,92.22,103.75,55.07,466.79,641.13,260.97,38.14,82.51,54.49,455.62,227.08,37.37,1189.48,169.17,70.52,79.24,208.33,693.73,45.66,164.46,35.40,333.27,56.39,86.13,39.95,86.51,40.11,24.92,102.52,117.19,50.38,68.35,33.15,113.13,470.87,171.76,26.90,123.83,214.35,41.25,171.41,63.29,547.06,163.29,115.03,43.14,146.18,48.63,151.47,153.74,459.78,34.00,23.50,68.55,137.73,120.95,,31.37,83.88,239.46,545.52,32.35,208.97,127.90,241.28,,66.61,293.83
2022-04-01,26.66,170.79,299.33,163.56,361.53,223.10,47.86,139.00,139.55,58.35,548.83,37.35,74.48,13.83,108.19,49.20,122.95,50.31,125.72,305.80,44.96,149.40,345.81,214.48,161.70,51.71,305.54,154.33,169.79,134.11,92.98,101.85,53.27,469.79,640.94,266.15,38.86,82.98,56.21,458.19,227.85,36.42,1224.13,167.17,69.90,78.82,213.78,690.17,44.50,165.63,33.56,334.98,57.06,87.63,41.08,86.65,42.65,25.02,102.16,120.90,48.75,67.80,33.16,114.25,449.47,173.07,27.02,122.58,213.04,41.28,168.57,63.80,553.44,169.29,116.05,44.23,136.30,49.10,153.50,151.88,464.38,34.31,24.47,67.49,139.31,123.08,,31.42,84.19,237.93,561.68,32.80,208.47,132.89,246.21,,66.00,305.75
2022-04-04,27.31,174.83,304.69,168.35,381.82,232.07,47.87,141.80,142.47,59.08,548.41,39.15,75.94,14.63,110.53,49.38,124.91,51.28,127.48,304.58,45.98,149.01,352.31,216.02,162.26,52.58,302.25,153.52,169.82,140.34,93.26,104.68,57.78,490.87,653.51,268.64,39.20,79.90,56.56,468.81,229.03,37.13,1265.01,168.11,71.75,80.19,215.32,693.72,45.79,167.11,33.66,340.15,56.62,86.89,41.30,89.10,49.30,25.80,103.45,127.21,48.34,69.34,33.17,115.20,460.06,177.02,27.24,125.31,218.77,41.00,169.12,63.75,548.08,161.77,121.21,43.46,135.92,50.13,156.56,154.43,469.18,34.42,24.87,67.86,140.00,123.47,,31.90,84.20,243.00,562.00,32.76,211.28,130.55,252.11,,67.64,317.18
2022-04-05,25.88,171.52,300.74,164.05,363.75,230.03,48.01,139.44,139.91,57.15,548.59,38.01,72.95,13.89,106.82,48.87,117.45,48.22,126.88,304.89,44.98,149.17,331.65,215.75,157.34,51.78,295.92,149.31,167.71,132.72,90.23,103.52,54.98,481.55,620.52,269.96,39.22,76.30,57.16,458.58,219.96,36.22,1218.15,167.48,67.18,77.70,217.90,686.83,46.03,163.45,33.34,327.71,56.60,87.46,40.95,89.08,46.82,24.42,103.97,118.20,47.39,68.38,32.34,111.81,425.98,171.21,26.86,123.20,211.55,41.40,162.14,64.08,545.04,159.91,117.02,43.31,131.81,48.73,146.90,151.90,464.77,33.15,24.44,63.95,138.93,123.41,,31.59,81.19,239.72,556.79,32.52,213.62,129.10,238.61,,66.98,299.86
2022-04-06,24.36,168.36,289.73,158.76,348.59,221.56,49.13,135.43,136.06,56.02,557.62,36.83,72.13,13.00,103.67,48.38,115.15,47.70,128.56,298.52,44.43,151.72,330.43,220.49,157.41,52.71,288.67,149.59,167.70,127.08,87.26,101.13,52.44,475.88,603.29,272.39,39.11,75.61,57.74,444.33,211.22,36.02,1163.97,159.95,65.40,75.89,217.71,703.61,46.74,161.85,32.77,324.85,56.78,90.21,40.41,90.08,45.29,23.92,103.91,113.60,47.76,66.41,32.52,111.46,418.10,164.66,27.05,122.21,203.94,43.06,161.16,65.76,534.92,158.47,111.89,43.07,128.50,45.51,137.27,147.20,467.35,33.94,24.40,62.29,131.17,125.17,,31.19,81.29,230.14,561.26,32.89,214.44,127.39,226.07,,65.43,286.96
2022-04-07,24.16,168.66,291.54,157.78,352.42,221.21,49.62,134.77,135.35,56.12,579.80,36.22,71.65,12.84,103.72,48.62,118.11,48.19,128.15,301.37,44.45,151.86,338.91,222.00,157.72,52.86,291.82,150.49,166.90,127.02,86.90,102.75,51.88,480.54,600.21,275.83,38.63,75.39,59.01,452.72,217.03,35.94,1173.14,158.49,64.63,76.27,218.36,716.96,48.46,163.13,32.84,326.37,56.49,89.24,40.89,91.19,42.37,23.07,104.66,110.91,47.64,67.62,32.89,113.02,423.01,165.91,26.58,120.79,204.77,43.32,160.15,65.39,551.26,162.25,112.44,42.65,129.20,46.36,137.24,143.40,473.09,33.74,24.64,62.21,132.79,123.94,,31.22,82.14,233.25,552.48,33.11,214.41,128.13,231.96,,64.57,292.97
2022-04-08,23.08,166.65,287.28,154.46,341.83,220.60,49.89,132.19,132.92,54.63,572.16,35.59,70.63,12.70,101.00,48.30,115.76,47.07,127.72,301.15,43.94,152.37,327.51,222.33,154.62,53.99,289.86,148.15,164.70,124.72,85.11,101.37,51.27,469.37,586.42,280.28,38.85,73.94,62.02,445.34,218.21,35.52,1160.80,157.72,62.16,74.96,217.64,733.88,49.10,158.24,32.45,319.83,56.95,88.91,40.81,92.61,42.60,24.43,103.42,106.42,47.51,67.17,34.16,117.18,399.04,162.56,26.12,120.87,202.25,43.42,155.13,65.61,547.12,163.42,110.62,42.66,127.20,45.32,134.29,141.31,470.06,33.78,24.73,60.51,127.82,123.45,,31.41,83.21,228.77,557.60,33.62,213.73,126.50,226.79,,63.52,272.02
2022-04-11,21.88,162.40,275.95,151.12,325.31,214.77,48.90,127.77,128.74,54.03,557.50,34.80,70.52,12.66,97.37,47.06,112.17,45.55,125.40,300.51,43.52,151.90,318.16,221.32,152.69,53.64,278.96,144.55,163.93,123.50,85.18,101.82,49.90,460.14,573.76,281.09,39.01,73.18,58.78,434.44,216.60,35.39,1125.69,156.36,59.78,74.50,211.46,717.52,48.26,153.74,32.36,309.77,56.96,87.54,41.08,95.36,42.22,24.78,100.74,104.72,47.24,65.61,33.21,111.51,384.03,160.25,26.25,119.98,199.03,41.78,153.29,65.21,514.48,157.43,109.23,42.22,126.32,43.64,135.09,140.53,468.71,33.73,23.95,60.04,124.40,121.28,,30.84,81.58,227.21,559.91,33.88,210.74,123.12,224.32,,63.63,271.63
2022-04-12,21.46,164.27,272.86,150.79,328.98,212.47,48.57,126.67,127.33,54.45,554.35,34.41,70.45,12.46,95.10,46.12,110.55,44.71,126.38,297.53,43.46,152.52,316.99,220.59,153.63,53.41,277.85,145.12,165.42,124.17,85.66,101.98,49.53,448.75,570.17,281.15,38.71,72.37,59.94,426.77,223.51,35.75,1115.98,157.13,59.19,73.29,211.55,710.99,47.84,153.37,32.52,310.83,57.19,88.32,41.35,97.73,41.47,24.68,100.20,104.42,47.14,66.02,33.07,114.86,388.81,160.11,26.12,120.95,196.14,41.62,153.95,65.53,497.24,159.58,107.67,42.54,127.25,44.35,135.50,138.36,458.69,33.76,24.65,59.73,125.63,121.06,,30.25,80.53,225.97,549.12,33.77,208.98,122.61,223.00,,62.29,268.32
2022-04-13,22.16,166.96,278.24,155.54,340.79,213.32,49.83,128.83,129.23,55.14,563.63,35.04,70.86,12.90,97.74,46.41,112.77,45.25,129.66,302.50,43.93,152.25,323.01,223.65,155.51,53.78,285.22,147.57,168.77,128.19,88.75,104.83,51.96,457.30,588.18,290.93,39.25,73.40,62.19,431.67,239.86,36.02,1135.75,168.96,62.31,74.13,214.00,726.98,48.27,155.79,32.98,306.72,57.35,88.27,42.01,98.44,43.91,26.00,101.07,110.76,47.62,68.17,33.89,115.82,407.81,171.85,26.71,121.00,201.74,42.13,158.39,65.22,508.61,168.46,104.61,42.60,130.47,46.36,142.87,138.99,457.23,33.79,25.71,60.91,125.27,122.21,,30.35,80.50,228.66,562.40,34.50,208.46,124.70,241.23,,63.50,280.33
2022-04-14,21.22,161.95,270.70,151.71,328.33,208.54,49.79,125.69,126.22,53.40,562.96,34.11,68.66,12.42,93.06,45.54,109.39,43.67,127.84,301.81,42.68,151.28,308.57,224.10,154.22,53.58,279.70,146.06,169.06,124.92,87.46,104.46,48.96,452.14,573.88,287.97,38.98,72.11,60.60,420.44,235.22,34.88,1060.34,173.75,60.02,71.76,209.84,728.10,47.59,149.80,33.14,294.77,57.23,88.09,41.29,98.58,40.03,24.88,99.70,109.31,47.89,66.35,33.95,114.25,396.90,170.70,25.36,120.00,196.73,42.47,157.44,65.19,496.78,167.34,101.77,43.91,129.57,44.92,136.04,137.96,449.59,33.41,25.65,59.50,123.22,121.14,,29.25,79.27,224.67,555.32,34.73,207.67,123.03,230.84,,61.82,265.35
2022-04-18,21.74,161.73,271.37,152.79,334.76,209.13,49.41,126.63,126.92,54.58,555.07,33.79,69.66,12.15,93.89,45.48,110.85,45.05,125.72,300.88,43.59,149.98,314.71,222.25,156.79,53.37,276.35,149.64,166.36,127.12,86.36,102.96,46.74,455.96,581.28,282.99,38.39,72.20,61.33,425.47,224.99,35.58,1070.04,176.29,60.76,72.55,208.01,718.35,48.11,150.61,32.85,297.12,57.10,87.76,41.22,99.93,40.01,24.16,99.58,103.10,47.96,66.08,34.08,115.54,412.93,165.74,24.88,119.57,196.54,42.64,160.45,65.07,486.81,156.68,100.05,43.70,129.89,44.59,131.11,135.70,445.15,33.00,24.85,61.35,122.33,120.31,,29.08,79.14,219.50,533.48,34.63,205.64,120.16,223.57,,61.07,259.12
2022-04-19,22.16,164.02,275.99,158.12,342.72,215.62,49.97,128.94,129.47,55.62,566.69,34.86,71.20,12.91,96.93,46.12,112.96,45.88,127.72,301.46,44.79,152.16,324.26,223.52,159.01,54.41,294.86,151.49,170.80,128.69,87.93,104.76,49.59,471.54,592.39,282.52,39.42,73.67,64.63,436.40,228.66,36.84,1130.35,181.71,62.77,74.16,210.21,711.41,48.69,155.62,33.36,306.33,58.57,88.43,41.90,102.67,39.80,24.49,100.97,106.51,49.14,67.04,33.45,113.82,424.11,170.12,25.67,121.41,203.80,42.87,165.45,65.63,500.85,161.20,103.11,43.94,134.01,47.11,137.28,140.37,451.14,33.70,25.06,62.86,130.00,121.83,,30.10,80.20,224.62,557.75,35.00,209.65,122.95,228.79,,63.33,273.90
2022-04-20,21.44,163.85,277.02,154.00,325.73,198.86,50.60,126.99,127.20,55.63,575.49,22.62,71.66,12.79,94.02,47.18,113.76,46.10,127.59,309.25,44.96,154.43,331.72,225.30,159.33,55.12,302.90,150.61,170.06,128.05,88.42,104.36,46.34,468.51,608.48,285.30,38.84,72.72,63.37,428.11,222.49,37.25,1080.16,183.17,61.96,75.60,212.98,714.79,49.59,157.13,33.37,306.26,59.04,88.77,42.67,103.68,37.31,23.01,101.58,100.14,50.11,68.12,32.17,117.11,419.01,164.55,25.82,120.70,201.92,43.52,165.58,66.08,513.39,167.95,94.40,45.10,135.52,44.90,131.62,137.34,457.01,34.10,25.03,63.09,124.64,123.75,,30.19,80.64,220.14,535.96,35.60,211.66,124.10,221.71,,63.33,265.81
2022-04-21,20.15,163.06,271.65,148.30,336.26,186.61,50.67,123.79,123.92,55.16,564.25,21.82,69.43,12.33,89.85,46.97,111.64,44.95,127.01,307.35,44.39,153.87,322.50,225.37,157.39,55.25,294.57,148.12,169.71,124.19,87.93,98.67,43.12,452.66,595.11,281.71,38.46,71.62,60.71,417.48,209.85,37.81,1014.01,177.27,59.01,74.26,210.74,701.37,48.54,151.86,34.31,295.50,59.14,88.16,43.44,102.50,34.75,21.45,100.96,91.95,50.40,64.25,29.97,113.35,402.89,157.91,26.13,121.12,195.13,43.08,161.93,66.03,492.52,168.75,88.92,45.58,134.63,42.79,121.82,131.53,457.50,33.65,23.63,61.69,120.65,122.59,,29.71,80.84,212.45,519.03,36.14,209.76,118.10,211.47,,62.00,253.82
2022-04-22,19.48,158.52,265.09,144.35,335.02,182.68,49.72,118.65,118.64,54.62,545.14,21.55,67.95,11.96,88.14,45.71,108.85,44.34,123.68,293.47,43.49,151.50,311.26,220.86,153.91,53.95,252.34,144.89,165.11,121.18,86.93,95.26,41.21,430.93,583.23,270.42,37.18,70.68,60.48,408.67,205.62,37.22,979.82,172.77,57.53,72.65,204.64,683.46,47.18,148.07,32.63,285.00,58.44,86.54,42.83,98.94,34.73,20.57,98.33,89.00,49.02,60.86,29.32,107.37,391.89,156.09,25.79,125.38,187.31,42.14,158.14,65.16,473.64,167.00,85.57,45.57,131.67,40.91,118.40,136.41,442.68,33.20,22.81,60.28,118.02,116.41,,29.04,77.79,206.13,511.37,35.46,205.04,110.16,206.47,,61.20,245.29
2022-04-25,19.87,159.59,271.56,146.07,332.67,185.53,49.74,122.07,122.25,54.71,541.81,20.99,68.65,12.11,90.69,46.22,110.46,45.61,123.85,297.52,43.98,152.90,317.91,222.46,154.44,54.29,255.12,148.32,166.14,124.60,88.19,99.96,41.14,434.47,575.75,271.68,37.45,70.73,60.33,413.95,214.58,38.39,1041.92,175.64,59.74,72.76,207.89,685.70,47.56,151.10,32.74,290.92,59.08,86.76,43.34,101.00,35.60,21.50,98.80,91.25,49.40,64.70,27.99,103.84,407.36,158.39,25.79,125.44,191.15,42.24,160.07,64.63,472.27,162.07,87.31,46.41,136.95,42.80,121.68,132.96,443.85,33.47,23.56,62.13,120.79,117.21,,29.55,79.00,209.13,506.97,35.35,208.21,110.62,216.79,,62.65,253.63
2022-04-26,18.75,153.63,261.40,139.39,292.14,179.54,49.22,117.68,118.53,52.12,528.03,19.84,65.67,11.12,85.16,45.30,105.11,43.78,120.15,287.61,42.54,152.52,302.12,220.44,149.58,53.53,244.52,142.61,162.55,121.81,84.81,96.80,38.60,409.60,537.95,267.69,36.52,68.60,58.08,399.12,201.40,37.31,1019.84,170.61,57.04,69.85,203.51,670.29,47.62,151.54,32.24,282.90,57.52,85.67,43.13,98.53,34.84,19.83,96.31,84.26,47.95,61.30,28.55,103.48,382.35,153.04,25.47,121.99,185.59,41.94,155.36,64.35,455.56,155.00,83.25,45.02,133.17,39.10,119.35,125.01,460.17,33.24,22.22,59.46,113.34,114.78,,28.53,76.95,201.90,486.95,34.75,202.75,105.88,207.31,,59.99,242.98
2022-04-27,18.38,153.40,273.98,138.17,293.84,173.59,48.89,113.36,114.08,52.07,528.34,18.85,65.08,10.56,84.91,43.88,105.00,43.73,124.84,290.93,42.26,153.88,302.14,219.48,150.43,53.38,235.35,141.60,161.40,123.27,88.70,96.47,37.68,406.59,534.54,267.25,36.42,67.79,58.21,397.90,201.06,37.67,1024.74,173.45,55.83,71.97,208.75,668.99,47.55,153.41,32.59,287.03,57.53,85.92,43.38,96.83,37.42,18.83,96.64,82.22,48.25,60.06,28.48,104.52,380.42,152.23,25.38,118.65,180.47,41.39,158.14,63.99,447.18,154.92,82.17,45.59,133.12,38.58,120.44,121.65,462.78,33.97,22.46,58.75,113.64,115.83,,28.23,77.49,206.72,482.01,35.22,202.92,103.25,204.76,,63.72,243.66
2022-04-28,19.75,160.33,280.18,144.60,292.50,204.13,49.51,117.55,118.44,53.88,536.76,19.95,68.71,10.95,89.64,45.06,110.62,46.39,127.19,298.66,43.77,156.21,319.40,210.08,156.16,53.35,243.26,149.74,164.50,135.21,91.01,98.12,39.16,432.18,566.85,268.64,34.17,69.46,59.40,410.53,207.06,39.59,1040.00,177.65,60.10,72.43,210.28,671.05,41.55,159.01,33.28,301.86,59.48,88.43,43.90,99.62,37.95,18.35,98.98,87.39,48.66,61.73,29.11,106.85,399.91,159.74,26.15,120.80,195.84,41.87,164.16,65.66,448.35,143.16,91.60,45.84,143.04,40.05,128.47,123.23,471.26,34.09,22.34,62.20,116.06,117.34,,29.18,78.54,215.46,461.49,35.82,207.08,103.31,213.59,,65.46,259.98
2022-04-29,18.51,154.46,268.47,124.28,290.25,198.91,48.49,113.17,114.03,51.59,507.84,19.04,66.76,10.40,85.52,43.59,106.49,44.59,118.40,295.60,40.74,151.12,306.44,205.72,151.19,51.43,239.30,144.08,167.61,127.45,86.79,93.55,38.15,407.07,541.15,273.22,32.58,67.70,57.36,395.95,198.76,39.94,973.63,170.87,57.17,72.32,199.76,654.69,40.44,150.85,32.46,286.79,57.92,85.56,42.84,95.41,43.09,18.15,95.74,81.43,47.51,57.80,28.24,104.18,380.28,153.21,25.18,115.55,189.28,40.52,158.27,64.24,430.48,133.43,87.46,44.33,137.09,35.42,120.78,119.51,458.13,33.56,21.97,59.48,112.20,112.32,,28.41,75.67,206.70,428.49,35.01,198.67,102.14,202.74,,63.62,224.83
2022-05-02,19.50,154.77,275.19,124.50,300.98,209.49,48.17,115.63,116.20,53.64,505.19,19.95,69.12,10.74,89.84,44.37,109.01,45.89,121.53,296.86,42.02,147.64,313.53,203.72,154.52,52.27,240.66,147.60,170.52,132.54,86.11,95.32,39.60,415.10,548.18,261.96,33.14,68.36,56.38,407.29,203.65,40.58,1002.79,171.47,59.13,72.68,200.80,647.64,40.71,150.49,32.41,290.71,57.30,84.71,42.38,96.90,44.66,19.25,94.35,82.26,48.06,58.40,28.14,105.23,398.34,152.78,25.04,117.46,192.90,40.41,163.92,63.73,432.46,139.05,91.04,44.10,137.06,36.59,120.20,121.94,447.75,32.78,22.45,61.91,116.26,113.13,,28.74,75.46,208.41,432.54,34.48,196.85,101.79,208.23,,64.42,235.28
2022-05-03,19.57,156.26,272.59,124.25,303.08,210.38,48.34,116.37,117.17,54.09,504.36,19.99,69.77,10.55,91.13,44.42,109.82,46.47,121.39,297.54,42.11,147.84,320.59,204.84,153.22,52.28,238.11,148.27,170.66,131.62,82.69,92.99,39.77,418.83,551.55,269.11,33.08,67.42,57.84,407.58,199.40,46.45,996.64,166.56,59.47,73.95,202.83,656.06,40.23,152.85,32.64,292.21,58.11,85.10,41.96,96.06,43.91,19.27,94.07,79.18,48.67,57.31,28.68,112.33,443.53,145.00,24.95,119.92,193.22,40.44,164.91,63.25,435.96,142.89,90.23,44.20,137.79,34.34,114.89,121.35,439.81,33.37,22.58,62.21,114.85,113.93,,28.62,76.28,201.30,425.62,34.81,194.84,98.85,204.70,,63.36,223.54
2022-05-04,20.30,162.66,280.52,125.93,317.54,221.67,49.01,121.26,121.58,56.18,519.98,20.40,72.08,10.98,99.42,45.90,114.65,48.44,127.27,305.34,43.49,153.01,335.35,208.29,156.50,53.80,246.31,153.78,178.29,135.99,82.59,92.21,40.31,435.43,572.77,273.70,34.10,74.05,59.88,423.35,200.39,47.31,1023.21,174.45,61.93,76.20,209.55,656.43,41.87,158.34,33.55,299.19,59.45,86.95,43.33,99.38,45.35,19.66,96.65,81.64,50.35,57.47,29.90,117.60,464.58,156.18,26.06,121.10,203.75,41.51,172.18,64.37,411.31,143.43,92.23,45.75,142.43,36.64,119.00,124.76,452.74,33.39,22.84,64.50,115.54,117.40,,29.71,78.91,207.76,448.34,35.58,188.42,101.51,208.93,,64.60,234.70
2022-05-05,18.81,153.60,268.30,116.41,291.09,206.66,48.59,115.55,115.80,53.98,494.09,18.83,69.79,10.12,93.87,44.15,109.50,46.08,124.57,296.21,42.01,149.96,320.02,206.74,151.22,53.17,233.98,147.68,171.38,129.23,85.28,88.27,36.48,398.43,545.26,266.37,33.08,70.28,58.28,400.51,180.98,46.05,913.22,171.01,57.38,72.92,200.10,635.08,40.24,149.40,32.75,282.34,58.59,86.04,41.52,95.53,40.28,18.88,93.21,73.15,48.74,56.90,29.16,114.38,438.20,143.09,24.67,117.08,198.39,40.62,165.19,63.83,385.11,136.74,84.98,43.95,138.65,31.45,111.87,120.23,432.37,33.25,23.00,62.13,99.51,110.42,,28.27,68.84,195.82,456.20,35.43,182.96,94.82,190.41,,61.00,212.71
2022-05-06,18.64,154.33,265.77,114.77,288.55,202.18,47.58,114.80,114.72,53.99,480.75,18.10,68.87,9.48,95.34,43.90,108.56,45.79,121.92,292.47,41.73,149.97,318.05,208.64,149.71,53.02,224.85,145.71,169.27,128.27,86.16,84.14,33.50,384.67,532.53,253.93,32.77,69.41,58.39,391.01,164.81,44.74,927.55,166.06,56.85,72.83,198.62,618.87,40.56,146.37,32.87,274.71,59.04,86.03,43.33,92.04,38.19,17.75,92.53,72.11,48.34,53.27,29.26,117.96,431.37,135.84,24.20,112.85,193.77,40.76,164.46,64.09,366.64,134.75,81.25,43.23,137.20,29.42,110.00,114.27,428.28,33.16,20.59,61.64,95.99,110.04,,27.41,70.64,189.46,459.77,35.80,180.53,87.97,172.94,,59.11,202.26
2022-05-09,16.92,149.20,255.95,108.79,262.37,194.68,48.13,111.59,112.16,52.39,476.43,17.31,66.51,7.46,86.36,43.57,102.05,42.81,117.04,284.52,40.57,151.11,306.07,211.06,147.47,53.45,208.71,142.09,168.00,123.10,79.46,76.58,30.20,356.78,495.47,235.02,32.58,66.66,55.82,376.91,143.69,42.54,770.99,157.71,52.89,70.84,192.07,595.75,40.67,137.18,31.78,262.41,59.53,86.74,41.78,89.33,34.95,17.10,90.19,64.18,48.83,49.04,27.36,106.87,394.34,119.37,24.18,109.67,186.32,40.48,160.13,64.59,345.02,122.52,79.11,43.35,132.73,21.91,97.53,106.15,422.06,33.32,17.67,58.67,87.89,106.59,,27.17,71.34,176.21,463.67,36.29,173.28,82.50,153.09,,58.06,183.35
2022-05-10,17.56,151.61,260.71,108.86,266.68,196.11,47.46,113.46,113.65,54.11,478.94,17.77,67.46,7.29,88.73,44.10,103.43,43.96,118.26,283.68,41.45,150.92,310.24,212.35,150.42,53.54,211.39,144.86,168.70,124.83,80.30,80.67,28.99,360.84,505.82,240.16,33.02,65.18,55.26,393.03,151.88,43.17,774.44,161.79,54.27,71.22,194.41,610.96,40.79,141.17,30.98,270.51,59.21,86.21,42.07,85.71,35.56,17.35,91.16,68.53,48.10,52.36,28.06,107.16,400.20,116.13,23.63,109.24,186.41,40.50,165.26,64.44,340.18,128.18,78.33,43.87,134.18,22.55,98.31,103.59,419.78,33.20,18.36,62.27,89.46,106.47,,27.39,69.63,183.67,468.23,35.69,174.15,81.86,150.29,,56.97,180.98
2022-05-11,16.60,143.75,252.05,105.37,244.67,187.27,46.96,112.67,113.03,52.78,467.11,16.64,65.56,6.71,87.92,43.29,100.28,42.82,118.53,284.69,40.34,150.19,299.12,212.29,147.25,52.48,210.87,141.85,166.32,120.71,81.37,77.78,27.28,346.24,503.82,234.96,32.64,63.55,55.58,379.33,137.40,41.96,679.68,160.71,51.72,67.99,190.92,608.94,40.50,135.68,31.35,260.83,58.89,86.82,42.46,84.01,33.84,16.62,89.40,59.51,47.45,52.19,29.58,105.87,374.92,116.15,23.03,117.94,180.68,41.25,158.25,64.87,333.90,120.42,74.77,43.32,132.55,16.82,97.87,105.26,418.60,33.57,17.07,58.90,84.37,105.47,,26.74,67.70,173.14,448.35,35.73,169.80,78.74,136.57,,54.19,169.28
2022-05-12,16.15,139.88,247.02,106.93,242.67,189.75,46.92,111.92,112.24,53.19,464.35,17.43,66.29,7.34,87.06,42.97,103.02,44.08,119.25,285.53,40.35,149.96,302.93,215.89,148.33,54.15,211.69,142.69,167.95,120.23,80.62,79.75,36.74,344.02,504.85,240.85,33.91,63.85,51.93,388.49,139.81,41.81,722.93,157.22,51.57,68.84,189.96,629.71,41.49,135.82,31.19,262.06,58.99,85.73,42.84,85.23,34.23,17.11,88.49,65.59,47.95,53.33,29.06,107.37,376.58,115.94,23.78,118.39,185.05,40.00,160.83,64.50,347.95,121.33,73.89,44.42,131.97,17.12,98.83,106.21,418.08,33.07,17.19,59.69,87.04,105.21,,27.00,68.79,171.92,465.26,35.36,169.08,77.88,137.63,,55.58,168.24
2022-05-13,17.67,144.35,252.60,113.06,256.53,197.07,47.10,115.10,115.57,54.74,474.94,18.76,70.41,8.34,95.12,44.10,107.94,47.10,121.46,292.57,41.07,152.89,323.99,214.73,151.76,54.05,223.69,148.15,168.48,123.11,82.53,81.83,39.46,361.39,529.94,246.72,33.98,69.05,53.03,405.45,156.29,43.99,794.96,160.46,56.67,71.14,191.16,641.19,42.37,142.44,31.60,275.99,59.62,86.74,44.44,88.04,37.72,18.10,90.85,73.71,48.10,56.31,31.06,112.77,418.51,121.45,23.99,122.29,197.07,40.76,168.55,65.32,362.18,126.47,78.41,46.93,133.67,20.46,108.86,109.93,419.53,33.39,18.19,61.15,98.22,106.78,,27.99,68.64,182.29,471.39,36.38,171.56,83.68,153.23,,58.19,188.90
2022-05-16,17.23,142.81,252.97,110.81,241.46,198.48,47.15,113.51,113.86,54.23,472.32,18.65,68.99,8.04,94.24,43.61,106.61,46.19,121.68,293.21,40.58,154.43,318.33,216.87,150.65,53.94,219.53,146.93,168.86,122.18,80.34,78.03,37.37,349.56,517.02,254.17,34.30,66.15,54.96,402.86,146.39,43.57,787.81,156.54,54.37,73.01,190.98,650.61,42.59,139.38,31.44,273.73,59.40,86.48,44.56,87.80,37.84,17.21,91.27,65.79,47.83,55.11,31.80,110.97,404.29,114.44,24.00,124.69,192.58,40.89,163.91,65.62,360.20,124.87,77.24,47.07,128.46,20.15,97.19,110.11,419.07,33.18,19.70,60.15,95.44,107.11,,27.55,67.89,176.06,463.34,36.20,167.45,81.15,140.08,,56.98,177.00
2022-05-17,18.14,146.44,258.12,115.37,253.87,201.04,41.78,115.52,115.75,56.60,468.44,19.06,72.92,8.36,102.47,45.03,112.75,49.05,123.67,302.05,41.82,153.54,338.53,218.19,156.45,54.75,225.18,152.91,173.30,127.45,84.29,78.88,38.10,361.50,542.80,261.84,35.10,67.34,57.61,409.65,147.27,46.05,834.88,158.98,57.37,76.78,196.81,663.08,43.22,142.87,31.91,282.81,59.03,87.36,44.62,89.00,40.16,18.36,92.14,69.38,48.88,56.56,32.01,111.09,429.59,117.50,24.24,125.75,195.64,41.47,171.93,66.03,366.36,129.31,79.33,47.99,132.98,22.49,95.05,123.08,421.90,32.27,21.50,63.13,96.80,108.50,,28.36,70.26,173.34,472.13,35.45,169.96,83.04,141.78,,58.08,174.43
2022-05-18,16.91,138.18,246.36,107.11,236.60,190.74,38.95,110.98,111.49,53.10,410.12,17.72,69.56,8.01,96.28,43.04,107.44,45.72,120.42,293.80,39.89,144.02,321.52,216.95,152.26,54.79,215.35,149.25,168.78,119.02,80.51,73.10,36.50,343.46,510.59,252.35,34.52,65.11,55.63,397.88,138.50,44.48,749.30,148.52,54.15,74.13,190.89,654.78,39.99,136.30,30.55,272.57,54.74,86.91,43.31,88.75,38.59,17.46,86.57,63.63,46.62,54.12,31.54,108.48,398.82,108.03,23.36,126.24,187.98,41.11,162.43,65.67,357.33,128.31,76.77,46.52,115.73,19.74,88.07,123.05,401.15,30.97,19.90,60.34,96.25,104.77,,26.64,65.69,162.95,469.50,32.06,162.10,77.12,128.09,,55.39,162.49
2022-05-19,17.09,134.77,245.45,107.32,236.47,189.80,37.88,109.48,109.84,50.83,403.94,18.35,67.94,8.31,96.67,37.13,106.86,45.20,121.03,294.40,39.57,141.87,326.01,217.67,149.87,54.83,218.14,150.20,167.72,119.13,82.59,72.73,39.41,352.23,508.37,255.45,34.43,65.70,55.58,394.38,142.64,43.66,801.57,151.34,53.43,72.73,189.38,652.74,40.10,143.83,29.24,300.52,54.89,86.17,43.38,88.65,42.05,17.50,86.70,66.95,46.76,55.03,31.84,109.72,403.99,114.17,23.37,127.27,193.72,41.31,162.80,65.78,364.83,129.36,80.85,46.28,116.71,21.08,96.53,119.76,402.81,30.80,19.57,60.48,98.58,103.35,,27.73,66.03,164.52,474.57,31.67,163.78,79.03,132.30,,56.81,174.75
2022-05-20,16.66,135.01,244.89,107.59,221.30,192.03,37.92,108.02,108.42,50.55,397.73,18.64,67.46,8.08,93.50,38.21,102.73,45.39,121.19,298.65,39.23,142.76,323.09,220.10,151.82,55.33,219.07,151.60,165.19,120.07,83.08,79.78,40.03,357.52,514.98,258.59,34.42,67.04,55.02,399.09,148.74,42.76,775.65,149.69,53.22,70.62,191.02,656.70,38.17,146.60,29.24,306.72,54.96,86.75,43.81,68.73,40.90,17.74,87.86,66.23,45.84,57.06,31.46,110.11,405.37,112.55,23.42,127.99,191.41,41.13,166.80,65.09,372.23,132.27,80.11,47.35,119.02,20.27,94.79,116.12,406.98,31.03,20.25,61.08,99.40,104.67,,28.03,66.51,165.99,479.03,31.51,164.43,80.31,136.89,,57.16,177.40
2022-05-23,16.87,140.42,252.73,107.56,224.97,194.70,39.00,110.57,110.76,48.98,410.19,18.74,68.13,8.01,95.07,38.58,106.08,46.27,124.89,303.61,39.56,145.74,328.58,221.47,151.93,55.17,221.61,150.77,165.04,120.55,82.72,83.38,37.98,361.01,536.02,268.35,35.13,67.06,54.97,406.76,149.27,43.15,774.30,152.32,54.00,72.22,194.98,677.33,38.61,147.63,29.52,306.98,55.73,87.24,43.53,75.31,40.45,18.29,89.47,67.81,47.02,57.27,32.52,115.03,405.98,113.28,23.64,130.94,183.51,41.78,167.34,65.66,368.33,129.58,80.75,48.33,122.38,20.44,93.93,123.62,413.27,31.37,20.01,61.38,94.74,105.46,,27.62,67.46,165.79,473.67,32.02,166.41,80.98,138.17,,57.83,177.70
2022-05-24,16.12,137.72,251.74,104.10,209.39,179.87,39.49,105.10,105.06,48.78,418.05,18.03,65.22,7.55,91.16,38.95,102.86,45.09,124.24,303.68,39.25,147.69,317.90,224.00,150.08,55.77,218.39,151.05,165.37,117.27,80.50,79.52,33.12,348.96,528.11,268.48,35.29,66.42,55.14,398.41,139.87,42.60,699.86,147.19,51.58,70.12,194.77,681.42,40.55,144.00,29.22,296.37,56.59,88.94,43.74,74.22,36.96,16.86,89.63,62.66,47.23,57.17,33.03,114.75,376.60,106.24,23.67,133.79,179.55,42.60,165.89,66.87,362.16,127.05,78.23,48.27,120.63,19.30,85.81,122.69,416.26,31.66,19.18,61.47,92.56,105.13,,27.04,67.04,158.77,479.02,32.53,166.43,72.03,127.81,,57.45,164.17
2022-05-25,16.94,137.88,254.55,106.78,219.60,182.40,39.25,104.94,104.98,49.48,420.34,18.78,66.45,7.96,92.65,39.16,104.99,46.68,126.38,299.28,39.75,148.71,325.49,225.00,152.00,56.34,222.58,151.49,165.79,119.73,84.31,84.25,35.69,377.62,529.71,270.84,35.80,66.20,57.46,402.50,146.64,44.48,723.00,153.86,53.12,72.86,195.84,686.24,41.05,145.06,29.44,299.17,56.02,89.17,43.87,77.81,38.31,17.23,88.84,68.48,47.97,57.46,32.52,119.80,389.37,110.40,23.53,134.44,186.53,42.76,170.99,66.38,367.86,126.75,79.69,47.64,123.02,19.81,88.73,122.08,415.06,31.71,19.27,62.35,95.54,105.26,,27.82,67.32,164.51,487.61,32.75,166.22,70.33,132.58,,58.90,170.75
2022-05-26,17.82,141.08,257.82,111.08,235.91,190.14,40.08,106.91,107.41,51.25,444.11,19.14,69.12,8.36,98.75,40.04,111.31,48.75,127.63,303.53,40.95,149.71,340.23,225.03,155.69,55.87,223.30,153.06,168.11,123.03,87.23,83.68,36.43,395.09,541.29,269.65,36.16,68.04,60.67,408.60,155.84,45.67,783.44,164.10,56.10,75.57,199.85,678.85,42.61,148.67,29.85,306.10,56.14,89.25,44.37,83.19,41.93,17.98,92.65,73.69,48.33,58.86,33.78,123.76,408.81,114.30,23.91,135.74,191.63,42.88,178.40,65.73,384.92,125.60,79.99,48.13,127.72,21.61,89.63,123.28,421.67,31.88,18.60,64.19,98.52,108.13,,28.60,68.30,168.15,502.84,30.75,169.13,70.16,142.13,,59.37,175.18
2022-05-27,18.78,146.83,264.94,115.15,253.21,193.61,40.87,111.40,111.88,54.28,449.62,19.52,71.78,8.85,102.26,40.60,115.58,50.84,128.94,312.34,41.96,151.17,357.56,227.00,159.12,56.16,229.16,157.10,170.94,127.52,88.98,84.47,40.29,410.70,563.82,273.73,36.18,70.07,64.68,428.22,166.82,46.85,811.44,166.40,59.87,77.72,205.69,688.15,43.16,156.24,30.39,322.96,57.27,90.12,44.83,83.50,48.30,18.76,95.91,78.09,49.20,59.57,34.02,129.02,441.95,120.50,24.64,135.60,211.38,43.49,181.46,66.94,398.61,127.77,84.76,48.40,129.27,21.94,98.07,125.78,432.74,31.56,19.52,66.69,102.52,110.70,,29.17,70.17,158.79,509.94,31.39,173.94,72.27,160.00,,61.50,184.78
2022-05-31,18.64,146.05,263.61,120.21,252.75,192.13,40.92,112.83,113.11,53.99,445.28,19.74,72.29,8.68,101.86,40.09,113.46,49.79,128.16,307.65,41.84,147.63,351.37,228.32,158.04,56.20,227.64,157.89,168.56,130.67,88.10,83.80,38.11,402.90,556.97,268.65,36.28,71.70,60.29,416.48,159.99,45.68,785.88,165.46,58.22,74.63,204.11,660.28,42.48,153.73,30.14,319.20,57.09,88.78,44.56,81.31,50.35,18.45,96.25,76.91,49.88,58.83,32.92,128.48,436.66,120.87,24.38,135.71,207.75,42.88,175.74,66.07,391.62,125.80,84.76,47.72,126.53,26.47,95.39,124.53,431.34,31.17,18.82,66.56,101.36,110.47,,28.63,70.14,156.30,506.93,31.39,170.30,74.49,153.09,,60.94,177.32
2022-06-01,18.29,145.92,264.15,121.68,246.79,187.17,39.91,112.96,113.21,53.38,436.47,19.29,72.01,8.46,101.22,40.25,110.72,48.43,129.38,302.84,41.55,146.52,343.80,225.36,155.95,56.13,216.39,154.49,167.07,128.43,87.90,83.62,38.31,396.98,544.76,269.41,35.99,69.68,61.81,418.16,161.45,45.37,762.24,164.50,57.13,73.76,200.80,654.50,41.64,153.22,30.34,316.86,56.51,88.79,44.03,79.05,49.00,17.66,94.43,71.95,50.85,57.81,34.23,129.21,434.58,116.72,24.54,136.58,207.38,42.91,170.93,65.87,369.63,123.05,82.04,47.84,126.13,23.81,97.50,124.63,420.02,31.08,17.93,65.19,99.35,109.07,,28.23,69.66,156.56,495.38,30.90,166.71,70.96,148.94,,61.23,179.25
2022-06-02,19.56,148.37,266.24,125.51,258.33,197.31,40.56,116.66,116.79,53.67,465.71,20.51,73.79,9.30,108.59,40.75,113.50,50.10,130.57,316.86,42.24,147.71,358.04,220.79,158.00,55.00,227.21,158.68,171.54,134.10,93.15,86.22,40.95,414.96,561.08,270.05,35.89,72.54,61.91,441.28,174.02,46.61,836.74,168.20,60.47,74.61,204.82,626.47,42.27,161.41,30.90,330.81,56.62,88.97,45.17,79.58,52.67,18.00,96.23,72.97,51.09,60.64,33.77,130.07,457.90,121.26,25.10,138.50,214.09,42.74,174.06,66.19,386.34,125.50,87.85,48.48,131.06,24.45,110.08,129.05,430.36,31.69,18.44,67.17,105.11,112.36,,29.17,70.39,169.44,498.22,30.19,171.36,77.96,160.84,,63.99,196.62
2022-06-03,18.69,142.65,261.82,122.35,234.52,189.29,39.87,113.60,113.63,52.42,454.86,19.90,68.47,8.94,106.30,40.27,111.21,49.21,131.35,315.64,40.87,146.09,349.05,220.94,154.08,54.99,217.79,154.93,169.61,129.53,91.72,85.43,39.43,397.55,544.75,269.44,35.17,72.21,63.29,429.76,162.10,45.22,788.90,168.42,58.04,72.91,202.04,626.12,42.11,158.56,30.45,327.68,56.06,88.71,44.42,79.11,50.90,17.50,95.71,68.04,50.71,59.33,34.60,130.71,443.51,119.83,24.79,138.01,208.37,42.51,168.90,65.66,372.63,131.52,86.07,48.00,131.41,22.72,105.44,126.97,421.22,31.34,19.53,65.27,103.09,112.24,,28.82,69.07,162.13,491.07,30.12,169.08,73.20,156.93,,62.52,190.57
2022-06-06,18.75,143.40,260.59,124.79,238.28,192.74,39.72,115.86,116.06,52.23,451.25,19.71,68.97,8.98,105.65,40.34,111.24,49.43,131.89,319.08,40.82,146.70,349.08,218.27,149.99,53.76,216.43,154.96,169.93,128.81,92.17,85.67,42.56,397.56,552.52,268.00,34.64,72.14,64.47,429.46,168.97,44.95,803.99,171.27,58.81,72.76,200.97,604.94,42.52,160.29,30.48,328.79,56.09,88.80,45.68,78.07,53.75,16.85,96.03,69.95,50.91,59.39,34.48,131.68,451.89,122.02,24.92,137.38,208.60,42.35,166.71,65.51,372.22,131.63,86.35,48.72,131.83,23.54,103.16,126.99,414.54,32.93,19.03,64.34,102.68,112.35,,28.73,69.37,158.86,484.72,30.44,169.74,74.08,158.57,,61.13,190.27
2022-06-07,18.89,145.92,264.22,123.00,238.89,194.13,39.25,116.19,116.27,53.32,450.59,19.86,69.28,9.13,105.28,40.55,111.89,50.12,133.25,319.32,41.00,147.60,353.65,219.13,151.86,54.20,221.95,156.54,172.04,130.14,91.36,87.83,43.50,405.03,557.67,271.86,34.93,72.59,64.63,433.42,176.68,45.40,824.68,170.86,60.07,74.48,203.51,609.86,42.32,162.27,30.87,329.53,56.80,89.12,45.42,77.28,59.19,17.17,97.52,69.93,51.11,61.08,34.46,135.56,459.01,122.90,25.02,138.17,207.17,42.79,168.40,66.28,376.79,134.01,88.12,48.41,130.84,24.00,108.06,131.65,417.51,32.67,20.09,64.75,104.07,113.08,,29.12,69.57,159.25,482.55,30.76,170.82,77.10,162.81,,61.96,200.85
2022-06-08,18.62,145.18,262.20,121.18,241.87,195.11,38.91,116.23,116.28,52.61,446.97,20.28,67.16,9.18,101.90,39.97,108.79,49.03,130.00,312.51,38.84,146.87,348.13,218.30,147.85,54.06,218.60,154.72,169.34,127.45,92.11,87.48,43.75,402.90,548.42,274.54,35.10,71.68,62.90,428.84,178.84,43.52,824.62,167.01,58.42,73.77,201.41,603.68,41.66,159.93,30.16,322.89,56.25,87.47,45.12,77.80,64.95,16.67,96.50,73.79,51.34,60.11,34.30,135.49,443.94,123.77,24.50,136.46,203.73,42.02,163.99,64.16,371.97,139.40,87.04,48.44,124.39,23.29,107.35,131.40,407.57,32.33,19.85,63.13,102.88,112.05,,28.68,68.65,160.04,487.95,31.03,165.85,76.47,165.57,,61.25,200.80
2022-06-09,18.02,139.96,256.75,116.15,239.71,182.57,38.50,113.89,113.98,51.76,450.85,19.28,64.64,8.68,98.80,39.39,103.74,47.24,127.90,303.08,37.69,144.25,336.67,214.99,144.47,53.02,209.95,151.53,167.16,125.39,89.44,86.03,40.30,389.38,524.23,259.70,34.56,72.08,59.44,426.42,173.55,42.58,748.41,161.67,55.60,73.03,198.42,571.62,41.28,155.81,29.56,317.08,55.00,85.50,44.65,76.56,58.70,15.63,94.46,68.65,50.56,60.70,33.01,133.39,430.54,115.72,24.06,133.11,195.06,40.70,170.61,62.51,359.70,135.00,83.66,48.48,123.60,21.78,103.64,129.23,396.04,32.04,18.96,61.04,101.04,109.38,,28.10,66.45,153.83,482.26,30.92,162.39,74.11,160.42,,59.69,196.06
2022-06-10,16.95,134.56,245.31,109.65,232.23,174.20,38.71,110.25,110.52,50.37,442.50,18.29,61.31,8.26,94.82,38.70,98.55,45.42,125.48,295.66,36.90,144.02,321.33,213.44,141.07,52.64,205.27,147.13,162.17,122.17,82.65,82.54,36.11,370.59,504.05,254.88,34.11,69.12,58.07,393.84,169.32,40.66,691.69,154.16,52.24,71.06,194.67,567.97,40.50,149.11,28.73,305.39,54.61,85.50,43.52,74.11,59.95,14.86,90.56,62.18,48.88,57.66,32.23,131.41,410.70,108.91,23.67,130.79,187.08,40.14,165.38,62.27,345.89,132.11,78.88,47.37,121.11,20.34,96.20,127.95,380.89,31.84,18.27,58.77,96.51,107.62,,27.08,65.65,149.28,474.19,31.07,159.77,73.46,153.61,,58.59,183.81
2022-06-13,15.62,129.40,234.90,103.67,215.74,162.98,37.99,105.52,106.01,48.17,431.94,16.97,57.61,7.64,86.99,38.48,93.17,42.80,119.82,286.57,35.58,141.56,302.29,210.56,137.27,51.26,194.97,138.55,160.55,118.01,77.72,79.62,33.83,353.84,477.03,245.39,32.94,66.10,53.88,371.65,154.52,37.90,626.94,146.67,48.05,67.91,188.36,545.61,39.62,141.66,27.93,290.25,53.17,80.93,42.24,71.83,54.41,14.03,86.47,58.38,47.66,53.30,30.47,124.91,377.76,98.93,22.80,126.20,173.10,38.10,156.07,59.97,336.20,127.70,73.33,45.61,117.45,15.22,86.14,123.19,375.56,31.13,17.38,54.95,89.81,104.57,,26.22,63.75,142.23,454.47,29.90,157.40,68.06,140.98,,55.82,166.29
2022-06-14,15.81,130.27,237.06,102.31,220.89,162.46,38.00,105.84,106.32,48.41,434.37,16.75,57.47,7.82,86.99,38.19,93.47,43.21,120.09,281.14,35.73,138.35,304.78,209.60,137.76,50.71,191.10,137.99,159.56,119.48,76.63,80.27,32.35,354.61,474.70,249.08,32.64,66.05,52.87,370.82,159.26,37.06,616.40,146.79,47.76,66.67,187.78,544.67,39.78,143.39,27.82,295.16,52.52,78.69,44.03,71.04,60.92,13.98,85.16,58.46,48.34,53.85,30.13,126.46,394.75,98.87,22.37,124.84,171.59,36.91,156.64,58.19,328.99,133.52,72.07,45.52,117.33,15.69,87.11,121.41,371.11,30.86,17.39,55.84,87.51,104.80,,25.90,63.73,139.38,451.97,29.98,154.35,69.31,142.11,,55.17,167.68
2022-06-15,16.50,132.89,244.11,107.67,233.00,168.03,37.98,108.86,109.49,49.02,438.19,18.01,57.88,8.12,89.30,38.98,94.24,43.58,121.65,285.30,36.41,139.83,311.83,209.50,139.41,51.23,196.13,140.72,161.03,120.18,77.48,81.17,34.07,367.98,488.39,253.51,32.88,67.77,56.52,376.92,164.35,37.59,672.69,149.28,48.43,67.20,190.56,557.42,39.93,147.72,27.90,303.24,53.03,78.87,43.94,72.96,60.19,14.85,85.74,63.62,49.31,55.50,29.04,124.03,403.50,101.47,22.59,126.69,176.71,36.87,157.25,58.16,333.94,135.45,75.43,45.89,118.70,17.13,89.35,126.16,374.67,31.27,17.80,56.39,90.88,105.23,,26.61,64.31,142.81,449.00,30.02,156.26,71.51,148.25,,56.35,179.66
2022-06-16,15.58,127.62,237.53,103.66,213.10,159.62,38.37,105.16,105.77,46.27,431.47,17.33,53.86,7.67,82.05,38.55,86.66,40.18,119.49,275.53,35.17,139.16,298.93,205.17,135.34,50.65,190.71,134.51,156.60,110.82,72.50,77.72,30.63,349.60,452.46,250.96,31.06,64.81,56.58,365.08,157.21,34.88,612.70,139.98,44.34,62.43,183.93,553.01,39.00,141.08,27.55,289.49,52.64,77.60,43.94,70.66,58.76,13.65,84.30,58.38,46.85,52.75,27.35,112.98,375.32,93.26,22.19,125.44,164.31,35.96,147.36,57.37,327.37,134.82,70.85,44.65,115.12,16.13,81.99,124.90,362.95,30.90,17.32,52.34,85.12,101.53,,25.69,61.78,136.86,415.35,29.89,154.69,67.99,136.03,,55.16,165.74
2022-06-17,15.85,129.09,240.13,106.22,216.76,162.47,37.63,106.27,106.99,46.41,426.63,17.55,54.58,8.24,81.57,38.61,86.90,40.30,122.68,276.44,34.82,139.19,300.41,208.73,134.29,51.36,192.08,135.61,156.44,110.97,74.88,79.23,33.50,359.40,457.48,263.09,31.72,65.65,56.42,360.79,163.90,34.88,635.22,140.05,45.32,64.07,184.24,577.05,39.11,143.09,27.43,296.18,52.81,76.93,44.06,71.76,59.00,14.22,83.93,61.69,47.05,53.80,27.42,103.35,386.41,99.49,22.07,125.99,167.77,35.69,146.91,56.45,328.05,137.09,72.51,45.69,113.72,16.76,85.63,125.81,365.31,30.82,18.58,52.77,87.61,100.81,,26.24,62.44,139.38,441.96,29.52,157.85,68.81,144.22,,56.06,178.55
2022-06-21,16.54,133.32,246.03,108.68,237.04,155.83,38.86,110.63,111.10,47.27,442.31,17.09,55.61,8.71,83.79,39.28,92.06,41.60,126.60,284.15,35.54,142.42,315.13,212.01,137.21,53.10,194.32,139.10,157.15,114.09,76.07,83.23,35.04,366.90,477.78,270.17,31.53,66.64,58.64,362.99,164.64,35.00,656.70,136.53,46.29,64.08,190.27,583.73,39.82,148.14,27.49,302.22,53.73,78.27,45.42,72.09,63.05,14.04,86.61,63.07,48.54,56.20,27.89,111.80,400.25,102.27,22.65,127.80,166.88,36.29,148.08,57.20,332.03,139.02,71.99,46.47,116.78,17.90,90.31,128.78,373.03,31.35,19.38,54.37,84.44,103.74,,26.49,63.62,138.60,437.47,30.37,161.08,70.46,150.25,,56.07,183.00
2022-06-22,16.33,132.81,245.44,108.95,236.09,154.64,38.39,110.57,111.12,46.55,439.30,17.89,55.16,9.01,83.75,38.77,90.87,40.89,128.04,283.79,35.21,143.59,312.46,213.55,136.44,53.97,200.62,138.44,154.73,112.05,74.21,82.39,35.96,370.22,469.22,272.31,31.87,66.95,57.50,365.33,165.71,34.26,677.40,131.59,45.66,63.11,190.79,582.90,40.59,145.96,27.34,301.24,54.14,78.58,45.37,69.89,60.36,13.97,86.80,65.15,48.00,55.69,27.01,106.57,388.25,99.53,22.69,126.47,169.15,36.37,146.09,58.10,333.11,141.56,72.58,45.97,115.49,17.09,91.09,128.60,373.72,31.29,19.47,54.02,86.36,103.16,,26.61,63.36,136.59,448.24,30.74,162.21,71.52,149.11,,57.82,185.40
2022-06-23,16.20,135.67,251.00,112.44,235.07,157.51,39.33,111.32,111.77,46.60,453.67,18.17,55.04,9.46,82.43,38.20,90.23,40.74,130.70,282.29,35.24,145.42,308.81,216.18,135.13,54.91,204.50,136.46,151.98,110.15,72.06,83.85,38.14,389.57,469.22,283.50,32.04,68.69,56.96,376.64,174.90,34.56,698.64,128.31,45.54,62.98,193.71,603.31,41.88,151.06,27.22,309.25,54.83,80.41,46.09,71.02,64.23,14.12,88.57,70.27,46.86,56.80,26.22,100.78,387.46,95.72,22.96,126.40,183.41,36.84,142.89,59.42,355.62,146.30,73.42,45.79,121.33,18.83,100.60,130.05,384.39,31.59,19.85,53.05,91.03,104.66,,27.54,63.27,142.19,455.13,31.40,166.78,75.21,162.76,,59.38,193.26
2022-06-24,17.10,139.00,259.57,116.46,245.71,168.84,39.36,117.01,117.57,47.77,462.62,19.08,57.21,10.19,87.08,39.25,94.18,43.25,131.80,288.38,36.37,147.22,326.96,218.20,139.43,55.35,209.67,140.35,156.72,114.74,75.83,85.12,39.63,405.97,497.99,292.55,32.42,71.35,57.57,387.72,184.99,35.43,739.46,134.42,47.47,66.01,201.27,608.38,42.60,157.62,28.04,317.47,56.27,81.44,47.29,74.42,65.96,14.28,91.62,74.11,48.37,59.13,26.05,101.16,406.62,103.51,23.63,127.62,192.48,37.76,148.29,60.55,361.48,147.50,77.27,47.63,126.28,20.54,107.48,133.62,397.48,32.08,21.42,55.50,96.16,109.22,,28.22,65.97,152.05,463.12,31.86,168.75,77.67,170.82,,62.85,205.32
2022-06-27,16.84,139.00,256.84,113.22,244.92,168.17,39.48,114.88,115.67,47.45,460.11,18.91,57.55,9.62,86.16,38.95,94.42,43.21,131.28,281.75,36.39,147.42,326.08,217.74,139.14,55.13,207.94,141.20,155.22,116.65,74.46,83.65,38.34,393.43,491.01,287.32,32.63,70.95,57.71,381.07,181.93,35.81,717.31,135.19,46.90,66.06,200.82,598.36,42.74,154.45,27.80,311.86,56.26,82.64,47.10,73.28,64.74,14.08,91.80,71.20,48.14,58.85,26.94,105.13,404.15,101.50,23.39,123.11,185.87,38.29,147.87,61.23,359.03,146.49,75.54,47.68,127.42,19.67,105.20,129.21,388.76,32.20,21.05,55.58,96.79,109.43,,28.06,65.65,148.05,464.36,32.07,169.83,76.60,164.23,,61.68,202.21
2022-06-28,15.96,134.86,248.69,107.40,232.66,159.43,38.93,111.09,111.65,46.77,447.56,17.96,56.65,9.31,80.78,38.32,91.92,42.10,127.91,279.03,35.59,145.34,317.90,216.55,137.83,54.59,201.99,139.23,153.18,120.70,72.19,81.99,36.25,375.52,473.97,276.17,32.06,69.73,56.40,365.63,174.19,35.18,665.00,133.74,44.61,64.90,196.91,590.43,42.03,150.12,27.63,303.67,55.44,82.73,45.40,69.86,62.96,13.66,89.76,67.45,47.79,57.29,27.51,109.70,385.02,97.53,22.39,120.44,176.81,38.28,143.55,61.82,349.21,142.20,71.44,46.87,122.85,18.61,97.32,126.18,381.86,31.86,19.91,54.47,95.00,106.95,,27.21,63.96,144.25,457.03,31.30,164.80,74.70,154.92,,60.34,192.60
2022-06-29,15.52,136.62,252.36,108.92,228.49,162.66,38.78,110.79,111.34,46.02,448.74,17.84,54.85,9.23,77.99,38.16,88.94,41.02,129.19,277.14,35.12,147.76,308.73,218.26,136.60,54.82,202.59,138.08,150.78,119.45,71.09,81.97,35.55,378.79,468.37,280.35,32.22,69.81,55.66,368.50,175.94,34.17,660.13,132.81,43.63,63.63,195.19,593.61,42.48,150.92,27.61,306.06,56.05,82.98,46.67,68.93,63.07,13.17,90.00,67.42,47.75,57.17,27.11,103.37,381.17,93.93,22.63,120.39,176.85,38.68,139.64,62.01,358.22,145.43,71.09,47.22,125.08,17.97,98.37,125.53,383.67,32.01,20.07,53.18,95.64,102.46,,27.27,64.30,146.31,463.84,31.51,167.12,75.45,154.95,,60.21,192.36
2022-06-30,15.13,134.15,249.03,106.21,224.47,159.99,38.68,108.07,108.48,45.59,457.75,17.49,54.12,9.07,76.47,37.95,88.01,40.94,129.36,273.45,35.24,147.69,307.29,216.36,137.38,54.24,200.71,136.98,151.32,117.16,68.68,82.32,34.44,374.69,459.93,281.79,32.15,69.78,55.61,366.06,168.56,33.74,636.87,131.16,42.85,63.59,193.22,587.16,42.12,150.03,27.55,303.70,56.09,83.48,46.35,67.42,61.80,13.42,90.26,64.17,47.29,56.58,26.42,102.39,373.04,89.08,22.73,119.24,171.96,39.53,137.78,62.50,350.73,145.85,69.47,46.36,125.57,16.43,95.24,122.53,384.75,31.92,19.72,53.21,93.17,101.59,,27.17,63.37,139.58,468.53,31.64,168.85,74.53,149.51,,60.41,187.40
2022-07-01,14.50,136.32,251.70,109.56,227.26,158.78,39.01,107.85,108.19,44.84,463.94,18.00,52.52,9.27,73.67,37.91,83.45,37.93,131.54,271.46,34.23,150.11,285.32,218.36,132.81,54.72,206.10,134.00,152.45,113.30,69.42,84.71,34.98,377.48,434.75,287.32,33.01,72.40,55.94,368.48,179.25,32.68,659.95,134.21,41.88,61.50,196.15,591.40,42.41,149.64,27.82,301.23,57.22,85.23,47.29,68.52,64.82,14.25,91.03,67.95,47.61,57.37,26.62,102.44,354.49,91.41,22.65,120.29,173.86,40.19,135.98,64.15,358.44,148.25,71.02,47.87,127.89,16.68,101.05,124.86,390.62,32.53,20.89,51.45,93.23,103.81,,27.54,63.88,142.35,480.92,32.06,171.00,77.63,155.37,,61.32,197.51
2022-07-05,14.94,138.90,254.87,113.50,233.07,166.88,39.53,112.33,112.96,44.69,466.33,18.59,55.54,10.07,75.20,37.68,83.19,37.35,132.26,257.38,34.56,149.78,284.64,219.41,133.31,54.70,206.75,134.15,149.82,115.41,70.21,86.86,35.36,389.06,417.90,288.98,32.85,72.64,53.36,376.49,187.02,32.96,713.57,133.74,42.31,63.48,195.46,592.56,43.17,151.64,27.03,302.91,56.44,81.42,48.06,70.86,66.62,14.44,90.70,74.90,47.02,59.00,25.80,96.47,358.19,95.94,22.61,122.27,176.90,38.05,135.81,61.73,366.87,150.73,74.00,46.49,126.91,18.77,108.38,127.04,391.51,32.71,21.28,51.43,95.65,103.10,,28.07,63.59,146.37,481.22,31.63,171.12,78.46,166.31,,61.87,208.39
2022-07-06,15.11,140.24,258.12,114.33,231.73,168.45,39.81,113.63,114.28,45.29,470.52,18.41,56.17,9.80,75.35,38.33,83.73,37.63,131.72,260.86,34.84,151.27,282.18,218.10,134.84,55.04,205.35,135.67,150.79,116.54,68.75,85.83,35.88,393.62,414.50,291.16,32.85,72.03,55.12,382.83,185.92,32.94,704.55,130.81,43.13,63.67,199.86,590.91,43.85,156.04,27.39,309.63,56.38,82.49,48.69,71.03,61.69,14.27,91.85,69.36,46.71,59.87,25.16,93.20,358.52,92.88,22.96,121.88,176.73,38.61,135.66,62.72,375.22,150.00,72.85,46.08,129.45,18.83,108.03,125.62,394.59,32.43,22.06,51.44,94.03,104.35,,28.20,63.87,145.94,471.64,31.69,173.75,78.35,163.75,,62.07,207.85
2022-07-07,15.83,143.60,260.25,116.33,244.54,170.85,39.87,117.81,118.33,46.78,472.72,18.93,57.62,10.18,79.30,38.81,87.79,39.86,131.08,260.47,35.92,150.97,302.56,220.03,138.31,55.03,208.71,139.30,151.30,123.27,70.13,86.21,37.64,399.38,436.75,294.17,32.94,72.38,57.40,390.89,190.20,33.76,721.62,133.73,45.93,66.31,199.18,603.37,44.11,160.19,27.73,319.43,56.34,82.24,48.49,73.47,62.23,14.52,92.04,76.00,47.23,61.62,26.05,98.29,375.61,97.50,23.12,123.11,182.25,38.72,141.50,61.45,382.52,153.42,74.64,46.65,134.10,21.95,107.70,126.82,392.89,32.61,23.22,53.82,97.90,103.95,,28.78,63.46,147.60,465.40,31.59,173.67,81.92,167.43,,61.68,213.77
2022-07-08,15.81,144.28,259.53,115.54,250.76,169.55,39.89,118.38,119.19,46.79,479.02,18.70,58.01,10.17,79.35,38.96,88.21,39.88,130.49,260.28,35.78,152.32,305.14,220.97,139.06,55.14,208.81,140.59,150.91,124.75,69.48,87.37,37.39,396.12,437.77,294.29,32.96,72.42,57.93,389.44,190.38,34.05,708.63,132.88,46.32,66.65,199.87,617.40,43.86,160.42,27.49,317.54,56.40,82.09,48.74,72.44,60.80,13.99,92.08,74.96,46.56,62.70,26.05,98.32,384.15,97.35,23.06,123.14,179.83,38.64,143.60,61.47,378.45,152.49,73.04,46.53,133.77,22.13,108.29,124.93,392.53,32.65,24.80,54.47,96.85,104.20,,28.62,62.93,148.01,463.55,31.83,173.70,81.24,166.89,,61.80,214.08
2022-07-11,15.13,142.15,256.48,111.75,234.34,161.61,39.91,114.73,115.57,45.31,476.49,17.73,56.71,9.56,76.95,38.84,85.73,38.66,129.54,263.21,35.04,151.07,301.60,220.35,137.30,54.98,205.72,138.35,150.47,121.29,67.72,85.99,34.93,391.98,424.34,294.07,32.31,71.16,58.11,384.16,185.37,33.73,659.92,132.84,44.55,66.17,197.68,610.34,43.69,157.87,27.36,315.19,56.26,82.67,48.43,71.61,54.70,13.66,92.01,71.32,45.54,62.28,25.80,96.68,378.48,95.10,22.99,121.38,176.72,38.76,141.44,61.73,369.66,150.91,70.10,45.61,132.06,20.09,104.01,122.70,387.95,32.60,23.30,53.93,93.62,103.68,,28.19,61.69,145.54,453.39,32.03,173.48,78.43,162.42,,61.46,211.03
2022-07-12,15.06,143.12,245.97,109.22,233.07,162.00,39.79,113.09,113.91,45.17,468.54,17.44,58.05,9.49,76.36,38.48,85.83,38.99,129.26,260.14,35.05,150.21,302.19,219.63,138.10,54.70,202.13,138.81,151.14,121.94,68.25,82.10,34.40,375.73,419.92,290.01,32.79,71.03,57.52,375.54,174.39,34.64,653.63,134.16,44.88,66.57,195.29,606.00,43.55,154.22,26.95,306.41,56.51,82.11,48.38,72.06,56.21,13.95,91.21,71.13,46.13,59.62,25.15,93.31,374.33,96.55,22.76,119.56,172.33,38.58,141.70,61.38,362.46,145.85,71.05,44.82,128.77,19.25,97.32,121.99,381.71,32.74,22.93,54.24,92.49,102.46,,27.97,61.18,137.78,468.10,32.19,169.81,78.05,150.92,,59.70,192.67
2022-07-13,15.14,142.76,245.04,110.40,237.04,162.22,39.88,110.44,111.27,45.20,470.11,17.66,57.74,9.28,77.52,38.34,86.17,39.58,129.72,261.27,35.05,150.74,301.55,219.73,137.95,54.81,202.06,139.88,148.76,124.41,68.25,82.24,32.94,373.24,432.02,288.73,32.89,71.17,58.09,371.94,174.97,34.85,655.75,135.78,45.48,66.37,194.16,597.98,44.48,153.34,26.77,303.07,55.98,81.70,48.40,73.27,56.35,14.18,91.23,71.74,45.56,58.91,24.48,93.46,376.35,95.64,21.29,119.27,170.95,38.03,144.28,61.12,363.33,142.70,70.98,44.81,122.16,19.56,97.34,121.14,375.95,32.86,23.25,54.37,92.57,101.11,,27.81,61.07,140.05,465.64,32.51,170.43,76.35,148.95,,59.30,194.47
2022-07-14,15.35,145.68,246.36,110.63,238.31,156.82,40.66,109.46,110.53,45.48,488.95,17.48,58.22,8.90,78.60,38.01,88.68,40.28,130.43,255.83,35.52,151.52,307.30,218.40,141.13,54.24,204.31,143.75,147.57,130.15,65.73,81.67,30.81,369.89,441.58,286.15,32.65,71.43,56.25,372.96,172.75,34.63,655.69,135.76,46.44,67.28,194.28,594.84,44.92,154.02,26.72,305.02,55.00,82.02,48.88,73.89,54.70,13.63,93.54,69.33,45.42,57.64,24.10,90.19,384.63,91.05,21.55,119.86,170.96,38.51,148.76,61.22,366.06,138.54,69.18,44.45,122.93,20.46,93.78,122.74,378.98,32.82,23.20,55.82,91.26,100.94,,28.26,60.53,137.92,468.75,32.16,171.62,76.50,146.06,,57.94,184.98
2022-07-15,15.74,147.35,248.92,113.55,240.07,163.42,41.06,110.86,111.85,46.40,499.46,18.91,60.36,9.04,81.11,38.67,91.39,41.03,132.08,263.41,36.38,151.65,314.18,221.16,143.54,54.93,210.92,148.12,150.44,132.42,66.70,84.83,32.62,382.63,459.68,292.84,33.74,72.73,54.05,379.86,177.90,35.68,689.99,138.23,47.53,69.06,196.98,603.46,45.55,157.00,27.37,314.30,54.87,82.85,48.58,74.86,54.71,13.96,93.82,70.10,45.98,60.22,24.41,92.24,398.49,94.66,21.87,120.72,176.21,38.58,152.63,61.79,370.14,145.39,73.52,44.60,125.09,21.40,93.60,123.85,385.82,33.04,23.13,57.15,94.65,102.60,,29.00,61.84,140.71,476.60,31.53,174.45,79.14,149.32,,59.91,188.89
2022-07-18,16.08,144.31,246.53,113.76,240.55,165.93,40.96,108.14,109.01,46.08,493.11,19.09,59.30,9.03,81.43,38.25,90.10,40.65,129.29,263.56,36.46,149.11,317.32,216.84,142.76,53.44,206.26,145.57,148.83,129.96,68.28,84.31,34.33,378.05,457.61,286.06,33.44,73.28,53.23,375.23,177.25,35.30,691.84,139.43,47.93,69.00,194.38,582.76,44.85,155.06,27.34,310.43,54.25,81.24,47.51,75.95,55.12,13.88,91.56,72.44,46.13,58.00,24.85,95.10,397.32,97.67,21.80,121.17,177.22,38.17,150.71,60.54,360.60,140.64,73.74,44.46,128.13,22.56,91.04,123.65,382.59,32.62,22.62,56.57,95.05,102.23,,29.08,61.13,138.74,474.01,31.88,171.20,76.99,150.82,,59.08,187.97
2022-07-19,16.96,148.16,251.65,118.21,245.53,174.41,41.21,112.88,113.69,47.76,496.87,20.16,61.21,9.34,85.88,39.54,95.02,42.94,132.22,271.75,37.88,150.71,332.81,219.94,147.20,54.51,214.44,151.38,154.29,135.17,72.05,85.60,35.20,393.25,481.65,289.60,34.07,75.40,53.41,387.83,180.55,36.55,724.75,145.53,51.34,71.92,201.41,591.73,45.95,161.58,28.18,323.51,55.48,81.43,48.13,77.92,54.95,14.25,93.44,73.74,48.27,59.20,25.82,98.49,414.03,102.20,22.08,124.23,184.76,38.12,158.63,60.82,377.10,145.72,77.33,46.16,132.61,26.72,92.96,126.97,394.59,32.90,23.65,59.11,97.63,106.32,,30.35,63.31,141.84,482.95,32.14,175.59,80.64,155.84,,61.13,191.59
2022-07-20,17.78,150.17,254.30,122.77,247.50,181.66,41.56,112.97,113.77,48.02,500.66,21.64,62.09,10.11,89.43,39.63,98.89,44.68,132.16,269.27,38.20,149.11,343.28,219.32,147.82,54.01,219.22,152.94,155.19,139.15,72.05,84.03,37.60,409.40,497.17,285.50,34.49,76.06,52.51,401.49,184.30,37.32,779.68,147.15,52.91,73.06,198.74,590.60,46.00,164.02,28.19,330.70,55.51,80.67,48.20,79.18,53.43,14.44,94.74,77.17,48.44,59.64,23.69,100.38,429.42,107.73,22.08,125.06,196.38,37.60,164.27,59.71,383.81,146.56,79.81,45.15,135.54,28.88,100.88,130.01,398.74,32.75,23.84,60.05,103.48,107.32,,30.56,63.96,147.30,483.20,31.74,177.41,82.19,162.95,,62.30,213.04
2022-07-21,18.02,152.43,256.80,124.63,271.71,181.74,42.17,113.40,114.10,48.58,505.68,22.39,62.43,10.49,91.09,40.03,100.45,45.74,128.06,272.97,38.25,149.33,347.22,218.57,148.90,53.53,224.75,154.89,156.73,142.96,71.83,85.72,38.12,423.28,524.09,283.11,34.87,76.31,52.60,408.91,189.00,37.95,789.20,145.61,53.79,74.43,200.62,588.46,45.72,168.75,29.38,338.66,55.42,80.74,47.88,80.26,55.80,14.51,96.65,77.61,48.53,61.86,22.80,98.01,442.96,108.14,22.20,127.63,199.10,37.74,167.50,59.79,398.35,147.20,82.31,46.59,138.26,28.97,101.23,132.27,402.99,32.72,23.14,60.65,104.47,108.89,,30.93,64.77,149.78,492.74,31.48,180.18,83.99,164.64,,62.59,214.18
2022-07-22,17.29,151.20,252.45,122.42,272.24,167.95,42.06,107.02,107.48,48.09,505.93,22.04,60.12,9.84,88.10,39.92,98.35,44.57,127.38,271.56,36.92,150.31,340.94,218.72,146.54,53.35,211.85,153.08,157.98,140.97,71.07,85.19,36.16,423.32,516.35,280.29,35.14,76.35,52.44,401.90,183.53,35.54,763.92,145.52,51.28,68.39,202.69,582.18,45.88,167.71,29.29,338.04,56.00,82.09,47.53,79.91,54.38,14.65,95.86,73.45,48.66,61.23,22.03,95.87,423.93,103.97,22.06,127.58,195.95,38.40,163.02,60.65,393.51,143.21,80.62,46.26,136.68,28.19,93.79,130.41,401.22,32.86,22.32,59.29,102.12,109.23,,30.49,64.88,148.00,485.70,31.79,180.25,83.78,159.93,,61.81,202.27
2022-07-25,17.00,150.08,250.97,121.14,268.43,165.35,42.00,106.63,107.33,48.15,505.38,21.85,59.00,9.68,87.54,39.81,97.70,43.95,129.38,273.98,36.89,150.52,337.65,221.18,145.91,53.31,219.17,152.87,157.80,140.56,72.04,84.21,35.16,415.00,520.90,283.68,35.03,74.44,53.37,391.96,182.62,35.25,762.78,147.53,49.99,68.12,200.89,583.34,45.68,167.66,29.73,337.67,56.69,83.36,47.92,79.32,56.21,14.66,95.85,71.76,49.41,61.00,22.33,101.41,417.95,104.95,21.99,127.34,195.71,38.75,162.08,61.35,375.56,141.20,81.22,47.21,135.01,26.59,90.49,130.77,403.62,33.16,22.42,59.18,101.40,108.41,,30.21,64.06,145.44,478.98,31.84,178.29,82.60,156.09,,61.59,196.05
2022-07-26,16.51,148.75,244.25,114.81,258.86,157.91,38.80,104.16,104.58,47.96,488.94,21.39,58.52,9.40,85.25,39.36,95.68,42.96,128.75,272.58,36.70,152.27,333.13,223.34,143.80,53.19,216.79,151.69,157.94,137.55,70.51,77.54,33.40,403.34,506.60,288.22,35.24,73.36,53.90,379.26,169.17,35.34,727.79,145.65,48.77,67.64,200.46,578.65,45.02,170.75,29.55,339.41,56.86,83.90,47.94,74.84,55.16,14.43,96.13,68.70,49.95,56.26,22.23,99.96,410.01,101.91,21.86,128.16,193.07,38.99,162.39,62.01,377.00,140.00,76.63,47.32,133.81,23.76,85.72,131.10,401.54,33.44,22.37,58.17,98.84,108.15,,29.91,63.92,140.91,479.01,32.06,178.52,82.70,141.95,,60.70,187.61
2022-07-27,17.76,153.85,260.58,120.97,274.82,168.26,40.27,112.13,112.67,49.53,498.85,22.67,60.71,10.02,89.82,40.08,100.08,44.93,135.48,276.22,37.85,152.06,347.80,223.85,153.37,53.44,225.34,157.83,159.89,140.72,73.73,79.68,35.33,421.78,527.87,286.99,35.77,75.78,53.93,392.78,176.96,36.45,791.67,151.98,52.23,70.04,215.29,583.96,45.96,176.62,30.18,353.54,57.48,83.78,48.69,77.05,54.99,15.15,98.88,71.42,51.16,57.93,22.93,104.20,438.09,107.36,22.12,129.56,203.41,38.78,168.86,62.05,385.96,141.97,85.96,47.65,134.00,26.24,94.06,130.58,408.42,33.47,22.62,61.08,104.41,111.88,,30.71,66.01,150.10,475.94,30.15,180.01,85.80,148.71,,69.68,197.28
2022-07-28,17.96,154.40,268.02,122.28,280.90,159.47,41.28,113.28,113.66,50.07,512.98,22.60,60.89,10.13,91.67,40.96,101.73,46.59,136.24,282.39,37.40,154.94,356.31,222.10,157.14,53.00,230.54,159.09,165.79,134.32,75.11,82.04,35.36,436.80,541.91,280.82,32.51,77.34,62.73,403.50,182.09,36.67,803.75,152.45,53.00,71.04,220.30,578.46,47.13,183.62,30.07,362.64,57.99,84.94,49.46,78.14,50.91,15.59,101.49,70.07,52.25,59.40,22.86,104.47,446.93,108.84,22.87,130.54,212.16,40.36,170.45,63.78,398.56,143.52,85.40,48.31,143.64,27.57,95.72,130.35,425.41,34.73,22.53,61.72,107.92,114.43,,31.44,62.75,152.81,435.58,30.85,183.89,86.99,153.06,,70.92,204.85
2022-07-29,18.13,159.46,272.21,134.95,297.15,157.86,42.01,115.37,115.69,50.25,517.88,22.49,60.68,10.35,94.47,40.74,102.52,48.08,137.55,287.21,34.20,155.05,369.37,220.07,161.00,52.43,230.17,161.23,167.55,133.05,76.01,83.18,35.54,444.18,555.18,280.41,30.95,77.44,64.19,410.12,183.60,36.95,813.71,153.15,54.88,71.20,221.81,577.79,46.91,186.08,30.66,367.50,57.85,85.76,49.81,78.00,49.01,15.00,102.81,69.75,52.56,59.65,23.51,108.20,451.40,110.98,23.53,128.63,216.32,40.56,171.15,64.63,399.18,142.04,86.07,48.61,148.71,28.61,102.01,132.73,426.36,34.94,22.12,63.09,110.19,114.44,,32.03,63.81,155.10,432.10,30.56,185.59,82.08,155.06,,72.59,209.32
2022-08-01,18.41,158.48,269.57,135.39,297.28,158.68,42.16,113.92,114.54,50.33,523.15,22.62,61.35,10.47,96.78,40.66,102.93,48.30,138.25,285.37,34.81,156.81,371.39,218.44,160.92,52.30,228.54,160.76,167.14,135.22,74.87,84.61,34.17,436.68,558.77,273.83,30.94,77.56,63.42,411.09,183.30,36.97,813.97,153.88,54.54,70.80,221.99,572.81,47.27,185.04,30.91,370.01,58.62,86.23,49.24,79.00,47.69,15.40,102.44,72.03,52.17,60.06,22.56,106.42,449.05,111.20,23.62,128.27,218.14,40.22,171.73,64.64,398.13,139.95,88.09,48.59,148.85,27.57,103.45,127.56,422.19,35.10,20.88,63.36,111.00,112.93,,32.22,63.50,155.58,426.56,31.05,184.39,83.83,153.50,,71.16,210.59
2022-08-02,18.50,157.01,266.47,134.16,300.59,158.94,42.21,114.19,114.96,49.85,519.95,22.14,61.28,10.92,99.29,40.33,101.56,48.29,136.87,283.06,33.92,155.52,368.55,216.91,159.49,52.24,238.48,160.12,164.64,134.86,76.82,85.11,34.49,435.23,546.64,273.86,31.08,76.46,63.94,409.96,188.14,36.48,837.59,152.59,54.91,70.33,221.35,571.10,47.23,183.45,30.48,368.36,58.50,85.67,48.45,76.63,48.98,16.00,102.15,75.74,51.82,60.37,23.26,107.79,491.23,116.34,23.41,126.33,216.18,39.98,167.98,64.87,398.93,141.97,89.15,48.04,144.13,27.83,106.37,126.66,416.24,34.78,20.97,63.46,113.01,112.73,,32.02,63.45,155.06,437.65,30.77,184.35,88.30,157.78,,70.99,214.21
2022-08-03,18.86,163.01,273.89,139.52,307.40,167.49,41.51,117.11,117.81,51.30,523.34,22.67,63.03,11.20,98.09,41.04,105.45,50.40,138.17,285.36,34.40,156.71,381.30,219.78,165.12,54.64,242.18,165.36,166.72,136.81,77.22,88.18,35.82,453.51,564.29,275.03,31.74,79.71,65.23,424.54,195.32,37.17,890.87,153.65,57.39,71.36,224.75,604.68,47.02,181.95,30.82,370.84,58.83,86.65,48.03,81.19,49.65,16.71,102.95,79.50,52.17,62.88,23.08,102.58,511.04,115.02,23.74,130.63,218.44,38.65,172.71,65.63,406.87,212.01,97.40,48.77,144.88,31.37,112.42,129.81,419.67,35.27,21.76,67.08,116.67,115.06,,32.56,64.54,160.36,452.18,30.98,192.54,90.39,165.29,,72.52,225.14
2022-08-04,19.18,162.70,275.04,142.57,308.63,169.24,39.95,117.22,117.90,51.87,519.78,22.99,63.61,11.32,103.91,40.75,107.43,51.09,138.25,287.44,33.93,155.86,382.72,219.64,166.41,54.32,242.46,165.92,167.53,138.51,76.46,83.62,36.00,454.05,570.10,274.85,32.11,79.36,65.51,430.59,189.24,37.56,1034.83,153.32,56.53,71.56,224.45,610.83,47.13,185.58,31.13,372.29,58.04,86.97,48.18,80.40,51.26,17.48,103.22,81.36,52.20,52.61,21.69,98.42,515.75,119.22,23.96,130.60,221.94,39.31,171.51,65.85,405.02,224.05,96.46,47.99,146.54,30.93,110.49,127.39,420.68,34.89,25.06,66.66,116.60,114.70,,32.58,64.55,162.54,459.45,30.72,194.39,89.54,161.99,,72.87,230.41
2022-08-05,18.96,162.47,274.32,140.80,288.17,165.81,40.27,116.51,117.26,51.74,517.28,22.68,61.27,11.45,102.31,40.42,106.04,49.95,138.99,287.18,33.67,154.69,381.12,218.99,165.87,53.60,240.32,166.19,167.39,137.77,75.59,83.56,36.46,456.67,559.29,288.03,31.57,78.31,72.16,433.43,191.17,35.44,1024.81,151.41,56.13,72.06,227.40,609.49,47.27,186.55,31.39,374.29,57.61,86.54,45.69,80.86,50.25,14.59,102.36,80.29,52.34,53.39,22.01,102.58,517.08,117.11,24.26,129.93,221.70,39.05,169.09,65.18,407.78,218.58,94.81,46.70,148.54,31.92,113.29,127.16,421.73,34.92,27.75,65.47,116.29,115.58,,32.31,64.53,161.71,462.98,31.17,193.52,89.09,163.42,,72.87,268.59
2022-08-08,17.76,162.00,271.81,139.41,290.42,168.92,40.59,116.34,117.18,51.19,518.46,23.35,60.28,9.82,100.07,40.42,104.31,48.95,139.01,286.24,33.66,154.07,373.36,219.91,164.52,54.05,239.13,164.89,168.87,135.57,76.80,83.51,40.14,454.50,554.88,293.95,31.83,78.30,73.70,434.34,189.52,35.81,1024.25,152.62,54.80,72.18,228.70,626.40,47.48,184.33,31.12,372.07,57.76,87.08,44.72,81.89,47.67,14.02,102.84,75.54,52.60,53.32,22.37,104.07,520.17,115.82,24.59,128.45,220.69,39.24,167.50,65.27,407.00,230.74,95.75,46.58,150.38,33.00,112.98,125.51,420.84,34.98,27.95,64.96,116.23,116.78,,32.26,64.62,166.80,464.05,31.35,194.15,91.40,168.15,,72.87,279.35
2022-08-09,17.06,162.05,273.73,137.83,283.33,167.22,41.00,115.67,116.54,50.00,512.64,22.99,58.02,9.25,95.54,40.33,96.41,45.09,139.97,285.94,32.84,154.64,345.08,220.86,159.93,54.40,232.88,159.74,168.97,130.71,76.85,83.39,36.01,449.93,524.22,298.83,31.48,77.49,73.54,426.57,186.78,34.85,995.50,153.12,50.53,68.85,229.79,617.98,47.80,184.61,30.98,372.61,57.75,88.19,44.40,81.08,47.33,13.10,102.63,73.03,52.48,52.19,21.99,105.25,496.42,114.44,24.42,126.71,218.14,39.60,159.20,66.08,388.60,223.37,93.98,46.82,147.93,31.94,109.76,120.76,418.71,35.28,27.54,62.30,111.62,116.78,,31.60,63.96,166.43,452.50,31.86,193.89,85.12,163.41,,72.89,278.86
2022-08-10,18.07,166.29,280.38,142.69,294.36,176.95,41.08,118.72,119.67,51.65,516.47,24.41,60.23,9.59,99.05,41.32,101.62,47.55,139.26,294.25,33.65,155.92,360.68,224.18,164.80,55.40,237.85,164.16,171.70,134.82,79.46,86.97,40.46,465.53,548.38,295.77,32.14,79.00,74.90,438.40,200.80,35.88,1064.23,155.49,54.20,71.52,232.25,637.19,47.99,186.34,32.30,375.71,58.24,88.87,44.91,82.73,47.26,13.10,104.33,80.60,53.56,53.89,22.45,106.52,516.77,118.73,24.94,128.56,226.32,39.72,167.51,66.34,400.29,232.00,98.38,47.47,154.53,33.58,117.76,123.79,428.33,35.81,28.21,64.76,126.07,119.23,,32.19,64.83,171.33,462.69,32.05,197.19,89.73,180.41,,74.73,286.19
2022-08-11,17.91,165.56,278.30,140.64,286.63,176.11,41.48,117.87,118.84,51.18,509.18,24.27,61.13,9.42,98.12,41.21,102.08,47.79,138.08,290.89,33.86,155.12,358.98,220.85,163.85,54.80,236.02,163.66,173.68,135.59,81.04,86.08,34.46,466.19,544.86,292.16,32.50,80.17,76.56,434.89,198.06,36.92,1032.47,155.38,52.94,73.41,230.19,619.71,47.96,186.35,32.39,377.01,58.08,88.75,44.65,84.62,49.62,13.68,103.82,77.89,53.41,52.52,23.30,112.22,503.13,121.50,25.00,127.11,227.26,39.87,167.90,65.90,396.68,229.39,98.58,47.95,154.53,33.70,114.78,120.67,423.47,35.19,26.75,65.39,124.10,118.54,,32.13,64.53,166.08,466.19,32.13,195.97,88.24,178.71,,73.86,275.80
2022-08-12,18.68,169.10,283.04,143.55,300.03,179.09,42.24,120.68,121.65,52.38,513.97,24.93,63.80,9.91,100.83,41.85,106.78,49.82,140.82,296.29,34.36,157.15,368.40,220.89,166.84,55.24,238.37,168.08,175.75,138.76,83.28,87.81,36.32,473.87,557.99,294.52,32.99,81.12,79.29,445.67,200.87,38.13,1081.08,158.21,54.57,74.27,236.21,624.49,48.77,188.83,32.57,385.44,57.99,91.01,45.01,86.51,48.80,13.68,105.21,77.37,53.83,54.29,23.98,112.51,512.63,124.51,25.56,128.76,233.01,40.58,174.50,67.09,396.43,233.85,100.56,48.98,154.00,35.28,115.72,123.14,428.74,35.45,27.26,67.53,129.49,121.72,,32.49,65.52,176.23,478.12,32.08,197.90,89.83,182.64,,75.06,283.25
2022-08-15,19.00,170.17,284.56,143.18,309.32,179.48,42.37,121.08,121.88,52.45,522.14,24.91,63.47,9.91,101.01,41.83,106.20,49.69,141.04,296.92,34.57,158.88,371.42,223.28,166.86,58.10,238.26,168.67,176.95,139.53,83.63,87.96,33.55,476.38,557.00,305.53,33.46,81.90,79.00,451.02,201.82,37.34,1082.66,157.36,54.69,73.17,238.91,638.97,49.20,193.09,32.37,390.45,58.88,91.69,45.90,86.55,51.13,13.12,106.37,77.76,54.13,54.08,23.32,110.65,521.50,126.04,25.71,128.99,234.04,41.04,174.59,67.73,390.85,231.01,100.97,49.32,153.01,34.91,116.20,127.39,429.04,36.03,27.40,68.05,131.92,124.00,,32.85,65.45,179.55,480.92,31.99,200.63,92.30,181.71,,75.39,288.47
2022-08-16,18.85,170.02,283.82,144.78,306.56,178.07,44.53,120.70,121.51,51.76,529.09,24.57,62.64,9.74,100.20,42.00,104.95,49.03,140.98,296.99,34.43,159.80,367.95,225.12,165.02,58.20,233.71,167.87,178.20,137.61,84.48,87.43,32.63,475.35,549.00,303.00,33.29,82.13,79.19,447.56,200.41,37.06,1053.75,160.31,53.57,72.86,239.21,644.35,49.51,192.63,32.66,385.67,59.58,91.60,46.14,88.93,49.34,13.69,106.07,73.57,54.63,52.94,23.10,108.63,516.18,124.18,25.68,132.43,233.64,41.03,172.99,68.02,382.24,228.15,101.54,49.66,151.93,34.26,113.54,136.59,426.03,36.15,26.49,67.88,133.23,124.14,,32.91,65.67,177.79,482.83,32.21,199.48,90.79,178.60,,75.13,289.36
2022-08-17,18.31,171.51,283.07,142.10,304.00,173.49,44.58,118.57,119.34,50.54,532.25,24.11,60.45,9.43,98.27,41.90,102.54,47.80,139.94,294.30,34.04,159.71,362.50,224.56,159.03,57.93,229.71,159.52,177.42,136.23,83.62,85.75,30.18,465.73,539.89,299.23,32.38,81.16,77.54,437.82,196.89,36.28,997.90,158.02,51.90,70.54,239.81,632.07,49.58,191.00,32.69,381.00,59.18,91.49,45.76,89.10,47.51,13.26,106.39,68.18,53.91,51.93,22.82,108.79,505.58,121.87,25.52,130.53,228.20,40.65,167.75,67.95,374.01,223.13,98.89,48.69,148.57,32.52,110.02,133.00,423.76,36.12,25.77,65.68,130.57,124.42,,32.53,64.70,175.89,465.28,31.69,198.57,88.14,174.35,,73.50,284.26
2022-08-18,18.74,171.12,281.95,142.30,302.87,173.30,44.43,119.18,119.88,52.40,536.69,24.52,61.78,9.15,100.44,44.33,104.73,48.34,141.20,294.98,34.44,159.87,369.20,223.77,160.61,57.19,229.59,159.52,178.24,138.85,84.22,86.31,28.97,465.21,543.78,294.29,31.85,81.34,79.39,439.03,195.76,36.67,977.52,159.45,53.77,72.67,240.04,620.64,49.11,190.73,32.57,373.32,59.21,91.53,45.63,88.31,46.83,13.19,106.71,66.70,54.31,52.27,23.04,112.51,512.13,121.27,25.57,129.84,228.86,40.70,170.11,68.00,374.75,223.45,99.33,48.57,148.61,32.44,109.45,130.47,423.51,36.11,25.70,66.88,132.14,124.90,,32.60,65.17,173.13,458.07,31.74,198.93,87.53,175.31,,73.50,283.37
2022-08-19,17.82,168.53,278.05,138.23,296.67,166.65,43.78,116.25,117.16,51.46,530.54,24.12,59.36,8.51,95.95,43.73,101.21,45.80,140.73,288.87,33.66,159.67,359.33,224.81,158.80,57.33,224.78,157.52,176.35,135.38,81.95,85.58,26.93,451.76,528.24,299.04,31.90,79.85,78.65,425.06,190.52,35.88,909.76,155.90,52.38,71.19,239.01,614.21,49.10,188.04,32.08,363.00,59.04,92.03,45.29,87.36,45.76,13.73,105.76,64.99,53.62,51.29,23.19,112.78,496.99,114.76,25.30,127.89,222.59,40.55,167.85,67.96,373.74,215.97,96.05,48.28,145.54,28.30,105.73,127.74,423.09,36.04,25.13,65.17,130.70,124.30,,32.06,64.67,168.18,454.46,31.97,195.65,85.11,166.22,,71.74,269.34
2022-08-22,17.01,164.65,269.89,133.22,289.91,161.78,42.99,113.30,114.13,49.62,521.87,22.65,57.20,8.07,92.84,42.84,97.52,43.96,139.01,281.30,32.20,158.14,347.72,221.26,154.29,56.47,218.54,153.62,173.10,129.89,77.46,84.68,25.55,434.40,503.84,293.84,31.03,78.04,77.49,411.35,185.88,34.67,878.09,152.56,50.20,68.16,235.84,607.99,48.29,184.90,31.82,358.10,58.27,90.68,44.79,84.58,47.93,12.71,104.25,63.33,52.16,50.32,23.30,113.47,477.55,111.39,24.59,125.58,216.40,39.86,160.58,67.30,358.40,217.91,93.08,46.68,143.03,26.81,101.85,125.32,412.17,35.61,25.47,62.64,128.14,122.01,,31.19,63.08,160.85,438.51,31.87,193.37,84.30,163.00,,71.57,258.47
2022-08-23,17.15,164.32,268.61,133.62,296.45,159.86,42.81,112.93,113.84,49.71,518.62,22.45,56.76,8.01,92.49,42.57,98.60,44.57,138.32,279.77,32.30,158.07,350.28,219.08,155.26,55.88,216.81,154.15,172.84,129.07,78.25,94.92,26.04,437.75,509.34,286.25,30.72,77.80,77.59,410.41,192.36,34.51,887.04,153.26,50.84,67.26,235.28,598.49,48.01,183.25,31.89,359.00,57.56,90.06,45.08,84.44,50.51,12.79,103.70,63.62,52.24,50.59,24.06,116.87,483.25,111.60,24.19,124.21,213.63,39.61,161.90,66.55,356.91,216.89,92.70,47.08,143.05,26.58,102.99,124.36,406.90,35.62,26.54,63.59,121.86,121.17,,31.07,62.24,157.66,432.06,32.12,189.69,83.63,165.35,,71.44,258.28
2022-08-24,17.19,164.61,267.98,133.80,297.10,161.99,43.12,112.76,113.77,49.81,519.72,22.96,57.20,8.10,92.73,42.27,98.42,44.48,139.73,278.77,32.22,158.86,350.50,219.10,154.97,55.82,220.47,153.44,173.05,129.61,78.18,94.14,26.40,453.53,509.04,291.03,30.61,79.05,78.19,405.65,194.62,34.78,898.00,154.50,51.49,67.72,235.62,598.74,47.41,182.99,31.88,358.75,58.36,90.03,45.22,86.93,53.21,13.52,103.97,64.12,52.74,50.16,24.40,118.20,482.87,114.51,24.29,123.12,214.43,39.98,161.04,66.60,360.55,221.00,93.26,46.77,142.76,27.44,105.30,123.30,408.74,35.73,27.15,63.04,123.38,121.24,,31.16,62.20,160.38,429.18,32.28,189.91,85.92,165.65,,71.05,258.66
2022-08-25,17.88,167.07,270.95,137.28,296.07,167.47,43.41,115.69,116.74,51.62,526.94,23.40,60.03,8.42,97.18,42.44,101.83,45.94,141.41,282.57,33.20,158.87,364.07,220.17,159.57,55.80,225.02,156.65,175.36,134.14,78.87,95.93,27.07,453.61,522.90,291.22,31.01,80.28,80.50,403.93,202.94,36.06,919.18,157.15,54.30,70.54,237.53,599.75,47.58,184.80,32.22,363.26,58.23,90.66,45.59,87.27,59.83,13.56,104.99,64.95,53.29,50.87,24.57,117.88,499.69,117.03,24.43,125.08,220.15,40.27,166.63,67.20,371.21,213.92,96.21,45.81,147.44,27.28,110.38,125.48,414.60,35.80,26.11,64.94,127.66,120.33,,31.56,63.19,162.36,438.54,32.37,190.52,88.37,167.72,,72.50,266.33
2022-08-26,16.23,160.77,260.50,130.75,288.09,160.52,42.05,109.44,110.39,48.87,508.81,22.33,56.53,7.94,91.18,41.21,95.82,43.55,137.51,272.23,31.74,155.12,347.12,215.66,152.54,54.73,211.09,148.77,168.91,126.92,75.04,93.45,25.75,436.68,494.03,281.68,30.35,77.22,78.64,381.02,194.56,34.24,877.80,151.37,49.45,66.42,230.42,592.18,46.59,177.83,30.94,355.00,56.67,89.29,44.58,83.76,57.57,13.16,101.76,61.66,51.86,49.57,24.09,115.84,462.96,112.82,23.35,129.55,207.77,39.29,156.48,66.18,349.90,210.94,92.21,44.36,139.96,24.92,106.73,127.47,400.16,34.83,24.50,60.68,122.24,115.61,,30.59,60.99,166.46,425.77,31.95,185.23,84.49,161.19,,70.32,257.05
2022-08-29,15.78,158.57,257.72,129.79,284.82,157.93,42.45,108.52,109.44,48.25,508.09,22.46,55.92,7.81,88.49,41.04,93.63,42.71,139.31,273.43,31.34,154.63,341.52,214.52,151.14,54.80,208.90,146.21,168.35,125.73,74.55,93.17,24.94,425.32,484.28,281.60,29.93,77.27,78.80,375.26,192.05,33.69,875.17,150.43,48.29,64.59,228.95,588.79,46.98,174.83,31.03,347.49,56.44,90.26,44.29,83.48,66.04,13.20,100.79,60.56,51.23,48.69,24.18,120.45,448.53,113.54,23.37,127.03,205.71,39.55,154.40,66.79,349.05,209.03,92.17,43.61,137.09,24.50,105.29,122.90,399.50,35.00,24.17,59.53,120.62,114.09,,30.24,60.58,160.89,418.30,31.93,184.88,83.38,158.53,,69.89,250.96
2022-08-30,15.44,156.14,255.52,128.73,277.70,155.94,42.33,108.05,109.01,47.52,501.46,22.07,55.23,7.79,86.94,40.62,91.67,42.53,139.91,270.71,30.69,153.30,335.49,214.29,150.06,54.84,206.50,143.89,166.85,123.28,73.83,93.28,24.49,421.82,477.63,281.36,29.46,76.62,77.53,375.07,193.29,32.63,862.10,148.13,47.31,61.80,225.92,584.44,46.55,174.23,30.12,346.00,55.87,88.87,44.26,82.87,66.50,13.29,99.26,61.42,50.75,49.04,23.09,115.97,449.90,112.56,23.15,124.14,202.81,38.72,154.25,65.97,348.84,209.97,91.31,44.45,135.38,24.02,104.61,123.04,398.13,34.65,23.89,59.88,117.71,111.50,,30.02,60.53,164.27,409.51,31.36,183.24,82.74,160.88,,69.71,251.40
2022-08-31,15.07,154.48,254.07,126.77,275.61,161.66,42.35,107.33,108.26,46.83,499.51,22.36,55.45,7.72,84.87,40.16,91.23,42.07,138.42,269.01,30.37,152.66,332.58,215.35,148.68,55.69,205.74,142.76,165.67,122.00,73.66,92.80,24.63,420.43,474.65,281.76,29.85,77.23,79.38,373.44,182.61,31.81,855.36,148.52,46.15,59.61,224.83,577.16,46.47,173.77,30.10,346.02,55.88,87.87,44.42,82.81,71.30,13.24,98.57,59.90,50.44,48.69,23.29,115.28,440.19,113.12,23.06,124.53,201.74,38.59,153.19,65.58,347.62,206.67,92.94,44.17,132.98,23.16,104.95,122.56,393.08,34.38,24.62,60.03,116.68,110.70,,29.91,59.55,164.56,412.63,31.35,182.57,82.21,159.24,,69.64,247.66
2022-09-01,13.91,155.21,253.03,127.82,277.16,164.07,42.97,108.84,109.65,46.17,506.28,23.00,56.22,7.49,82.33,40.67,89.04,41.50,138.38,266.57,30.22,154.21,325.79,220.01,149.54,56.99,206.11,141.97,166.87,119.83,72.74,90.86,25.05,414.32,455.25,290.20,30.44,78.45,80.28,370.53,172.97,31.60,858.79,148.72,45.31,58.68,226.26,596.60,47.10,170.04,30.06,332.49,55.98,89.78,44.50,84.96,71.42,13.19,98.74,58.88,50.42,48.55,22.68,112.70,413.28,113.40,23.35,125.33,201.95,39.06,153.02,66.61,349.93,211.25,92.17,43.24,136.07,22.09,97.14,120.72,395.59,34.57,25.19,59.74,115.00,111.52,,29.47,59.80,161.09,420.33,31.60,184.27,83.08,145.57,,69.99,235.43
2022-09-02,13.63,153.10,248.81,127.51,270.21,159.07,42.49,106.97,107.80,46.94,496.65,22.61,55.26,7.40,80.24,40.04,88.49,41.33,136.51,265.21,29.70,152.25,324.00,217.20,146.70,56.00,203.67,140.03,163.51,118.50,72.17,89.87,24.09,409.02,452.61,281.04,29.50,76.19,78.87,368.14,172.45,31.35,855.91,148.99,45.11,58.28,219.38,576.72,46.85,168.17,29.71,330.56,54.86,88.65,44.19,84.18,72.19,13.06,98.32,58.23,49.84,48.60,23.30,115.79,412.26,113.64,23.13,123.02,198.69,38.74,151.15,65.72,343.83,205.45,90.65,42.75,133.38,21.81,96.94,118.63,391.46,34.12,24.55,59.34,115.78,108.51,,29.10,58.76,158.54,407.14,31.28,180.24,82.00,145.12,,70.89,232.42
2022-09-06,13.44,151.84,246.08,126.11,274.42,157.31,42.28,105.93,106.60,46.75,496.45,21.84,54.18,7.28,78.72,39.93,87.57,41.00,136.44,264.47,28.89,151.23,319.48,217.07,146.79,55.62,202.30,139.65,162.39,116.83,71.26,88.42,24.53,407.76,455.25,279.18,28.65,77.64,80.03,368.30,171.15,30.83,857.93,147.20,44.45,58.17,219.07,570.12,47.17,167.82,29.95,326.83,54.20,89.06,44.29,83.54,66.62,12.63,100.22,58.23,50.05,49.65,22.95,115.91,406.89,113.70,23.05,122.43,198.18,38.57,149.62,65.75,341.73,201.26,91.13,41.78,133.42,20.42,92.33,119.53,387.55,33.89,23.97,58.65,117.71,109.15,,29.11,58.65,159.90,397.00,31.38,182.11,82.03,145.03,,76.20,229.67
2022-09-07,13.70,153.24,250.78,129.48,283.70,159.14,43.37,108.55,109.58,47.40,506.73,22.90,53.95,7.39,79.61,40.42,89.17,41.50,139.90,272.96,29.16,154.57,326.48,219.37,149.23,56.85,210.87,141.98,165.44,118.61,73.52,90.00,25.36,423.85,461.80,284.44,28.85,81.12,80.65,379.72,171.96,31.20,887.69,152.25,46.09,58.41,222.36,592.44,48.29,170.89,30.33,332.04,55.48,91.85,45.22,88.76,68.41,12.68,103.74,59.12,51.05,50.45,22.45,113.80,414.95,116.07,23.41,123.24,206.19,39.64,152.02,67.99,354.68,208.86,94.46,43.15,129.49,21.86,95.62,120.58,397.24,34.58,24.81,59.83,123.73,111.21,,29.71,60.02,165.77,402.55,31.28,186.70,88.37,147.71,,78.07,235.42
2022-09-08,13.97,151.77,251.20,129.82,289.26,160.80,43.59,107.49,108.53,48.04,506.23,22.74,54.33,7.53,82.78,40.74,90.96,42.19,139.77,271.13,29.26,154.05,339.30,219.96,151.56,57.12,214.78,143.33,164.33,118.85,74.84,91.21,25.94,427.50,467.68,288.99,28.35,82.18,83.46,383.63,179.88,31.92,922.54,153.99,47.46,58.87,223.52,704.09,48.58,171.84,30.64,333.76,55.06,91.18,45.71,88.87,68.19,12.54,104.03,59.33,49.76,51.71,22.02,114.34,426.21,118.58,23.22,124.80,209.82,39.87,154.00,67.65,364.95,226.30,95.66,43.12,127.42,23.45,97.89,120.58,398.45,34.69,24.72,60.48,122.73,112.40,,29.24,60.66,167.58,395.91,30.23,186.41,91.59,154.25,,78.56,240.32
2022-09-09,14.37,154.63,256.97,133.27,299.68,167.83,43.72,109.74,110.87,49.02,513.37,23.36,56.35,7.79,85.45,41.10,93.60,43.30,140.09,274.11,29.93,154.54,346.63,221.97,153.66,57.28,221.32,145.26,167.71,121.80,77.79,94.13,27.73,438.21,485.36,292.11,29.22,81.47,85.14,394.78,190.86,32.96,970.99,156.85,49.03,61.27,225.70,719.46,48.07,174.68,31.03,340.18,55.40,91.82,46.22,90.08,69.76,13.03,104.51,64.31,51.00,53.59,23.28,116.79,434.39,123.48,23.46,126.56,211.68,40.29,156.50,67.99,374.13,223.27,95.72,44.64,131.84,26.20,100.54,127.78,400.48,34.90,24.83,61.60,124.19,113.84,,29.03,61.76,169.96,405.91,30.56,187.33,92.89,188.00,,78.42,258.93
2022-09-12,14.49,160.58,259.10,136.45,304.42,167.64,44.11,109.95,110.96,49.64,516.18,23.65,56.84,8.01,84.64,41.66,93.39,42.97,139.56,281.25,30.03,155.14,345.47,212.94,153.52,59.68,222.02,146.64,168.01,122.67,79.06,94.68,28.51,443.40,489.17,293.48,29.44,81.82,85.74,396.36,195.10,32.57,1002.01,158.22,49.53,61.22,225.38,705.97,48.49,175.02,31.23,339.56,55.92,92.24,46.78,91.50,71.56,13.31,103.92,65.87,51.55,55.84,23.47,118.82,434.11,124.79,23.26,128.44,215.16,40.52,157.37,68.37,376.59,212.00,97.13,44.92,135.38,26.30,104.39,129.54,399.60,35.19,25.28,62.03,124.80,114.29,,29.25,62.52,169.75,406.45,30.79,188.10,94.18,193.60,,78.44,264.79
2022-09-13,13.11,151.16,244.86,126.82,292.13,151.94,43.20,103.46,104.45,47.26,488.22,21.81,52.60,7.48,77.03,39.61,87.66,40.55,132.43,272.72,27.87,149.35,329.24,203.30,146.38,57.12,211.40,139.67,161.84,115.23,75.42,91.48,26.68,418.03,456.40,280.67,27.60,80.69,84.04,368.39,184.70,29.59,943.90,152.52,47.33,58.08,217.17,696.68,46.38,166.92,30.02,323.61,54.09,89.62,44.76,86.56,67.82,12.95,99.01,62.07,49.61,51.87,22.62,116.52,410.23,121.54,22.00,125.24,208.34,38.69,144.70,66.31,350.43,206.59,94.50,43.31,127.83,23.12,96.63,127.02,385.84,34.00,23.74,58.11,118.72,109.57,,27.54,59.23,160.11,386.89,29.39,181.68,89.17,181.22,,76.64,248.90
2022-09-14,13.11,152.61,245.08,128.55,302.61,150.29,43.11,104.14,105.01,47.93,486.02,22.41,52.10,7.63,77.45,39.47,87.90,40.67,136.46,273.67,27.76,150.49,334.97,204.43,148.73,57.84,210.78,141.56,157.46,117.63,77.25,91.03,25.34,425.36,463.18,284.86,28.43,85.16,85.66,371.52,184.11,28.85,960.33,157.02,47.72,56.28,216.63,692.94,45.96,167.23,29.70,323.37,54.42,90.60,44.47,86.18,69.87,12.71,97.61,64.53,49.80,51.94,23.41,121.24,417.40,126.80,21.96,124.58,208.52,38.98,149.23,66.95,350.47,208.28,97.14,43.06,127.40,22.60,97.03,128.16,386.84,34.04,24.13,60.44,120.01,108.74,,27.69,58.48,160.13,385.11,29.31,181.65,90.57,182.98,,73.97,255.57
2022-09-15,12.91,149.72,238.43,126.28,303.75,148.39,42.64,102.07,103.05,46.93,481.72,23.54,51.69,8.01,76.66,38.87,86.24,39.87,135.59,270.16,27.44,147.99,326.03,204.02,146.40,57.68,209.62,139.31,154.74,115.28,76.84,89.81,24.39,411.03,451.12,287.67,28.04,84.72,84.45,309.13,178.86,28.43,965.78,156.99,46.00,55.71,213.15,701.11,45.92,163.05,28.69,315.94,53.81,87.86,43.69,86.27,68.44,13.17,96.57,64.41,49.37,50.82,22.43,116.45,406.88,125.04,21.64,122.12,201.30,38.00,149.44,65.23,349.84,208.48,95.89,42.57,125.75,21.69,95.36,128.43,374.94,33.58,24.18,59.43,120.17,106.77,,27.65,58.48,154.33,376.00,29.01,179.77,90.98,175.99,,72.49,252.89
2022-09-16,13.18,148.08,237.81,123.53,303.35,145.15,42.55,101.96,102.79,47.15,482.33,24.01,51.84,7.78,76.51,38.88,86.19,39.46,134.56,270.60,27.82,148.96,324.27,207.14,148.73,58.21,206.28,140.67,155.17,115.25,73.68,87.04,23.15,411.89,452.67,289.71,28.47,83.88,83.25,299.50,171.01,28.01,919.11,149.66,45.69,55.82,215.85,705.53,46.23,164.27,28.05,314.21,54.47,88.01,43.62,86.94,65.67,12.74,97.96,59.13,49.08,50.42,21.94,114.71,405.98,118.75,21.70,119.50,194.97,37.97,149.68,65.70,342.56,213.00,93.50,42.35,124.60,20.63,91.25,124.19,373.08,33.53,23.61,60.45,118.34,107.82,,27.52,58.64,152.29,377.58,29.10,180.21,90.09,169.49,,70.45,242.90
2022-09-19,13.36,151.79,237.60,124.66,309.07,146.87,42.92,102.23,103.00,47.09,484.65,24.36,51.11,7.86,76.77,38.88,87.01,39.46,135.29,272.30,28.01,150.53,323.13,206.80,149.62,58.41,202.21,140.95,156.29,116.82,74.72,87.68,22.82,412.56,456.41,285.14,28.42,84.64,86.94,296.06,175.39,27.56,933.10,152.02,45.49,55.21,217.78,710.54,46.35,167.19,28.42,317.32,54.54,88.67,43.92,87.41,65.79,13.16,98.81,58.88,50.32,50.74,22.29,113.25,405.69,118.78,22.19,120.67,196.89,38.13,152.64,66.26,339.67,216.00,94.52,42.71,126.69,20.62,93.80,125.08,373.33,34.07,24.13,61.54,117.96,109.04,,27.77,59.59,155.00,372.13,29.01,180.03,87.94,174.57,,72.07,241.62
2022-09-20,13.16,154.17,235.59,122.19,308.73,144.95,42.67,100.31,101.00,46.27,477.91,24.28,49.83,7.62,75.25,38.23,85.46,38.90,134.26,268.85,27.55,150.70,318.83,204.06,149.45,57.31,199.55,141.11,154.87,115.08,74.47,87.51,21.78,406.84,447.54,286.94,27.91,83.40,85.37,291.06,173.87,26.75,905.69,151.68,44.64,53.96,215.76,699.49,46.74,166.99,28.03,316.26,53.97,87.48,43.85,85.06,66.10,13.21,98.37,57.66,49.88,50.77,21.20,113.13,399.07,116.71,21.89,118.32,194.97,37.60,150.58,65.32,338.00,212.01,91.14,42.13,124.38,19.66,93.57,121.69,369.61,33.76,23.78,60.14,117.09,107.74,,27.52,58.41,152.65,362.94,28.45,178.16,87.37,172.68,,70.78,235.19
2022-09-21,13.24,151.04,232.18,118.54,300.80,141.01,43.06,98.47,99.20,45.62,471.74,23.69,49.15,7.69,74.48,37.34,84.46,38.44,131.50,264.08,27.09,150.27,312.02,201.15,146.97,56.35,195.04,139.85,152.50,114.94,70.94,85.56,21.14,397.94,440.72,280.40,26.97,81.39,84.91,286.30,169.25,26.18,887.50,143.14,44.81,53.60,212.88,680.04,46.36,166.04,27.72,313.11,53.97,86.44,43.52,84.63,62.49,12.22,96.87,57.17,49.26,49.80,21.22,111.41,392.29,114.01,21.71,115.33,192.42,37.00,148.96,64.45,333.48,206.39,90.70,41.97,123.41,19.59,94.51,117.92,363.61,33.52,22.53,59.55,116.19,105.83,,26.97,56.64,150.98,353.03,28.87,176.18,84.46,171.88,,69.65,232.30
2022-09-22,12.54,150.08,234.16,117.31,288.59,141.71,42.62,99.32,99.75,45.19,466.09,23.70,48.71,7.37,69.50,36.95,82.47,37.30,129.85,261.73,26.71,150.42,302.56,204.10,146.35,56.59,191.08,136.93,151.58,114.08,67.56,83.09,19.90,386.29,427.28,286.34,26.78,77.81,83.07,287.06,161.28,25.45,850.00,135.35,42.90,52.98,212.93,683.64,46.24,162.32,27.17,306.97,54.02,86.71,43.38,83.41,63.46,12.01,94.19,54.00,48.94,48.74,21.18,109.45,370.77,103.72,21.81,115.26,187.15,36.63,145.18,64.41,326.08,202.71,87.19,41.57,119.87,19.23,89.44,114.74,366.71,33.47,22.17,58.25,111.95,105.56,,26.27,56.37,150.49,333.96,28.72,171.05,80.96,162.56,,70.10,220.69
2022-09-23,12.50,147.81,231.18,113.78,275.33,139.32,41.55,97.93,98.36,44.35,446.22,22.64,49.15,7.40,67.96,36.51,81.75,36.70,127.23,257.03,26.18,150.35,297.27,203.40,145.16,55.78,190.52,133.71,149.94,111.78,65.57,80.79,20.21,383.62,422.53,283.45,26.26,77.32,81.58,284.56,160.39,25.47,815.01,132.81,42.67,52.02,212.75,692.65,45.88,160.97,26.33,303.28,53.25,85.71,43.54,81.34,60.05,11.79,94.46,52.01,48.31,48.59,20.03,99.64,360.60,101.75,21.87,113.51,184.56,36.62,143.13,63.62,334.20,200.78,86.51,40.04,121.66,19.15,87.28,110.36,369.08,33.44,21.54,57.21,113.46,103.24,,26.53,55.48,151.24,321.66,28.43,171.19,80.66,158.69,,69.57,217.56
2022-09-26,12.21,148.14,230.73,115.15,276.01,135.31,41.95,97.37,98.01,43.74,459.52,22.41,47.95,7.53,66.30,36.44,80.44,35.82,127.22,252.35,25.66,150.28,293.38,203.31,144.41,55.32,187.93,132.67,148.80,110.44,65.55,81.58,20.32,385.40,417.37,276.78,25.48,77.91,80.67,276.96,159.35,24.38,799.58,131.60,42.00,49.87,211.24,681.50,46.25,162.38,26.09,303.34,52.71,83.86,43.96,79.89,60.66,11.41,93.80,50.73,47.84,48.29,18.85,96.19,356.82,103.23,21.67,112.71,183.99,35.66,142.21,62.19,331.22,197.39,83.81,39.45,121.59,20.02,86.41,109.57,368.17,33.63,20.97,56.54,110.65,102.36,,26.65,55.33,146.97,306.20,28.55,169.45,80.35,159.76,,69.59,213.61
2022-09-27,12.40,149.12,229.72,114.41,282.94,133.35,41.84,96.70,97.29,43.98,457.61,22.44,49.62,7.63,67.17,36.38,81.61,36.33,127.57,253.26,25.58,148.11,298.03,202.52,144.63,55.58,186.38,133.60,148.80,111.00,65.54,81.83,20.38,390.24,419.77,284.74,24.96,77.42,81.69,277.57,162.58,24.63,804.69,133.97,42.78,50.90,210.29,690.35,46.21,163.13,25.89,306.09,52.01,81.43,43.67,81.30,60.99,11.32,92.92,51.15,47.82,48.50,19.14,98.16,361.98,106.37,21.50,113.02,187.96,35.29,143.67,60.78,329.73,202.61,85.29,39.03,122.51,20.61,87.74,109.90,358.24,32.44,21.37,57.51,113.24,101.71,,27.21,54.65,149.18,306.89,27.62,167.11,79.64,163.21,,70.01,214.59
2022-09-28,12.72,147.23,234.24,118.01,287.81,140.51,42.53,99.23,99.92,44.09,467.17,24.52,50.03,7.94,68.36,37.12,83.40,36.81,130.30,259.23,25.81,150.48,305.09,206.99,146.52,56.73,192.40,136.21,152.09,109.70,67.81,83.40,21.37,398.54,427.46,292.41,25.70,80.02,82.72,281.40,167.25,24.95,865.24,138.94,43.91,51.30,214.29,700.69,47.84,166.97,26.28,313.16,52.52,82.05,44.70,83.82,62.98,11.79,95.59,52.70,49.19,49.97,19.62,103.28,368.46,110.69,21.81,116.17,190.98,34.87,146.41,61.26,334.03,210.76,90.64,39.29,125.66,22.05,89.76,114.19,361.79,32.98,22.78,58.79,115.69,105.35,,27.80,55.86,156.85,321.08,28.18,169.75,83.33,168.78,,72.23,218.14
2022-09-29,12.20,140.00,230.78,114.80,268.21,135.35,42.25,96.62,97.29,42.59,458.26,23.97,49.06,8.08,64.14,36.43,81.87,35.73,129.45,257.47,25.10,148.64,300.28,204.69,142.60,55.97,189.06,133.77,148.80,105.92,65.93,82.79,19.68,386.38,414.43,292.80,25.10,79.53,80.79,278.25,165.70,24.22,829.68,135.74,42.26,48.96,210.41,687.18,47.45,164.69,25.86,309.22,51.53,78.11,44.01,80.95,60.77,11.66,94.38,49.84,48.92,49.63,19.47,104.58,355.63,106.66,21.34,115.31,189.46,33.18,141.33,58.11,331.81,209.39,88.23,38.63,124.68,21.18,87.45,108.58,358.10,32.76,21.87,57.03,114.16,101.77,,27.44,55.10,156.26,312.59,28.13,169.58,82.10,165.89,,70.69,212.33
2022-09-30,12.12,135.79,226.31,113.00,265.25,134.62,41.44,94.87,95.37,42.01,451.84,23.54,49.15,8.13,63.36,35.92,79.46,35.30,129.00,257.45,24.52,145.65,292.47,201.99,139.30,54.74,187.44,131.28,146.09,104.21,64.52,81.89,19.49,377.14,402.39,289.54,24.19,77.40,80.94,275.20,164.81,24.50,827.78,135.38,42.30,47.93,208.97,684.25,46.89,163.43,25.34,305.51,49.86,75.81,43.48,81.18,62.58,11.50,94.05,49.45,48.24,49.13,19.32,104.19,353.69,105.04,21.10,113.58,186.80,32.92,138.05,56.90,325.80,200.16,85.61,38.28,122.02,21.23,88.78,109.00,351.15,32.49,21.54,56.15,115.75,100.71,,26.60,54.15,152.22,303.35,27.96,166.63,80.54,164.37,,69.65,210.59
2022-10-03,12.50,139.97,233.92,115.88,242.40,137.53,42.34,97.83,98.49,43.22,457.06,23.90,50.73,8.24,66.11,37.08,83.65,37.58,133.55,263.40,25.66,147.43,305.90,206.51,143.85,55.30,193.36,136.73,151.40,108.12,65.93,84.85,20.42,386.37,418.21,297.43,25.26,78.65,84.24,285.24,169.31,25.63,882.30,136.02,43.86,49.30,214.57,730.20,47.88,170.28,26.08,316.98,51.24,77.37,44.53,82.81,62.65,11.95,97.12,50.52,49.85,50.96,20.54,112.03,366.92,105.00,21.71,117.65,192.46,33.82,142.22,58.27,336.68,196.79,86.72,39.49,128.45,22.45,90.94,113.36,363.46,33.44,22.16,58.57,115.97,103.09,,27.41,55.65,154.25,320.27,28.47,170.37,84.98,170.51,,71.99,217.33
2022-10-04,13.15,143.56,241.83,121.09,249.44,139.19,42.89,100.81,101.58,45.41,465.10,24.07,52.93,8.46,67.90,37.90,86.71,38.64,137.05,273.56,26.35,149.09,316.30,208.82,148.63,57.96,201.54,142.12,155.90,112.87,69.07,86.92,21.24,401.18,450.59,300.64,25.79,81.31,86.92,294.97,175.07,27.44,948.25,142.55,46.37,51.32,218.61,734.58,48.65,171.33,26.75,321.70,52.32,79.50,45.83,86.10,66.47,12.36,99.58,54.16,51.83,52.68,21.38,117.89,383.48,110.81,22.17,120.93,199.99,35.16,149.64,59.09,348.59,201.24,92.30,41.28,133.99,24.87,95.35,116.59,370.98,33.79,23.15,61.37,120.95,103.57,,28.47,57.18,159.00,328.54,28.78,175.58,90.97,176.00,,73.77,236.21
2022-10-05,13.19,143.85,242.14,120.95,240.81,137.90,42.47,100.60,101.39,45.87,459.54,23.67,53.69,8.42,67.94,38.05,86.53,38.57,135.79,271.01,26.30,148.10,318.00,209.54,151.02,58.08,201.38,143.10,155.57,115.19,67.80,87.82,20.76,402.71,454.64,302.02,25.58,82.79,85.78,297.38,176.70,27.97,933.76,142.18,47.67,51.71,220.85,740.68,48.81,169.70,26.46,321.37,52.05,76.91,46.09,86.52,66.17,12.22,99.81,52.99,52.40,53.59,21.86,120.55,389.15,111.76,22.05,120.41,204.53,34.01,150.90,57.19,350.12,201.02,93.33,41.46,133.66,24.22,95.11,117.30,372.08,33.96,23.02,62.00,123.29,102.85,,28.20,57.16,159.45,329.28,28.41,175.81,91.08,180.15,,74.40,242.46
2022-10-06,13.11,142.90,239.80,120.30,238.13,137.99,42.07,100.59,101.41,45.37,461.62,24.00,53.58,8.47,67.85,37.63,85.46,38.34,134.05,266.27,25.86,145.24,316.50,206.96,149.88,57.64,197.70,142.23,153.15,115.55,67.14,87.38,20.54,401.27,447.72,298.63,25.01,82.08,83.94,298.41,178.39,27.89,929.18,139.18,47.33,50.16,217.01,726.95,48.83,168.41,26.02,321.93,50.93,74.11,45.87,85.00,65.26,12.49,99.48,52.99,51.71,53.74,21.89,123.11,384.78,111.58,21.71,121.38,205.87,33.18,148.80,54.96,346.02,202.37,93.92,40.47,135.96,24.17,93.66,121.38,371.96,33.68,22.97,61.75,126.44,100.25,,28.33,56.29,159.50,323.95,28.01,171.67,95.21,182.92,,75.21,238.99
2022-10-07,12.06,137.65,227.61,114.56,223.07,132.41,41.07,97.87,98.76,43.57,447.90,22.48,52.01,8.15,58.44,36.50,80.11,36.15,132.29,260.90,24.47,144.18,303.61,205.25,143.35,57.05,188.68,136.53,149.97,111.52,66.17,84.96,19.22,383.36,420.71,295.23,24.36,79.95,82.10,288.77,171.88,26.90,881.99,136.70,41.80,48.40,209.83,717.52,47.38,158.90,25.46,307.01,50.25,72.78,45.15,83.67,63.56,11.98,96.53,49.39,50.54,51.47,21.09,123.20,352.91,108.54,21.01,120.06,194.74,32.48,142.02,53.22,333.24,195.81,89.69,40.13,127.55,22.03,88.06,120.73,361.24,33.10,22.09,58.72,123.75,98.36,,27.42,55.14,152.88,312.53,27.69,166.66,102.14,170.09,,73.47,228.24
2022-10-10,11.65,137.97,222.76,113.67,222.96,132.75,41.32,97.06,97.91,41.42,446.14,23.00,50.51,8.06,57.81,36.15,76.80,33.82,132.43,259.59,23.98,144.37,289.29,208.04,141.11,57.20,186.55,132.75,150.39,105.70,65.63,81.57,18.48,378.17,408.72,294.54,24.24,79.98,82.42,285.72,161.08,26.09,872.60,135.73,39.77,47.02,211.28,726.02,48.30,154.71,25.29,292.98,50.58,74.06,45.51,82.72,58.26,12.02,96.36,47.71,50.66,51.23,20.62,121.36,335.14,110.99,21.16,118.46,191.03,33.23,138.04,53.53,324.72,186.82,84.07,40.15,131.38,22.07,84.02,117.93,357.09,33.53,21.56,56.33,126.16,98.62,,27.72,54.82,147.83,318.30,28.56,165.79,100.22,157.18,,72.71,220.27
2022-10-11,11.57,136.56,219.03,112.21,216.50,127.54,42.39,96.38,97.25,40.76,451.60,21.43,52.80,8.04,57.63,35.87,74.00,31.54,131.87,258.80,23.82,145.05,271.49,219.95,138.10,58.28,185.90,130.77,151.90,101.49,64.19,78.68,17.77,374.11,387.09,295.16,23.87,79.19,80.63,284.83,155.79,26.21,834.67,134.08,38.15,46.79,209.05,732.46,48.73,148.04,25.21,277.34,51.18,74.43,44.73,82.98,55.71,11.60,95.34,44.85,51.34,48.58,20.51,120.55,319.24,106.82,21.25,117.05,191.03,32.93,134.53,53.19,325.71,186.68,82.65,40.13,131.34,21.64,82.72,115.09,356.12,34.06,21.32,54.79,121.35,97.24,,27.47,53.94,142.70,308.44,29.29,165.62,99.68,148.73,,72.37,207.64
2022-10-12,11.48,135.93,219.36,112.90,217.24,126.51,41.91,96.76,97.50,40.74,446.20,22.09,51.85,8.07,57.85,35.59,73.72,31.24,127.82,259.36,24.10,151.12,265.58,220.85,136.39,58.03,186.34,130.57,151.18,100.20,65.80,77.65,18.10,378.58,385.90,290.13,23.88,79.80,79.93,286.15,152.99,25.80,820.65,137.05,37.48,46.66,207.05,723.17,48.50,147.97,25.35,276.19,51.68,71.68,44.78,81.41,55.94,11.66,93.88,46.72,51.04,48.21,20.87,122.11,314.35,112.35,20.93,116.69,193.64,31.60,131.28,51.51,328.12,185.11,83.36,40.66,134.72,21.84,82.35,116.55,357.90,34.20,21.02,53.21,120.58,96.94,,27.67,53.50,143.93,306.31,29.59,164.25,98.32,147.63,,71.45,203.37
2022-10-13,11.94,140.50,227.61,112.53,221.72,129.28,42.26,98.25,98.90,41.44,447.74,23.25,53.93,8.08,58.94,36.80,77.02,32.85,127.95,269.74,25.14,155.78,269.19,225.53,138.90,58.98,190.38,134.49,155.34,104.10,66.44,78.94,18.34,386.11,392.75,296.54,25.16,82.10,81.55,294.74,152.60,26.42,822.06,138.36,38.62,47.75,212.40,747.51,49.20,150.55,26.16,287.43,52.45,74.35,45.04,82.31,55.37,12.50,95.17,45.91,52.02,49.20,22.01,125.66,323.09,112.65,21.44,118.99,193.85,32.72,133.99,53.11,335.22,191.76,83.59,41.39,131.73,22.05,80.90,118.86,362.35,34.59,21.26,54.69,120.92,98.97,,27.64,55.57,142.71,325.94,29.99,165.85,101.72,145.13,,71.67,202.20
2022-10-14,11.21,135.97,222.09,106.90,204.99,125.77,41.67,95.77,96.39,40.41,434.98,23.00,51.82,7.53,55.94,36.43,72.56,30.37,126.45,262.94,24.65,151.84,254.85,225.24,133.50,58.72,183.06,128.82,152.38,101.41,65.59,77.42,17.83,370.82,367.30,293.21,25.01,79.34,79.06,287.94,145.98,25.38,756.88,138.66,36.53,46.47,208.71,731.12,48.79,147.45,25.97,277.61,51.78,73.24,43.70,78.46,52.92,12.43,92.40,43.06,50.88,48.13,21.12,120.54,300.93,109.16,20.10,118.15,189.81,32.16,129.24,52.33,324.64,185.53,80.04,40.60,127.31,20.93,75.69,117.82,355.19,33.86,20.70,52.73,119.45,98.00,,26.96,55.24,139.59,323.31,29.95,163.02,97.41,135.31,,70.30,189.00
2022-10-17,11.87,139.93,230.80,113.79,219.35,133.00,41.97,99.15,99.96,41.20,444.09,24.51,52.59,7.94,57.96,37.43,72.16,30.42,128.68,268.27,25.14,154.10,254.38,226.66,135.89,58.91,190.12,131.07,154.90,102.93,68.62,79.27,18.44,393.87,379.98,297.02,25.65,81.67,82.88,293.50,151.61,25.51,850.66,142.83,37.38,47.77,215.34,731.02,49.08,154.07,26.77,289.26,52.23,74.58,44.69,81.12,55.48,12.32,95.47,45.71,51.22,50.46,22.06,120.63,307.72,116.50,21.12,118.80,198.70,32.60,132.21,53.87,339.49,195.09,84.21,41.86,131.02,22.11,80.79,117.89,362.78,34.25,21.71,54.23,124.73,100.48,,27.73,56.45,148.94,331.69,29.75,167.52,99.73,145.28,,72.08,204.67
2022-10-18,11.95,141.25,231.75,116.36,220.19,131.77,42.86,99.94,100.56,41.14,452.80,24.09,51.66,8.16,57.92,37.87,72.96,31.06,130.92,271.84,24.61,156.18,259.74,225.94,136.36,59.34,193.73,132.93,157.38,102.57,69.66,81.68,18.63,398.66,386.54,300.17,25.59,81.72,84.17,292.98,156.88,25.30,853.29,144.90,37.25,47.69,217.13,717.86,49.47,155.56,27.02,292.27,53.06,75.93,45.24,81.55,58.37,12.88,97.42,46.90,52.28,51.56,22.29,122.70,307.16,117.94,21.76,121.10,200.70,33.01,131.91,54.78,342.16,194.05,84.84,41.63,131.77,23.50,81.78,121.29,367.13,34.80,22.01,54.53,128.16,101.76,,28.14,57.24,152.61,328.87,30.24,169.88,96.93,149.69,,73.35,201.44
2022-10-19,12.04,141.35,229.78,115.07,222.04,132.19,42.74,98.81,99.47,41.19,451.03,27.24,52.13,7.91,57.23,37.95,74.93,31.83,130.51,271.13,24.74,154.66,262.83,222.42,137.38,58.74,211.14,133.15,156.86,104.09,69.57,80.06,17.44,392.25,410.79,292.02,25.29,80.40,83.37,299.83,152.54,25.11,815.45,144.90,37.60,47.58,215.49,704.61,49.18,153.72,26.55,288.96,52.47,75.33,44.12,80.59,54.49,12.61,96.97,45.78,52.30,51.79,23.65,126.31,306.41,116.87,21.11,121.56,197.02,32.39,132.26,54.32,335.49,192.00,84.02,40.39,127.91,22.61,79.00,122.50,363.26,34.26,18.78,54.58,124.35,100.03,,27.74,56.38,146.50,324.65,30.42,165.48,96.84,148.77,,72.29,187.73
2022-10-20,12.18,140.89,229.46,115.25,207.28,130.51,42.84,99.15,99.71,40.72,444.52,26.82,52.79,8.04,57.77,37.80,76.29,34.32,130.78,269.52,24.81,152.97,267.71,221.75,138.34,58.71,212.00,133.86,155.42,103.29,69.64,79.29,17.80,391.35,423.62,290.16,25.35,79.73,82.27,302.38,153.88,25.19,820.47,142.51,37.57,47.74,212.01,701.15,48.73,153.05,25.76,289.71,51.75,73.60,43.51,79.46,55.89,12.92,95.14,45.53,50.48,51.59,23.92,126.80,308.95,117.00,20.78,121.28,197.83,31.23,130.12,53.10,331.20,192.98,84.33,39.89,126.38,22.10,82.34,123.89,359.33,33.81,18.84,54.52,126.61,99.68,,27.20,56.35,145.42,328.12,29.62,161.90,94.36,150.23,,70.57,192.62
2022-10-21,12.45,144.71,235.26,119.32,214.44,129.00,43.71,100.30,100.65,42.55,457.49,28.96,55.10,8.29,58.82,38.79,79.93,35.61,131.20,275.34,25.66,154.40,280.87,225.78,143.74,60.16,218.49,138.11,159.94,106.75,71.57,81.01,17.52,406.99,447.80,300.00,25.36,81.40,84.91,306.37,156.32,26.24,844.90,148.28,39.02,50.16,215.02,709.12,49.60,158.34,26.19,296.50,52.15,75.09,43.79,81.95,58.97,13.49,96.90,45.23,51.98,53.75,24.59,131.75,323.93,119.95,21.12,122.69,201.39,32.27,135.94,54.14,337.65,198.88,83.49,41.03,127.74,23.26,82.15,125.55,362.57,34.12,18.46,56.90,130.60,100.67,,27.41,56.83,149.48,330.40,29.52,163.17,95.68,150.48,,71.80,194.10
2022-10-24,12.58,146.85,240.25,119.82,211.25,128.71,44.54,101.68,102.13,43.20,475.47,28.25,55.28,8.27,58.70,39.46,82.38,36.06,133.95,265.60,25.86,158.52,285.47,234.18,145.48,61.23,220.27,136.17,163.52,107.34,71.02,80.67,17.67,407.55,458.21,310.50,25.86,76.94,85.21,316.22,157.97,26.28,827.16,149.72,37.89,50.70,218.88,732.20,51.23,160.22,26.78,301.68,53.42,75.42,45.06,83.89,44.46,13.18,98.44,44.43,53.04,54.90,24.09,132.56,322.14,116.39,21.44,123.36,207.09,32.40,135.65,54.74,344.94,195.85,82.88,42.01,132.06,23.76,82.43,123.11,364.55,34.86,17.01,57.44,137.87,102.46,,27.78,57.28,147.95,337.07,30.61,165.58,98.97,148.67,,71.39,194.85
2022-10-25,13.24,149.69,243.56,120.60,222.42,136.44,44.75,103.62,104.08,43.53,477.47,29.10,54.92,8.66,61.47,40.20,84.89,36.63,135.21,275.20,26.08,159.04,294.64,232.99,145.94,61.76,237.87,137.90,165.93,109.92,73.61,83.10,18.80,421.52,470.84,309.21,26.26,78.28,85.76,323.79,162.11,26.56,862.97,150.15,40.08,52.22,219.66,742.32,51.72,151.32,27.35,294.73,53.93,76.66,45.83,89.66,47.53,13.57,99.43,47.46,52.88,55.92,24.06,132.65,333.01,118.45,21.63,125.39,215.72,33.18,139.20,55.47,352.35,198.56,88.77,42.06,134.41,26.87,88.75,125.03,369.68,34.96,17.07,59.32,137.12,104.55,,28.41,57.96,156.18,346.71,31.07,169.84,100.95,157.09,,74.50,206.04
2022-10-26,12.88,146.75,224.77,115.66,224.64,128.81,45.09,94.15,94.05,43.64,477.84,29.86,54.51,8.57,59.73,40.22,85.48,37.19,135.42,281.56,25.89,159.76,296.11,238.97,142.08,62.85,241.66,133.20,166.47,108.94,72.70,83.36,17.99,414.02,468.98,311.18,26.21,78.90,86.37,320.48,161.77,26.55,833.36,149.78,38.24,48.07,217.24,729.05,51.83,149.05,27.36,292.73,54.47,76.69,46.01,89.96,53.09,13.00,99.80,47.23,53.49,55.49,24.37,134.40,324.42,115.31,21.53,124.91,214.56,33.05,137.84,55.62,358.30,201.02,88.08,42.33,134.65,27.27,81.50,123.62,380.10,35.15,17.71,57.57,137.03,103.57,,28.46,58.12,154.73,344.87,30.94,169.55,102.61,151.03,,80.04,195.22
2022-10-27,13.16,142.28,220.33,110.96,225.09,97.18,44.96,91.46,91.85,43.09,475.92,29.69,51.32,8.60,58.60,40.26,83.93,37.52,135.21,280.06,24.99,159.59,298.54,239.48,141.08,62.30,241.69,132.54,171.91,105.79,72.00,84.07,17.58,411.69,459.60,287.89,26.60,78.34,90.52,318.65,164.73,25.84,836.82,150.95,39.54,46.78,217.08,720.02,54.21,148.58,27.40,289.19,54.84,76.45,45.87,91.13,53.11,12.49,100.46,46.34,54.26,56.01,24.92,132.64,320.67,112.06,21.70,125.35,210.15,33.13,135.81,56.23,356.14,194.00,86.89,41.68,129.70,27.06,82.16,122.74,391.56,34.56,16.98,56.34,139.99,103.90,,28.35,58.28,155.24,355.26,31.87,172.37,101.25,153.77,,81.62,198.00
2022-10-28,13.82,153.03,229.19,103.41,228.52,98.43,45.53,95.50,95.79,44.75,489.65,29.57,53.12,8.64,62.01,41.36,87.01,39.11,145.18,288.21,27.66,162.58,310.71,245.38,146.38,70.35,244.16,136.50,179.30,109.95,73.50,85.54,17.39,421.24,473.91,313.89,26.59,80.01,91.21,325.68,163.65,26.72,881.75,154.23,40.47,46.32,224.17,745.72,55.75,151.48,27.79,295.84,56.11,78.40,46.77,91.85,52.95,12.95,103.61,47.06,55.51,57.10,25.11,133.05,337.53,115.21,22.46,125.88,216.39,34.06,141.94,58.11,364.28,204.51,85.79,42.42,132.73,28.00,81.13,124.02,404.61,35.87,17.51,57.96,142.07,107.52,,29.09,59.41,157.65,368.24,32.64,176.97,120.87,153.96,,82.88,200.82
2022-10-31,13.48,150.67,225.56,102.44,227.54,92.43,45.47,93.74,93.89,44.48,480.67,29.19,53.18,8.79,60.06,41.17,85.63,39.04,145.72,283.96,27.05,162.00,305.83,242.28,145.72,69.63,246.47,134.37,178.50,108.52,73.41,85.79,16.96,417.05,457.68,312.00,26.41,79.54,91.98,318.50,161.20,25.87,901.62,154.68,39.16,44.71,223.30,743.73,55.81,151.39,27.64,292.55,55.91,77.10,46.86,92.18,54.83,13.00,103.59,43.53,55.82,57.16,25.50,135.89,330.38,106.91,22.29,123.64,214.30,33.91,136.71,57.88,359.68,207.26,83.14,42.26,134.69,26.75,80.51,118.48,405.42,35.23,17.32,56.80,145.44,106.19,,28.75,58.68,155.82,367.62,32.25,178.64,120.78,154.10,,82.72,202.73
2022-11-01,13.53,148.03,221.71,96.79,227.82,94.46,45.27,89.73,89.76,44.27,479.19,28.67,53.93,8.65,59.66,41.20,87.08,39.80,146.41,284.74,26.93,161.27,310.40,243.81,147.77,70.41,246.86,136.33,177.70,108.22,74.19,85.39,17.12,385.12,460.54,314.20,26.26,80.01,92.93,316.02,160.53,26.87,919.34,154.64,39.22,45.94,225.09,754.81,55.60,150.93,27.65,291.17,56.26,77.64,47.17,91.21,53.89,13.35,103.76,45.10,55.88,56.42,26.27,137.21,339.55,109.05,22.52,123.95,214.05,34.06,142.11,58.59,394.93,213.12,82.67,42.55,133.85,25.72,80.80,116.31,404.61,34.32,17.50,57.37,147.59,105.97,,28.77,58.95,151.60,357.00,32.04,177.32,119.04,150.39,,81.19,191.74
2022-11-02,13.20,142.50,213.87,92.12,214.98,89.84,44.97,86.26,86.36,43.15,463.43,27.30,52.54,8.22,58.63,40.39,85.11,38.14,144.24,281.09,26.09,159.02,301.93,241.07,143.77,69.11,236.13,133.07,175.40,103.76,69.82,80.89,16.07,375.62,432.40,310.01,25.72,77.70,90.57,301.22,147.99,26.03,851.28,147.80,38.54,44.56,219.37,735.51,54.34,145.09,27.14,281.11,56.91,77.35,45.85,89.20,53.61,12.68,100.74,45.12,55.16,53.23,25.43,133.92,325.60,94.41,22.14,126.29,199.38,33.43,139.08,58.06,372.64,214.35,79.03,41.89,127.72,24.82,74.48,113.55,394.25,33.54,17.59,55.79,145.22,102.77,,28.01,56.81,143.51,347.25,31.95,165.45,115.95,138.09,,79.18,172.40
2022-11-03,13.40,136.46,208.18,89.30,215.31,88.22,44.96,82.75,82.81,42.02,466.09,26.91,52.57,8.08,60.11,39.74,83.70,37.94,142.46,284.20,26.06,158.61,303.88,238.27,141.99,70.51,234.19,130.03,178.83,95.81,71.69,74.85,15.29,356.07,427.47,311.30,25.28,77.79,91.85,285.93,141.53,25.37,870.88,141.51,36.73,43.66,218.13,733.72,54.62,142.86,27.58,279.29,56.38,77.77,45.54,88.91,56.97,11.97,99.56,47.61,55.90,45.93,26.08,137.12,325.27,92.02,22.24,124.29,194.22,32.48,135.56,57.92,369.19,215.72,76.14,42.71,129.02,24.84,75.01,111.30,388.97,32.91,17.92,54.70,147.40,101.46,,28.35,48.98,140.22,344.25,31.85,161.58,112.60,131.07,,79.89,174.17
2022-11-04,14.14,136.20,215.12,90.98,207.47,90.08,45.04,85.87,85.99,44.03,466.21,26.08,55.21,7.93,62.19,40.35,88.93,40.46,143.10,295.02,27.19,159.50,317.02,241.10,147.55,71.29,239.53,135.94,181.85,98.41,73.60,71.11,14.84,352.36,455.50,308.82,25.80,84.39,91.76,285.75,127.56,26.67,938.57,143.90,38.46,46.03,218.83,735.24,54.38,142.41,28.18,276.57,57.49,78.55,48.97,90.44,61.89,10.43,99.49,51.57,57.14,47.10,27.02,139.58,342.34,96.09,22.83,127.37,193.69,32.68,141.37,58.27,371.79,208.34,74.78,43.30,133.37,27.71,70.38,108.53,387.32,33.54,18.20,58.75,148.66,102.11,,28.69,49.61,132.63,348.82,31.87,162.71,114.88,121.00,,79.97,123.73
2022-11-07,14.28,136.73,221.42,90.53,197.08,95.97,45.51,87.76,87.93,44.97,468.26,25.86,55.60,7.02,63.08,40.37,92.17,41.95,144.01,299.37,27.40,160.77,325.85,248.25,150.31,72.29,242.33,140.31,183.53,101.54,72.01,72.22,14.94,361.07,469.71,303.23,26.30,83.09,90.97,299.54,124.68,27.56,940.78,143.31,38.99,47.33,222.11,745.89,55.35,146.00,28.50,280.53,58.55,77.17,49.45,89.72,61.72,10.27,101.73,52.10,57.15,47.86,28.42,141.41,343.53,95.46,22.86,129.98,194.88,32.24,147.77,58.01,385.20,204.93,77.25,44.37,138.31,26.66,69.48,108.40,403.54,33.97,18.17,60.29,148.44,103.56,,28.55,50.67,136.52,353.28,32.00,164.63,115.33,117.36,,80.35,119.23
2022-11-08,14.58,137.30,222.39,89.98,191.30,95.72,45.62,88.17,88.19,45.62,472.29,26.35,56.51,7.21,63.85,40.43,94.52,42.90,144.13,300.54,27.46,161.22,330.64,262.03,152.50,72.97,240.70,142.30,184.92,103.80,73.00,77.08,15.18,373.22,489.34,306.50,26.55,85.20,85.17,302.17,127.00,27.49,937.08,145.39,39.27,47.72,226.39,746.90,55.57,149.10,28.51,291.58,58.13,78.27,48.93,88.71,62.92,10.06,104.43,54.53,57.96,50.60,28.72,141.46,346.63,98.90,22.96,126.72,199.01,33.14,152.65,58.75,382.90,204.76,80.70,44.60,142.28,21.18,70.49,93.57,407.27,34.41,18.62,62.34,150.00,105.78,,28.44,50.17,140.18,354.66,31.94,166.69,115.35,119.93,,80.17,122.72
2022-11-09,13.76,132.74,218.15,86.14,177.59,100.68,44.56,86.60,86.69,44.42,469.62,25.47,55.02,6.98,59.92,39.79,91.53,41.73,142.91,300.28,26.54,159.29,326.19,259.57,149.67,73.05,236.13,139.65,183.43,101.86,73.26,75.79,13.74,359.54,475.61,309.34,26.12,84.66,84.98,298.87,122.36,25.85,897.62,144.49,36.23,45.55,222.08,737.96,55.25,147.76,27.99,290.08,57.64,77.74,48.12,87.97,59.16,9.84,101.77,53.25,57.50,49.88,27.39,136.28,334.65,95.79,22.55,123.97,194.61,33.12,144.80,58.33,379.88,197.94,78.26,44.03,138.26,17.04,67.22,94.09,407.04,34.07,18.64,61.18,171.84,104.15,,27.83,50.92,134.95,349.88,31.63,165.98,113.15,116.25,,79.78,122.29
2022-11-10,15.73,144.55,236.10,96.63,190.72,111.00,45.48,93.17,93.40,47.93,491.82,27.50,59.25,7.64,68.47,41.38,101.63,46.81,144.66,313.58,28.70,162.10,355.89,260.79,158.47,73.30,257.86,151.09,188.85,111.31,76.43,81.73,16.28,393.39,544.92,311.03,27.27,88.94,92.56,329.95,135.76,28.41,935.53,152.62,42.09,48.44,235.48,736.11,56.26,162.02,29.69,318.76,59.09,81.26,49.65,93.57,64.05,10.80,107.70,59.46,58.74,54.39,28.38,138.64,376.53,102.40,23.92,127.90,222.96,34.27,154.86,61.44,416.06,212.45,86.34,45.72,149.91,17.50,76.52,98.57,428.78,34.41,19.37,68.01,182.75,109.70,,30.23,54.01,153.13,373.16,31.74,176.96,119.84,133.12,,84.16,140.85
2022-11-11,16.31,147.34,240.11,100.79,195.97,112.14,45.55,95.62,95.94,49.02,494.06,29.01,61.46,8.41,72.37,40.59,107.19,48.30,140.56,315.35,29.34,158.85,367.45,255.42,162.82,72.61,265.08,154.57,187.03,112.00,79.15,82.66,16.94,398.07,560.13,303.26,28.31,89.97,89.81,341.15,143.12,29.92,974.89,158.22,42.78,51.45,230.26,729.52,54.37,166.90,30.38,331.40,58.93,79.65,49.06,92.64,65.18,11.84,107.54,62.99,59.15,56.13,28.79,142.16,382.85,109.57,23.89,128.81,228.80,34.37,159.04,60.00,441.27,216.37,90.55,46.40,154.07,17.52,82.35,102.25,428.71,33.86,19.07,69.77,182.94,109.36,,30.78,55.07,156.95,394.40,31.01,174.19,115.96,142.19,,83.28,142.37
2022-11-14,16.27,145.94,234.71,98.49,190.95,113.33,44.22,94.92,95.25,48.56,488.51,29.93,60.73,8.10,73.53,40.55,104.36,46.36,139.86,317.13,29.27,157.67,366.48,255.67,160.96,73.52,259.44,151.93,187.27,111.42,77.72,80.86,15.36,387.94,561.47,306.03,28.40,90.01,91.51,340.37,142.01,29.80,959.58,154.11,42.60,50.77,231.04,737.03,54.99,167.93,30.25,330.68,58.29,78.48,48.46,91.16,65.39,11.49,107.82,62.02,59.20,55.52,28.08,141.48,377.60,105.16,23.84,127.18,223.31,33.74,158.17,59.41,428.03,213.48,89.03,46.26,154.15,16.59,78.12,99.88,423.07,33.14,18.97,68.90,180.89,109.52,,30.62,54.75,153.38,387.81,30.86,170.00,112.99,136.85,,82.21,134.96
2022-11-15,16.64,147.67,235.12,98.94,194.42,116.17,47.11,97.63,97.92,49.62,504.60,31.02,62.03,8.34,76.37,40.69,107.13,47.33,139.41,317.59,29.61,158.08,373.89,254.15,161.08,73.66,264.18,155.61,189.41,116.23,78.61,81.19,15.52,397.07,580.57,305.28,28.53,90.39,91.10,345.96,148.30,29.70,1020.68,156.28,44.12,50.18,234.04,723.84,55.01,168.74,29.78,334.20,58.79,78.97,49.07,94.21,70.97,11.33,108.05,63.38,59.46,56.20,28.67,144.48,394.20,107.01,23.81,126.41,232.30,33.90,163.60,59.91,434.38,214.29,89.38,46.21,156.03,17.15,86.10,101.03,426.36,33.18,18.89,70.79,187.96,109.96,,31.03,56.52,160.74,392.09,31.05,172.95,116.31,147.26,,82.71,141.18
2022-11-16,15.89,146.44,235.55,97.12,186.92,112.35,47.45,98.04,98.18,48.42,502.34,30.60,57.87,8.06,72.70,40.23,101.07,43.92,139.30,318.70,28.48,159.10,359.21,256.05,157.35,73.55,263.04,151.94,188.15,111.36,79.07,79.54,14.57,384.04,560.38,305.44,28.28,89.68,89.33,338.41,143.65,27.41,972.82,156.11,41.70,48.54,234.31,730.73,55.60,168.86,29.71,331.45,59.11,79.43,49.60,92.96,67.56,10.91,108.27,60.78,59.82,54.69,28.06,139.40,365.35,104.43,23.87,126.96,221.14,33.74,156.18,60.74,426.08,211.99,86.58,46.16,150.67,16.94,82.44,100.81,421.91,33.28,18.03,67.75,191.04,108.89,,31.02,56.01,155.39,388.91,31.59,170.52,114.89,140.35,,82.47,129.27
2022-11-17,15.66,148.34,235.50,94.85,183.17,110.58,47.29,97.55,97.70,48.46,499.67,29.53,57.74,7.62,73.90,42.22,101.30,44.47,142.08,315.47,28.82,160.61,364.61,259.24,159.08,74.21,260.77,152.13,188.60,113.32,76.21,78.28,14.36,372.55,572.37,309.90,28.51,89.59,87.74,337.83,139.23,27.49,927.13,154.54,43.36,48.99,234.25,734.12,55.33,165.10,29.44,324.27,58.61,78.84,49.48,94.34,70.55,10.96,107.68,58.70,59.88,54.14,27.69,141.85,365.99,99.30,23.80,126.28,214.68,33.23,159.18,59.69,410.44,209.12,85.18,46.53,146.55,17.39,79.00,99.66,420.17,33.41,18.53,67.89,192.14,108.65,,32.07,56.32,148.81,384.29,31.64,166.33,112.64,136.75,,80.75,121.69
2022-11-18,15.39,148.90,235.05,94.14,180.19,111.18,48.00,96.63,97.00,48.75,501.92,28.80,57.58,7.39,73.57,43.31,101.54,44.04,143.10,319.83,28.80,161.77,364.95,259.23,158.91,74.21,262.11,152.48,188.62,114.23,76.19,83.74,13.95,370.78,576.38,314.63,28.71,90.50,90.91,330.86,138.99,27.74,962.08,156.22,43.43,49.13,236.53,731.79,55.88,165.02,29.37,325.89,59.10,80.80,49.85,103.64,70.15,10.77,109.16,58.29,60.09,52.15,27.04,136.98,367.22,97.77,23.83,127.69,210.37,34.20,160.91,60.79,413.89,217.36,84.47,46.63,146.34,17.01,76.52,98.77,423.48,33.94,19.50,68.24,185.22,109.20,,32.21,56.79,146.74,374.38,31.94,169.57,113.72,138.73,,80.80,118.76
2022-11-21,15.30,145.67,235.86,92.46,167.87,109.00,48.29,94.82,95.05,48.96,501.63,28.50,56.19,7.19,72.46,43.16,101.97,43.41,144.11,319.31,27.91,164.89,360.85,260.01,156.39,74.85,260.35,150.02,190.40,110.87,75.37,85.31,13.30,365.84,563.87,316.20,28.59,90.84,91.00,321.49,135.56,27.06,963.03,155.08,41.01,48.71,237.99,734.02,56.43,161.86,29.76,324.82,59.88,82.45,50.55,108.18,67.62,10.56,109.23,55.27,60.37,52.32,26.66,131.52,358.44,95.71,24.01,125.51,206.50,34.31,158.02,61.06,412.89,206.65,80.20,47.00,146.47,15.72,73.35,97.43,424.94,34.46,18.93,66.77,186.95,109.85,,32.04,55.12,143.20,369.00,32.22,175.83,112.66,135.92,,80.56,117.56
2022-11-22,16.02,147.81,238.76,93.20,169.91,110.57,48.46,96.25,96.54,50.15,509.86,28.67,57.62,7.22,75.25,43.84,103.81,43.94,145.76,324.46,28.75,164.91,370.62,259.01,160.77,75.63,262.90,158.68,192.34,114.05,76.45,85.83,13.96,382.65,579.34,321.48,29.21,90.94,93.80,330.88,135.80,27.27,957.16,157.80,42.36,48.72,242.03,744.20,56.81,165.20,30.36,326.96,60.30,82.95,51.58,111.04,66.76,10.80,110.60,53.95,61.33,52.28,27.37,132.79,364.02,95.28,24.16,127.14,208.90,34.97,162.29,61.21,412.13,209.41,79.49,47.80,145.14,16.71,72.33,100.29,423.22,34.76,18.72,69.47,187.31,110.96,,32.37,56.09,146.29,385.55,32.66,174.56,111.01,136.76,,79.43,116.34
2022-11-23,16.50,148.69,241.25,94.13,183.20,111.37,48.70,97.65,98.02,50.49,512.29,29.15,57.93,7.37,76.40,44.02,104.67,44.50,144.34,327.42,28.61,165.12,373.96,255.72,162.36,75.80,264.45,159.41,192.47,115.43,77.33,86.55,14.10,386.18,586.77,316.16,29.57,91.95,94.14,335.78,140.89,27.85,962.43,156.39,43.11,49.35,242.59,730.43,56.72,167.51,30.50,334.29,60.63,84.21,51.97,111.77,66.71,11.34,110.62,56.58,61.26,53.35,26.76,131.52,365.65,96.63,24.17,128.55,197.07,35.34,163.97,61.52,416.53,208.49,80.32,48.38,145.70,17.64,75.31,103.15,424.08,34.75,18.37,70.81,187.75,111.30,,32.94,56.85,149.34,390.23,32.95,175.93,112.92,140.08,,80.02,124.50
2022-11-25,16.25,145.77,241.16,93.41,182.86,110.54,48.91,96.66,96.81,50.14,511.49,28.55,57.42,7.28,75.14,43.86,102.88,43.71,145.23,328.91,28.29,164.25,368.52,256.03,160.63,76.55,265.13,157.42,193.47,113.86,77.93,86.39,14.02,382.88,575.10,312.98,29.67,91.98,94.67,334.30,140.05,28.10,951.57,157.41,42.42,49.25,243.86,731.29,57.06,167.31,30.45,332.64,60.64,84.51,51.69,111.69,65.75,11.47,110.83,55.47,60.76,52.91,26.45,130.93,359.41,97.67,24.14,127.12,200.66,35.52,161.62,61.90,411.36,212.72,79.65,48.43,144.21,18.30,74.84,102.63,426.78,34.69,18.41,69.93,187.92,111.35,,32.54,57.69,148.98,390.11,32.95,178.68,112.00,138.75,,79.98,124.13
2022-11-28,15.81,141.94,235.58,93.95,182.92,107.93,49.05,95.26,95.47,49.41,508.87,28.12,54.80,7.16,73.19,43.57,100.59,42.74,144.13,322.49,27.70,164.06,363.59,255.02,156.94,75.62,262.64,154.52,189.71,110.26,77.94,85.69,13.48,376.22,566.84,315.30,29.62,91.15,92.38,328.97,139.45,27.18,921.34,153.88,42.11,47.10,238.67,736.50,56.84,164.95,30.15,329.12,60.15,84.29,50.94,112.10,74.05,10.92,110.37,54.65,59.94,52.08,26.16,126.03,345.99,95.30,23.61,125.99,195.35,35.66,153.58,61.69,400.10,209.20,79.50,48.11,141.42,17.67,73.47,101.26,414.70,34.64,18.49,68.70,183.94,108.87,,32.53,56.91,145.25,384.47,32.92,173.48,112.57,136.72,,78.74,126.45
2022-11-29,15.62,138.94,234.18,92.42,180.83,108.61,48.87,94.41,94.66,49.33,506.99,28.10,54.18,7.08,73.39,43.75,100.38,42.63,142.90,317.02,27.87,162.90,363.00,254.45,156.92,76.10,258.80,154.41,190.54,109.19,79.21,85.25,13.44,370.43,562.44,316.33,29.53,91.15,92.01,326.78,138.00,27.12,889.26,156.18,42.35,46.32,237.49,731.14,56.65,163.52,30.69,323.66,60.06,83.78,49.90,112.50,78.43,11.14,109.48,53.34,60.32,51.59,26.59,128.67,345.46,95.38,23.19,125.43,195.18,35.46,154.13,61.21,408.96,204.79,77.23,47.35,143.26,18.20,72.06,101.35,415.89,34.55,18.11,68.59,181.26,108.58,,32.22,56.46,143.30,385.28,33.07,172.88,110.39,134.85,,78.25,122.01
2022-11-30,16.91,145.69,248.61,96.54,194.70,117.18,48.70,100.16,100.62,52.14,516.85,30.55,56.67,7.50,77.63,45.06,106.55,45.56,145.63,321.33,29.00,165.50,381.26,258.43,163.70,77.94,270.39,161.96,193.03,117.41,81.65,84.95,14.41,397.63,590.92,316.40,30.49,94.42,93.66,344.93,117.65,27.66,930.99,160.14,45.91,47.69,244.03,746.66,57.64,172.04,31.19,339.54,61.48,85.68,51.43,113.35,82.04,11.40,112.17,58.25,61.27,53.16,26.93,129.79,371.75,102.14,23.76,128.56,201.95,36.67,164.56,62.43,425.87,220.59,77.99,48.74,148.43,19.81,75.78,105.69,429.23,35.07,18.49,73.18,184.03,112.09,,33.28,58.91,167.90,391.29,33.33,179.50,116.28,133.45,,81.04,131.55
2022-12-01,17.12,145.97,248.18,95.50,194.70,119.50,49.00,100.16,100.46,52.11,482.93,31.69,54.55,7.86,77.48,45.29,104.03,44.66,145.96,323.20,28.76,166.89,378.91,258.01,161.02,78.00,274.49,161.56,191.13,117.71,80.90,89.20,14.29,405.90,593.97,320.76,30.19,95.50,92.05,344.11,124.07,26.97,941.01,159.98,44.81,47.99,247.55,756.13,57.15,176.78,31.18,357.84,61.92,85.40,51.62,113.65,83.74,11.63,112.34,57.12,61.29,55.38,27.16,126.88,371.86,101.27,23.78,129.39,206.93,36.82,162.32,62.40,439.17,220.25,78.11,49.29,147.59,19.90,77.97,106.40,434.94,35.11,19.12,72.38,185.55,113.78,,33.83,59.30,169.48,389.16,33.45,181.88,118.03,144.50,,82.95,140.06
2022-12-02,16.86,145.48,248.50,94.13,194.86,122.53,48.95,99.62,100.01,51.17,473.99,32.04,53.75,7.66,74.98,45.04,103.74,44.14,146.54,323.28,28.36,166.70,377.77,257.62,161.16,79.01,272.25,159.58,192.62,116.64,81.89,86.35,14.28,397.95,588.57,321.37,29.84,97.06,89.68,341.53,124.00,26.68,945.07,160.41,44.14,47.69,249.35,761.25,57.23,172.43,30.58,348.17,62.12,84.20,52.02,114.63,86.34,11.55,112.35,55.19,61.20,53.61,27.39,127.54,372.97,101.00,23.72,130.04,201.11,36.75,160.09,61.47,435.30,234.40,74.26,49.50,148.55,20.69,74.71,108.76,434.10,35.13,20.37,71.44,188.83,113.85,,33.58,59.08,170.99,392.69,33.73,181.20,118.11,128.99,,83.46,141.00
2022-12-05,16.59,144.32,243.80,91.01,182.45,121.48,48.45,98.66,99.06,50.21,468.36,31.26,53.12,7.19,73.62,44.71,103.47,43.65,144.82,320.32,28.13,164.39,376.81,257.08,160.92,78.07,269.72,158.83,189.56,114.45,80.75,85.00,12.83,385.48,583.79,317.60,29.25,95.67,87.75,334.09,118.33,26.18,881.90,156.93,42.41,47.04,244.26,750.38,56.21,166.46,29.91,331.27,61.32,83.67,51.08,113.35,87.80,11.15,111.60,53.23,59.79,51.67,26.66,124.51,365.03,98.51,23.47,128.21,198.39,37.01,157.57,61.06,422.30,226.20,73.23,48.88,142.13,19.57,70.26,106.98,427.21,34.43,19.89,70.77,184.01,111.33,,32.85,57.25,164.61,387.79,33.56,178.96,116.56,120.79,,81.78,133.61
2022-12-06,15.97,140.65,238.85,88.25,179.82,113.23,47.89,96.19,96.52,49.75,461.17,30.56,52.77,6.99,70.27,44.04,101.80,42.73,143.64,317.68,27.58,163.05,371.65,255.62,158.15,78.06,266.31,157.57,187.44,111.18,80.19,83.35,11.10,380.26,576.27,311.81,28.93,94.31,88.45,331.15,113.83,25.51,863.09,155.41,40.55,47.00,238.85,742.45,55.31,163.66,29.73,328.02,61.19,85.30,50.72,112.55,86.91,10.61,109.95,52.71,59.97,50.85,26.34,121.19,354.13,93.12,23.13,125.25,194.61,38.00,152.62,61.63,415.39,219.64,71.85,48.19,140.98,19.55,68.58,101.27,424.51,34.16,18.98,69.44,169.43,109.02,,32.12,56.48,161.36,371.17,33.39,177.87,116.83,115.97,,80.96,124.96
2022-12-07,16.10,138.72,238.12,88.46,174.04,113.04,47.64,94.16,94.38,49.06,461.95,30.84,52.91,7.07,70.14,43.66,103.16,42.85,143.06,317.58,27.32,163.55,376.35,257.85,157.62,77.91,267.96,157.10,187.67,109.73,76.79,82.35,10.79,379.15,584.34,317.58,28.81,94.12,89.61,326.68,113.20,25.69,863.81,152.32,39.88,47.33,239.49,759.14,55.25,160.59,29.49,323.80,61.86,85.57,50.62,111.42,85.82,10.74,110.11,53.62,60.45,51.60,25.88,119.74,357.94,91.50,23.18,123.87,193.34,37.51,153.44,61.23,420.10,231.33,74.02,48.03,140.75,19.35,68.28,99.49,424.67,34.41,18.93,69.52,170.16,108.85,,31.55,56.25,164.72,374.89,33.78,178.77,117.91,114.24,,80.16,125.46
2022-12-08,17.15,140.40,241.07,90.35,173.44,114.43,47.71,92.94,93.18,50.25,461.42,31.03,54.26,7.12,70.47,44.40,105.59,43.88,138.27,320.68,27.42,164.98,383.94,257.68,159.99,79.40,272.02,160.54,187.58,113.01,78.96,80.39,10.41,395.45,589.72,321.32,29.10,95.85,89.07,332.58,114.24,26.51,884.24,155.59,41.16,49.01,241.42,760.28,55.76,164.06,30.07,330.61,61.46,86.50,50.77,113.14,91.11,10.76,110.56,54.01,59.94,52.91,26.06,116.51,375.05,94.83,23.60,123.97,196.63,37.03,160.47,62.06,428.54,238.01,73.83,48.78,141.06,20.26,74.02,100.79,424.09,34.74,18.63,70.99,171.71,108.59,,31.95,56.16,169.33,374.31,34.00,178.01,122.67,119.53,,82.39,135.71
2022-12-09,16.98,139.92,239.14,89.09,179.05,115.00,46.60,92.07,92.31,51.54,462.96,32.00,53.94,7.11,68.59,43.92,104.35,43.42,136.12,318.36,27.23,164.37,381.51,251.43,158.08,78.07,270.60,159.63,186.07,110.51,79.32,79.45,10.36,390.06,580.79,312.22,29.39,94.04,87.42,330.64,115.08,26.88,896.48,156.08,40.96,48.74,238.77,745.03,55.19,163.67,29.98,325.75,60.98,85.49,50.02,110.96,89.71,11.09,110.15,55.27,58.58,52.13,25.16,113.64,375.78,94.70,23.51,122.60,194.31,36.72,158.84,62.09,420.63,231.33,73.18,49.49,143.49,20.33,74.56,102.06,421.84,34.40,18.46,70.12,168.61,108.01,,31.90,55.25,169.60,380.57,33.83,178.33,116.46,117.21,,80.70,137.33
2022-12-12,17.52,142.21,246.05,90.55,167.82,113.82,47.47,92.55,92.80,52.67,467.42,31.52,54.41,7.29,70.67,44.68,106.33,44.78,136.92,322.04,27.67,165.15,388.78,249.75,161.00,78.57,273.84,163.01,188.59,112.51,81.67,80.89,10.70,400.74,592.73,314.19,30.39,94.89,88.55,338.17,118.54,27.25,880.25,158.03,42.02,50.08,245.48,737.50,55.62,166.09,30.74,334.34,61.27,87.23,50.41,112.41,86.07,11.27,111.11,58.02,59.56,53.64,26.13,117.68,382.52,95.58,23.83,123.47,199.88,37.68,161.97,63.64,423.11,235.86,73.41,49.80,148.19,19.62,76.99,102.61,430.20,34.54,19.37,71.46,168.59,111.13,,32.19,55.91,172.73,384.40,34.12,177.74,116.78,121.24,,81.94,143.79
2022-12-13,18.05,143.17,250.35,92.49,160.95,119.21,47.30,94.85,95.07,54.03,467.92,32.03,54.30,7.50,71.65,44.99,108.76,46.07,135.17,328.17,27.70,165.06,396.66,245.67,161.02,78.76,281.74,166.07,188.99,114.63,80.41,80.38,10.56,417.92,610.50,307.09,30.55,94.34,88.51,342.46,120.99,27.32,870.65,157.98,42.94,50.57,243.41,742.54,54.58,168.23,31.24,338.13,61.47,87.30,50.22,113.51,88.74,10.89,112.33,58.24,59.14,54.71,27.16,119.53,390.79,93.34,23.13,123.55,203.02,37.71,163.13,63.65,435.35,236.98,73.31,50.04,149.59,20.18,79.71,104.55,434.08,34.14,20.00,71.54,170.81,111.45,,31.34,56.04,177.33,392.68,33.85,180.47,119.56,123.76,,82.00,143.91
2022-12-14,17.66,140.95,250.64,91.58,156.80,120.64,47.04,94.29,94.53,54.35,463.44,31.78,53.66,7.35,68.93,44.68,106.59,45.32,136.88,327.75,27.25,164.61,393.92,244.65,159.50,79.10,280.65,162.47,188.78,112.98,78.80,80.11,10.53,408.68,598.44,312.09,29.42,94.41,88.52,339.92,120.57,26.97,867.30,154.31,42.09,49.29,241.45,744.97,54.30,165.47,31.17,332.03,61.16,87.18,50.95,113.41,90.01,10.98,111.57,58.50,59.45,54.27,26.90,119.99,384.82,93.93,22.87,122.55,200.06,37.96,161.35,63.34,430.03,233.91,72.24,50.45,151.92,20.27,80.48,104.81,429.14,33.86,19.99,70.33,173.52,110.86,,31.24,55.14,179.29,328.34,34.01,179.08,121.49,123.14,,81.26,149.85
2022-12-15,16.93,134.35,242.64,88.45,157.67,115.25,46.62,90.12,90.46,52.80,444.64,29.04,51.16,7.01,66.53,43.64,101.65,43.18,134.80,317.01,26.18,161.81,373.11,240.15,154.22,77.47,267.30,157.18,183.73,108.27,77.19,76.29,9.76,386.84,569.75,308.40,28.80,92.38,87.40,328.71,114.99,24.24,835.09,150.51,39.50,47.15,230.97,726.36,53.81,162.23,30.31,323.82,60.37,84.60,49.83,109.80,87.15,10.00,107.98,55.25,58.24,52.17,26.95,120.46,363.32,90.61,22.13,119.67,194.11,37.57,155.32,62.78,415.38,229.37,69.40,49.37,146.88,18.80,78.31,101.66,420.15,33.22,19.46,67.19,171.06,105.81,59.68,30.28,53.36,175.42,313.43,33.73,172.85,116.24,117.17,,77.88,146.23
2022-12-16,16.55,132.39,238.43,87.86,150.23,118.50,45.78,89.52,90.12,52.60,442.28,29.07,51.19,6.90,65.41,43.33,101.82,42.97,136.88,315.89,25.96,161.89,373.88,241.29,153.81,77.63,264.68,157.87,184.41,106.31,76.12,75.50,9.82,375.57,558.07,304.80,28.70,91.31,85.94,338.54,111.50,24.04,843.98,148.94,38.48,46.93,229.35,718.32,54.12,163.20,30.20,329.12,60.16,83.71,50.39,110.06,87.03,9.91,108.16,52.52,58.42,51.92,26.33,117.78,357.22,89.57,22.08,119.68,192.40,37.17,153.97,62.16,407.71,236.92,68.89,49.65,144.79,17.38,77.83,100.76,415.02,32.71,19.10,67.16,169.34,104.80,56.44,30.19,52.62,175.22,304.96,33.81,171.30,114.63,114.21,,77.98,147.26
2022-12-19,16.24,130.28,234.30,84.92,149.87,113.59,45.80,87.72,88.42,52.44,439.58,28.83,50.84,6.35,64.59,42.96,101.10,42.46,136.17,313.41,25.83,162.79,372.05,239.75,152.05,77.33,261.01,156.28,184.12,104.53,75.84,75.26,9.48,374.15,552.52,291.59,28.28,90.82,85.48,328.76,108.09,23.75,884.27,146.60,37.90,45.91,227.50,716.26,54.43,160.95,29.75,323.39,59.74,83.21,50.21,110.99,86.95,9.25,107.73,51.44,58.94,49.98,26.23,117.13,349.41,85.93,22.02,118.74,188.54,37.03,150.72,61.70,402.17,234.07,68.58,49.56,142.49,17.02,76.05,98.59,414.03,32.94,18.31,66.06,167.57,104.40,56.20,30.16,52.07,170.04,306.16,33.97,169.54,112.23,112.27,,77.16,139.17
2022-12-20,16.07,130.21,235.62,85.19,137.80,116.18,46.20,88.29,88.90,51.91,438.80,28.82,49.82,6.31,65.05,42.93,100.62,42.34,134.93,315.22,25.50,162.69,374.23,238.89,150.67,75.85,261.80,155.51,185.94,104.05,76.90,74.64,9.83,377.62,547.23,293.23,28.64,90.54,85.32,338.22,109.83,24.14,875.91,145.67,37.32,46.57,226.43,728.61,54.91,162.36,29.32,324.43,59.88,82.91,50.58,110.44,85.65,9.03,107.84,51.33,59.12,50.47,26.84,118.32,348.30,87.62,21.98,118.38,187.92,37.29,150.01,61.78,405.71,237.55,68.39,49.70,139.55,16.89,75.98,98.11,415.17,32.89,18.85,65.82,171.37,103.26,56.90,30.12,52.12,172.09,309.29,33.70,168.53,113.15,113.54,,76.70,138.02
2022-12-21,16.48,133.31,238.18,86.77,137.57,118.83,46.56,88.85,89.52,53.55,442.87,29.80,50.32,6.50,67.68,43.19,102.95,43.35,136.02,314.97,25.87,163.83,384.78,240.25,153.06,76.30,266.16,158.42,189.12,106.37,77.39,73.71,10.20,383.72,564.52,290.55,29.19,91.16,87.35,341.38,107.35,23.62,900.10,144.06,38.36,45.86,229.34,731.25,55.57,165.41,29.79,330.22,60.83,84.39,50.97,111.20,85.93,9.04,112.81,52.92,60.09,50.01,27.24,120.13,357.19,87.07,22.11,120.42,192.23,37.79,153.70,62.59,418.06,241.31,68.84,50.62,141.07,16.88,77.17,99.88,421.36,33.13,19.89,67.42,174.72,103.72,56.65,30.52,52.68,170.08,321.34,34.03,172.38,114.76,112.77,,77.94,139.62
2022-12-22,15.32,130.14,232.10,83.79,125.35,116.21,46.01,87.04,87.54,52.77,439.66,29.77,48.59,6.32,63.86,42.88,94.89,39.60,134.16,314.00,25.04,162.57,362.54,239.35,149.41,76.31,263.61,154.96,186.66,102.74,75.90,71.57,9.84,374.57,540.22,293.92,28.98,90.32,85.09,336.52,103.97,23.06,873.26,142.58,36.59,45.84,222.03,728.70,54.92,161.76,29.55,321.72,60.68,83.62,50.40,110.07,85.49,9.23,109.92,51.36,59.36,49.15,26.32,116.51,338.31,84.87,22.00,119.36,188.10,37.69,148.13,62.26,412.96,239.49,68.21,50.43,138.45,16.62,72.95,99.27,419.08,32.91,19.98,64.60,167.82,101.38,57.29,29.99,52.52,165.61,323.88,34.18,170.77,113.68,109.36,,77.25,127.26
2022-12-23,15.19,129.78,232.62,85.25,123.15,117.12,46.11,88.50,89.08,52.71,443.43,29.50,49.35,6.29,64.52,43.03,94.52,39.89,134.63,315.60,25.16,163.62,365.97,238.14,149.12,75.83,262.66,155.05,188.04,102.89,77.41,70.64,9.84,375.09,535.77,289.69,29.24,90.79,85.78,338.45,101.99,23.02,878.32,143.90,36.70,46.11,223.68,721.86,55.57,161.45,29.82,320.21,61.02,84.70,50.63,111.53,84.03,9.17,111.07,50.69,59.80,48.73,27.01,120.15,341.24,85.25,22.03,119.45,188.16,38.15,148.28,63.06,410.58,237.90,68.66,50.47,140.48,16.27,72.42,99.83,420.65,32.98,19.35,64.62,168.98,104.84,57.19,30.25,53.05,164.64,333.92,34.32,171.88,111.44,108.78,,76.89,127.22
2022-12-27,14.11,127.98,230.90,83.04,109.10,115.97,46.12,86.67,87.21,52.81,439.46,28.42,49.17,6.00,63.27,43.07,92.69,39.25,135.56,315.23,25.01,164.34,359.87,237.66,148.57,76.06,263.97,153.49,188.93,101.60,78.46,69.61,9.30,373.75,521.98,287.32,29.13,91.65,85.39,335.09,100.66,23.46,854.30,143.67,35.58,47.52,223.76,706.58,56.26,160.05,29.81,317.95,61.37,85.23,51.01,111.11,85.20,9.23,111.50,48.43,59.66,48.55,27.26,120.63,333.13,83.49,21.90,118.77,186.29,38.25,144.62,63.63,404.80,232.31,67.97,50.61,140.81,14.77,70.57,99.38,423.62,32.74,19.01,63.79,166.25,104.05,57.14,30.05,53.49,163.40,332.79,34.69,171.83,109.88,107.57,,76.75,124.83
2022-12-28,14.02,124.05,228.53,81.82,112.71,114.72,45.31,85.31,85.76,51.99,434.17,27.69,48.29,6.07,62.57,42.66,91.61,38.99,133.63,312.32,24.63,163.16,356.63,235.89,146.22,75.67,261.65,151.68,186.56,99.29,76.92,68.67,9.40,367.30,516.60,285.76,28.81,91.10,84.39,328.33,99.96,22.74,839.57,141.01,34.92,46.60,220.81,708.25,56.31,158.34,29.43,315.31,60.77,84.41,50.66,110.38,81.42,8.87,109.56,46.85,59.03,47.86,26.50,117.91,331.18,82.49,21.60,117.51,181.90,38.07,142.66,63.17,399.93,231.62,67.19,50.84,138.59,13.81,69.84,99.69,416.80,32.44,18.90,62.72,165.10,103.42,57.19,29.98,52.63,162.99,332.34,34.25,170.53,109.77,107.86,,76.05,123.30
2022-12-29,14.59,127.56,234.85,84.18,121.82,119.32,45.59,87.72,88.23,53.22,437.57,29.11,49.79,6.40,64.82,43.05,94.44,40.71,134.03,316.00,25.27,163.37,368.37,237.46,149.70,76.29,267.79,155.18,188.81,101.96,78.67,70.10,10.43,381.32,535.87,289.08,29.17,92.18,84.55,337.58,104.57,23.76,866.28,143.30,36.28,48.40,223.38,716.45,56.24,161.93,29.81,321.98,61.25,84.98,51.01,111.90,82.41,9.43,111.00,49.58,58.63,49.21,27.08,119.49,344.73,85.23,21.94,120.12,188.12,38.23,148.70,63.62,410.38,238.05,70.18,50.87,140.72,13.66,73.94,101.34,427.26,32.50,19.98,65.10,165.58,105.25,57.69,30.61,54.10,167.79,338.94,34.45,174.28,112.07,111.87,,77.67,129.68
2022-12-30,14.60,127.88,233.69,84.00,123.18,119.40,45.47,87.51,88.01,53.35,437.54,29.49,49.24,6.42,64.77,43.17,94.67,40.68,134.61,312.58,25.49,162.18,365.62,236.99,149.88,76.82,265.35,155.23,188.41,102.05,79.13,69.77,10.53,379.71,530.94,288.78,29.10,91.65,84.00,336.53,105.29,23.74,846.24,144.20,36.56,48.03,221.75,716.65,56.27,160.64,29.56,319.29,60.96,84.05,50.76,112.10,81.55,9.48,109.70,48.82,58.86,48.89,27.41,119.93,344.92,85.50,21.83,120.11,186.87,38.32,148.62,62.76,407.96,237.65,70.84,50.79,139.34,14.16,73.50,104.13,422.58,32.34,19.98,64.92,165.93,104.44,58.07,30.44,54.16,167.33,339.10,34.48,172.67,113.24,111.90,,77.28,128.68
2023-01-03,14.30,123.10,233.45,85.82,108.10,123.77,46.05,88.39,88.97,52.81,434.45,29.50,49.63,6.39,64.02,43.45,94.04,40.10,133.68,305.08,25.78,161.06,365.16,236.09,148.06,76.40,265.63,153.73,188.41,99.51,79.80,69.22,10.73,381.62,534.02,286.02,29.83,93.16,79.81,336.92,103.28,23.64,826.11,143.09,35.52,47.36,220.63,715.64,56.05,159.64,29.46,319.68,60.59,83.98,50.66,111.87,84.53,9.54,109.07,48.36,58.54,48.52,26.68,115.20,334.52,84.90,21.86,120.72,185.15,38.26,145.81,62.72,406.01,233.59,74.18,49.91,138.72,14.50,72.09,103.11,424.90,32.24,19.18,63.86,168.24,104.66,55.70,30.73,54.54,169.35,341.58,34.54,173.57,114.73,110.19,,77.65,126.50
2023-01-04,14.73,124.37,223.24,85.14,113.64,126.38,46.10,87.36,87.99,53.45,437.60,30.94,53.40,6.58,64.66,43.44,96.55,40.89,134.57,303.56,26.69,160.66,368.73,238.57,153.46,76.50,270.00,157.00,184.67,103.53,82.87,69.27,10.90,382.00,554.68,286.83,30.69,96.51,81.27,341.41,104.36,24.87,837.44,145.13,36.13,47.92,221.67,721.61,55.12,159.23,29.84,320.93,61.03,84.55,51.08,113.94,91.06,10.38,107.81,48.93,58.41,48.30,25.88,114.53,349.03,88.72,22.13,122.89,187.96,38.77,148.55,63.26,422.43,232.86,77.28,51.10,141.80,16.51,68.96,106.77,433.00,32.50,19.85,65.42,168.76,105.80,60.17,30.99,54.98,171.22,354.00,34.93,176.42,114.33,111.59,,78.00,126.40
2023-01-05,14.25,123.05,216.62,83.12,110.34,125.95,45.95,85.49,86.06,52.96,431.49,30.97,53.90,6.32,62.33,42.83,95.20,40.37,138.91,292.75,26.58,158.99,362.17,240.80,151.43,76.82,268.62,151.12,179.77,101.55,84.22,67.56,9.85,366.44,549.33,287.89,31.01,96.48,80.30,328.44,94.89,26.51,856.09,144.19,34.28,48.83,216.89,718.90,55.62,156.80,29.49,315.04,60.54,83.01,50.19,114.35,95.43,10.86,105.31,47.13,58.15,47.45,26.73,117.53,338.53,87.71,21.36,122.57,182.07,37.92,144.37,61.98,419.20,225.68,75.86,51.34,138.21,15.66,63.50,105.96,426.33,32.19,19.74,63.86,165.74,103.35,58.68,30.27,54.52,160.19,361.43,35.00,173.87,111.69,104.39,,74.90,119.97
2023-01-06,14.84,127.57,219.18,86.08,113.06,129.01,47.07,86.62,87.44,56.14,462.81,31.56,55.93,6.40,63.96,44.14,101.37,43.10,142.85,302.98,27.70,162.58,385.56,248.32,158.90,78.81,270.39,156.64,184.87,107.06,85.57,67.43,9.72,377.08,578.99,290.21,31.78,98.57,81.36,332.75,94.72,27.97,873.47,148.54,35.69,51.04,222.95,732.20,56.17,159.66,30.72,320.54,62.21,85.45,51.22,117.42,95.96,11.32,107.35,48.00,59.66,48.69,27.81,121.13,358.42,88.52,21.96,121.79,187.19,38.71,150.12,63.81,447.77,225.00,76.07,52.18,147.65,16.05,64.14,104.75,434.59,33.07,18.50,67.25,170.90,106.14,58.63,31.19,56.58,161.14,367.73,36.07,178.99,115.82,103.96,,77.12,121.28
2023-01-09,15.61,128.10,221.31,87.36,119.77,128.46,46.49,87.30,88.08,55.04,458.86,31.52,55.53,6.50,67.24,44.38,103.53,43.79,143.04,308.50,28.26,160.99,395.98,243.74,160.28,76.14,264.93,158.13,185.22,106.38,86.72,67.54,10.18,386.46,603.75,283.23,31.49,96.77,81.85,341.98,96.57,28.29,897.31,147.72,36.50,50.52,222.35,675.92,55.25,165.92,30.67,325.95,61.50,86.70,50.58,114.67,95.52,11.61,107.20,48.05,59.35,49.41,28.34,124.06,374.03,89.24,22.12,122.07,192.47,39.14,151.38,64.43,448.08,219.72,76.67,51.76,150.43,17.50,65.94,105.10,434.33,32.86,17.79,68.20,177.45,106.11,57.79,31.22,57.63,162.93,367.18,35.74,178.18,110.06,104.75,,77.08,127.17
2023-01-10,15.89,128.67,223.00,89.87,118.85,131.95,46.46,87.70,88.51,54.85,461.40,32.75,56.37,6.70,68.05,44.59,105.03,44.39,143.80,308.60,28.39,159.66,403.68,247.13,161.84,77.97,271.36,160.14,185.81,108.52,87.21,67.10,10.37,379.95,615.47,288.75,31.77,97.93,80.95,338.70,95.67,28.73,915.78,148.33,36.59,51.54,223.53,694.26,55.13,164.32,30.91,327.63,61.56,86.11,50.26,115.70,94.09,12.56,108.09,48.04,59.76,48.42,28.65,124.47,378.63,88.54,22.37,121.92,193.43,38.73,156.18,64.55,469.11,219.50,77.51,51.41,150.55,19.00,66.77,105.53,434.38,32.55,18.92,69.72,179.33,106.02,59.68,30.81,57.97,160.21,374.64,35.85,179.64,110.88,104.97,,77.83,132.16
2023-01-11,15.98,131.38,229.74,95.09,123.22,131.86,46.86,90.77,91.51,55.16,464.19,32.73,57.20,6.98,69.06,44.95,107.00,44.94,143.07,315.88,28.78,159.84,406.47,246.25,162.26,78.02,259.96,160.68,186.66,109.89,87.36,68.36,10.76,386.43,626.44,292.25,31.83,98.21,81.96,342.93,97.00,28.92,936.80,153.47,37.98,52.23,227.49,705.18,55.03,168.47,30.96,334.35,61.80,86.42,50.85,115.45,93.02,12.60,110.27,51.80,60.10,48.80,28.61,124.72,387.60,94.44,22.65,123.97,199.93,39.13,158.68,65.15,463.02,225.22,78.12,51.44,153.73,19.48,69.03,105.26,442.86,32.62,18.60,69.68,181.43,108.16,64.64,31.18,58.24,163.92,378.43,36.05,182.51,106.16,108.05,,80.75,141.78
2023-01-12,16.49,131.30,232.41,95.27,123.56,135.65,46.44,90.38,91.16,55.52,462.39,33.01,56.43,7.01,70.80,44.76,107.13,45.50,144.14,315.20,29.21,157.80,406.39,244.46,161.59,76.70,256.94,159.62,189.89,112.86,88.62,68.30,10.68,387.79,634.10,296.25,32.45,97.80,82.18,344.54,97.98,28.57,1024.31,154.95,38.86,52.74,226.76,709.78,54.06,168.06,31.00,333.10,61.06,85.34,50.02,114.69,93.46,13.15,108.39,52.03,60.30,48.40,29.24,127.43,389.82,98.49,22.61,124.28,199.96,38.46,160.07,64.40,469.71,229.84,79.36,51.50,153.81,21.02,69.21,104.29,441.99,32.44,19.31,69.53,184.08,108.31,65.30,31.28,61.65,163.59,385.47,35.94,179.07,107.14,104.66,,80.32,146.48
2023-01-13,16.88,132.63,233.11,98.12,122.40,135.91,46.59,91.36,92.04,55.24,465.09,33.28,56.09,6.96,71.00,44.65,106.91,45.85,143.91,320.18,29.03,157.32,407.33,245.19,162.39,77.19,258.90,159.91,190.45,111.61,90.37,69.43,10.81,384.38,641.03,300.94,32.65,99.07,82.98,344.38,99.53,28.01,1082.92,156.68,40.20,52.27,227.78,717.28,54.36,169.26,30.93,332.97,61.33,83.95,51.04,115.91,97.00,13.14,109.05,52.34,61.06,48.87,29.36,127.35,388.67,100.37,22.52,123.33,200.59,38.46,161.59,63.70,479.08,235.53,79.06,51.68,154.84,21.70,70.47,105.03,441.75,32.55,19.45,69.23,188.13,108.73,65.09,31.41,60.66,167.15,388.47,35.93,180.04,108.47,107.30,,81.05,148.00
2023-01-17,17.68,133.79,234.20,96.05,131.49,134.31,46.31,90.54,91.41,55.27,466.55,32.62,56.01,7.07,71.59,43.92,106.37,45.59,141.32,316.24,28.54,158.05,403.37,243.11,159.11,76.42,261.73,157.95,186.60,111.65,91.65,71.00,10.90,381.43,639.57,311.98,32.66,98.63,81.23,344.38,104.43,28.09,1070.00,155.91,40.56,52.02,219.82,723.22,53.98,172.97,31.10,337.30,61.30,83.97,51.08,115.67,94.85,13.23,108.07,54.47,60.43,50.10,29.22,127.78,391.81,101.27,22.24,121.60,200.70,38.26,160.18,63.63,480.19,233.73,79.75,52.44,154.46,23.59,73.06,104.54,435.95,32.59,19.12,68.84,184.47,107.02,62.99,31.55,59.62,166.69,388.35,35.85,177.71,109.51,113.51,,79.62,152.91
2023-01-18,17.36,133.08,229.78,95.46,128.78,131.98,45.17,90.37,91.03,54.79,459.55,32.63,55.68,6.90,70.53,42.84,106.65,45.19,140.28,310.82,27.78,154.07,402.50,238.57,157.63,74.93,256.35,157.09,179.57,113.28,90.17,70.84,10.70,377.40,633.84,309.86,32.10,97.01,79.75,341.31,101.00,28.20,1068.92,154.75,40.03,53.59,217.47,719.69,53.67,172.46,30.75,335.66,59.06,81.83,50.37,113.37,89.55,12.59,106.45,55.31,59.32,48.38,28.48,126.35,388.07,101.11,21.93,121.61,198.02,37.44,160.51,61.55,481.32,231.81,76.90,51.54,155.00,22.12,69.70,103.22,428.85,31.86,18.74,68.29,182.27,105.95,61.75,31.26,57.76,164.29,381.86,33.59,176.85,106.63,113.03,,78.08,148.73
2023-01-19,16.75,133.14,226.00,93.68,127.17,135.09,44.52,92.29,93.15,53.74,449.99,31.58,55.53,6.73,67.71,42.44,103.21,43.94,139.55,311.01,27.40,152.28,389.93,236.44,155.06,74.82,252.50,154.37,176.42,109.14,90.92,70.36,10.18,370.10,612.42,307.94,31.99,96.33,78.77,342.53,99.85,28.26,1072.74,155.95,38.13,53.12,216.60,710.77,52.92,171.95,30.10,331.28,58.39,81.11,49.93,111.79,90.22,12.47,103.87,54.65,58.29,48.42,28.30,128.39,373.87,99.10,21.59,121.62,196.05,37.27,155.17,60.87,475.13,228.56,76.34,51.23,152.58,22.15,67.43,102.26,423.33,31.34,19.75,66.30,184.06,104.40,63.60,30.75,58.12,167.54,384.20,33.91,174.52,106.20,110.37,,76.62,148.89
2023-01-20,17.82,135.69,234.08,97.25,133.42,138.28,45.07,97.22,98.47,54.46,460.17,34.25,57.60,7.02,70.07,42.73,106.60,45.74,139.53,314.92,28.18,152.50,401.33,237.53,156.94,74.27,256.77,156.30,177.63,114.08,92.05,73.05,10.94,389.13,630.49,309.84,33.02,97.05,80.87,356.38,103.41,28.95,1098.09,161.65,39.03,54.17,220.18,717.16,52.89,178.26,30.54,342.42,58.57,81.59,50.00,111.78,92.84,13.02,106.04,58.02,58.99,49.27,28.84,129.38,388.00,101.28,22.60,123.85,205.90,37.53,158.46,61.36,488.88,229.65,78.67,51.17,155.66,24.00,71.05,106.59,432.55,31.66,20.88,68.01,185.02,106.58,66.41,31.74,59.41,173.40,396.11,33.78,177.75,107.86,117.12,,78.52,157.75
2023-01-23,19.17,138.88,236.38,97.52,143.75,142.15,45.74,98.97,100.39,55.49,472.15,35.74,60.91,7.38,76.53,43.39,110.98,47.51,138.81,312.88,29.19,151.82,412.70,235.48,161.63,74.47,255.98,160.55,179.76,121.63,94.30,74.67,11.98,400.79,656.90,311.81,33.76,98.13,81.98,364.98,106.30,31.45,1095.00,163.69,42.26,57.72,223.70,725.01,52.96,183.41,30.58,350.33,58.87,82.02,50.06,111.82,95.30,13.51,106.34,60.59,60.81,50.51,28.39,130.95,417.98,105.22,22.60,125.25,211.29,37.07,162.72,60.88,496.14,230.59,79.08,50.83,158.53,25.02,75.29,110.67,433.96,31.64,21.31,70.52,188.95,108.44,69.15,32.43,60.84,176.43,396.01,34.10,181.42,106.40,123.76,,78.75,154.58
2023-01-24,19.24,140.28,235.85,96.32,143.89,142.03,45.87,96.90,98.40,55.82,471.67,36.38,60.36,7.02,74.70,43.67,109.85,47.19,140.19,314.93,28.85,153.23,410.34,234.33,160.60,75.18,257.98,159.80,181.93,121.32,94.33,75.57,11.90,392.53,651.06,313.57,33.34,98.53,81.76,361.32,104.60,30.93,1109.91,164.28,42.02,56.81,222.02,722.59,53.27,182.38,30.40,349.28,59.30,82.05,51.51,113.70,96.31,13.38,106.94,59.53,66.06,51.09,27.98,129.10,408.83,104.13,22.87,125.33,206.43,36.80,162.86,61.17,486.70,228.11,79.16,50.72,157.57,24.75,73.69,111.27,437.05,31.90,21.59,69.97,188.96,107.20,69.23,32.55,60.53,172.53,392.03,33.73,179.45,106.03,122.65,,78.63,151.70
2023-01-25,19.30,139.62,234.46,97.18,144.43,140.40,45.65,94.44,95.94,55.88,470.49,36.80,60.63,7.22,74.91,43.83,110.78,47.28,142.37,312.75,28.64,154.34,409.83,231.48,158.79,75.22,243.80,159.41,181.71,121.76,93.88,75.89,11.82,392.87,662.25,315.28,33.63,98.84,81.26,358.17,100.82,31.09,1130.64,166.90,42.25,56.83,211.67,736.21,53.36,182.48,29.63,349.27,59.45,81.75,51.76,116.09,96.49,14.53,106.12,59.53,65.90,51.76,28.77,128.96,414.25,104.44,22.82,125.40,202.50,36.72,163.73,61.37,485.18,229.02,78.68,51.45,157.40,24.58,70.75,110.70,435.14,31.88,21.59,70.35,192.18,104.49,68.34,32.97,60.74,174.44,403.76,33.84,176.28,104.00,119.91,,77.37,151.93
2023-01-26,19.78,141.69,241.66,99.22,160.27,146.15,45.61,96.72,98.35,57.11,477.60,36.49,61.87,7.24,75.16,44.16,112.36,48.18,142.96,315.77,29.02,152.81,415.79,229.99,157.93,74.82,250.55,161.58,184.06,124.35,95.46,79.56,11.90,403.28,664.55,321.02,33.89,100.48,83.68,365.82,104.47,32.93,1188.58,169.08,43.88,63.00,209.28,737.32,53.38,185.63,28.77,356.67,59.01,82.31,51.96,116.58,104.66,15.00,107.15,56.95,66.75,53.21,29.51,131.43,422.12,109.42,22.88,126.95,208.46,36.88,169.30,61.58,487.00,231.59,80.38,51.18,156.76,24.53,76.00,111.89,435.35,31.86,21.46,72.32,192.33,104.02,68.85,33.38,61.23,178.88,410.39,33.59,177.14,106.65,125.19,,78.71,158.38
2023-01-27,20.34,143.63,241.81,102.24,177.90,150.56,45.96,98.56,99.89,56.39,482.39,36.08,62.93,7.55,75.40,44.31,109.37,46.74,141.08,311.16,27.15,152.27,387.29,228.88,158.97,74.92,247.26,161.66,182.99,123.83,96.77,79.89,12.59,413.13,648.51,321.45,33.21,100.72,84.36,370.71,104.35,33.84,1221.27,168.83,43.74,62.98,204.98,737.85,51.41,185.03,28.70,357.27,59.19,82.38,51.40,115.40,104.68,14.91,106.22,58.63,65.79,52.70,29.05,132.37,414.62,115.94,23.18,126.69,210.88,36.96,170.73,61.25,487.00,231.37,81.39,50.58,163.90,25.84,77.23,114.28,425.22,31.65,21.69,71.78,191.61,102.15,69.70,33.54,62.23,177.66,394.41,33.62,176.32,106.72,127.52,,77.78,164.25
2023-01-30,19.14,140.74,236.50,100.55,166.66,145.91,45.59,96.15,97.15,55.48,482.38,35.31,60.80,7.37,72.45,44.05,105.19,46.33,141.32,311.48,26.95,152.14,375.95,227.02,158.17,74.58,242.23,159.86,180.92,122.18,95.69,78.82,12.21,407.10,631.91,319.98,32.91,100.15,80.29,363.42,101.37,33.30,1161.80,165.80,41.51,60.94,206.42,731.52,52.64,180.74,28.51,349.88,59.30,82.21,51.19,114.93,97.15,14.38,105.92,56.56,64.69,51.05,28.79,127.44,397.60,109.48,22.80,126.80,209.12,37.01,168.79,60.96,482.95,225.40,79.22,50.79,158.05,24.57,73.84,112.66,414.81,31.67,20.96,69.94,191.46,103.65,71.12,33.15,61.81,176.48,390.94,34.19,175.60,105.49,122.60,,77.90,156.94
2023-01-31,19.52,142.01,241.47,103.13,173.22,147.81,46.14,98.03,99.06,55.82,489.91,35.39,59.41,7.78,75.15,44.46,108.39,48.41,143.56,317.14,27.25,153.53,380.61,227.75,161.90,75.11,245.69,162.27,183.30,123.65,95.58,79.32,12.70,413.18,642.14,323.10,33.00,100.84,83.17,370.34,105.90,33.08,1181.69,168.69,42.66,61.87,209.63,753.38,52.82,182.83,29.50,353.75,59.85,83.17,52.04,114.15,97.98,14.82,107.79,57.92,65.01,52.34,29.46,128.12,416.07,111.11,23.32,126.50,215.16,37.40,173.33,61.56,480.50,226.40,81.06,51.62,163.63,25.17,74.81,113.23,418.02,32.18,21.53,71.73,195.44,104.71,69.15,33.31,63.21,181.43,384.31,34.33,177.93,107.09,124.16,,77.90,161.62
2023-02-01,20.92,143.13,246.29,105.15,181.41,151.93,46.40,99.61,100.60,57.51,496.40,36.20,61.68,8.20,84.64,44.37,115.70,51.33,145.16,317.28,28.03,154.01,397.37,222.34,166.37,75.16,251.19,167.11,181.75,128.52,96.04,79.86,13.36,425.77,659.33,317.27,33.52,101.62,83.22,383.92,110.50,32.60,1214.29,169.83,45.59,64.35,210.49,752.91,53.86,188.89,30.14,367.05,61.03,83.78,52.02,114.47,102.98,15.36,108.43,58.91,66.23,53.09,29.69,125.69,446.52,113.99,24.11,114.78,222.19,37.50,182.39,62.31,483.20,224.91,82.47,52.02,180.51,26.79,82.70,112.25,425.03,32.23,21.62,75.00,198.39,106.38,69.63,34.76,65.19,185.33,398.68,34.34,180.25,107.71,131.52,,79.01,170.31
2023-02-02,21.69,148.44,257.83,112.91,188.27,187.30,46.06,106.86,107.91,57.80,502.56,36.69,62.24,8.99,88.31,45.05,120.80,52.37,141.29,318.21,29.11,152.58,401.73,222.45,168.76,72.83,260.90,169.68,182.33,126.10,96.39,81.28,14.19,442.00,676.84,303.78,34.48,100.84,83.14,392.23,115.93,33.55,1226.58,170.62,48.20,66.06,212.58,746.16,53.71,189.22,31.14,368.59,60.97,83.69,51.29,112.12,99.61,15.92,108.05,63.81,66.38,53.85,29.13,120.63,462.31,118.52,25.68,114.02,228.22,37.14,184.48,62.26,504.22,229.75,86.50,51.62,182.37,29.21,86.97,114.72,423.70,32.11,21.73,78.12,198.54,108.99,70.27,34.88,66.91,190.98,412.25,33.87,183.05,108.03,141.35,,80.01,182.41
2023-02-03,21.08,152.06,251.74,103.39,189.98,185.08,45.45,103.92,104.36,57.02,494.28,36.59,61.49,8.41,86.09,44.42,116.64,51.23,139.60,310.11,29.24,151.82,395.92,221.22,166.54,75.61,254.68,169.22,178.21,125.33,96.40,79.86,13.22,414.24,660.39,301.02,33.52,96.36,81.07,379.33,113.56,32.55,1187.25,168.93,46.05,64.71,209.17,777.87,52.99,185.85,30.79,361.44,60.28,81.53,50.90,111.38,95.65,15.42,107.47,59.04,65.53,53.00,29.29,121.35,445.08,118.70,25.17,111.99,223.66,36.26,179.58,60.85,482.41,233.37,85.07,51.29,182.17,28.48,79.46,109.28,421.53,32.06,21.59,78.86,198.19,107.17,70.17,34.32,64.60,185.85,406.30,33.35,176.28,108.43,134.99,,76.58,169.30
2023-02-06,21.07,149.34,250.20,102.18,194.76,184.61,45.12,102.06,102.63,57.37,495.04,36.15,59.10,8.31,83.68,43.46,114.42,50.43,136.50,309.40,28.00,154.25,393.32,220.03,165.36,77.27,248.98,168.02,179.39,123.39,96.99,78.11,12.60,405.67,644.64,304.87,33.13,97.03,81.13,375.23,109.42,31.80,1175.44,166.89,44.51,63.67,207.46,775.62,53.96,185.91,30.58,359.97,60.52,81.88,51.41,111.76,93.81,15.40,106.62,59.68,65.68,51.99,29.56,120.23,438.63,118.35,24.72,110.29,218.34,36.31,176.21,61.58,485.53,224.14,81.89,50.56,181.47,28.20,76.96,105.56,421.28,32.12,21.68,78.06,195.95,105.43,71.47,34.03,63.29,183.73,404.59,33.82,173.17,106.73,133.05,,75.73,172.37
2023-02-07,22.15,152.21,260.72,102.11,196.81,190.13,45.21,106.76,107.16,58.63,495.94,36.29,61.21,8.33,85.91,43.70,117.17,51.62,137.48,323.06,28.35,154.01,404.22,220.17,167.64,77.00,253.06,171.30,180.65,126.82,97.66,79.85,12.85,418.06,660.95,308.54,33.27,98.70,83.73,383.82,114.59,32.42,1173.81,169.89,46.24,65.09,210.52,764.77,53.40,188.33,30.81,366.75,59.52,81.68,51.26,110.58,94.45,15.33,107.63,60.02,65.59,53.78,30.37,125.88,456.13,119.69,24.84,112.24,223.65,36.19,181.73,61.65,507.68,220.95,82.79,50.17,179.57,28.39,80.32,113.85,425.66,32.10,20.90,79.95,188.58,106.52,71.25,34.44,63.94,191.75,402.61,33.49,174.09,109.50,138.06,,77.86,181.16
2023-02-08,22.18,149.52,259.91,100.05,201.29,182.00,44.97,98.56,99.19,57.41,483.72,36.68,59.36,8.22,84.69,42.90,112.72,50.13,138.27,320.31,27.56,153.65,392.30,216.74,161.25,76.65,248.85,168.22,177.79,122.68,95.22,83.07,12.68,412.27,645.44,293.33,32.51,98.21,82.18,378.36,114.48,32.17,1166.90,168.52,44.58,64.89,207.93,744.63,52.49,185.45,30.48,360.60,59.26,80.00,51.04,110.58,92.43,14.56,106.82,62.38,64.18,59.64,30.41,126.52,451.62,116.36,24.46,110.79,221.32,35.67,176.75,60.73,497.43,217.75,79.30,50.64,179.66,27.60,82.66,110.45,419.15,31.80,19.80,78.36,185.00,104.57,69.79,34.40,62.79,188.73,403.30,33.09,173.93,109.84,137.63,,76.51,175.65
2023-02-09,22.31,148.49,256.88,98.24,207.32,176.53,45.39,94.23,94.68,57.19,480.67,36.25,59.29,7.95,83.21,42.69,112.85,49.90,137.35,318.70,27.07,155.11,391.53,216.56,159.87,76.53,244.18,168.94,175.16,121.16,95.66,83.07,16.11,410.31,646.74,291.60,31.78,98.47,82.26,375.81,113.42,31.60,1143.65,169.39,44.59,63.72,207.87,739.77,54.47,186.27,29.70,363.71,58.80,79.05,51.42,111.09,93.88,14.37,106.42,61.85,65.13,57.82,30.05,124.04,497.88,114.94,24.23,109.89,224.65,35.45,178.54,60.26,486.74,215.58,78.00,50.53,174.31,24.90,83.40,110.88,419.89,31.80,19.84,78.45,183.81,103.49,68.04,34.61,63.10,189.77,393.77,32.94,172.48,107.24,139.06,,75.79,171.15
2023-02-10,21.24,148.85,256.37,97.61,196.89,172.79,46.09,93.79,94.09,56.60,480.06,34.74,58.94,7.51,81.48,43.17,111.58,48.88,138.17,318.20,27.13,158.18,384.95,218.81,160.60,77.58,245.27,168.88,176.26,119.73,92.21,82.62,15.29,404.23,639.17,297.40,32.17,99.44,84.59,370.99,108.96,32.37,1104.95,165.97,44.04,65.07,209.64,752.53,55.02,183.80,30.12,359.11,59.91,80.89,51.40,111.24,92.45,14.22,107.58,57.72,65.11,59.61,30.74,130.90,479.93,108.87,24.20,109.90,222.80,36.09,175.36,61.30,485.73,215.26,80.37,50.14,171.37,24.34,80.52,111.10,418.65,32.18,19.62,76.33,184.55,103.92,68.87,33.95,63.18,186.85,396.94,33.56,173.02,117.89,133.87,,75.96,172.23
2023-02-13,21.77,151.65,264.38,99.54,194.64,178.03,46.79,93.83,94.23,57.35,486.26,35.86,59.23,7.61,83.13,43.72,113.29,49.39,140.93,320.13,27.87,159.59,391.78,219.86,161.44,78.28,245.13,170.76,178.80,121.45,95.14,83.15,15.86,408.70,651.23,299.18,32.78,100.76,84.18,375.00,112.17,32.39,1112.32,168.87,45.08,65.12,211.07,758.84,56.63,185.70,30.18,361.76,60.61,81.38,52.11,112.79,96.10,14.92,108.82,59.29,65.35,60.15,30.61,129.97,489.09,116.42,24.63,111.28,224.00,36.51,177.16,61.50,496.68,222.34,79.03,51.28,174.78,24.92,82.24,111.38,420.89,32.52,19.83,77.93,190.32,105.10,69.06,34.42,64.23,188.25,400.13,34.16,175.27,118.28,133.87,,77.08,175.56
2023-02-14,22.95,151.01,265.21,99.70,209.25,178.08,46.66,93.90,94.18,57.47,483.16,36.00,61.15,9.22,85.95,43.57,115.15,49.97,141.81,320.07,27.95,157.79,391.42,219.41,161.11,76.66,241.09,172.74,176.72,122.84,97.03,85.07,15.97,412.49,659.74,300.25,32.76,100.26,83.86,377.90,116.31,32.84,1132.31,175.55,46.67,66.15,208.50,749.15,57.40,199.09,30.00,375.94,60.05,80.83,52.12,112.81,95.89,14.73,107.90,61.61,65.52,61.19,30.31,131.41,507.76,120.87,24.50,110.35,228.04,37.26,178.49,60.85,503.65,224.91,76.85,51.37,176.12,27.11,85.48,112.09,418.02,32.28,20.00,78.44,193.90,103.67,72.22,34.64,63.84,189.54,400.13,33.78,173.06,118.55,136.19,,76.78,181.87
2023-02-15,22.74,153.11,263.09,101.16,214.24,175.78,47.01,96.15,96.31,57.98,490.90,36.14,60.93,10.11,85.18,44.26,116.14,50.36,141.87,318.67,28.16,158.01,393.49,218.53,163.08,76.10,244.77,185.65,177.35,123.52,98.82,88.63,16.87,411.78,659.09,298.75,33.06,101.21,83.81,375.94,120.52,32.87,1159.60,174.90,46.20,65.70,211.53,747.35,57.42,202.26,30.22,379.48,60.08,81.23,52.55,112.65,94.46,15.35,108.28,68.18,67.06,62.81,30.02,127.70,517.06,137.01,24.65,111.42,229.28,37.83,181.78,60.78,514.59,222.10,77.50,51.57,175.40,29.84,88.72,115.95,412.96,32.56,20.41,79.39,198.99,104.84,71.93,34.85,63.57,190.93,403.61,33.99,173.65,120.17,142.77,,78.90,187.36
2023-02-16,21.98,151.51,256.09,98.15,202.04,171.10,46.27,94.73,95.00,57.30,484.00,35.07,59.16,9.71,80.08,46.58,112.18,48.53,141.08,310.01,27.52,157.56,382.18,213.21,160.87,74.61,240.16,183.43,175.28,120.82,97.90,86.01,15.60,399.19,639.10,292.04,33.31,99.85,83.44,365.16,115.12,32.04,1119.64,170.25,45.17,64.38,211.18,731.39,57.47,194.62,29.68,359.71,60.07,81.03,52.02,111.38,96.79,15.31,107.49,66.89,67.02,61.39,30.12,124.30,500.75,139.42,24.63,109.83,222.13,37.67,179.84,60.20,506.40,219.85,76.32,52.08,172.80,28.40,82.47,112.52,414.31,32.74,19.74,78.22,196.05,104.32,70.53,34.47,63.12,187.75,400.37,33.69,172.48,117.26,132.93,,78.18,174.66
2023-02-17,21.37,150.37,252.09,97.20,208.31,171.53,46.96,93.58,93.82,56.83,487.25,34.80,58.14,9.20,78.50,46.38,112.23,47.98,143.60,308.11,26.95,158.25,377.40,218.95,160.17,75.84,238.91,182.37,177.09,118.55,96.67,84.64,14.99,395.30,634.86,293.66,32.81,99.45,82.38,356.85,114.25,31.29,1100.87,167.08,43.63,64.14,212.31,743.72,58.20,194.44,29.78,354.45,61.14,82.56,52.09,111.74,93.42,15.43,108.16,61.81,67.75,60.64,28.56,118.09,489.75,131.60,24.82,110.10,219.98,38.16,177.23,60.88,496.46,222.79,74.26,51.62,174.23,29.41,79.99,112.51,418.93,32.53,20.61,77.28,189.26,104.40,72.78,34.20,62.28,185.80,395.62,33.88,173.37,114.76,132.35,,77.56,168.56
2023-02-21,20.63,146.36,246.82,94.58,197.37,170.74,47.25,91.04,91.30,55.49,481.74,33.75,56.75,8.47,76.77,45.39,108.18,46.30,141.42,311.03,25.44,158.16,368.08,216.87,156.01,75.73,233.58,175.99,172.99,114.82,95.24,83.44,14.20,387.36,613.29,292.48,31.73,97.29,78.31,346.70,112.43,30.14,1099.33,165.30,42.11,61.24,208.58,741.51,57.34,192.65,29.19,352.35,60.91,81.16,51.19,109.05,84.51,14.75,106.11,58.06,66.12,59.71,28.13,117.68,470.07,128.78,23.90,110.12,215.55,37.44,170.60,60.15,478.17,199.86,74.84,50.42,168.27,26.99,78.52,112.02,414.55,32.42,20.27,74.87,189.77,101.47,72.08,34.52,61.50,181.92,377.91,33.77,170.98,114.01,127.84,,76.02,165.15
2023-02-22,20.73,146.78,245.69,95.79,200.86,169.79,46.26,90.90,91.05,54.97,477.56,33.49,56.14,8.36,76.61,45.04,107.59,46.20,141.66,316.27,24.86,158.11,367.50,214.97,155.13,74.71,233.55,173.90,171.88,115.05,95.29,93.88,15.17,397.25,607.87,294.36,31.88,97.28,75.81,348.72,117.63,29.78,1118.26,165.21,42.48,60.61,206.96,743.06,56.17,193.99,28.61,355.06,60.58,81.14,51.17,108.81,83.42,15.42,106.56,57.89,65.43,60.21,28.06,120.38,470.84,127.21,23.97,109.85,216.70,37.09,167.11,59.69,476.29,201.10,75.08,50.40,167.93,26.86,79.96,111.24,412.97,32.63,20.89,74.04,193.59,100.70,71.55,34.67,61.29,184.37,382.65,33.52,170.79,111.65,132.16,,72.13,169.49
2023-02-23,23.64,147.27,248.88,95.82,202.07,170.70,45.57,90.14,90.33,55.70,473.48,32.37,57.88,8.17,79.75,44.95,110.03,46.98,139.16,318.05,25.00,158.28,377.84,216.30,156.98,73.85,234.90,175.69,172.37,117.14,95.28,94.37,14.49,402.63,621.38,292.57,31.61,96.11,77.19,347.02,117.44,29.95,1136.26,166.91,44.73,61.24,206.82,754.56,56.08,196.62,29.24,365.48,60.43,81.04,51.35,107.68,86.11,15.73,106.47,56.57,65.74,60.58,28.45,124.16,482.73,125.52,23.87,108.84,221.16,37.09,170.21,59.37,478.35,196.24,74.79,51.37,169.54,26.58,78.70,110.37,422.22,32.93,20.37,75.36,195.04,101.28,75.49,34.80,61.15,187.21,383.23,33.67,170.20,111.87,133.50,,70.74,170.63
2023-02-24,23.26,144.61,243.45,93.50,196.88,169.06,45.69,88.40,88.62,55.12,469.13,31.72,57.32,8.09,78.09,44.29,108.47,46.33,138.85,333.16,24.54,157.96,369.55,212.70,154.53,72.17,231.05,173.93,169.74,115.42,96.30,93.32,14.21,410.38,602.19,287.37,31.03,94.34,77.52,320.54,117.28,29.43,1156.88,165.35,43.35,60.33,205.70,751.91,55.45,193.74,29.34,362.28,59.95,80.79,50.62,107.65,83.72,15.55,105.95,55.09,64.72,58.86,28.37,124.84,471.19,122.78,23.80,107.91,192.53,36.95,166.33,58.91,468.17,189.78,73.16,51.39,166.72,25.58,76.67,109.30,419.67,32.64,20.07,73.95,193.55,100.97,74.61,34.62,60.71,183.13,374.81,33.55,168.03,110.09,130.88,,70.73,162.55
2023-02-27,23.48,145.81,244.37,93.76,207.63,168.22,45.36,89.13,89.37,55.86,467.61,32.30,57.05,8.03,78.77,44.52,109.21,46.73,138.58,330.12,24.30,157.92,368.81,213.42,155.99,72.38,231.74,174.15,170.10,114.56,98.99,94.25,13.41,403.35,615.53,287.40,31.32,95.12,76.64,322.32,120.65,28.98,1182.99,164.65,43.80,58.65,205.72,752.70,56.40,193.18,29.46,363.36,60.04,80.47,51.16,107.13,86.00,15.94,106.31,54.19,64.55,59.62,28.98,126.58,474.31,123.53,23.95,109.21,196.68,37.05,167.15,58.54,468.18,190.01,73.38,51.29,168.12,25.86,77.60,110.08,420.21,32.26,20.09,74.82,194.97,100.98,75.63,34.98,60.40,184.93,375.05,33.59,168.34,110.58,131.84,,70.89,164.62
2023-02-28,23.19,145.30,243.65,94.23,205.71,173.58,45.58,89.32,89.56,56.70,464.88,32.21,56.97,7.84,78.58,44.23,113.18,47.04,136.70,333.84,24.33,155.78,369.09,210.88,156.64,72.06,229.39,174.43,169.24,114.66,99.11,94.18,13.50,398.03,601.56,290.29,31.17,94.79,73.23,323.95,120.69,28.96,1220.00,164.29,44.63,58.93,204.07,755.32,55.34,192.94,29.20,363.76,59.62,78.59,50.88,106.76,87.73,15.62,106.78,54.66,64.63,59.44,28.57,123.26,472.39,123.28,23.95,109.25,198.69,36.12,167.85,57.80,473.24,191.45,73.21,50.49,166.78,26.23,76.52,109.55,421.39,31.51,20.38,75.20,200.31,100.45,75.59,35.23,59.57,185.47,367.61,32.98,167.47,111.01,131.15,,70.66,164.33
2023-03-01,22.67,143.23,240.57,92.17,202.77,172.07,44.95,89.62,89.77,56.63,459.59,31.35,56.49,7.69,78.29,44.16,114.27,47.52,135.85,335.45,24.72,153.81,368.08,215.00,157.30,71.21,227.33,174.09,170.48,115.51,100.22,93.47,13.38,392.26,598.85,291.23,30.72,94.18,72.70,323.38,120.21,28.69,1208.72,164.48,44.84,58.53,203.83,765.27,54.95,191.43,29.55,361.02,58.71,77.15,49.60,106.89,91.04,15.02,104.51,53.92,65.39,58.44,29.03,126.81,474.57,120.83,23.94,108.72,196.38,35.54,168.22,56.63,469.10,195.40,73.43,50.33,166.46,25.79,75.22,108.70,412.58,31.18,20.24,74.97,221.06,100.72,74.90,34.90,59.32,184.12,362.54,32.52,172.97,110.76,128.44,,70.03,162.19
2023-03-02,23.29,143.83,245.30,92.13,190.90,173.17,45.06,91.25,91.56,57.12,466.33,31.19,55.60,7.97,80.44,44.33,115.42,47.43,135.71,337.08,25.57,156.64,368.05,213.68,159.04,71.24,228.90,175.50,171.87,115.60,101.22,94.93,13.70,391.38,607.83,290.76,30.99,95.65,74.49,333.50,123.64,28.89,1218.52,165.90,45.70,59.21,206.61,763.74,56.06,192.64,29.95,363.38,59.78,78.61,51.08,107.22,95.76,15.24,106.01,55.28,66.95,59.64,29.61,129.04,481.60,122.38,24.57,110.58,201.13,36.11,169.87,57.59,476.13,194.44,73.71,51.10,174.40,25.29,74.10,115.28,417.92,31.54,20.03,75.22,218.31,101.99,74.64,35.53,59.47,188.17,363.09,32.74,177.73,121.24,134.13,,71.22,166.11
2023-03-03,23.86,148.87,249.38,94.90,197.79,183.81,45.11,92.88,93.25,60.37,456.31,31.52,55.94,8.33,81.52,45.02,115.92,47.59,136.43,347.27,25.77,156.49,371.18,213.74,160.50,72.54,234.87,177.07,173.96,115.43,102.89,95.79,13.95,399.34,620.69,290.51,31.22,97.08,77.23,344.04,126.04,29.04,1226.74,168.01,43.54,58.94,208.65,774.07,55.87,196.50,29.83,367.50,60.10,79.59,51.01,108.59,95.69,15.47,107.61,57.34,68.20,60.84,30.14,131.36,493.59,125.73,24.93,111.42,207.46,37.00,172.06,58.27,488.00,202.58,75.88,51.35,174.55,24.69,76.98,116.70,421.31,31.51,20.60,76.66,220.95,102.57,75.96,35.71,59.48,191.55,369.98,33.07,182.95,122.92,119.24,,72.41,177.53
2023-03-06,23.53,151.63,250.93,93.75,193.81,183.46,45.11,94.35,94.80,60.39,463.82,31.20,55.99,8.28,81.16,45.15,115.51,46.97,138.18,343.12,25.37,156.81,369.37,214.02,158.10,72.57,234.85,176.38,174.16,114.32,102.62,93.96,13.61,403.44,604.71,291.62,31.10,97.49,77.06,347.02,127.59,28.43,1256.26,170.00,41.79,57.80,209.36,775.14,55.96,197.40,29.24,368.77,60.07,79.84,51.99,108.56,93.78,15.13,108.27,55.95,68.28,61.31,30.13,128.49,484.99,126.33,24.78,111.46,208.33,37.10,169.22,58.23,486.16,199.70,76.37,51.32,173.51,23.75,76.58,115.71,420.16,31.76,20.55,76.07,221.38,102.93,76.27,35.28,59.55,188.82,369.11,33.02,183.71,113.25,119.81,,71.87,176.15
2023-03-07,23.27,149.44,248.27,93.55,187.71,183.07,44.66,93.09,93.40,59.65,465.81,30.85,54.74,8.28,82.11,44.68,113.40,46.43,137.37,339.37,24.92,156.03,365.22,208.20,157.20,71.83,230.71,175.83,172.90,111.31,101.26,93.60,13.44,400.10,593.16,286.58,30.35,95.96,76.18,344.80,124.93,28.08,1264.91,168.49,40.64,56.73,205.43,768.66,55.25,195.35,28.43,361.28,59.28,79.18,51.61,106.11,93.67,14.82,106.19,58.16,67.84,60.37,29.65,127.76,480.69,126.94,24.44,110.43,205.48,36.66,166.83,56.94,473.99,194.34,74.51,50.51,171.96,23.14,74.82,116.88,413.54,31.77,19.79,76.20,222.24,101.98,75.84,35.21,58.42,186.64,357.85,32.73,180.24,113.81,117.88,,70.64,176.48
2023-03-08,24.16,150.69,247.83,93.92,182.00,183.53,44.29,93.48,93.88,60.32,466.66,31.18,56.05,8.13,85.37,44.86,115.62,47.76,137.67,340.10,25.36,156.45,376.90,207.94,161.00,71.76,231.09,177.38,172.86,113.19,101.42,94.19,13.29,407.31,603.18,285.18,30.11,95.18,76.34,345.84,128.92,28.52,1252.57,168.37,42.66,58.09,206.07,740.20,55.37,199.30,28.98,369.02,59.53,79.78,51.56,105.31,93.03,15.34,106.96,58.20,67.99,61.79,29.35,127.54,492.36,125.00,24.59,110.57,204.51,36.89,171.64,57.64,482.22,190.41,75.44,50.40,172.27,23.27,71.98,116.31,415.81,31.72,19.61,78.44,221.80,102.53,76.22,35.61,58.52,183.49,353.87,32.46,180.94,112.74,114.95,,70.36,177.90
2023-03-09,23.42,148.44,246.48,92.25,172.92,180.28,43.99,91.56,91.91,59.40,460.40,29.78,54.78,7.69,84.03,44.59,114.05,47.46,135.66,331.50,25.81,155.27,368.21,205.53,158.46,70.64,228.57,174.52,170.48,109.47,98.38,92.21,12.78,395.49,588.91,286.88,29.75,93.13,76.90,338.37,121.68,27.89,1201.79,162.82,40.44,57.74,204.44,738.76,54.82,196.40,28.50,361.92,59.23,79.30,51.00,101.95,85.65,14.77,105.76,55.28,66.52,59.95,28.07,125.26,480.56,119.84,24.20,108.77,200.49,36.30,169.12,57.51,472.28,185.95,75.53,49.68,168.60,21.08,69.91,112.96,414.15,31.52,19.00,77.27,217.89,101.04,75.97,34.82,57.93,181.47,343.01,32.34,179.28,112.08,110.45,,68.87,169.99
2023-03-10,22.94,146.38,242.84,90.73,173.44,178.11,43.93,89.89,90.27,58.66,452.36,29.28,54.12,7.35,82.67,44.36,111.47,46.35,134.14,327.30,26.57,155.48,357.54,207.43,156.81,71.13,224.75,172.80,170.88,107.58,97.40,92.86,12.31,383.79,585.47,287.24,29.61,92.28,75.83,329.30,119.72,27.14,1168.04,159.72,38.24,56.37,199.38,741.99,54.66,195.67,28.24,355.23,59.36,78.20,50.08,100.61,85.73,14.35,104.31,53.23,64.74,58.76,27.14,121.65,467.18,118.30,23.93,107.52,194.02,35.93,164.62,56.59,454.86,182.66,73.04,49.62,165.36,19.20,65.14,110.58,411.73,31.30,17.98,75.70,213.00,98.11,74.57,34.20,57.43,178.27,329.49,32.47,176.31,107.77,105.45,,67.08,155.78
2023-03-13,22.95,148.32,248.05,92.43,174.48,179.49,44.05,90.36,90.91,58.82,453.18,29.35,53.11,7.87,82.01,44.22,112.88,46.17,134.35,322.07,26.30,157.00,354.93,212.26,158.87,71.14,227.78,173.56,170.67,106.87,95.77,92.95,12.41,382.76,588.95,293.46,29.78,92.00,75.39,324.27,121.41,26.58,1162.33,155.86,37.56,55.08,199.37,747.28,54.55,196.27,27.83,357.29,59.94,79.85,50.16,100.18,91.17,14.02,104.93,53.80,63.93,59.27,26.28,117.74,474.35,115.96,24.01,108.39,197.87,37.01,164.51,58.45,460.92,184.86,72.22,50.68,161.84,22.32,66.24,111.33,412.85,31.24,18.32,75.43,211.00,98.56,75.83,33.96,55.15,181.25,335.26,32.63,177.11,110.66,109.86,,66.84,158.32
2023-03-14,24.04,150.41,254.76,94.88,183.26,192.51,44.29,93.20,93.48,60.34,462.71,29.49,53.47,7.89,87.45,44.81,117.27,47.99,137.50,329.39,27.34,156.83,368.74,209.89,160.55,72.06,235.28,177.39,170.56,108.85,97.21,92.24,12.77,399.13,604.06,295.25,29.59,92.35,76.20,333.33,128.01,26.56,1214.96,157.93,38.17,55.70,199.41,761.65,54.75,203.52,28.02,369.84,60.63,80.63,50.82,100.46,92.73,14.05,107.58,56.99,64.94,60.89,26.48,118.72,481.58,116.36,24.31,109.78,199.22,36.97,169.15,59.05,471.42,187.10,72.85,51.73,163.99,22.95,65.96,113.81,419.31,31.58,18.32,77.25,215.00,98.48,76.73,34.65,55.58,183.41,336.14,32.64,177.39,113.16,107.97,,67.62,159.98
2023-03-15,24.21,150.81,259.30,96.20,180.45,196.21,44.78,95.32,95.76,59.73,466.30,30.38,53.33,7.90,89.68,44.82,115.45,47.32,138.86,318.32,27.73,159.63,360.27,213.83,159.33,71.95,234.18,173.92,166.27,107.86,94.86,91.90,13.59,397.19,590.81,294.27,30.10,92.24,75.62,333.61,129.32,25.88,1188.96,153.70,37.19,54.64,199.09,755.20,54.55,202.94,27.75,366.82,60.73,82.72,51.17,99.12,91.21,13.57,105.29,58.47,63.28,60.39,25.07,109.86,464.89,113.58,23.95,109.68,195.79,37.41,165.16,60.73,464.97,185.75,73.52,51.25,163.44,22.75,67.54,113.31,412.31,31.85,17.87,74.72,211.21,97.35,76.35,34.04,54.28,184.36,341.94,32.62,176.48,113.72,107.67,,67.35,158.00
2023-03-16,25.52,153.62,269.81,100.04,184.13,203.33,44.53,99.50,100.25,60.73,467.83,31.01,55.74,7.98,96.60,45.78,119.69,50.05,136.06,325.40,29.46,159.53,379.33,213.53,161.83,72.13,240.50,177.43,167.17,112.54,95.81,94.89,13.76,408.76,614.05,300.64,30.39,93.25,76.69,353.29,133.52,26.60,1214.74,156.42,39.90,55.87,201.47,744.72,54.63,207.82,28.08,374.00,61.23,82.20,51.70,100.03,94.52,14.16,106.09,60.73,63.42,61.88,25.49,112.36,485.73,119.99,24.33,111.80,200.59,37.69,169.78,60.67,474.11,189.66,73.95,51.95,165.92,24.11,69.21,115.55,419.65,32.01,17.46,76.33,216.98,98.87,76.21,35.01,55.54,191.72,346.45,32.68,177.36,114.56,108.13,,67.75,157.35
2023-03-17,25.70,152.79,272.97,98.95,180.13,194.09,44.89,100.79,101.63,60.20,467.63,30.35,55.82,7.88,97.84,45.85,119.47,49.39,136.96,317.90,29.10,158.28,377.23,209.17,160.53,69.83,237.80,176.69,163.20,112.75,95.84,94.56,13.52,404.40,617.10,295.77,30.22,91.65,75.07,358.14,133.12,26.40,1201.15,154.13,39.51,55.73,199.06,742.63,53.19,206.88,27.68,372.53,60.73,81.03,51.49,98.89,91.94,14.34,105.39,59.64,61.49,61.22,25.14,110.20,476.31,118.15,24.22,111.62,199.11,37.68,167.70,60.35,471.36,185.45,72.60,50.58,162.99,26.77,68.62,116.28,416.95,31.79,17.42,74.90,213.12,97.84,75.43,34.86,54.96,188.77,350.01,32.21,176.58,113.93,105.49,,66.93,158.25
2023-03-20,25.88,155.15,265.93,97.71,183.25,196.27,45.37,100.39,101.10,61.42,469.78,30.51,56.79,8.08,96.81,46.53,120.87,49.87,140.00,325.90,28.46,160.50,379.36,213.66,163.68,71.78,240.50,177.84,167.83,113.77,97.92,94.71,13.60,402.59,629.41,298.95,30.55,92.71,75.30,362.88,132.74,26.49,1182.75,158.27,39.89,56.65,201.54,754.16,54.40,207.07,27.94,375.59,61.95,81.98,52.28,98.97,78.91,14.24,107.59,59.32,62.97,61.54,25.16,112.43,482.19,118.40,24.69,111.79,200.42,37.40,170.79,60.81,483.26,187.52,72.82,51.53,163.91,26.40,66.21,116.31,423.33,32.12,17.02,76.37,213.72,99.81,74.80,35.26,55.83,190.64,348.75,32.47,181.90,117.21,105.46,,66.76,148.90
2023-03-21,26.18,157.01,267.45,100.61,197.58,200.59,45.22,104.06,104.98,61.19,471.28,30.58,57.77,8.45,95.93,46.29,117.32,49.29,139.10,328.30,27.78,160.88,374.62,212.05,163.00,71.49,246.68,179.12,168.96,115.62,100.97,97.25,14.24,412.55,625.32,302.66,31.02,93.36,74.83,374.22,136.02,26.70,1220.42,162.85,40.66,57.34,203.62,754.66,54.64,207.88,28.08,374.36,62.04,79.42,51.90,100.91,78.93,15.09,107.92,60.37,63.95,62.46,26.18,116.92,486.19,123.69,24.68,113.19,207.15,36.38,170.70,59.10,495.40,190.43,76.31,52.04,165.25,27.34,69.67,118.59,421.63,32.06,16.88,76.37,219.68,100.35,76.11,35.58,56.29,190.70,352.29,32.56,182.49,118.98,113.02,,67.86,154.30
2023-03-22,26.44,155.58,265.99,98.70,191.15,198.25,44.93,102.52,103.37,60.63,468.08,29.39,57.31,8.21,97.58,45.18,115.82,49.19,137.93,326.23,27.46,159.53,371.50,209.21,161.09,70.29,240.81,177.42,165.42,113.91,100.45,95.44,13.81,404.91,623.60,297.87,30.36,92.04,72.77,361.71,133.26,26.12,1186.63,158.44,39.70,55.88,199.10,746.26,53.93,204.00,27.09,371.35,61.61,77.59,51.17,99.42,75.58,14.51,106.19,59.12,62.96,61.21,25.25,114.54,477.77,121.17,24.07,111.43,198.38,35.48,167.07,57.88,475.03,189.74,73.94,52.00,162.63,24.69,66.19,113.56,419.81,31.62,16.26,74.77,213.51,97.42,74.37,35.24,54.63,184.29,341.83,32.16,179.39,115.00,108.86,,65.99,149.03
2023-03-23,27.17,156.66,271.24,98.71,192.22,202.69,45.29,104.73,105.39,61.43,468.31,32.04,60.44,8.33,100.28,45.43,119.64,50.87,136.82,328.32,28.33,158.75,378.26,212.19,164.71,71.14,244.47,180.12,165.21,115.94,99.69,96.94,14.19,422.77,646.77,304.75,30.17,91.39,71.78,369.00,134.54,26.54,1191.55,155.30,41.80,56.87,199.44,796.78,53.43,207.00,26.89,379.40,61.46,76.30,51.19,98.47,77.45,14.53,105.49,60.31,62.49,63.25,24.96,113.34,497.95,120.30,24.03,114.27,201.14,35.05,172.20,57.12,478.74,190.49,72.17,51.99,161.98,26.33,67.44,117.48,416.35,31.11,16.41,76.38,215.72,98.15,75.30,35.62,55.32,188.04,342.17,32.03,178.29,114.50,112.56,,65.85,153.29
2023-03-24,26.76,157.96,274.08,98.13,190.41,204.41,45.66,104.58,105.20,61.13,475.53,32.84,60.26,8.20,97.95,46.14,116.48,48.77,137.05,331.61,28.66,161.86,364.90,216.68,164.00,72.26,256.42,178.44,166.31,116.51,98.14,95.78,14.17,419.92,630.58,314.39,30.12,91.31,71.81,374.96,131.54,26.54,1187.28,151.98,40.60,56.91,199.91,814.50,54.05,204.48,27.05,376.56,63.15,79.59,52.04,98.18,73.96,14.00,106.27,60.67,62.57,62.99,25.23,112.26,473.47,116.92,24.29,117.21,200.22,35.98,167.00,59.15,485.51,189.98,73.49,52.13,161.98,25.67,65.24,118.12,420.80,31.80,16.46,73.71,216.58,99.03,76.05,35.72,55.78,190.43,343.95,32.68,183.07,114.09,111.93,,67.14,152.72
2023-03-27,26.51,156.02,269.99,98.04,191.81,201.26,46.43,101.62,102.22,60.24,473.56,32.77,58.91,8.04,96.61,46.17,115.83,48.16,138.36,333.87,28.48,162.22,363.88,215.52,161.76,71.88,252.57,175.67,166.16,115.43,98.49,96.26,14.15,417.35,627.19,308.47,30.53,91.61,73.60,373.15,131.39,26.50,1191.79,152.00,40.74,57.25,200.13,814.90,54.60,205.27,27.53,373.92,63.26,79.11,52.33,97.50,71.68,14.34,107.32,59.90,63.50,63.98,25.45,115.07,470.96,117.91,24.31,116.83,198.75,36.23,164.78,58.91,489.05,190.51,72.91,52.60,164.43,23.90,65.60,116.98,421.45,32.01,17.24,71.97,218.59,99.25,75.97,36.37,56.12,188.15,348.36,33.04,181.65,116.07,111.87,,67.88,154.99
2023-03-28,26.39,155.40,268.86,97.24,189.19,199.12,46.24,100.20,100.53,60.03,467.36,32.35,58.41,8.00,94.56,46.03,113.43,47.12,137.29,334.13,28.59,162.17,360.95,217.08,162.16,73.14,249.49,174.55,166.10,113.32,99.94,95.38,13.97,409.91,622.96,313.25,30.57,91.67,73.84,373.40,128.64,26.05,1196.74,154.33,39.99,55.79,199.93,821.42,55.26,203.28,27.87,369.87,63.65,79.45,51.60,99.94,72.84,14.48,108.04,59.04,64.31,64.27,25.75,117.00,463.36,116.61,24.44,116.22,197.27,36.50,163.84,59.01,488.14,188.55,72.31,52.40,163.22,24.83,67.73,115.55,423.16,32.05,16.80,72.26,215.60,99.15,76.49,36.56,56.07,189.68,345.54,32.86,184.05,113.82,110.25,,67.40,155.26
2023-03-29,26.96,158.47,274.02,100.25,193.88,203.75,46.44,100.56,101.07,60.11,471.30,33.20,62.60,8.22,96.09,46.74,116.79,50.10,138.27,336.40,30.76,163.29,374.70,219.41,165.40,73.43,250.76,179.85,167.11,116.82,100.98,96.10,14.98,423.56,641.86,314.24,30.99,93.43,74.20,379.16,129.60,27.55,1224.88,157.39,42.21,58.90,205.30,813.85,55.47,206.00,28.33,375.04,64.36,80.49,52.15,99.29,72.86,14.66,113.28,59.86,64.76,64.81,26.30,118.86,478.84,118.80,24.60,117.37,199.16,36.80,169.32,60.04,487.62,195.91,73.79,53.12,162.90,28.40,68.10,116.67,425.45,32.19,17.14,75.05,216.83,105.57,78.82,37.02,56.60,198.25,349.71,33.10,186.56,113.96,110.70,,68.21,158.89
2023-03-30,27.36,160.04,277.48,102.00,195.28,206.22,46.91,100.06,100.49,60.90,471.89,33.84,62.16,8.15,97.88,46.98,118.99,51.62,139.00,338.14,31.32,163.43,385.29,219.83,168.32,73.57,251.30,184.64,167.16,118.98,102.48,96.79,15.00,430.20,658.96,312.16,31.16,94.08,75.12,381.90,131.72,28.06,1266.80,157.91,42.75,60.00,204.92,806.05,56.10,207.01,28.25,375.94,63.99,80.79,52.49,99.93,76.44,14.85,113.89,61.78,64.64,65.81,26.85,119.32,486.54,122.28,24.53,117.28,201.61,37.06,171.80,60.37,493.55,195.12,73.99,53.47,164.00,27.92,67.91,116.59,428.06,32.22,16.76,76.82,217.70,103.30,81.70,36.74,56.89,200.05,349.05,33.24,187.25,114.40,112.22,,68.15,160.59
2023-03-31,27.75,162.55,281.63,103.29,207.46,210.29,47.48,102.88,103.15,61.65,477.06,34.55,59.45,8.45,98.01,47.76,119.69,51.50,139.26,341.90,31.89,164.76,388.34,220.06,169.94,74.95,255.47,187.50,168.92,119.15,104.15,99.87,15.75,435.82,662.89,315.07,31.79,96.69,76.76,385.37,137.26,28.35,1318.06,161.18,42.80,61.05,207.85,816.16,56.60,210.09,28.67,386.25,64.12,81.29,54.01,102.83,75.90,15.10,112.68,63.56,65.52,66.46,26.95,120.99,489.23,124.40,25.05,118.61,208.16,37.46,176.39,60.85,500.08,200.32,75.54,54.34,167.55,29.23,72.66,119.30,431.67,32.36,17.05,77.75,224.85,104.26,81.59,37.60,57.95,206.54,357.61,33.10,188.14,116.18,116.83,,68.85,171.17
2023-04-03,27.94,163.80,280.59,102.41,194.77,211.41,47.88,103.50,104.06,61.74,477.21,34.83,58.73,8.38,96.56,47.79,119.20,50.66,141.11,344.45,32.10,164.94,388.17,222.51,168.25,75.19,253.53,186.61,170.83,116.50,104.65,98.17,15.83,430.77,656.34,316.33,31.88,97.36,74.92,380.08,136.55,28.00,1313.64,159.65,41.47,60.71,202.42,820.65,57.86,211.39,28.58,388.94,64.58,81.21,53.58,105.26,74.84,14.81,112.24,63.94,65.38,66.31,27.93,129.28,481.83,121.46,25.00,119.50,207.58,37.39,172.14,60.92,489.27,200.70,74.89,54.69,164.30,29.74,70.67,118.69,431.77,32.46,17.37,76.76,227.39,101.29,81.37,37.74,58.37,204.37,356.21,33.25,187.86,115.24,112.90,,68.77,163.92
2023-04-04,27.43,163.26,280.54,103.95,192.58,213.05,47.41,103.86,104.26,60.97,477.89,34.67,56.43,8.35,95.87,47.69,117.05,48.99,140.67,344.17,32.31,164.35,382.20,225.32,164.82,74.18,254.71,185.51,168.77,114.22,103.60,98.28,16.40,429.93,651.17,314.42,31.92,96.57,74.34,385.15,136.86,27.05,1301.90,159.57,40.02,60.33,199.83,816.57,57.63,211.51,28.26,384.93,64.85,81.45,53.16,105.16,73.20,15.15,110.79,63.34,63.38,65.97,27.31,126.79,472.10,118.46,24.62,123.33,203.32,37.43,166.60,61.76,484.01,202.70,74.86,54.07,161.60,29.90,69.32,121.64,428.07,32.43,16.73,75.76,223.00,99.99,81.15,37.83,57.70,202.60,348.12,33.05,186.89,115.64,110.51,,68.02,166.49
2023-04-05,26.86,161.42,277.76,101.10,185.52,209.83,48.20,103.61,104.10,60.45,477.31,34.24,56.18,7.98,92.56,47.69,114.32,47.94,143.38,342.06,32.04,165.97,371.26,230.64,161.89,75.56,257.99,180.99,167.43,114.91,102.71,97.09,15.70,429.29,646.52,321.94,32.05,97.40,74.81,382.02,127.80,26.39,1250.05,157.80,39.69,59.88,199.02,819.68,57.22,207.56,28.05,378.36,65.66,84.46,52.80,103.15,72.32,14.79,110.02,60.86,61.30,65.15,27.12,127.98,462.63,115.34,23.92,124.22,197.55,38.39,163.66,64.17,476.69,200.82,73.22,53.82,159.75,29.08,66.11,120.98,429.12,32.47,16.44,73.80,217.29,99.02,80.69,37.34,57.69,197.87,353.12,33.40,187.74,112.82,101.30,,67.75,156.99
2023-04-06,27.01,162.31,284.85,102.06,185.06,214.42,48.56,107.53,108.01,59.83,466.61,33.93,57.81,8.09,92.47,47.19,111.53,47.97,143.85,342.99,32.02,166.62,364.50,230.59,162.73,75.31,256.90,177.95,168.34,114.87,101.46,95.96,15.72,437.50,639.92,321.66,31.85,97.20,75.26,380.60,127.82,26.45,1245.00,158.28,38.87,59.46,201.76,823.17,57.41,208.52,28.75,375.92,65.34,84.77,52.56,102.92,72.03,15.11,110.01,60.68,61.31,65.52,26.62,125.80,462.91,109.69,23.91,123.25,197.34,38.50,160.90,64.31,472.52,210.99,74.56,53.93,160.15,29.01,65.83,119.00,427.45,32.69,16.83,73.04,219.71,99.21,79.73,37.19,57.47,196.81,350.27,33.50,186.72,112.47,103.74,,68.36,158.54
2023-04-10,27.55,159.72,282.70,102.17,184.51,213.08,48.47,105.57,106.08,60.29,474.14,33.90,62.46,8.39,95.48,47.24,113.52,49.30,144.21,344.90,31.74,165.57,372.29,228.39,163.92,74.61,258.94,181.54,169.42,116.07,101.02,96.31,15.86,435.50,644.32,323.24,32.31,97.25,75.62,376.25,128.10,28.63,1251.62,158.03,39.94,61.26,200.00,818.23,57.98,213.61,28.72,379.99,64.86,84.37,52.35,103.33,71.31,15.40,109.59,61.58,62.37,66.91,26.92,128.17,477.72,112.60,24.23,123.70,198.14,38.68,163.09,63.85,477.22,205.44,74.12,53.98,164.58,31.28,66.14,121.04,427.98,32.31,16.79,74.75,222.63,99.45,80.16,37.49,58.12,196.94,353.89,33.47,186.57,112.53,104.95,,68.82,158.92
2023-04-11,27.14,158.50,276.29,99.92,186.79,212.18,48.33,104.49,105.26,59.73,478.77,33.82,62.76,8.61,94.03,46.59,113.41,49.30,144.17,344.60,31.57,165.32,367.66,228.87,164.33,74.56,262.77,180.08,169.87,115.40,100.78,96.40,15.96,428.43,642.50,324.83,32.43,98.18,75.71,371.11,129.86,28.88,1285.06,159.09,39.69,61.75,200.92,814.14,58.07,213.89,29.02,379.40,64.66,84.28,52.28,101.86,70.71,14.93,109.66,62.92,63.59,67.00,27.22,129.94,473.69,114.25,24.46,123.76,197.78,38.68,162.58,64.10,478.13,202.81,73.19,54.43,167.14,33.24,64.85,120.39,430.40,32.33,16.87,74.75,224.01,99.52,80.16,37.87,58.67,195.98,358.52,33.59,187.73,115.04,105.96,,68.80,162.88
2023-04-12,26.47,157.81,276.93,97.83,180.54,212.33,48.09,103.78,104.36,59.26,469.84,33.10,61.17,8.33,92.33,46.12,110.27,48.29,143.75,345.66,31.25,164.99,360.10,227.12,162.21,74.21,261.77,178.06,170.79,112.32,100.02,97.64,16.16,426.07,637.52,326.37,31.81,98.05,75.11,369.89,135.00,28.60,1256.04,156.75,39.14,61.29,201.30,814.92,58.49,212.18,28.88,376.52,64.57,84.21,52.47,99.69,67.02,14.06,110.55,60.10,64.55,67.19,27.31,129.80,455.37,112.42,24.41,124.20,193.16,38.52,161.01,64.10,470.90,202.89,73.11,54.53,167.17,32.28,66.84,119.68,434.10,32.30,16.62,73.53,222.22,98.64,81.31,38.07,57.33,191.74,343.28,33.62,188.44,114.82,105.87,,68.59,158.55
2023-04-13,26.44,163.20,283.13,102.40,185.90,218.63,48.14,106.55,107.31,59.99,478.04,34.62,62.20,8.58,92.09,46.75,110.57,48.41,144.58,348.17,31.36,166.64,364.24,228.88,163.64,75.22,266.56,179.78,173.15,113.12,103.26,98.93,16.36,432.65,647.99,333.35,32.16,99.34,75.43,378.80,136.10,27.76,1296.12,160.66,39.99,60.34,202.83,824.78,59.20,217.01,29.13,381.56,64.78,83.95,52.87,100.95,68.53,14.04,111.97,61.45,64.08,68.39,27.50,130.45,466.07,113.95,24.31,126.32,196.31,38.35,162.62,64.10,480.01,207.33,75.12,55.08,163.59,34.07,68.08,122.01,434.13,32.32,17.24,74.36,223.31,99.40,82.50,38.37,57.65,194.85,347.63,33.53,190.83,116.28,107.39,,69.77,168.09
2023-04-14,26.73,162.85,279.52,102.51,185.00,219.77,47.81,107.98,108.57,59.54,471.71,33.86,61.83,8.81,91.75,46.52,110.02,48.66,143.83,345.97,31.13,165.85,364.87,227.57,163.52,74.97,267.02,179.22,173.72,112.22,104.05,99.72,16.47,432.47,648.76,333.52,32.08,99.79,74.74,379.38,135.77,26.69,1301.88,163.18,39.89,59.05,201.38,823.76,59.48,214.55,29.17,381.68,64.20,82.64,52.56,101.35,67.68,13.78,111.69,61.72,65.09,68.07,27.22,131.35,466.49,114.65,24.74,125.92,194.66,37.67,163.03,63.29,482.49,203.92,76.12,54.98,166.49,33.38,67.32,123.07,431.58,32.19,16.75,73.81,223.91,98.19,81.93,38.56,57.10,194.04,341.50,33.47,188.14,115.70,105.45,,69.22,165.53
2023-04-17,26.98,162.87,282.12,102.74,187.04,217.16,48.15,105.10,105.55,60.29,474.25,33.27,61.74,8.80,89.87,46.28,108.93,47.86,144.69,348.54,31.37,166.70,362.02,225.81,164.50,75.54,268.89,180.23,174.88,111.49,105.08,100.58,16.34,430.97,622.31,327.74,32.19,100.57,73.38,377.92,137.37,27.11,1314.74,164.78,40.06,59.32,203.68,814.24,59.82,213.16,29.16,380.19,64.62,83.34,52.88,100.94,68.95,14.53,112.51,60.62,65.58,67.71,27.22,129.43,471.46,116.17,24.87,126.12,197.09,38.16,165.07,63.45,481.52,205.91,76.92,55.20,167.54,31.30,69.84,124.38,434.53,32.46,17.89,74.74,225.57,99.69,82.28,38.71,57.78,195.62,346.19,33.84,188.44,118.65,105.59,,69.69,166.42
2023-04-18,27.64,164.09,281.70,102.30,184.31,216.19,48.25,103.64,104.26,60.76,477.09,33.37,61.14,8.73,89.78,46.30,108.43,48.12,144.53,350.97,31.07,167.05,361.14,224.01,164.74,75.68,269.28,180.24,174.06,110.54,105.89,100.00,16.60,433.42,626.49,325.15,32.34,100.20,72.83,377.55,136.38,26.88,1321.47,168.58,41.82,59.34,202.89,802.59,60.66,213.77,29.12,380.43,64.84,82.61,52.68,100.47,70.26,14.27,112.00,62.39,65.42,67.82,27.55,129.50,464.88,119.19,25.01,127.07,197.45,38.32,166.27,62.94,482.12,201.67,76.01,56.10,168.81,32.99,70.00,124.31,433.36,32.46,17.63,74.96,227.53,99.45,83.21,38.85,58.13,193.54,343.32,33.77,189.39,118.93,103.56,,69.86,162.32
2023-04-19,27.91,165.24,281.78,104.30,180.59,214.02,48.31,103.33,104.16,60.97,476.25,32.31,59.88,8.49,89.94,44.21,107.52,47.70,143.05,351.39,30.40,166.95,351.46,224.12,161.78,75.98,298.57,179.26,174.84,110.70,105.09,97.66,16.77,436.26,607.27,328.45,32.32,99.50,73.10,380.11,132.83,26.06,1308.29,168.63,40.62,58.04,202.63,803.43,59.94,213.67,29.26,378.77,64.71,83.57,52.49,101.02,70.09,14.29,110.65,61.73,65.26,67.32,28.54,128.60,453.03,120.10,25.09,126.22,196.56,38.49,163.45,63.69,487.70,202.30,74.92,56.06,170.10,31.47,69.56,123.35,434.67,32.42,17.90,73.67,226.34,99.87,85.29,39.04,57.30,192.03,343.67,33.78,189.08,124.12,102.96,,69.69,162.77
2023-04-20,27.08,164.27,279.49,103.81,162.99,211.41,48.61,104.43,105.04,60.83,485.42,32.53,60.68,8.15,90.11,42.87,111.47,51.15,140.32,353.35,30.12,167.50,365.52,221.62,161.36,76.50,297.41,177.77,173.90,110.80,104.48,96.14,16.49,438.13,616.98,329.15,31.89,99.40,74.78,380.26,129.89,25.08,1293.77,168.68,39.08,52.70,201.31,792.74,60.36,213.73,29.50,377.56,65.32,83.54,52.90,102.74,69.69,13.83,111.76,59.56,64.97,66.90,28.10,127.05,455.88,118.40,25.36,126.83,194.64,38.45,160.45,63.78,490.61,202.86,73.19,56.54,170.53,29.47,67.48,125.14,434.80,32.59,17.70,71.92,224.47,99.24,84.54,39.04,57.04,191.05,336.00,33.73,190.78,122.19,100.49,,69.01,157.25
2023-04-21,27.10,162.66,279.15,106.96,165.08,211.23,48.86,104.55,105.05,60.82,486.16,32.80,60.35,8.18,88.43,43.28,110.56,50.24,140.59,352.26,29.57,167.57,361.88,221.98,161.73,78.20,300.22,177.16,173.31,109.98,105.52,96.62,16.43,437.15,617.86,331.09,31.89,100.46,74.86,377.67,132.25,25.17,1281.92,169.31,38.63,52.09,200.92,795.36,60.25,213.00,30.47,377.26,65.59,83.91,53.07,103.02,69.23,13.58,112.00,61.29,65.48,66.78,27.70,126.29,452.54,115.50,25.46,127.14,194.09,38.65,160.64,63.56,495.65,209.28,73.79,56.72,171.49,29.10,67.28,124.99,436.98,32.39,18.22,71.27,225.02,99.65,86.02,39.19,56.58,190.99,332.71,33.57,192.97,123.73,101.71,,70.00,158.55
2023-04-24,27.02,162.97,275.25,106.21,162.55,211.13,49.19,105.10,105.91,60.98,491.03,32.90,58.75,8.10,87.57,43.62,110.71,49.97,140.24,353.99,28.95,167.65,362.22,222.52,160.70,78.32,300.46,177.75,173.93,109.59,105.22,95.97,15.86,433.15,610.95,332.84,31.45,101.48,75.58,377.34,130.40,24.76,1273.62,169.23,38.37,52.64,201.17,791.69,60.47,212.98,30.05,375.67,66.04,84.19,53.70,103.11,66.75,13.36,111.53,59.88,66.03,66.25,28.19,128.44,462.25,116.12,25.51,127.50,195.84,38.85,160.70,64.09,503.61,204.79,73.89,57.11,174.24,28.53,65.71,127.79,439.28,32.43,18.91,71.71,224.50,100.89,87.32,39.28,56.59,189.09,330.83,33.53,192.00,123.83,100.66,,70.26,154.81
2023-04-25,26.22,161.43,269.05,102.57,160.67,205.93,48.81,103.00,103.76,59.77,483.11,32.26,57.40,7.74,83.80,43.34,107.79,48.55,142.30,353.07,28.19,171.46,348.05,222.90,154.76,77.31,294.97,172.22,173.20,106.51,103.86,91.29,15.44,411.13,589.90,331.93,31.18,101.53,75.23,369.59,122.15,24.15,1229.55,167.80,36.54,51.79,197.64,784.28,59.85,203.90,29.59,364.53,66.68,84.32,54.21,100.81,64.58,12.81,108.87,56.82,66.96,63.17,27.35,124.71,440.64,112.50,24.85,127.52,190.21,39.00,155.60,64.22,483.23,202.15,71.40,58.10,166.83,29.09,62.69,127.01,429.08,32.92,18.84,69.02,220.85,98.22,79.96,38.76,55.60,182.88,323.94,33.76,188.97,123.96,92.32,,68.50,143.06
2023-04-26,26.93,161.42,288.54,104.98,153.75,207.77,48.60,102.86,103.60,59.21,474.94,32.12,60.24,7.74,85.94,42.83,107.49,48.32,142.57,351.09,28.35,170.40,347.67,217.38,150.25,75.64,294.96,171.76,168.73,106.61,101.99,91.89,15.94,405.13,593.15,323.30,30.86,103.50,74.18,363.06,124.12,24.60,1235.63,160.29,37.70,52.02,196.83,772.78,59.61,203.61,28.86,365.10,66.52,82.41,54.26,101.45,65.15,12.58,107.07,57.50,65.43,63.40,26.85,122.56,443.78,113.68,24.52,123.21,189.90,38.26,156.41,62.87,481.44,197.52,71.68,58.77,150.19,29.95,69.27,121.60,422.89,32.56,19.36,68.78,216.13,95.87,79.69,38.56,55.54,187.16,320.63,33.69,186.53,124.93,93.07,,71.92,151.74
2023-04-27,27.20,166.01,297.78,109.82,160.19,236.70,48.75,106.71,107.49,59.43,481.29,32.58,61.11,7.82,87.44,42.85,108.83,50.41,144.16,351.71,29.14,171.44,374.21,218.78,150.99,75.47,295.92,168.87,175.54,106.39,103.64,92.56,17.03,420.27,612.77,339.37,34.03,104.69,75.05,371.42,126.05,24.66,1244.92,160.55,38.24,52.44,201.81,786.97,61.04,207.86,29.10,368.39,67.89,82.91,55.28,102.27,66.12,13.09,109.79,58.42,65.95,63.06,26.93,123.58,438.48,115.25,25.22,124.58,190.11,38.25,152.47,63.39,484.62,196.04,73.88,59.20,153.97,31.86,70.21,123.95,444.40,30.76,19.25,66.63,215.55,98.12,81.08,38.88,56.32,187.13,342.75,33.96,188.37,123.58,93.42,,77.17,153.77
2023-04-28,27.72,167.26,300.15,105.45,164.31,238.45,48.61,106.46,107.34,60.21,483.16,32.99,63.54,7.75,89.37,43.49,110.14,50.91,138.36,355.37,30.32,172.52,376.06,218.23,152.76,74.26,301.22,171.02,176.63,109.08,105.48,91.23,17.00,434.75,620.19,340.73,34.96,106.12,75.69,377.56,120.05,25.92,1277.49,164.39,39.09,54.26,205.39,796.41,61.15,209.45,29.34,371.32,70.56,82.57,56.00,103.42,68.15,13.61,111.00,61.19,66.86,63.05,27.30,127.28,451.53,119.67,25.17,125.34,194.79,37.95,154.88,63.08,492.16,199.20,75.60,59.19,157.50,32.84,67.38,124.29,446.17,29.99,19.50,67.74,210.71,99.96,80.90,39.53,56.79,186.14,368.70,33.61,190.34,121.34,90.10,,76.95,147.66
2023-05-01,28.88,167.17,298.49,102.05,161.83,241.29,48.81,106.32,106.83,61.31,473.91,32.41,61.55,7.78,89.69,43.57,110.07,50.89,137.69,358.12,29.57,173.24,374.00,217.47,152.28,73.55,303.02,173.55,177.20,108.18,105.67,91.65,16.87,433.34,620.38,345.00,35.19,106.37,75.34,374.15,118.79,25.63,1291.65,165.16,39.61,54.07,206.44,801.31,61.97,210.65,29.97,371.62,71.02,82.77,56.84,102.47,68.59,13.29,112.59,62.20,66.95,62.81,26.97,127.04,461.08,121.42,25.52,125.47,196.47,38.61,157.03,63.31,489.60,201.87,74.71,59.46,156.20,30.75,65.40,124.14,449.95,29.87,20.17,69.96,216.00,100.15,80.35,39.20,56.91,186.34,366.51,34.03,188.83,118.44,88.74,,76.11,149.55
2023-05-02,28.19,166.13,298.34,103.63,160.31,237.38,48.68,104.46,105.12,58.84,475.08,31.75,61.11,7.59,89.91,42.67,109.30,50.70,134.95,355.94,29.06,173.75,368.19,214.80,149.78,72.66,301.22,174.61,175.24,108.44,106.65,88.44,16.26,427.41,619.26,346.03,34.82,106.28,75.09,368.66,116.74,25.19,1255.74,173.38,39.10,52.49,202.16,793.09,62.43,208.97,29.75,368.83,71.37,81.55,57.54,101.52,64.19,12.69,111.75,61.62,64.84,61.44,25.54,120.88,457.55,120.58,25.41,124.23,192.42,38.07,162.23,62.35,467.38,199.02,71.90,59.91,155.13,32.80,64.04,121.62,452.00,29.85,19.25,70.64,220.22,97.90,78.04,39.36,56.48,183.13,357.23,33.76,185.31,118.12,87.00,,74.75,147.16
2023-05-03,27.78,165.06,297.36,103.65,160.61,235.18,48.50,104.55,105.26,58.93,470.52,31.93,60.13,7.56,81.62,42.30,110.40,49.99,134.52,349.65,29.92,173.69,367.91,208.74,149.24,71.77,305.06,173.40,174.97,105.37,103.91,88.83,16.45,420.75,619.93,346.36,34.56,96.53,74.82,345.25,117.67,24.87,1279.99,173.23,39.13,51.63,201.64,797.78,62.11,207.45,29.62,368.00,70.83,81.18,58.36,100.76,63.52,12.83,111.54,62.36,64.12,60.49,25.64,115.27,455.58,118.86,25.28,123.16,193.70,37.85,158.50,61.81,478.83,199.50,71.05,60.09,157.64,30.42,65.84,122.14,447.78,30.08,19.80,70.76,220.88,97.96,79.28,39.45,56.00,183.32,356.90,34.45,200.01,117.32,87.37,,73.70,145.14
2023-05-04,27.54,163.42,298.34,104.00,161.20,231.70,48.64,103.83,104.35,58.64,471.77,32.08,59.74,7.38,86.61,42.06,109.58,49.76,135.82,347.05,30.62,174.77,363.11,211.09,148.28,70.93,303.21,172.40,173.43,99.54,102.23,89.50,16.62,413.70,620.23,346.59,33.99,97.24,76.85,335.83,117.88,24.87,1213.38,171.32,38.95,50.89,199.62,748.82,62.24,205.03,29.98,366.62,71.08,81.69,57.82,99.64,64.14,12.33,111.52,62.83,63.57,61.18,25.42,112.77,448.56,117.63,25.26,122.12,193.03,38.06,154.93,62.36,469.51,205.39,71.43,60.59,153.50,31.22,75.40,120.28,444.89,29.80,19.56,70.56,219.10,97.53,77.84,39.12,59.79,181.92,348.78,34.95,201.77,117.42,87.74,,74.34,150.05
2023-05-05,28.65,171.09,303.46,105.66,170.06,230.97,49.06,104.70,105.35,60.55,480.16,32.28,60.45,7.41,89.84,42.57,113.10,51.47,138.03,352.41,30.37,175.58,375.20,215.31,152.66,72.04,304.88,174.35,175.38,101.59,100.89,91.96,17.16,417.12,635.15,348.09,34.17,99.55,77.73,348.40,122.45,25.17,1243.59,171.40,40.56,51.65,201.17,756.99,62.72,205.24,30.51,371.56,71.33,82.29,59.71,101.20,63.06,12.89,113.58,62.90,65.13,64.59,26.35,118.87,401.98,119.90,25.55,123.51,194.94,38.32,157.80,62.77,488.49,212.05,74.57,60.23,155.82,32.67,76.57,124.51,449.45,30.48,19.40,69.77,219.91,98.11,78.57,39.44,60.20,181.48,350.85,35.37,206.79,120.82,89.46,,74.60,135.73
2023-05-08,29.13,171.02,301.51,105.83,171.79,231.45,49.37,106.89,107.36,60.45,480.16,33.12,60.09,7.74,95.04,42.65,112.79,51.18,138.63,351.74,30.16,174.75,373.12,213.57,151.19,70.99,303.09,175.43,174.08,101.15,103.64,95.76,17.62,418.04,639.71,344.09,34.30,99.51,76.97,344.06,132.41,25.72,1284.50,172.74,40.60,51.97,200.04,747.07,63.11,205.56,30.53,371.74,71.83,82.32,59.04,101.57,61.96,13.46,112.09,66.77,65.15,66.08,26.25,118.68,409.16,125.65,25.41,123.84,191.99,38.24,158.96,62.55,485.53,209.96,75.12,59.94,153.20,29.47,78.54,125.69,449.57,30.13,18.90,68.93,221.86,96.74,78.99,39.71,58.63,179.60,350.50,35.16,206.04,120.18,107.92,,74.30,130.01
2023-05-09,28.55,169.32,299.90,106.62,169.15,231.55,49.45,106.47,107.06,59.44,481.83,33.21,60.15,9.55,95.06,42.77,110.93,50.11,136.56,350.80,29.50,175.46,365.56,213.40,150.07,71.18,301.55,170.77,174.24,98.78,103.46,97.92,17.33,418.82,628.05,344.83,33.48,99.08,77.20,342.65,129.94,25.29,1248.05,173.75,39.59,52.91,199.48,749.81,63.56,204.03,30.66,366.95,71.63,82.13,58.69,100.85,61.41,13.41,112.40,67.30,65.64,66.40,26.32,118.97,392.31,127.07,25.46,123.50,192.73,38.11,156.16,62.36,479.37,207.83,65.55,60.50,153.45,30.34,79.59,124.60,448.89,30.00,18.93,67.48,226.88,97.58,75.96,39.75,58.62,178.43,339.00,34.99,207.30,119.65,110.04,,74.00,133.15
2023-05-10,28.86,171.08,305.08,110.19,168.54,231.27,49.31,110.83,111.37,60.18,480.74,33.54,59.22,9.94,97.02,42.99,112.46,51.23,136.56,354.84,29.37,175.58,375.90,213.11,150.11,70.56,302.59,172.49,174.42,99.42,103.90,99.70,17.81,422.58,641.81,350.04,33.69,99.33,77.70,344.02,133.80,24.75,1288.92,170.49,40.03,52.88,200.74,744.56,63.65,204.19,30.46,370.12,71.63,82.68,59.11,98.78,60.88,13.04,115.20,68.76,64.75,67.01,26.04,117.53,406.58,113.19,25.52,122.84,196.32,38.38,156.27,62.53,485.11,210.97,63.04,60.58,154.56,31.51,86.00,124.74,450.60,29.89,19.17,68.83,192.73,99.65,75.49,40.00,59.50,179.40,339.94,34.82,210.31,122.57,116.79,,75.45,137.42
2023-05-11,28.55,171.27,302.94,112.18,172.08,233.95,49.49,115.61,115.95,60.32,482.89,34.48,60.82,9.88,97.10,42.68,112.51,51.24,137.20,353.05,28.28,176.54,376.06,211.45,148.38,71.09,303.47,171.69,172.35,97.18,104.31,98.59,22.00,416.08,635.02,350.40,34.12,98.57,77.64,341.58,132.15,24.50,1296.52,169.39,39.33,52.44,195.88,740.57,63.88,201.46,30.44,367.96,72.06,81.75,59.28,99.35,65.17,12.38,115.49,67.22,64.84,67.50,25.55,114.98,389.61,111.20,25.65,123.41,193.10,37.99,154.52,61.92,486.73,206.09,63.84,61.21,152.60,28.74,86.65,125.57,449.78,29.75,18.95,67.89,204.60,97.81,74.59,40.29,58.85,178.32,341.71,34.79,211.15,121.07,115.42,,74.97,135.68
2023-05-12,28.31,170.34,301.82,110.26,167.98,231.99,49.48,116.55,116.96,60.65,484.98,33.99,60.14,9.50,95.26,42.99,113.13,51.21,138.57,356.22,28.37,177.25,377.75,212.05,149.03,70.61,305.27,171.67,172.03,96.77,103.30,99.65,21.51,418.76,632.40,347.41,33.98,99.03,78.36,335.45,130.23,24.86,1279.67,169.01,39.72,53.15,198.62,739.36,64.14,201.16,30.47,368.84,71.62,82.63,59.54,101.26,63.32,12.51,115.81,65.87,65.10,67.77,25.83,115.29,390.17,105.28,25.60,123.55,194.45,37.65,155.65,62.16,487.47,205.36,61.36,60.82,151.45,27.10,87.25,125.26,452.97,29.97,18.73,68.50,201.50,98.07,74.52,40.90,58.65,182.76,338.09,34.80,210.84,121.70,114.33,,75.37,135.02
2023-05-15,28.93,169.85,302.30,111.20,166.35,237.00,49.09,115.55,116.01,61.48,483.03,33.59,63.82,9.52,97.40,43.35,118.02,53.65,139.05,354.75,29.20,175.58,394.47,212.58,152.15,70.80,308.05,175.29,172.65,99.26,103.90,96.50,22.63,417.38,640.39,348.65,33.97,99.51,78.77,345.67,135.55,27.66,1296.80,170.37,41.65,56.38,200.16,745.92,63.02,202.31,30.65,373.28,71.48,81.22,59.72,101.15,66.07,12.81,114.51,66.20,65.17,68.56,26.04,116.16,403.24,105.78,25.35,122.93,196.91,36.76,158.85,61.27,489.88,206.20,61.92,61.39,150.66,28.25,88.50,125.07,453.13,29.68,19.27,69.96,203.47,99.24,74.53,40.81,59.69,185.46,343.24,34.38,210.82,119.61,120.81,,75.98,145.36
2023-05-16,29.19,169.85,304.53,113.40,166.52,236.96,48.41,118.53,119.11,61.64,477.36,33.38,62.92,9.47,101.48,43.18,117.83,54.30,138.17,351.96,28.64,174.82,399.06,207.44,150.42,70.75,306.61,173.78,170.25,96.93,103.91,95.71,22.88,412.68,636.84,345.15,33.58,98.24,77.53,345.11,134.01,27.55,1275.39,169.46,41.25,56.14,198.24,737.30,62.50,202.46,30.33,375.14,71.55,79.41,59.94,99.73,66.01,12.15,113.75,64.18,63.34,68.31,25.62,112.46,393.45,105.41,25.08,123.21,193.25,35.51,156.92,60.08,491.93,190.97,60.48,61.92,146.71,27.34,88.07,124.05,451.12,29.22,18.38,68.72,201.21,97.31,77.36,40.60,58.95,185.31,335.34,33.38,213.88,118.61,118.35,,75.87,139.22
2023-05-17,30.15,170.46,307.41,115.50,173.86,240.60,48.33,119.85,120.49,63.18,476.26,34.00,64.09,10.25,103.75,43.84,122.49,55.77,136.13,351.10,28.29,173.58,406.89,206.76,152.22,71.19,308.22,178.70,174.16,97.88,105.89,95.76,24.38,422.91,654.86,341.20,34.05,98.63,78.89,356.63,137.23,27.83,1320.15,171.93,43.15,56.45,199.76,744.60,62.63,204.15,30.59,377.08,71.03,78.49,59.65,100.57,66.45,12.51,113.60,65.22,64.25,68.43,25.66,114.91,406.32,108.33,25.35,123.01,198.46,35.41,161.99,59.59,487.12,193.23,61.13,61.55,149.33,29.06,91.28,125.02,445.83,29.46,18.56,71.09,197.68,98.45,79.87,41.00,59.69,188.22,338.54,33.30,214.87,118.59,118.77,,76.00,144.04
2023-05-18,31.65,172.79,311.83,118.15,176.89,244.93,48.96,121.82,122.51,65.14,479.24,37.13,66.71,11.74,107.93,44.36,126.60,58.17,132.86,354.16,29.09,173.13,418.35,206.04,156.34,70.65,312.23,182.79,176.15,99.89,109.20,94.86,25.08,438.38,679.69,339.46,34.91,99.93,79.88,360.43,141.85,29.16,1332.49,175.74,44.29,57.94,201.13,742.46,62.79,216.84,31.01,409.71,71.06,78.11,59.85,102.11,61.60,12.40,115.28,66.97,64.32,68.14,26.31,115.96,421.72,111.87,25.83,124.28,204.84,35.52,166.14,59.43,492.06,189.87,60.94,61.05,150.64,28.76,94.54,139.63,449.83,29.23,18.82,72.67,201.70,99.78,79.26,44.19,60.79,195.75,343.61,33.30,216.35,119.03,123.96,,78.03,148.08
2023-05-19,31.24,172.90,311.66,116.25,180.14,243.73,48.46,121.75,122.25,65.56,477.72,36.54,67.30,11.71,105.82,45.22,123.71,57.21,133.67,357.33,29.33,173.38,413.54,205.29,156.61,71.22,313.61,181.14,175.35,98.86,108.58,94.33,25.12,436.79,677.81,341.70,34.80,98.46,80.76,371.25,144.72,28.84,1310.88,173.21,45.01,57.48,201.83,753.96,63.62,216.71,30.94,408.50,70.87,78.03,59.68,101.51,60.53,12.20,114.86,66.98,64.45,69.63,26.30,117.29,422.26,107.38,25.71,123.74,200.89,35.96,165.50,59.49,488.10,190.74,60.60,61.06,148.17,28.83,92.09,137.43,449.05,29.19,19.46,72.62,196.86,99.19,78.91,44.12,60.21,195.71,340.40,33.44,217.81,117.13,125.27,,78.50,146.99
2023-05-22,31.15,171.95,314.44,115.01,188.87,246.39,48.03,124.02,124.85,65.19,473.25,36.30,65.39,11.84,108.00,44.93,123.32,56.84,136.15,352.43,29.68,168.68,410.78,205.82,157.30,71.02,313.62,181.88,174.97,98.32,105.85,96.06,25.09,444.70,682.34,339.97,34.85,96.02,81.97,372.05,147.41,28.88,1339.62,169.57,45.98,58.12,202.15,746.46,61.88,211.63,30.55,401.68,69.77,77.90,59.12,101.37,63.04,12.16,115.14,65.63,64.12,69.52,26.49,119.30,438.27,109.93,25.90,123.21,203.49,36.18,167.78,59.44,486.25,193.06,62.69,60.10,148.54,29.41,93.87,137.25,448.62,29.27,20.31,73.85,201.75,100.91,78.69,44.58,61.16,196.41,341.49,33.16,214.01,119.29,128.86,,79.85,158.38
2023-05-23,30.66,169.34,308.64,114.99,185.77,244.82,47.94,121.56,122.29,65.97,466.51,35.60,65.17,12.64,108.12,45.02,121.31,55.71,135.92,340.45,28.92,168.17,404.80,206.23,156.27,70.98,301.44,178.66,173.23,96.72,103.56,94.87,24.81,440.48,665.55,333.51,34.12,93.63,82.47,370.42,143.90,28.45,1299.83,164.58,46.13,57.59,201.24,743.54,60.80,205.76,30.27,393.09,69.57,77.53,57.94,98.72,61.93,11.69,112.44,66.03,64.12,68.09,26.52,119.73,414.13,106.25,25.40,123.38,196.64,36.47,165.59,59.18,461.08,191.83,61.67,59.75,148.12,28.93,93.07,135.78,441.46,29.37,19.16,72.39,195.80,99.86,76.81,43.26,60.48,192.87,336.44,33.11,211.57,115.69,124.47,,78.50,159.41
2023-05-24,30.51,169.62,307.26,116.75,182.90,247.27,47.72,119.91,120.65,65.30,464.48,36.49,65.68,12.23,108.27,44.55,118.93,54.97,134.61,341.34,28.42,167.10,399.15,203.37,153.81,71.41,302.48,164.67,170.47,96.21,103.11,102.15,24.43,407.30,651.23,333.85,33.79,92.95,81.76,365.76,149.20,28.02,1284.13,163.33,45.52,56.62,199.79,732.45,61.93,203.67,29.58,395.39,69.41,76.78,57.57,98.31,60.94,11.66,112.86,66.00,63.27,66.59,26.82,121.04,406.34,105.71,25.18,123.49,196.75,36.21,157.51,58.77,463.51,185.92,61.47,59.31,147.71,28.44,93.44,135.84,433.52,29.28,19.29,68.66,192.81,99.39,76.15,43.23,59.83,196.19,331.24,33.14,212.46,116.73,126.53,,78.66,160.64
2023-05-25,37.95,170.76,319.08,115.00,184.47,250.72,47.24,122.47,123.34,70.04,468.13,35.90,68.72,12.84,120.35,45.13,127.47,58.49,130.53,343.00,26.85,166.12,423.90,199.82,156.16,70.14,303.77,163.90,170.83,97.14,101.99,103.99,24.05,404.54,691.95,332.63,33.03,91.86,81.21,392.06,149.61,28.49,1249.91,167.15,48.98,55.50,196.43,720.14,62.33,224.49,29.61,434.20,69.14,74.37,57.33,99.16,60.02,11.09,113.33,66.50,63.79,67.17,26.15,117.99,477.29,104.42,25.40,123.49,197.56,35.63,162.07,58.01,458.06,186.00,59.05,58.42,152.49,28.10,92.41,136.73,440.93,28.94,18.70,69.14,193.96,98.97,79.46,43.88,59.40,196.41,319.66,32.75,214.44,114.61,126.69,,77.52,158.88
2023-05-26,38.91,173.16,325.90,120.11,193.17,260.00,47.33,123.59,124.41,78.10,488.05,37.89,72.99,13.65,127.03,45.89,132.93,61.03,129.94,342.64,28.42,165.92,450.20,199.33,162.30,69.63,306.90,167.83,172.15,103.06,101.74,105.85,24.05,409.76,718.76,329.99,33.36,91.94,82.29,415.39,154.12,29.89,1282.26,167.25,64.86,57.51,198.37,720.18,61.53,228.33,29.50,444.73,69.09,74.15,57.61,100.16,71.42,11.44,114.43,67.44,64.09,67.77,26.22,117.98,509.15,106.81,25.79,124.86,198.90,35.52,171.38,58.04,468.94,188.26,59.90,58.38,155.26,28.51,93.16,138.98,441.44,28.81,18.79,73.04,194.95,99.24,78.04,43.94,60.08,216.07,330.25,32.81,212.86,115.05,130.62,,78.49,166.15
2023-05-30,40.08,175.01,324.26,121.66,201.16,260.48,47.21,122.66,123.63,77.20,488.79,39.30,70.78,14.71,125.27,46.17,133.42,61.20,129.92,341.39,29.39,164.14,447.79,200.80,162.54,68.95,307.07,168.69,172.86,108.33,99.30,106.24,24.23,397.67,711.27,325.30,33.09,91.22,82.14,417.21,158.59,30.07,1249.72,164.65,62.77,56.32,196.17,723.71,61.87,234.75,29.76,464.83,66.56,73.73,57.75,100.05,67.63,11.30,115.13,64.94,63.92,68.54,26.14,116.63,503.34,107.19,25.67,124.74,195.04,35.48,172.22,57.88,466.22,186.46,61.72,57.62,156.12,29.93,93.69,138.28,443.18,28.43,18.69,71.67,193.16,98.48,77.57,44.30,59.67,209.08,333.34,32.40,214.40,113.56,134.72,,78.65,168.85
2023-05-31,37.80,174.96,321.49,120.58,203.93,262.66,47.47,121.86,122.37,77.64,492.19,39.52,67.33,14.71,118.21,45.71,130.23,59.91,131.96,340.18,30.81,164.80,432.43,202.75,160.08,69.50,307.84,168.94,170.24,106.65,98.51,106.69,25.01,410.43,706.06,323.57,33.25,91.11,82.45,417.79,160.13,29.15,1239.00,163.39,57.91,55.49,195.12,730.62,60.22,230.91,29.47,454.96,67.51,74.93,58.62,100.40,65.32,11.28,115.26,65.29,61.78,68.33,25.62,114.53,478.84,109.77,25.18,126.23,199.39,35.76,169.41,58.91,464.77,185.01,61.66,57.93,152.61,30.16,94.91,137.73,445.62,28.54,19.03,70.19,192.91,96.27,79.11,43.79,59.71,211.99,326.15,32.71,214.86,117.26,135.48,,79.40,180.79
2023-06-01,39.73,177.76,325.60,122.77,207.52,270.49,47.65,122.71,123.36,75.91,493.19,40.31,68.21,14.54,119.47,45.78,131.73,60.22,133.56,343.18,30.51,165.81,441.74,196.89,161.86,68.84,310.54,171.52,172.25,108.93,100.13,108.39,24.83,413.37,709.81,323.62,32.99,91.00,87.22,426.75,157.55,29.33,1258.02,166.65,60.49,56.60,197.75,726.26,59.69,232.39,30.16,454.55,67.70,73.94,59.36,97.77,69.09,11.35,116.21,67.57,62.89,68.64,26.90,115.38,488.01,112.16,25.20,125.93,203.30,35.60,171.21,57.34,469.84,188.67,62.71,58.22,156.15,29.99,94.99,137.59,444.23,28.59,19.24,71.49,192.14,98.35,79.43,43.90,59.42,215.31,328.02,32.69,215.70,119.58,135.09,,79.73,177.26
2023-06-02,39.29,178.61,328.36,124.25,213.97,270.49,48.10,123.65,124.21,78.03,493.18,40.05,68.29,14.52,117.86,46.04,131.53,59.62,126.14,347.99,30.68,167.51,447.14,200.38,161.33,70.36,312.18,171.76,176.68,108.73,103.10,108.62,24.81,421.57,707.74,333.78,33.12,92.85,85.91,436.37,151.32,30.28,1270.67,172.57,59.58,57.44,202.15,734.98,59.69,229.69,30.67,449.36,68.30,75.23,59.48,100.09,69.54,11.75,117.56,67.88,65.84,68.13,27.81,118.31,486.02,118.06,25.89,125.91,204.24,35.79,171.78,56.97,470.83,193.67,63.62,58.94,157.15,30.21,98.77,137.52,450.17,28.85,19.54,72.00,193.25,101.15,79.57,44.01,60.92,213.50,329.32,32.96,217.07,122.57,142.39,,81.88,183.90
2023-06-05,39.14,177.26,328.89,125.30,217.61,269.28,48.42,124.98,125.60,77.10,498.63,40.35,66.91,15.24,117.93,46.21,130.65,58.83,127.13,350.25,29.26,167.63,447.13,203.88,156.75,70.20,317.49,167.16,175.20,106.01,104.87,113.39,25.60,433.66,705.35,334.42,33.63,93.25,85.88,434.18,154.08,29.35,1289.49,172.57,57.45,56.19,201.88,745.24,60.14,232.33,30.88,450.16,68.32,75.73,59.26,100.22,68.06,11.63,118.22,69.35,65.87,71.27,27.89,117.38,476.15,115.69,25.85,125.27,208.43,36.06,167.01,57.70,465.28,192.30,64.17,58.91,154.16,27.64,100.35,136.72,446.28,28.72,19.47,70.20,191.86,102.43,80.09,44.26,58.57,213.48,334.91,32.92,218.80,124.66,148.05,,82.00,183.27
2023-06-06,38.62,176.90,326.67,126.61,221.31,269.01,48.41,126.27,126.87,75.92,496.71,39.93,66.68,15.46,124.23,45.84,130.86,59.47,123.59,347.28,30.34,165.24,450.01,203.27,156.84,68.83,315.72,170.01,174.45,109.42,106.34,112.36,23.30,439.20,699.91,330.41,33.35,91.66,87.88,432.89,153.04,29.71,1254.45,176.15,58.55,54.10,202.35,743.12,59.06,228.78,30.69,443.84,67.39,75.22,58.33,100.78,72.81,12.10,118.31,71.19,67.00,69.54,28.76,117.96,486.17,117.30,25.23,125.39,208.01,35.85,171.46,57.35,459.53,192.96,64.67,57.85,151.37,29.88,101.85,135.68,445.37,28.51,19.46,72.28,194.88,102.21,82.52,44.04,59.40,215.00,329.00,32.68,217.03,125.38,152.99,,82.31,184.00
2023-06-07,37.45,175.52,316.59,121.23,224.57,261.55,48.49,121.50,121.94,76.17,491.87,39.98,66.20,14.69,117.83,45.82,131.90,59.34,121.68,349.75,30.66,163.92,452.70,203.30,158.35,68.72,307.24,172.30,176.27,108.31,103.83,108.12,21.53,413.61,693.64,324.65,34.10,91.38,89.12,418.32,149.23,30.12,1208.29,172.60,58.74,54.75,202.10,733.67,58.87,222.47,31.31,435.32,66.39,76.25,56.90,99.14,72.50,13.12,116.46,70.15,68.44,67.06,28.81,120.86,483.41,116.55,25.22,124.50,201.16,36.38,176.37,58.03,450.70,190.17,63.70,58.21,155.59,29.08,93.59,132.25,442.04,28.72,19.78,75.53,197.88,102.67,80.08,43.11,59.82,203.44,336.71,31.96,214.25,119.71,144.92,,79.65,171.34
2023-06-08,38.48,178.24,318.43,124.25,234.86,262.52,49.19,121.14,121.67,77.28,500.40,40.94,64.49,15.19,121.05,45.72,133.06,59.70,125.30,349.67,31.18,165.73,462.56,202.85,158.56,70.82,310.82,173.56,176.06,109.41,103.96,111.41,22.49,414.59,703.25,332.58,34.20,92.52,90.58,439.03,151.30,30.18,1209.74,173.80,59.12,55.29,202.07,745.09,60.45,228.08,31.29,437.69,67.22,76.34,57.53,100.36,74.93,14.02,117.95,69.97,68.90,69.00,28.48,120.10,486.46,115.50,25.47,125.36,200.16,36.19,177.32,57.87,453.00,190.43,63.90,59.17,155.98,29.09,96.02,133.12,443.66,28.81,20.03,75.31,194.74,101.80,77.36,43.37,59.53,204.49,336.18,32.16,215.64,121.13,148.82,,80.94,170.39
2023-06-09,38.74,178.62,319.93,123.43,244.40,262.89,49.48,121.23,121.87,77.32,497.69,42.00,64.60,15.02,124.92,45.71,132.99,58.93,126.30,348.27,30.71,165.96,454.55,201.01,157.05,70.57,312.76,174.30,175.83,112.01,102.33,110.05,22.66,422.61,699.16,334.11,34.00,91.41,91.55,454.00,149.53,29.94,1208.55,174.31,59.41,56.22,202.10,741.51,60.47,229.30,31.05,438.78,67.11,75.44,57.25,100.41,76.10,13.84,117.29,71.78,69.01,68.01,28.21,119.15,490.53,117.86,25.61,124.20,201.39,36.15,174.99,57.25,450.87,190.83,63.15,59.17,150.71,28.23,95.63,134.03,443.25,28.72,19.80,74.67,194.82,102.47,76.72,42.87,59.29,204.38,328.48,31.90,215.10,124.34,150.84,,80.14,171.99
2023-06-12,39.45,181.42,324.88,126.57,249.83,268.94,49.81,122.63,123.34,82.20,501.24,42.40,66.59,15.65,129.19,46.46,136.79,60.96,125.74,349.48,32.41,165.55,464.10,199.73,160.23,70.33,313.64,179.27,176.37,114.86,102.30,114.57,22.38,436.87,713.13,340.60,34.39,91.88,92.00,474.63,151.11,30.34,1238.15,176.19,61.43,58.55,205.05,748.95,60.79,233.22,31.14,446.04,66.96,75.45,57.91,103.40,76.09,13.97,118.29,72.37,69.85,69.84,28.01,116.86,514.33,124.59,25.79,124.03,208.10,35.99,179.11,57.36,460.48,193.09,63.39,60.04,150.69,27.77,97.70,136.00,445.41,28.64,19.50,77.33,196.85,103.75,77.88,43.47,60.50,209.65,335.30,31.64,214.87,126.91,155.98,,80.73,175.84
2023-06-13,40.99,180.94,327.27,126.66,258.71,269.21,50.20,122.81,123.42,81.79,502.25,43.57,67.00,16.00,124.53,46.75,138.52,60.94,124.88,360.34,33.23,165.22,468.45,203.98,163.33,70.86,315.45,183.77,178.69,117.01,102.64,116.82,22.52,438.28,720.07,342.10,34.38,92.63,92.49,478.99,153.11,30.54,1209.52,176.65,62.42,59.73,207.05,762.20,61.08,239.00,31.39,449.98,66.88,74.94,58.18,103.46,77.46,13.79,117.98,73.16,71.39,70.49,28.36,117.15,523.59,124.90,26.24,125.56,213.29,35.89,186.82,56.96,468.47,197.54,63.22,60.18,153.62,28.38,97.75,136.47,447.29,28.91,19.42,79.93,196.66,104.14,77.40,43.37,61.37,214.06,335.27,31.83,212.93,125.95,157.59,,81.96,181.68
2023-06-14,42.96,181.57,330.26,126.42,256.79,271.22,50.71,122.66,123.37,85.16,507.24,44.09,68.24,15.91,127.33,46.90,137.92,61.38,123.12,361.35,34.87,166.70,469.08,204.25,163.07,71.09,323.07,183.31,178.16,116.04,102.48,119.28,22.50,436.97,722.94,340.96,34.51,93.93,91.46,479.53,153.96,30.45,1211.84,176.70,62.33,60.28,202.92,765.94,60.64,236.06,31.80,446.05,67.25,75.37,58.48,103.28,78.67,13.67,118.67,71.50,70.12,71.48,28.15,114.19,525.07,125.14,25.92,126.14,213.55,36.18,186.10,56.85,466.97,198.49,63.26,60.78,157.87,28.29,96.28,136.63,447.80,29.13,19.29,80.80,197.81,102.33,78.14,43.17,60.88,217.31,335.25,31.71,216.34,127.06,157.55,,82.80,181.23
2023-06-15,42.62,183.61,340.79,127.11,255.90,279.64,50.98,124.06,124.77,84.90,509.14,44.53,67.94,16.60,124.24,47.79,136.88,60.50,127.65,363.41,35.10,169.01,461.31,209.91,163.96,72.05,328.27,181.18,181.01,116.24,104.91,121.90,23.21,446.85,721.45,349.08,35.05,94.60,91.72,490.91,159.81,30.92,1223.77,172.04,61.41,61.07,207.50,777.82,61.83,237.77,32.25,446.37,67.56,76.52,58.80,104.87,80.82,13.13,120.20,71.76,71.03,73.59,28.43,114.08,507.55,127.85,26.29,127.21,221.43,36.81,186.16,58.52,481.42,202.34,65.50,60.93,161.63,27.79,98.19,137.20,452.41,29.13,20.01,79.62,202.09,103.96,78.71,43.56,61.86,224.31,342.85,31.89,220.56,130.98,158.34,,84.07,182.19
2023-06-16,42.66,182.53,335.14,125.49,260.54,278.81,50.27,122.52,123.05,83.42,503.82,43.20,66.80,16.30,120.08,47.92,135.73,59.68,125.89,362.30,35.64,169.31,453.81,211.03,162.73,71.92,329.36,179.94,180.34,115.37,103.70,123.26,23.97,445.60,705.04,347.89,34.82,95.06,91.16,495.18,155.14,30.46,1194.74,171.73,60.51,59.37,207.83,777.80,61.27,235.84,31.91,441.19,67.66,76.56,58.45,104.83,79.87,12.80,119.96,73.26,70.63,72.78,28.74,115.96,505.92,128.68,26.45,126.89,213.50,37.16,188.16,58.15,483.03,201.57,66.08,60.68,160.20,29.34,95.75,138.64,450.09,29.51,20.00,79.73,202.36,104.21,78.26,43.64,62.19,222.40,341.24,31.99,220.51,130.10,154.01,,84.14,177.80
2023-06-20,43.77,182.62,330.95,125.78,274.45,282.12,49.83,122.09,122.84,83.42,500.02,43.47,66.05,15.79,118.93,47.44,135.33,59.84,126.18,355.91,34.30,168.65,453.38,210.05,160.52,70.87,327.83,179.57,178.06,112.68,103.53,120.80,23.58,445.70,703.60,342.69,34.34,94.50,90.27,485.86,152.08,29.44,1197.74,169.23,60.22,58.42,206.85,775.97,61.17,232.53,31.63,435.50,67.37,76.21,58.36,104.29,74.32,12.19,118.27,73.00,69.85,71.66,28.02,114.36,498.70,126.45,26.53,124.67,211.99,36.74,185.83,57.38,482.22,201.60,68.52,60.51,157.81,31.34,96.68,139.03,447.12,29.29,20.21,78.70,204.77,102.98,78.51,43.88,61.76,223.74,331.86,31.67,221.93,129.97,148.66,,85.31,175.83
2023-06-21,43.01,181.58,326.56,124.83,259.46,279.45,49.93,119.56,120.27,81.89,499.94,42.44,64.96,14.64,112.11,46.80,133.52,59.01,127.57,357.82,32.24,168.76,445.55,208.62,156.95,70.78,323.74,177.15,179.30,108.86,103.81,119.46,23.35,441.19,690.80,343.28,34.33,95.06,88.81,477.48,143.85,28.92,1210.90,171.50,58.26,57.47,207.11,773.54,62.53,228.01,31.84,426.34,67.26,77.03,58.41,104.25,73.03,12.37,118.77,72.91,70.53,71.11,28.66,114.99,493.67,127.46,26.95,122.85,207.98,36.89,183.81,57.14,485.82,203.90,67.83,60.10,160.78,33.13,91.94,140.46,447.69,29.11,20.69,77.37,197.54,103.54,79.22,44.51,60.37,219.83,328.78,31.20,223.16,127.86,144.85,,87.58,168.38
2023-06-22,42.99,184.58,332.58,130.15,264.61,282.66,50.34,122.14,122.86,81.39,504.35,42.25,65.40,14.05,110.70,47.05,135.72,60.39,129.17,359.74,32.06,170.51,456.24,211.03,158.93,71.24,327.62,177.79,178.28,109.46,105.15,124.57,23.70,441.50,700.67,348.16,34.29,94.11,87.59,477.58,145.80,28.86,1241.51,171.08,58.53,57.15,206.96,774.58,62.17,227.00,31.82,426.13,67.82,76.72,59.69,104.95,72.89,12.09,118.96,72.77,70.16,71.86,28.35,113.35,500.67,127.96,26.63,123.72,206.70,36.56,185.11,57.10,490.72,199.07,68.21,61.13,162.88,32.72,94.50,141.18,453.27,29.28,20.34,77.52,196.92,102.09,79.81,44.65,59.82,221.00,325.91,31.20,223.94,126.52,144.84,,86.40,169.91
2023-06-23,42.18,184.27,327.99,129.33,256.60,286.48,50.25,121.34,122.02,79.43,504.58,42.40,64.45,14.03,110.01,46.32,132.94,59.30,127.68,357.76,32.34,169.34,446.06,208.69,154.37,70.65,327.26,177.63,177.78,106.67,103.03,121.97,23.39,443.31,681.61,347.00,33.88,91.77,88.67,484.72,143.65,28.49,1226.49,166.95,57.24,56.31,200.79,774.50,61.65,225.32,31.46,419.56,67.23,75.27,59.11,105.63,69.80,11.79,117.81,72.64,70.46,71.59,27.99,112.95,494.57,124.73,26.60,123.52,202.00,35.96,179.45,56.50,487.78,192.69,66.58,60.39,160.77,32.91,93.67,141.85,452.08,28.60,19.96,76.45,188.71,99.43,79.42,44.60,59.28,222.25,326.28,31.06,220.34,126.75,142.70,,86.75,162.41
2023-06-26,40.60,182.88,321.70,127.33,241.05,276.30,50.12,117.37,118.12,79.38,503.60,41.59,64.62,13.94,107.51,46.21,136.58,60.43,129.66,357.87,32.67,168.27,447.62,206.50,155.36,69.82,325.16,178.01,179.99,109.68,102.71,121.90,24.19,443.91,683.90,347.45,34.28,91.66,88.94,479.51,141.81,28.27,1155.51,167.01,57.17,56.52,202.40,779.12,62.11,223.01,31.82,417.21,67.35,75.53,57.71,104.61,69.58,11.78,118.49,73.58,71.15,71.06,28.70,114.59,499.37,123.13,26.92,124.92,200.78,36.59,182.78,57.19,481.82,191.35,66.09,59.48,164.67,30.57,93.34,143.51,451.49,28.54,19.91,77.26,189.63,101.52,77.41,44.55,59.68,219.94,336.88,30.75,219.02,124.62,141.71,,87.81,158.54
2023-06-27,41.84,185.63,327.54,129.18,250.21,284.81,49.94,117.36,118.04,81.96,510.25,41.71,65.94,14.61,110.39,46.81,143.18,63.24,130.93,362.74,33.42,169.48,465.56,204.55,162.32,69.32,330.02,183.78,180.67,112.65,106.03,125.79,26.04,449.52,708.16,347.12,35.05,92.12,89.16,489.27,144.28,28.76,1162.09,172.66,59.99,57.98,202.47,711.28,62.36,228.80,32.16,426.78,67.99,75.22,58.13,105.88,71.68,12.27,119.91,74.76,72.18,73.66,29.12,114.68,520.77,127.89,27.33,129.57,206.85,36.81,190.51,56.81,484.20,188.80,65.88,60.12,176.84,32.49,95.69,146.34,461.95,28.66,19.97,80.93,195.38,101.90,76.69,44.49,60.32,224.22,353.84,30.77,220.62,123.50,144.66,,89.92,161.88
2023-06-28,41.08,186.81,328.80,129.04,256.24,283.07,50.21,119.19,120.09,81.92,512.63,42.98,66.21,15.28,110.17,46.82,140.71,62.56,131.02,361.99,32.90,167.18,463.12,203.36,161.08,69.48,332.98,181.41,179.92,110.53,104.70,126.71,25.71,450.10,707.29,350.78,35.22,92.02,88.86,482.43,145.09,28.49,1207.69,173.00,59.47,57.52,202.47,695.33,62.47,229.36,32.28,427.15,67.34,73.58,57.15,105.32,70.21,12.45,119.46,76.49,72.47,74.33,29.27,115.84,515.36,127.63,27.14,128.86,206.30,36.15,187.88,55.72,491.34,196.56,65.68,59.43,182.26,32.56,98.15,145.98,462.22,28.34,20.15,80.09,194.59,101.57,76.81,44.85,60.55,222.96,359.39,30.29,219.18,126.42,144.11,,89.33,166.89
2023-06-29,40.79,187.14,328.01,127.90,257.50,279.34,49.87,118.12,119.03,83.33,511.56,42.82,63.51,15.20,111.24,47.13,140.91,62.38,131.57,366.06,32.25,167.35,465.85,203.22,162.76,69.32,338.49,181.01,183.45,111.02,104.29,126.67,25.57,446.37,706.47,348.18,35.05,92.08,89.17,483.77,143.99,28.30,1171.45,176.51,57.79,57.82,203.26,703.67,62.49,228.54,32.55,427.90,66.82,75.06,57.42,105.83,68.90,12.42,119.63,75.45,74.20,75.09,29.48,117.10,524.69,125.10,27.37,128.65,206.18,36.17,189.97,55.76,494.49,191.06,65.51,59.28,184.95,34.03,96.45,145.47,467.11,28.40,20.32,81.12,195.83,100.31,78.29,45.13,61.67,227.12,362.68,30.29,219.28,127.94,144.84,,90.12,161.64
2023-06-30,42.27,191.46,333.39,130.36,261.77,284.75,50.81,118.72,119.98,83.80,517.99,44.05,62.30,15.33,113.91,47.62,141.21,62.63,133.55,367.89,32.77,168.57,473.46,204.01,165.74,70.29,341.94,186.10,184.36,111.94,106.03,127.75,25.73,448.69,707.84,351.91,35.11,92.44,89.84,488.99,146.87,28.55,1184.60,178.87,59.18,57.75,206.39,713.72,63.69,234.52,32.77,435.41,67.43,75.91,57.44,109.00,69.14,12.54,121.35,76.42,75.14,75.59,29.72,118.32,529.03,128.16,27.58,127.91,204.61,36.74,194.65,56.56,502.23,189.94,66.38,59.82,182.00,34.24,98.38,147.16,471.70,28.87,21.10,83.55,195.12,102.64,80.83,45.60,62.38,225.89,367.37,30.70,221.99,128.51,146.30,,89.00,167.81
2023-07-03,42.38,189.97,330.89,130.22,279.82,283.79,51.14,118.92,119.58,84.67,520.55,44.14,63.08,15.52,115.82,47.69,142.12,63.42,133.96,365.07,32.95,168.91,473.26,206.76,165.50,69.97,336.03,185.64,185.08,112.93,106.84,127.32,25.92,442.21,716.76,347.57,35.54,92.52,89.89,485.21,145.96,28.98,1193.75,179.39,60.74,58.04,205.39,713.27,63.14,235.40,33.00,434.01,67.96,76.92,56.95,108.03,71.29,13.01,119.00,78.71,75.13,74.66,29.71,118.85,531.32,132.35,27.31,129.07,203.70,37.02,196.98,57.30,490.18,189.69,67.74,60.19,181.07,37.78,98.29,147.73,468.35,29.05,20.75,84.58,194.58,102.27,80.29,45.12,62.64,224.59,368.20,30.97,218.52,127.02,146.59,,87.51,167.59
2023-07-05,42.28,188.86,331.05,130.38,282.48,292.08,51.11,120.75,121.63,83.26,520.64,44.59,61.27,15.70,113.95,47.77,138.98,61.23,134.18,354.52,31.86,169.81,456.76,207.56,162.52,70.44,333.89,181.50,183.41,110.15,105.00,128.94,26.56,448.35,698.97,348.32,35.30,91.88,90.42,487.26,145.08,28.34,1247.36,177.34,59.21,56.77,206.31,713.01,63.19,232.52,32.55,432.74,67.69,77.35,56.97,107.53,71.84,12.83,118.83,79.07,73.91,74.31,29.65,117.63,512.41,131.69,27.23,128.10,203.85,37.41,193.69,58.04,492.46,192.57,68.48,60.77,181.00,37.81,98.28,145.04,467.94,29.31,20.65,82.47,193.61,103.56,80.25,45.24,62.62,222.60,367.65,31.01,222.01,128.07,146.97,,88.62,172.76
2023-07-06,42.07,189.33,334.10,128.36,276.54,289.72,50.78,119.13,119.95,81.93,517.02,43.88,60.45,15.13,113.48,47.40,137.15,60.50,133.80,351.91,31.33,169.82,450.54,204.89,160.95,69.53,330.14,177.86,181.26,108.35,103.38,126.70,25.55,442.14,682.99,345.76,35.07,89.77,89.30,481.29,143.61,28.12,1153.59,177.26,58.29,56.77,208.14,700.10,62.96,230.07,32.15,431.11,67.38,76.92,56.61,106.28,67.69,12.67,118.84,76.99,73.49,74.65,29.71,114.54,503.82,128.16,27.01,128.90,201.05,37.03,194.36,58.01,491.23,194.39,65.79,60.52,180.18,37.65,97.08,142.88,467.97,29.73,20.23,81.03,188.82,104.33,78.73,44.47,61.83,219.30,371.77,30.84,222.95,127.70,141.74,,88.04,165.84
2023-07-07,42.47,188.22,330.14,129.78,274.43,288.27,49.61,118.50,119.16,81.80,505.17,43.81,59.99,15.34,113.17,47.29,136.36,60.19,133.62,351.89,31.21,166.62,444.96,200.91,159.92,67.87,331.29,177.02,180.60,109.03,103.54,123.79,25.99,439.66,680.48,338.18,35.26,89.63,89.63,485.27,144.05,28.35,1153.82,180.79,58.62,56.27,205.40,687.80,62.30,226.89,32.00,431.29,66.57,75.99,55.87,104.46,70.00,12.54,117.24,77.95,73.93,74.68,31.13,119.25,503.25,130.32,27.06,127.42,201.57,36.94,194.06,57.25,498.01,192.68,66.43,59.88,182.09,38.07,98.02,143.19,468.06,29.32,19.86,80.78,188.10,104.08,79.22,44.06,62.43,218.73,371.94,30.67,220.95,126.71,143.18,,86.78,169.45
2023-07-10,42.15,186.17,324.86,127.13,269.61,291.81,50.06,115.50,115.92,84.80,507.06,44.17,61.80,16.30,113.58,47.67,137.32,61.14,133.01,354.82,32.09,167.73,456.51,206.50,165.20,69.03,340.27,182.51,184.58,110.14,107.15,123.74,27.08,455.49,693.27,344.46,35.62,92.50,91.85,496.35,149.95,28.50,1087.15,185.93,59.75,56.38,210.59,698.64,64.07,234.42,32.30,445.72,66.66,76.03,56.38,106.52,70.14,12.95,119.50,77.61,76.00,77.86,31.24,120.78,523.25,131.71,27.51,128.74,207.33,36.96,200.11,57.00,521.21,199.81,68.91,59.59,184.46,40.77,101.45,143.94,467.31,29.04,20.40,82.90,195.36,106.87,80.26,45.15,63.68,222.40,372.54,30.62,222.92,130.62,154.27,,88.12,173.49
2023-07-11,42.37,185.65,325.49,128.78,269.79,295.97,49.99,116.18,116.75,85.21,509.59,44.02,62.91,16.49,111.32,48.33,134.39,60.34,134.63,354.14,32.63,167.44,448.53,205.70,164.63,69.42,339.11,182.41,185.46,109.90,109.29,125.11,28.09,454.88,688.55,341.74,35.75,93.40,92.60,504.74,150.79,28.87,1121.58,186.24,61.59,57.00,212.58,712.02,64.50,231.87,32.45,438.70,65.54,77.55,55.53,107.90,71.04,13.30,120.30,79.85,77.36,78.32,31.99,123.52,531.28,137.54,27.57,135.44,212.05,37.62,200.62,57.43,514.82,202.15,70.24,59.41,186.02,41.23,104.98,150.75,468.56,28.98,20.02,82.43,195.58,108.39,80.85,45.28,64.19,221.71,380.23,30.82,222.90,131.23,147.39,,88.33,174.52
2023-07-12,43.87,187.32,330.12,130.80,271.99,306.93,50.12,117.96,118.65,85.98,517.63,44.40,63.09,16.59,114.58,47.05,135.69,60.65,135.46,361.63,33.30,166.70,454.96,207.37,167.90,69.66,347.59,186.66,185.27,111.61,109.49,116.32,28.30,467.77,707.95,346.06,36.03,94.38,94.27,507.36,146.13,28.92,1141.13,185.02,62.31,57.52,211.27,713.60,64.62,232.74,32.22,441.35,66.01,78.65,56.21,108.41,75.34,13.16,120.37,80.59,77.45,76.72,32.38,125.66,549.41,137.02,27.46,133.60,215.32,37.92,201.48,58.04,525.68,201.90,70.21,59.86,184.96,41.35,105.44,149.92,468.86,28.87,20.31,84.60,195.88,108.77,81.28,45.33,64.18,219.08,382.72,30.93,222.46,133.67,137.68,,88.54,175.34
2023-07-13,45.94,188.08,335.46,134.30,277.90,310.97,49.82,123.52,123.81,86.02,518.06,45.04,63.83,16.74,115.92,47.79,139.36,62.18,135.27,364.08,33.19,170.67,464.48,209.19,168.59,69.96,346.97,189.40,185.44,115.78,111.30,119.50,28.99,472.19,733.22,349.02,36.22,94.81,93.49,517.28,150.75,29.62,1146.72,186.45,64.78,57.89,213.31,716.14,63.74,239.51,32.40,448.84,66.41,78.68,56.74,108.37,80.93,13.10,120.72,83.29,77.04,78.25,32.60,125.57,564.67,140.09,26.51,134.82,216.59,38.04,205.91,58.53,532.80,203.88,72.01,61.00,185.73,46.18,109.19,149.29,470.46,29.09,20.97,86.13,194.03,110.58,80.99,45.40,64.68,219.78,383.62,30.82,222.55,133.98,145.14,,88.69,177.96
2023-07-14,45.43,188.23,337.99,134.68,281.38,306.46,49.99,124.39,124.68,85.85,526.00,44.19,63.38,16.40,115.94,46.72,139.45,62.21,134.30,365.47,32.49,171.29,463.47,208.98,166.50,70.40,354.00,183.39,183.16,115.25,112.57,120.63,28.15,474.78,736.43,352.74,35.75,94.82,93.23,514.83,149.40,29.85,1135.72,184.42,62.88,57.47,215.48,713.70,64.09,240.74,32.32,454.11,66.82,78.63,57.31,108.47,79.49,12.40,121.18,83.96,76.94,78.92,32.29,122.19,553.30,143.34,26.87,135.45,214.14,37.90,202.13,58.47,536.89,197.10,71.72,60.87,185.95,45.89,108.53,150.00,469.26,29.23,20.60,83.67,192.24,110.88,81.41,46.82,65.55,223.91,375.47,31.01,224.70,137.32,145.43,,89.29,178.97
2023-07-17,46.42,191.48,338.47,133.56,290.38,308.20,50.05,123.63,124.04,87.95,532.02,45.01,64.45,17.40,118.32,47.12,142.15,64.30,132.68,368.88,33.68,168.94,478.69,209.36,168.85,70.66,353.84,187.58,184.96,116.04,115.82,125.03,28.46,481.48,736.89,357.98,35.82,94.18,94.39,522.00,152.73,29.46,1179.17,186.27,63.98,56.89,219.47,716.77,64.60,244.44,31.92,461.18,66.51,77.06,57.29,107.17,79.10,12.31,122.96,85.34,78.65,80.28,32.58,122.02,576.51,145.36,26.78,136.34,213.73,37.68,208.86,57.51,551.84,202.83,73.10,60.48,188.66,44.99,112.77,152.71,468.18,29.18,20.70,85.97,196.16,111.04,80.79,46.87,65.40,228.25,374.81,30.71,225.86,137.45,151.82,,90.61,180.43
2023-07-18,47.46,191.23,351.94,132.83,293.34,309.62,49.96,122.75,123.07,87.28,532.63,47.48,64.23,18.08,117.93,47.52,141.18,63.90,133.12,370.97,33.81,167.87,472.52,213.70,169.10,71.34,354.93,187.71,182.37,115.54,117.08,124.17,28.31,486.00,739.37,358.98,36.12,94.03,93.59,532.23,152.95,28.95,1208.66,188.58,65.17,57.30,221.52,721.67,64.16,244.09,32.43,462.93,66.66,76.33,56.55,108.79,75.67,12.77,122.98,85.07,80.32,80.24,32.94,125.03,575.92,146.53,26.55,136.95,217.24,37.23,212.70,57.32,547.47,208.42,73.97,59.99,194.03,44.58,113.82,153.55,471.78,29.14,20.92,87.05,192.25,112.10,82.06,46.76,66.09,228.35,387.06,30.71,224.89,137.93,154.81,,91.23,187.45
2023-07-19,47.04,192.58,347.62,135.36,291.26,313.55,49.98,121.03,121.78,87.08,533.13,47.76,64.25,18.05,116.43,48.62,138.51,62.36,132.28,361.74,33.77,169.51,459.37,213.22,169.10,72.01,349.70,187.03,182.29,117.00,114.97,123.00,28.57,491.03,699.08,358.57,36.35,95.02,92.96,527.17,157.61,29.30,1225.75,185.22,65.04,55.88,222.86,714.19,64.23,242.49,32.48,457.33,67.68,76.96,57.25,109.48,75.23,13.28,123.06,85.10,79.95,78.69,33.09,125.11,562.60,145.54,26.78,134.95,219.07,37.44,209.49,57.67,547.75,205.32,73.83,60.13,194.53,45.31,115.22,152.01,474.17,29.44,21.11,85.55,189.53,113.13,81.34,46.10,66.02,231.68,388.57,31.26,224.13,133.63,161.04,,91.61,188.58
2023-07-20,45.48,190.64,339.59,129.96,262.90,300.16,50.90,118.22,118.56,85.82,535.87,43.74,63.98,17.13,110.25,48.57,130.95,59.96,134.70,368.39,32.70,172.28,439.37,214.31,165.64,72.91,347.66,181.17,184.77,113.52,114.56,121.03,28.03,482.42,660.35,361.82,36.77,94.14,95.08,516.88,148.07,28.81,1198.34,186.45,62.65,55.35,222.63,718.17,63.48,238.79,32.39,451.71,68.30,78.27,57.58,109.07,74.88,13.11,123.79,83.64,79.79,77.70,32.59,126.12,518.08,145.28,27.05,135.24,210.97,37.89,201.57,58.74,542.86,201.44,72.63,60.40,196.08,44.08,109.90,151.64,473.15,29.94,21.29,82.29,184.03,113.63,81.47,45.60,63.79,222.32,395.45,31.48,226.74,130.65,147.90,,90.22,175.64
2023-07-21,44.27,189.46,336.55,130.00,260.02,291.97,51.19,119.04,119.33,86.63,536.74,42.75,64.93,16.43,110.95,48.81,133.26,60.75,135.47,371.23,33.34,173.06,447.63,215.77,169.69,73.54,336.66,183.38,185.34,117.29,114.79,121.91,28.10,483.15,677.18,362.46,36.50,95.95,94.80,520.23,150.90,28.82,1221.03,189.78,62.84,55.64,223.20,729.70,63.75,242.86,31.19,454.00,68.40,79.27,58.10,108.90,75.97,12.93,123.88,84.50,78.96,78.16,33.31,127.22,522.61,148.77,27.18,135.17,209.90,38.37,202.85,59.33,554.60,200.07,72.60,60.27,194.18,43.67,109.87,149.96,490.63,30.08,21.08,83.67,179.96,113.22,82.25,45.57,63.84,225.05,394.47,31.41,229.93,130.60,149.01,,90.68,174.42
2023-07-24,44.58,190.26,337.86,128.80,269.06,289.34,51.49,120.53,120.89,87.10,542.58,42.84,64.77,16.32,110.61,49.25,135.16,62.25,135.92,371.37,32.96,173.76,449.99,216.32,169.30,70.83,323.56,183.77,185.98,116.70,113.63,121.67,28.15,479.20,668.51,357.05,36.84,95.91,94.75,523.86,149.74,29.29,1198.43,189.17,62.54,55.33,224.90,722.25,63.87,241.27,31.25,450.75,68.71,78.97,58.38,109.56,78.85,12.61,124.65,84.31,79.67,77.27,33.69,130.11,522.16,147.62,27.31,135.86,210.53,38.63,200.55,59.21,554.03,192.32,73.30,60.10,191.70,43.09,111.49,150.28,486.48,29.87,20.46,82.88,178.30,114.91,80.26,44.83,64.45,223.12,399.43,31.44,229.98,127.72,148.33,,90.58,173.09
2023-07-25,45.64,191.12,343.61,129.13,265.28,292.18,51.45,121.21,121.79,88.69,543.79,42.77,64.96,16.55,113.00,49.71,136.83,63.34,136.98,377.50,33.42,174.16,455.00,216.22,171.31,70.43,330.90,186.91,186.30,117.61,115.54,121.46,28.64,487.02,671.26,358.06,36.85,96.04,95.70,525.34,150.94,29.08,1181.84,189.72,63.33,54.36,225.82,724.98,64.29,238.29,31.88,456.45,68.78,78.92,58.08,109.37,82.99,12.53,126.08,85.40,77.53,78.34,33.60,131.54,540.10,148.65,27.40,137.65,210.76,38.80,209.12,59.10,556.67,193.46,72.57,60.34,194.61,43.68,115.30,151.03,485.69,29.84,20.22,84.72,180.03,114.70,79.84,45.08,64.82,227.40,398.71,31.61,232.69,129.96,155.21,,91.80,177.93
2023-07-26,45.42,191.99,330.68,128.15,264.35,296.25,51.63,128.21,128.60,86.28,544.73,42.27,66.65,16.43,110.09,49.35,135.82,62.58,135.66,374.77,33.67,174.37,446.94,216.13,162.03,70.40,329.37,182.96,185.04,116.63,116.16,122.50,29.94,487.41,668.33,351.91,36.52,94.93,95.52,514.55,154.63,29.26,1176.23,188.65,63.14,54.11,238.00,726.05,64.37,233.96,31.66,449.33,68.11,78.98,58.17,110.31,84.11,12.76,126.10,86.11,76.00,77.26,33.40,130.59,517.84,150.17,27.53,136.92,212.75,38.96,207.78,59.18,556.16,194.94,73.04,59.93,207.10,44.35,110.64,150.25,485.19,30.04,20.36,82.38,180.04,117.20,77.07,44.79,64.75,230.05,394.57,31.45,232.78,130.69,156.62,,84.38,176.65
2023-07-27,45.86,190.72,323.78,128.25,255.71,309.28,51.45,128.34,128.81,86.32,540.56,41.32,70.30,16.15,111.10,49.15,142.77,68.38,134.49,371.31,33.86,171.58,470.85,216.90,163.62,69.78,323.56,186.71,174.51,118.35,116.07,122.64,29.98,487.08,691.60,349.64,38.59,94.04,93.64,513.97,152.85,31.37,1169.90,190.61,63.32,58.01,235.58,739.66,61.31,234.90,31.74,448.74,66.90,76.86,57.56,110.31,84.53,12.29,123.18,86.04,76.66,76.58,32.59,130.02,526.05,148.50,27.13,135.61,209.46,37.84,210.92,57.20,545.96,194.87,71.65,59.29,202.86,42.62,109.46,149.85,482.58,31.17,20.40,84.33,182.09,116.56,76.50,44.20,63.34,229.80,400.99,31.31,227.32,129.36,155.25,,80.16,170.56
2023-07-28,46.71,193.30,331.26,132.21,266.44,322.95,51.69,131.49,131.93,86.93,541.99,42.58,70.42,17.81,112.96,48.31,148.43,70.26,135.44,375.25,36.09,173.20,498.83,217.19,165.37,70.10,326.53,189.55,173.43,121.76,118.28,124.22,31.26,502.10,701.61,354.05,38.49,94.48,93.95,528.87,155.60,31.63,1225.02,194.37,64.33,59.23,235.33,741.09,61.92,234.24,32.48,450.90,69.38,77.01,58.15,111.41,89.35,12.79,122.71,89.65,76.65,76.80,33.30,131.18,534.24,153.33,27.48,135.95,209.79,37.61,212.37,57.22,552.78,199.29,73.59,59.41,210.47,43.46,112.19,151.60,483.77,31.31,21.35,86.82,182.64,116.08,77.51,44.31,62.84,235.00,396.80,31.27,228.01,132.38,157.49,,81.68,174.21
2023-07-31,46.69,193.91,328.87,133.68,267.43,316.12,51.67,131.63,132.03,86.82,539.44,43.90,70.61,19.84,114.40,48.26,148.10,69.99,132.46,377.14,35.06,170.61,501.70,215.15,166.88,69.44,324.40,190.61,172.49,124.29,116.65,124.98,31.40,501.96,699.69,352.34,38.52,94.78,94.85,546.17,161.66,32.03,1238.05,196.51,64.54,59.27,232.19,736.93,61.72,234.01,32.02,451.80,68.53,76.39,57.49,111.44,89.82,13.07,122.56,90.79,77.36,77.72,33.65,132.69,547.89,152.19,27.57,134.47,211.99,37.75,212.06,57.07,554.73,195.40,75.42,58.86,206.48,43.79,116.72,152.94,484.41,31.40,22.09,87.61,185.93,115.11,77.64,44.19,63.09,237.13,405.19,31.29,224.85,124.56,160.38,,83.97,181.94
2023-08-01,46.47,193.08,329.28,131.69,261.07,320.20,51.43,130.47,130.82,88.88,534.44,43.86,69.99,19.99,117.60,48.83,149.12,69.74,131.97,375.18,35.08,170.02,502.02,213.29,165.37,69.02,323.95,190.56,171.91,124.21,114.43,126.58,31.43,498.82,693.72,347.74,38.56,94.49,94.50,549.10,165.96,32.26,1210.40,199.37,65.34,60.97,233.18,734.11,62.07,233.63,32.01,453.51,68.74,75.75,57.71,110.81,90.09,12.87,122.98,86.59,77.63,78.03,33.63,133.20,538.88,148.91,27.44,134.24,212.45,37.40,212.53,57.18,532.30,189.05,75.13,58.62,203.11,43.50,114.95,151.79,484.01,31.51,22.13,87.06,183.33,115.42,77.33,44.42,62.92,239.80,411.23,31.03,225.12,122.00,162.80,,83.12,181.65
2023-08-02,44.23,190.09,320.62,128.21,254.11,311.86,51.47,127.33,127.59,86.20,531.44,42.97,67.43,18.97,109.35,48.76,143.94,66.82,130.55,370.49,33.70,171.38,487.66,211.72,159.87,69.02,313.87,183.85,171.39,121.56,113.28,118.08,31.16,488.57,668.61,358.40,38.37,95.30,93.77,530.30,154.73,31.93,1164.81,198.17,61.55,60.68,232.28,727.21,61.23,228.74,31.67,441.18,69.66,76.18,57.63,108.65,84.01,12.55,121.96,85.98,77.31,74.32,33.43,132.22,519.43,144.56,27.22,124.57,206.78,37.43,205.80,57.21,519.18,187.01,72.81,59.80,201.11,40.73,106.83,147.22,482.55,31.81,21.77,84.19,178.02,114.12,76.24,44.22,62.43,229.22,419.07,31.41,228.27,123.81,150.54,,82.18,169.70
2023-08-03,44.48,188.70,319.80,128.91,259.32,310.75,51.48,127.40,127.72,85.50,536.57,43.10,68.43,18.71,113.15,49.29,144.41,67.54,130.16,367.57,34.17,170.30,490.36,211.98,159.28,68.88,311.28,182.93,169.27,111.62,111.51,118.72,30.59,487.52,666.60,347.74,38.44,95.49,99.25,523.76,157.55,32.56,1323.11,195.58,61.79,63.74,232.88,766.27,62.05,228.59,31.63,440.12,69.61,73.91,57.98,109.45,88.81,12.89,121.31,85.46,76.25,75.76,33.52,133.67,521.64,140.88,26.77,122.12,202.62,36.52,205.37,55.79,507.77,190.10,63.84,59.44,203.31,38.99,107.10,145.75,482.36,31.32,22.15,83.49,177.10,114.38,75.67,44.65,67.34,229.34,422.78,30.76,226.28,122.07,150.77,,80.92,169.65
2023-08-04,44.65,179.64,320.90,139.57,253.86,308.31,51.18,127.06,127.49,85.18,531.14,43.16,69.15,18.20,115.82,48.81,142.31,67.26,129.42,364.74,34.56,168.00,484.63,223.54,156.16,71.76,309.31,179.93,168.11,114.26,120.28,109.16,31.36,487.52,663.70,340.48,38.16,93.95,102.00,526.88,150.49,32.70,1296.16,197.65,62.13,62.34,230.78,761.30,61.73,229.00,30.29,441.42,68.34,73.24,55.11,109.45,87.52,13.97,119.65,83.60,75.36,56.77,33.39,133.82,525.91,140.17,26.38,120.90,201.57,36.00,203.23,54.94,504.08,185.58,62.42,59.18,200.39,37.70,107.53,142.18,478.18,31.02,21.99,77.83,180.86,112.84,75.55,44.17,67.84,230.12,418.86,30.51,225.65,120.33,146.16,,81.41,198.84
2023-08-07,45.38,176.54,323.18,142.22,251.45,314.10,51.88,130.45,130.87,86.66,537.27,44.08,68.62,17.99,116.81,49.16,146.92,68.71,131.39,371.64,34.65,170.09,494.37,232.42,156.65,73.57,309.24,181.60,168.46,112.23,127.34,107.62,30.78,495.65,678.75,345.32,38.68,94.94,101.81,529.73,150.97,32.74,1358.81,199.33,62.98,63.95,235.53,769.54,62.12,232.44,30.54,444.00,68.65,72.91,58.49,110.29,85.60,14.47,120.70,84.36,76.03,57.70,33.65,133.84,530.49,143.20,26.92,122.34,203.72,36.05,208.01,54.37,508.34,184.29,64.08,60.39,201.50,37.08,106.30,141.18,484.06,31.22,21.87,79.09,179.67,114.75,75.24,44.74,68.16,233.55,419.43,30.27,229.36,120.97,145.34,,81.55,193.52
2023-08-08,44.63,177.48,319.20,139.94,249.70,310.21,51.93,130.32,130.77,85.32,535.06,43.83,66.91,17.04,113.23,49.20,144.60,67.80,131.01,368.56,34.44,167.86,486.75,239.64,154.58,73.03,302.87,178.27,166.73,110.65,126.67,105.74,30.05,491.28,665.00,344.47,38.64,93.97,102.85,520.60,145.88,32.48,1328.36,201.04,61.40,62.60,233.20,775.08,61.95,228.93,30.09,435.99,67.86,72.86,57.41,110.02,83.72,14.42,119.80,84.63,76.73,58.57,33.71,134.39,518.72,139.55,26.67,120.92,203.23,36.15,206.26,54.26,509.76,184.84,62.85,59.42,201.37,38.95,88.04,140.14,482.67,30.86,22.05,78.83,175.73,113.67,73.59,43.93,67.14,227.54,419.78,29.80,228.38,110.19,138.69,,81.88,196.13
2023-08-09,42.52,175.89,315.46,137.85,242.19,302.83,52.01,128.60,129.09,82.19,538.51,42.89,65.97,15.25,110.47,49.14,141.82,66.83,132.41,366.42,33.72,167.44,482.67,238.28,155.08,73.12,304.10,176.55,168.14,109.62,125.84,106.74,29.41,487.25,658.26,345.11,38.53,93.24,103.15,513.78,145.46,32.05,1312.66,200.71,59.40,62.41,235.05,780.34,61.98,225.30,29.90,428.96,68.23,73.51,57.51,109.88,83.48,14.11,120.15,82.38,76.73,59.78,34.14,136.26,510.24,137.87,26.85,120.24,204.77,36.30,203.87,54.30,518.75,186.36,61.69,59.38,197.60,37.78,86.76,139.40,480.00,31.04,21.52,78.39,200.44,114.62,73.58,43.69,66.83,225.56,419.95,29.86,230.83,110.96,140.30,,81.25,192.34
2023-08-10,42.35,175.67,316.15,138.56,245.34,303.36,51.99,128.63,129.15,81.43,540.23,43.00,64.73,15.41,110.23,49.49,141.28,66.87,132.43,369.08,34.11,167.23,484.46,240.80,155.35,72.96,304.67,176.45,168.61,108.72,126.56,107.03,37.20,491.93,663.47,347.38,39.09,95.37,103.75,515.83,147.86,31.72,1387.06,202.92,58.40,62.68,235.28,787.69,62.44,225.61,29.71,431.39,68.16,73.85,58.10,110.70,84.72,14.12,119.66,82.39,76.78,60.56,33.40,135.60,507.73,135.97,26.71,120.58,208.06,36.24,201.60,54.13,507.49,185.03,62.46,59.62,199.82,37.80,90.72,138.46,479.43,30.83,22.72,77.69,204.12,114.87,71.97,43.51,67.92,227.87,428.29,29.74,228.93,113.27,144.30,,80.73,197.47
2023-08-11,40.82,175.73,314.27,138.41,242.65,299.29,52.29,128.50,129.11,80.16,541.64,42.17,63.67,15.41,107.57,49.88,135.63,63.51,133.01,368.60,34.32,167.49,467.56,241.21,154.09,72.96,304.49,175.02,170.34,107.78,125.90,108.98,38.89,488.30,647.78,349.86,39.17,94.74,104.85,508.45,148.22,31.52,1330.00,203.04,56.58,62.40,237.41,801.54,62.90,226.07,29.55,428.46,68.39,73.88,58.18,110.23,81.55,13.70,119.63,79.19,77.09,59.68,33.54,135.56,491.76,133.68,27.02,120.51,207.96,36.53,194.20,54.31,505.51,185.79,61.21,59.95,202.19,38.43,89.44,140.20,480.54,31.20,22.43,76.26,211.23,115.96,71.26,43.92,66.96,226.46,427.94,29.88,230.48,111.69,142.95,,80.84,197.66
2023-08-14,43.72,177.38,317.24,140.57,239.76,303.81,51.90,130.25,130.76,82.51,540.21,42.78,67.54,15.72,111.98,49.97,138.62,65.00,134.13,368.94,35.09,167.11,480.49,239.80,158.06,72.82,305.08,177.10,169.30,107.22,127.00,109.67,39.75,496.18,652.45,349.37,39.62,94.76,105.28,522.25,152.37,32.06,1296.52,201.41,59.03,63.30,236.60,802.96,63.01,227.90,29.62,434.85,67.68,72.87,59.01,110.94,81.45,13.53,120.80,79.89,77.25,59.66,33.40,134.91,513.78,133.24,27.16,121.08,211.48,36.47,197.10,53.90,507.70,181.35,62.93,59.61,204.76,38.88,89.78,142.38,487.51,31.15,22.30,77.44,206.62,115.50,71.47,44.31,67.94,228.11,427.28,29.61,232.90,115.76,144.91,,81.31,199.87
2023-08-15,43.91,175.39,315.10,137.67,232.96,299.60,51.64,128.72,129.21,81.40,537.36,42.37,64.62,15.37,111.35,49.47,136.85,63.89,133.24,366.24,34.20,165.05,473.29,244.43,155.90,72.63,306.62,173.21,167.77,105.02,125.67,107.83,39.63,487.72,637.91,349.78,40.02,93.85,104.54,518.70,149.63,30.89,1286.04,200.59,58.59,61.14,235.67,800.50,63.42,226.16,29.10,436.74,66.82,72.05,58.21,110.83,78.84,13.42,119.63,78.83,76.41,59.17,33.20,133.53,508.13,129.85,27.07,119.75,209.53,36.02,191.86,52.88,509.37,180.13,59.15,58.69,201.63,37.62,88.52,139.51,486.14,30.90,22.51,75.44,203.05,114.21,70.21,44.04,66.29,230.89,428.08,29.20,230.59,114.51,142.71,,79.87,193.13
2023-08-16,43.45,174.52,314.34,135.07,225.60,292.00,51.66,127.65,128.06,80.48,537.88,41.54,63.52,15.45,107.19,49.11,135.07,62.96,132.92,364.72,32.98,164.92,463.96,243.52,153.64,71.14,299.32,169.25,166.60,103.58,125.47,106.99,39.05,486.22,632.76,343.41,39.44,92.86,103.42,514.49,149.00,30.42,1247.44,201.57,56.85,59.92,235.60,791.99,63.40,223.24,29.01,428.21,66.53,72.13,58.30,112.01,79.02,13.19,120.02,79.79,76.20,58.18,33.06,133.08,483.67,128.83,26.83,119.02,203.65,36.22,187.10,53.16,499.55,182.43,59.36,58.34,200.38,36.97,90.60,140.27,486.95,31.25,22.53,74.39,200.78,113.20,70.34,43.72,66.15,230.41,426.77,29.03,231.13,111.16,140.13,,79.37,186.97
2023-08-17,43.31,171.98,310.88,133.98,219.22,282.87,50.50,128.86,129.40,79.91,526.39,40.30,62.87,14.15,104.44,50.75,134.42,63.18,131.12,363.33,32.04,162.41,462.93,244.41,153.68,69.77,290.08,167.64,166.15,103.52,122.20,103.79,37.82,477.19,630.71,343.87,39.35,90.60,103.14,511.67,144.38,30.32,1196.56,197.52,57.04,60.61,235.02,791.38,62.11,220.31,29.09,424.10,65.83,71.76,57.25,109.90,79.66,12.76,118.47,77.88,75.47,57.41,32.97,133.62,475.29,127.99,26.93,117.12,198.70,36.36,185.00,52.92,486.42,183.89,58.29,57.83,194.02,34.68,90.29,138.08,478.20,31.08,21.97,73.77,195.39,111.82,68.07,42.99,66.01,224.06,424.83,28.96,226.56,107.81,135.65,,77.88,185.34
2023-08-18,43.27,172.47,310.49,133.22,215.49,281.04,51.23,126.42,127.07,79.78,524.31,40.45,62.90,14.40,105.45,51.04,139.37,63.61,130.90,362.11,32.21,162.16,467.84,242.53,154.36,69.20,285.95,167.89,166.68,103.54,120.09,104.85,38.23,476.71,641.47,344.82,38.94,91.22,103.09,508.13,146.80,29.91,1199.59,197.28,57.07,60.07,235.74,806.95,62.53,220.55,29.67,426.02,65.76,71.98,57.36,115.41,76.98,12.78,118.84,77.82,76.29,57.16,33.34,134.10,472.29,125.06,27.04,116.73,199.68,36.41,186.94,52.94,483.73,186.03,59.10,58.10,193.68,32.86,93.63,137.46,475.85,31.16,21.73,74.06,200.10,111.33,68.04,43.42,66.02,224.42,420.47,29.11,226.81,106.05,136.21,,78.29,186.30
2023-08-21,46.93,173.80,315.79,134.68,231.28,287.64,51.09,127.32,127.88,83.58,522.64,40.83,63.26,14.50,108.22,51.41,145.34,65.19,130.33,364.42,32.59,161.13,480.32,241.49,155.71,69.26,286.67,169.30,167.01,104.08,119.84,120.40,39.01,478.97,648.50,350.74,39.03,90.49,104.41,520.47,153.90,30.41,1228.51,195.06,59.49,61.14,235.80,838.70,63.03,225.00,29.51,436.47,65.39,71.56,57.42,115.83,78.06,12.65,118.98,76.60,76.21,58.39,33.14,134.47,488.55,124.00,26.90,116.96,202.02,36.16,191.74,52.73,481.97,188.73,59.19,57.72,198.42,33.53,94.69,139.56,477.47,31.05,22.00,75.48,196.94,111.42,68.65,43.49,65.98,227.23,420.08,28.96,228.23,104.68,142.78,,78.52,184.15
2023-08-22,45.63,175.18,316.36,134.25,233.19,285.36,50.93,128.02,128.63,82.68,517.98,41.32,62.72,14.67,105.66,51.43,144.45,64.96,129.95,364.52,32.35,159.90,476.41,238.64,154.93,69.63,287.16,168.76,166.18,102.94,120.70,117.28,39.48,478.62,653.40,350.40,38.78,90.13,104.56,519.48,152.33,30.42,1242.73,199.10,59.05,61.50,234.32,834.99,62.27,225.51,29.32,436.39,64.91,71.61,57.35,114.50,77.49,12.54,118.88,77.84,76.53,58.32,33.26,134.33,490.25,127.08,26.74,117.88,200.58,36.40,189.88,52.72,488.35,189.38,60.66,58.26,199.35,32.95,93.69,140.48,479.02,30.88,21.65,75.21,198.96,110.38,68.61,43.79,66.78,226.26,413.38,28.80,227.60,106.98,141.90,,79.08,190.04
2023-08-23,47.08,179.02,320.81,135.52,236.86,291.95,51.29,131.28,132.13,84.69,520.38,42.76,64.48,15.30,109.43,51.91,144.91,66.06,131.08,365.25,33.42,162.11,483.85,238.40,157.45,70.26,290.39,169.54,167.13,104.54,121.67,117.83,40.18,491.33,662.80,350.60,38.69,89.29,106.70,530.71,153.81,30.89,1258.87,198.42,60.95,61.76,235.62,835.17,63.14,233.58,29.79,448.24,66.08,72.35,57.91,118.48,77.92,12.70,120.25,77.34,77.18,59.19,33.53,134.26,508.68,128.13,26.95,119.65,204.36,36.62,191.25,52.33,503.03,190.38,61.43,58.37,203.12,34.64,95.44,144.55,484.43,31.07,22.09,75.55,200.30,112.39,68.67,45.08,67.61,230.22,415.28,28.96,231.14,104.38,145.47,,80.32,191.69
2023-08-24,47.13,174.34,313.91,131.84,230.04,284.52,50.89,128.72,129.36,82.55,512.54,40.69,63.00,14.14,101.80,51.23,139.54,63.90,128.18,364.85,32.05,161.25,466.31,237.71,153.52,69.61,285.64,165.92,165.42,102.04,118.84,113.72,39.31,489.01,634.12,346.77,38.50,88.96,105.21,512.43,145.45,30.01,1215.31,194.06,56.78,60.58,234.57,825.63,62.34,228.04,29.37,435.86,65.50,71.80,57.03,115.54,78.27,12.70,119.44,76.13,75.90,58.15,33.31,134.97,477.89,124.72,26.55,118.26,208.60,36.47,184.33,51.87,486.02,186.77,60.39,58.35,201.17,33.66,91.85,139.66,480.14,30.86,21.93,72.90,196.01,111.59,68.11,43.04,67.20,224.87,411.99,28.99,230.48,100.98,139.74,,79.56,184.02
2023-08-25,45.98,176.54,316.87,133.26,238.59,283.28,51.20,128.82,129.63,82.29,514.76,41.60,63.03,14.53,102.25,51.65,141.34,64.32,128.21,368.38,32.70,163.29,471.53,237.49,155.58,70.10,297.55,170.19,166.43,103.74,119.47,115.38,39.76,509.17,637.24,350.06,38.70,89.57,104.17,525.06,149.58,29.72,1237.84,195.04,53.02,60.13,237.62,824.78,62.07,232.51,29.70,442.24,66.10,72.26,57.34,115.68,79.91,12.27,121.43,78.02,76.39,58.81,33.46,135.46,478.94,125.79,26.88,118.04,215.92,36.67,186.59,52.39,492.68,189.26,60.86,58.94,201.34,33.60,92.60,141.42,486.12,30.72,21.84,74.40,198.43,112.62,68.27,43.80,67.23,236.97,416.78,29.28,232.95,100.76,142.76,,80.20,191.02
2023-08-28,46.80,178.10,317.57,133.14,238.82,288.00,51.49,129.94,130.72,83.19,516.86,41.81,64.60,14.64,102.61,52.12,142.38,64.91,129.97,368.84,33.07,164.04,476.19,237.65,156.40,70.26,301.48,172.27,167.85,105.02,120.53,116.21,40.65,509.00,645.05,351.60,39.13,91.04,103.68,529.92,144.03,31.17,1249.46,197.71,54.67,61.67,238.88,825.31,62.30,233.55,29.66,443.68,66.15,72.14,57.71,116.58,80.76,12.79,122.18,78.50,76.75,58.70,34.04,136.49,483.63,126.15,26.96,118.86,217.09,36.62,189.47,52.63,493.08,191.66,61.34,58.35,204.96,34.44,92.54,140.80,486.95,31.11,21.62,75.27,200.71,112.92,68.99,43.90,67.76,236.30,432.00,29.27,233.69,99.29,141.34,,81.77,191.40
2023-08-29,48.75,181.99,322.19,134.91,257.18,295.67,51.92,133.47,134.39,85.98,523.21,43.00,65.95,15.40,105.92,52.45,146.84,66.70,131.47,373.46,33.75,164.66,487.33,240.51,158.25,71.33,310.39,174.40,169.31,107.00,122.15,116.96,41.22,526.28,653.39,351.26,39.81,93.02,103.85,540.57,146.70,31.27,1304.66,201.25,55.62,61.98,238.84,824.62,63.11,237.79,29.55,451.57,66.08,72.53,58.49,117.64,93.22,12.95,122.98,81.96,74.66,60.63,34.13,136.95,502.19,132.25,27.06,119.48,219.40,36.85,195.11,52.72,511.49,194.46,62.17,59.55,210.57,38.15,93.81,141.39,489.42,31.30,21.61,76.84,205.14,112.72,70.15,44.50,68.51,241.67,451.10,29.20,234.87,100.58,144.39,,82.37,198.90
2023-08-30,49.23,185.48,322.57,135.07,256.90,292.80,52.29,134.77,135.81,86.20,522.71,43.47,67.35,16.33,106.59,52.68,147.79,66.88,132.10,373.69,33.96,164.80,487.74,238.88,156.90,70.83,318.58,173.45,168.45,107.27,122.93,118.95,42.98,530.29,655.40,350.76,40.10,93.10,104.05,545.36,149.18,32.00,1343.13,200.47,56.82,63.63,239.39,829.35,63.48,239.88,29.64,457.28,66.17,72.36,58.15,118.26,98.14,13.11,123.87,82.73,74.54,61.22,34.08,137.06,504.46,130.61,27.18,119.08,221.55,36.78,195.79,52.48,510.81,197.16,63.08,60.00,211.81,37.17,94.16,141.83,493.81,31.18,22.08,76.86,211.10,113.23,70.06,45.07,68.60,243.14,439.51,29.12,237.35,103.42,147.28,,82.60,202.26
2023-08-31,49.32,185.69,321.56,138.01,258.08,293.59,52.75,135.05,136.23,89.16,529.48,43.37,69.18,14.98,105.72,53.18,149.57,68.43,131.00,373.64,34.56,163.06,491.24,237.45,155.81,69.75,312.68,173.65,167.90,108.47,121.92,121.65,43.22,531.50,646.56,348.34,39.79,91.41,102.49,559.34,163.03,33.87,1372.36,198.67,57.73,66.08,239.09,820.94,62.65,240.44,29.13,458.89,65.88,71.41,57.41,118.41,98.97,13.14,123.42,84.13,74.15,60.21,34.22,137.48,510.40,131.55,27.08,118.51,221.94,36.51,195.64,51.98,511.41,197.82,62.18,59.53,210.36,35.75,96.48,142.20,490.31,31.07,21.89,76.72,212.91,112.95,70.12,44.83,68.71,244.50,438.12,28.96,237.89,100.98,156.05,,81.99,204.06
2023-09-01,48.47,187.27,322.44,138.12,245.01,294.07,52.41,134.55,135.69,84.29,524.63,43.99,69.62,15.18,109.45,53.64,150.77,68.38,132.04,376.69,36.01,160.68,496.28,237.80,157.45,69.91,310.41,175.10,168.30,109.28,122.31,121.36,43.19,539.14,648.50,351.10,38.92,91.94,105.57,563.21,161.23,34.59,1421.64,200.93,57.43,68.80,240.16,826.05,63.16,243.56,29.54,460.45,64.43,70.61,56.55,118.63,103.29,11.56,123.69,84.04,75.26,60.87,34.80,140.09,514.04,132.69,26.94,119.07,220.02,36.39,199.67,51.41,511.29,201.17,63.23,57.86,214.54,35.15,97.73,141.83,490.78,30.97,22.64,77.14,215.39,113.11,68.93,44.98,68.83,248.49,422.32,28.52,238.50,101.90,158.38,,82.57,204.45
2023-09-05,48.51,187.50,327.24,137.27,256.49,297.81,51.99,134.66,135.60,84.26,525.09,44.87,69.52,15.21,110.78,53.10,150.40,68.27,131.62,369.61,36.11,159.62,501.69,235.29,157.37,68.55,307.68,174.25,165.90,110.38,123.48,122.54,42.54,540.10,649.52,348.26,37.92,90.85,104.35,564.88,165.43,34.46,1435.05,196.25,57.37,66.17,237.43,817.39,63.04,245.51,28.86,466.85,64.31,69.22,55.96,117.57,101.06,11.64,121.60,83.68,73.58,61.91,35.05,139.67,517.76,142.29,26.38,120.01,219.46,35.95,197.40,50.57,496.01,200.34,63.40,57.53,208.62,34.92,98.00,141.18,484.74,30.51,26.37,76.46,212.25,112.16,67.35,45.20,68.10,247.21,408.99,28.49,236.31,100.33,162.74,,83.08,205.91
2023-09-06,47.03,180.79,326.58,135.36,251.92,296.84,52.38,133.36,134.27,84.27,526.98,44.58,69.64,15.30,109.28,53.01,149.98,67.83,128.96,371.24,36.37,160.14,502.59,230.66,155.80,67.71,307.84,174.86,164.83,108.61,123.34,122.61,42.23,540.47,651.95,344.32,38.24,90.01,104.93,561.94,166.23,34.20,1425.97,197.61,56.20,66.49,235.74,812.90,62.99,246.70,28.67,465.69,64.43,69.57,56.28,116.92,101.59,11.49,121.36,82.59,74.56,62.23,35.19,141.40,512.33,141.77,26.27,119.42,222.20,36.27,197.61,51.26,487.96,201.45,62.47,57.55,208.82,35.07,97.66,140.97,486.32,30.65,26.43,75.99,213.50,111.23,66.67,45.47,68.42,248.41,419.98,28.51,239.12,106.88,158.35,,82.99,206.40
2023-09-07,46.21,175.50,323.67,137.85,251.49,296.34,53.03,134.15,135.09,82.80,528.84,44.31,69.11,15.21,106.59,52.66,145.13,65.92,131.99,374.47,37.55,161.67,486.65,235.65,152.71,67.43,297.22,171.29,164.49,100.77,121.86,122.72,42.48,543.08,624.30,343.96,38.16,89.22,106.80,560.46,166.64,32.69,1436.35,195.12,56.07,59.22,236.05,819.72,63.05,241.46,28.44,458.09,64.72,70.44,56.64,116.41,96.61,11.03,121.79,82.02,74.84,63.17,35.17,140.28,495.65,143.27,26.03,119.46,221.01,36.92,194.02,51.49,477.21,201.10,61.32,56.90,213.20,35.31,96.68,142.23,485.68,30.75,26.59,74.15,216.06,111.07,65.60,44.60,68.37,250.47,416.98,28.60,240.78,104.91,161.02,,83.62,206.92
2023-09-08,45.54,176.12,327.94,138.23,248.50,295.57,53.13,135.26,136.08,82.85,531.32,44.28,69.42,15.13,106.09,52.55,144.45,65.16,132.33,374.65,37.38,161.55,487.19,240.31,152.66,69.31,298.22,170.34,164.84,100.52,123.42,124.37,42.12,540.08,614.58,343.05,38.32,89.39,106.90,560.36,168.09,32.72,1428.19,200.56,55.24,61.02,235.34,825.12,63.89,237.99,28.88,459.14,64.55,70.81,56.37,116.35,95.34,11.32,121.21,82.17,76.15,64.07,34.93,141.33,490.49,145.82,25.64,120.26,219.19,36.92,193.10,51.92,465.79,201.43,60.66,56.95,207.54,35.63,97.66,142.77,482.89,30.80,26.26,73.85,214.71,111.39,64.60,44.69,68.45,250.63,422.42,28.85,240.01,104.35,160.77,,82.57,206.60
2023-09-11,45.15,177.28,331.54,143.10,273.58,305.17,53.31,135.80,136.62,83.00,538.64,44.54,69.27,15.79,105.32,52.71,143.64,64.65,134.86,377.11,37.96,163.99,483.69,242.44,153.75,70.26,302.35,170.51,166.35,104.44,124.97,126.57,42.40,538.85,614.43,347.22,38.52,89.75,108.22,564.50,172.29,32.29,1422.93,199.30,55.81,60.03,234.23,827.94,62.83,243.24,29.11,461.82,65.98,70.86,56.78,115.40,97.40,11.58,121.88,83.29,76.79,65.07,34.74,138.19,476.08,147.33,25.68,121.03,218.74,36.92,193.53,52.25,471.51,203.72,61.60,57.92,209.90,34.27,101.88,145.38,489.13,30.95,26.50,74.49,213.19,110.79,66.31,45.00,68.44,252.21,435.84,29.44,240.63,107.29,165.05,,82.41,214.03
2023-09-12,44.84,174.26,325.49,141.23,267.48,299.31,53.37,134.23,134.96,81.59,538.65,43.47,69.54,15.59,105.31,52.29,140.96,63.78,134.71,375.73,38.22,163.38,475.51,241.13,151.57,70.04,301.55,168.02,169.03,105.34,124.61,122.86,41.70,535.61,605.71,346.55,38.46,90.29,106.76,542.21,169.68,31.84,1399.14,198.95,55.15,58.55,234.06,827.18,61.62,236.46,29.50,454.36,65.70,70.88,56.15,115.41,98.88,11.33,125.29,82.87,76.79,63.50,35.08,141.59,464.11,147.50,25.64,119.93,211.80,36.91,190.68,52.05,470.12,211.65,62.48,57.34,207.83,34.78,98.22,143.19,485.04,30.71,26.93,73.47,211.93,110.67,65.10,44.22,67.29,247.73,436.61,29.37,240.15,104.86,160.22,,81.76,211.22
2023-09-13,45.45,172.19,329.70,144.85,271.30,302.68,53.38,135.59,136.38,82.40,539.58,41.22,70.08,15.60,107.71,52.19,141.56,64.36,136.05,373.04,38.07,164.68,473.36,238.28,152.38,70.51,302.70,169.09,171.16,106.68,122.34,123.14,40.81,531.64,604.00,346.84,38.46,90.93,107.52,553.56,168.47,32.53,1397.46,195.47,55.10,59.17,233.87,820.71,61.79,241.13,29.41,466.86,65.91,72.26,56.52,113.87,98.26,11.41,126.02,82.23,75.04,62.62,34.26,141.12,460.61,144.71,25.73,120.19,212.26,37.43,191.54,52.89,458.29,211.65,62.51,57.63,204.82,34.18,97.48,144.36,486.80,30.59,26.30,73.75,209.86,110.24,64.23,44.31,67.84,245.19,439.40,29.05,241.17,105.22,158.40,,81.04,208.89
2023-09-14,45.55,173.70,332.29,144.72,276.04,309.29,53.61,136.97,137.86,84.21,544.41,40.05,71.01,15.83,106.63,52.27,141.55,64.14,137.61,377.55,38.03,166.10,469.73,242.97,153.95,71.24,303.74,172.45,172.92,108.00,125.56,122.91,42.60,537.18,608.74,349.42,39.12,91.15,110.66,552.16,170.73,32.88,1383.43,199.35,55.34,59.97,234.32,826.79,62.71,242.82,29.94,466.15,66.92,73.41,56.87,114.83,99.07,11.73,128.13,82.98,77.38,63.10,34.68,143.05,469.24,144.12,25.78,121.53,216.67,38.07,193.73,53.87,462.08,193.06,64.10,58.61,200.51,34.64,97.51,144.40,490.67,31.08,26.67,75.02,212.51,109.91,65.70,44.85,68.10,245.08,449.37,29.56,244.39,101.55,159.23,63.59,80.66,209.40
2023-09-15,43.87,172.98,323.97,140.39,274.39,297.97,53.41,136.27,137.17,82.28,536.31,39.69,69.12,15.33,101.49,51.97,135.36,60.88,136.46,375.79,37.26,164.82,444.60,241.51,150.77,69.69,295.54,170.98,172.46,107.15,124.09,120.10,42.82,527.84,584.04,348.90,38.59,90.28,108.17,528.89,165.45,32.81,1396.66,198.33,54.00,59.51,231.51,817.87,62.01,234.08,29.75,451.93,66.51,72.90,56.14,115.19,99.46,11.84,126.09,80.93,76.79,61.02,34.19,141.08,454.61,142.75,25.97,118.99,213.35,37.90,188.65,53.22,450.69,184.99,63.87,58.12,201.80,34.08,94.55,142.91,487.12,30.74,26.61,72.77,206.21,107.17,66.12,43.88,67.33,240.86,447.95,29.28,241.60,96.35,156.10,60.75,79.12,203.03
2023-09-18,43.94,175.91,322.83,139.98,265.28,300.19,53.01,137.08,137.83,82.12,542.44,39.44,69.73,15.46,102.37,52.03,137.34,62.11,135.39,375.35,37.37,164.40,446.84,243.76,150.96,69.64,298.17,172.50,173.72,106.78,124.02,119.94,44.01,524.83,585.08,352.00,38.84,90.77,108.96,532.42,166.97,32.85,1383.73,195.91,54.29,59.96,233.37,818.98,61.96,236.83,29.99,460.01,66.44,73.08,56.27,114.70,99.81,11.66,126.01,80.92,77.75,60.45,34.47,141.54,453.59,142.55,25.83,119.12,213.52,37.75,190.48,53.23,450.27,179.77,62.61,58.65,201.92,34.06,94.50,141.33,490.41,31.07,26.55,73.07,208.18,107.48,65.97,44.43,67.38,244.33,455.73,29.25,242.16,95.30,154.72,58.00,79.72,204.88
2023-09-19,43.49,177.00,322.43,137.63,266.50,302.69,53.00,136.91,137.70,82.04,544.01,39.62,69.94,15.15,101.61,51.78,134.83,61.08,136.98,377.53,35.74,163.43,447.62,244.84,151.25,69.78,299.65,171.57,174.52,104.86,122.23,118.08,39.73,519.12,581.21,358.26,38.92,89.40,108.77,541.69,165.50,33.05,1342.64,193.82,53.60,60.55,232.01,831.14,61.95,236.56,29.81,460.02,66.11,72.92,56.01,113.37,98.35,11.64,126.13,79.19,76.75,60.44,34.21,140.75,448.29,141.85,25.77,119.52,212.06,37.37,190.33,53.72,457.38,175.66,61.86,58.51,200.16,33.93,92.89,143.91,493.95,30.84,26.31,72.91,203.80,107.33,65.81,44.57,67.25,243.10,449.68,29.71,242.24,94.16,155.05,55.17,80.06,205.36
2023-09-20,42.21,173.46,314.70,135.29,262.59,297.34,53.17,132.64,133.49,80.68,543.51,38.63,68.92,14.74,100.34,51.47,134.11,60.47,136.60,366.91,34.12,163.48,442.60,251.46,150.29,69.83,291.96,169.01,173.71,103.44,120.51,117.65,39.33,513.63,577.40,352.31,38.72,89.27,108.36,535.78,163.89,34.36,1326.34,195.11,52.46,61.26,230.15,826.04,63.06,234.20,30.20,453.28,66.23,73.28,55.76,112.05,94.48,11.50,125.96,78.95,76.82,60.15,33.85,138.49,443.47,138.01,25.53,118.98,207.73,37.15,186.34,55.04,455.35,175.52,60.54,59.54,200.95,33.35,92.05,140.72,495.31,31.18,25.52,71.92,203.35,106.87,64.71,44.02,66.70,237.80,448.17,29.78,242.26,92.63,154.23,52.91,81.13,200.82
2023-09-21,40.99,171.92,313.48,129.33,255.70,293.43,52.53,129.37,130.29,78.52,535.07,38.42,67.16,14.00,96.11,49.46,132.36,59.64,134.60,360.73,34.08,160.74,437.45,249.56,148.71,69.32,284.35,166.86,171.02,102.24,119.22,113.72,38.44,494.77,569.80,354.28,38.89,87.34,108.18,513.88,162.53,33.45,1293.28,190.53,51.37,61.09,225.29,817.85,61.76,228.58,29.92,444.27,65.37,72.76,54.75,110.28,92.17,11.51,123.49,75.61,75.52,58.78,33.15,137.10,431.25,132.75,25.44,117.35,204.06,36.82,185.42,54.51,438.65,173.85,58.31,58.68,197.13,32.61,88.42,135.94,486.94,30.77,26.34,71.33,196.13,104.71,63.59,43.14,66.41,230.17,446.82,30.19,236.95,89.08,148.79,52.16,78.23,189.95
2023-09-22,41.58,172.77,311.01,129.12,244.88,296.75,52.66,129.18,130.18,80.53,538.45,37.98,68.13,14.13,96.20,49.68,133.32,60.49,133.98,361.23,33.62,160.63,442.25,247.98,148.63,69.08,288.20,168.43,169.54,101.98,120.26,114.25,37.76,498.89,574.68,349.53,38.55,87.88,108.59,512.90,162.57,33.97,1276.96,189.74,51.83,61.51,225.88,819.31,62.40,230.66,30.09,446.85,65.11,72.11,54.52,108.84,95.93,11.10,123.57,76.18,76.53,58.24,33.47,136.39,439.98,132.20,25.50,117.54,204.04,36.59,188.09,54.83,435.69,171.55,57.57,58.98,197.39,32.28,88.76,138.24,486.29,30.58,26.17,72.26,195.42,104.38,64.03,43.16,66.79,230.82,445.21,29.90,237.96,87.50,151.71,51.32,78.06,195.46
2023-09-25,42.19,174.04,311.53,131.27,246.99,298.49,52.90,130.04,131.09,81.00,538.48,38.48,67.83,14.22,97.38,49.59,133.73,60.64,134.62,364.73,33.73,159.77,445.74,247.20,149.17,68.91,293.25,168.38,171.40,104.58,121.64,113.26,38.20,498.64,573.73,350.67,38.19,87.00,110.41,511.60,159.92,33.58,1290.53,188.34,52.16,60.81,226.51,829.04,62.24,231.25,30.04,447.83,64.45,71.67,54.65,106.90,96.69,10.66,123.75,75.47,77.01,58.11,33.94,138.26,443.75,134.14,25.77,118.25,205.67,36.67,189.36,54.61,437.24,170.77,58.55,58.78,201.26,32.76,88.84,138.75,483.96,29.99,25.78,72.59,193.24,105.67,66.17,43.37,66.91,231.59,440.02,30.04,238.68,86.06,148.97,54.44,78.12,196.46
2023-09-26,41.88,169.97,306.23,125.98,244.12,296.63,52.71,127.52,128.40,79.28,533.03,37.92,67.20,13.96,95.96,48.88,131.28,59.21,135.05,359.53,33.27,158.11,435.73,249.22,146.45,69.56,290.74,165.42,167.85,103.91,120.18,113.39,38.59,493.61,560.59,351.69,37.65,86.31,106.75,506.30,160.48,33.32,1268.62,187.20,51.25,59.83,223.89,826.82,60.97,229.26,29.53,444.35,65.24,69.53,54.29,106.79,93.93,10.69,117.23,74.58,75.57,57.43,33.76,138.64,435.32,132.28,25.61,116.91,201.66,35.62,186.37,52.99,432.42,175.05,58.62,58.19,196.58,31.73,86.57,137.38,474.99,29.69,25.77,71.29,189.61,104.16,65.90,42.73,65.86,229.24,428.72,30.20,237.43,88.62,148.03,53.52,76.30,191.40
2023-09-27,42.44,168.46,306.87,125.98,240.50,295.42,52.46,129.47,130.39,79.34,543.22,37.76,67.47,14.85,98.07,49.33,132.24,59.99,134.32,360.32,34.04,155.41,436.12,249.16,146.61,69.58,291.43,165.87,167.85,103.41,121.05,115.95,39.56,498.57,562.38,349.65,37.96,85.53,108.97,502.60,163.04,33.54,1256.52,189.27,52.08,60.66,228.98,826.97,60.94,230.65,29.20,446.71,64.71,69.10,53.12,106.17,95.00,11.03,117.77,78.15,76.42,58.14,34.27,142.42,432.03,134.03,25.90,116.53,202.28,35.31,188.00,52.52,436.86,176.86,57.04,57.85,197.02,31.56,87.83,137.78,478.10,29.24,25.90,71.71,194.65,107.67,67.96,43.05,65.44,230.81,433.42,29.79,235.67,92.09,148.87,52.99,76.35,197.52
2023-09-28,43.06,168.71,307.70,125.98,246.38,301.59,52.73,131.23,132.05,80.82,548.13,37.64,64.49,15.77,102.76,49.97,135.33,61.32,134.32,361.75,34.60,155.35,448.39,250.87,147.50,69.46,296.15,169.32,167.16,105.22,121.92,117.59,39.74,502.49,568.37,352.50,38.18,85.45,107.57,504.67,165.25,34.47,1274.14,194.80,53.51,61.98,229.62,828.97,61.16,234.01,29.48,460.71,64.54,68.01,53.16,108.99,95.61,10.69,118.46,77.80,77.23,58.60,34.59,142.34,443.56,136.47,26.17,117.72,207.89,34.47,191.66,52.21,436.98,174.03,57.87,58.31,200.05,32.89,88.96,140.20,478.95,29.24,25.76,73.69,196.08,108.23,69.46,43.43,65.10,211.22,444.48,29.54,236.57,95.46,150.92,55.49,76.81,196.94
2023-09-29,43.47,169.23,309.77,127.12,250.22,297.87,51.88,129.79,130.78,80.68,544.60,37.76,67.29,16.00,102.82,49.85,135.56,61.24,134.66,360.65,34.97,155.29,448.94,248.96,147.42,69.02,292.29,168.06,165.04,105.18,121.10,117.22,39.96,501.22,576.21,347.74,37.73,85.62,107.33,509.90,167.38,34.34,1267.88,191.89,53.64,62.22,227.04,817.44,60.59,234.30,29.66,458.97,64.55,68.51,52.95,110.10,98.07,10.86,117.75,79.47,76.61,58.68,33.39,140.29,453.45,137.21,25.70,118.93,206.91,34.39,191.08,52.53,437.27,177.10,58.15,58.01,201.57,32.83,91.09,140.39,475.79,29.34,25.25,73.17,198.99,106.58,67.73,43.09,65.00,214.85,439.82,29.44,232.34,93.30,155.59,53.52,76.89,201.51
2023-10-02,44.75,171.74,315.71,129.46,251.60,304.43,51.93,133.07,134.07,81.10,550.72,38.03,67.22,15.88,103.27,50.44,136.59,61.64,133.90,358.57,34.88,155.04,450.87,246.69,148.29,68.24,294.98,168.38,163.14,105.22,121.48,118.39,40.82,507.95,569.86,347.83,37.86,85.49,103.05,521.13,169.54,34.22,1259.41,189.14,54.10,62.45,225.90,812.54,59.91,236.49,29.45,463.82,63.71,65.44,52.54,111.58,99.67,10.51,118.70,79.44,76.38,58.63,32.68,136.05,450.84,136.56,25.80,118.68,208.99,33.31,191.34,50.52,430.95,178.96,58.25,56.65,198.64,32.95,91.84,139.00,475.40,29.01,25.37,73.47,196.15,105.14,67.53,43.62,65.02,213.66,438.50,28.96,232.45,94.55,160.89,52.26,75.97,197.46
2023-10-03,43.49,170.40,307.46,124.72,246.53,298.60,51.61,131.34,132.21,79.15,544.67,37.67,67.09,14.90,100.08,50.11,133.86,60.40,131.18,361.11,35.10,153.70,442.27,241.78,145.79,67.48,288.04,164.62,161.82,104.36,118.22,115.86,39.13,497.82,558.53,345.15,37.22,83.94,103.21,507.03,162.03,33.73,1228.28,185.86,52.09,61.72,226.89,802.89,59.31,228.69,29.68,450.72,62.88,66.32,50.67,109.09,97.90,10.35,117.72,77.25,75.73,57.61,32.65,136.68,440.62,127.73,25.49,118.09,203.28,33.71,186.57,51.26,425.21,172.91,57.00,55.42,197.01,31.13,86.97,137.56,471.61,28.90,24.32,71.95,192.06,105.57,66.67,42.62,64.58,207.30,432.17,28.98,230.88,90.94,151.46,51.57,75.16,190.62
2023-10-04,44.01,171.65,312.92,127.00,261.16,303.20,52.23,134.13,135.16,80.02,551.19,37.69,67.37,15.73,104.07,49.92,136.39,61.79,132.74,366.71,35.34,154.81,451.28,245.88,146.46,68.83,290.28,166.81,163.04,104.03,119.62,118.22,40.33,507.61,578.36,352.97,37.24,85.51,104.46,518.42,164.05,34.09,1231.56,190.19,52.83,62.24,230.25,809.52,59.81,235.05,29.75,461.32,63.88,66.76,52.33,109.17,98.16,10.29,118.47,77.93,78.10,58.26,31.33,131.80,448.71,127.41,25.88,119.24,207.06,34.04,189.42,51.99,433.21,169.17,58.26,56.81,198.63,32.04,88.53,139.63,479.59,29.47,24.15,72.90,194.61,106.53,67.57,43.73,64.81,209.37,432.84,29.13,235.97,87.70,155.12,53.46,76.43,189.84
2023-10-05,44.66,172.88,313.32,125.96,260.05,302.42,51.60,133.96,134.88,80.03,548.99,37.26,68.30,15.81,102.91,49.57,136.37,61.15,132.14,358.23,35.30,146.73,451.31,245.55,143.81,68.79,290.09,165.19,160.82,103.99,118.54,118.39,39.70,507.36,569.38,355.14,36.85,86.66,106.15,516.44,165.29,34.70,1214.38,190.14,52.68,62.85,229.67,825.54,60.05,234.77,29.33,459.75,60.53,64.97,50.09,108.90,98.36,10.09,117.96,73.81,77.70,58.02,31.53,131.45,443.40,124.99,25.82,119.31,203.96,34.04,186.81,51.85,430.52,178.71,57.17,54.34,198.69,32.34,89.54,140.20,481.28,28.08,25.04,72.51,196.11,106.15,67.29,44.04,64.96,205.14,431.78,28.29,234.69,84.00,153.30,52.51,79.49,187.85
2023-10-06,45.73,175.43,321.07,127.96,260.53,312.97,50.74,136.45,137.60,82.11,537.43,38.15,69.31,16.61,107.24,49.92,137.36,61.37,133.67,361.80,35.59,146.91,458.14,247.76,145.56,68.83,295.68,166.98,164.97,105.01,119.74,123.35,40.38,524.06,584.72,360.62,37.24,87.11,108.40,526.68,176.69,34.92,1237.53,191.32,54.10,62.32,232.52,830.96,60.14,243.95,29.81,473.26,58.94,65.75,49.97,109.55,105.64,10.28,120.75,74.51,78.83,59.93,31.89,136.99,464.91,126.36,26.39,121.46,210.04,34.65,190.22,52.65,445.98,176.92,57.46,54.67,203.68,34.06,94.43,140.91,486.84,27.95,24.44,74.56,199.70,108.49,68.14,44.83,65.10,213.63,431.16,28.03,236.01,83.22,163.59,54.08,80.64,199.21
2023-10-09,45.24,176.92,323.58,128.26,259.67,315.88,50.55,137.29,138.36,83.14,538.82,38.60,68.84,17.61,106.97,50.36,137.22,61.33,134.74,361.98,35.47,147.89,456.88,251.53,145.30,69.13,294.49,166.36,166.63,105.88,118.18,126.39,40.85,525.65,578.86,355.20,37.77,86.95,109.59,529.29,181.82,34.17,1238.38,189.81,53.84,62.49,236.10,826.24,60.98,247.34,29.97,479.92,59.32,67.09,49.64,110.22,106.96,10.53,122.95,76.08,78.79,59.51,32.90,141.73,467.21,127.77,26.56,123.07,210.56,35.21,189.36,52.92,442.25,168.32,57.65,53.48,207.99,34.04,90.73,143.13,491.49,27.64,24.51,74.46,208.81,110.11,67.49,45.21,65.42,217.75,442.42,28.44,240.04,83.09,168.86,54.25,81.57,202.58
2023-10-10,45.77,176.32,322.17,129.48,263.62,319.33,51.12,136.93,138.07,83.38,541.83,37.33,68.43,17.80,109.01,50.32,138.44,61.99,136.92,367.05,35.83,150.67,464.10,251.26,146.17,69.96,297.83,168.90,166.47,106.36,120.17,128.39,40.53,530.76,589.41,360.57,38.09,87.42,111.19,532.72,183.85,34.13,1258.31,193.74,54.62,62.82,235.13,829.36,61.21,249.75,30.42,490.11,59.19,67.61,50.40,110.25,109.55,10.67,124.03,81.43,78.19,59.40,33.00,141.65,480.93,131.59,26.27,126.51,212.47,35.74,192.83,53.30,450.70,169.06,57.41,54.53,209.44,34.05,91.63,145.24,489.16,28.15,24.81,75.73,215.29,109.44,67.87,45.61,65.12,220.92,444.72,28.42,240.42,85.21,171.88,55.71,82.00,206.00
2023-10-11,46.77,177.72,326.13,131.83,262.99,325.27,51.33,139.40,140.55,84.95,545.14,36.59,69.56,17.92,108.31,50.12,139.21,62.70,137.61,366.77,36.27,149.04,472.41,262.70,145.86,70.88,281.79,167.89,167.42,105.24,120.62,129.60,40.28,532.20,593.37,365.25,37.90,86.26,113.23,549.91,188.22,34.91,1243.95,193.55,54.71,65.63,235.42,830.46,61.09,252.98,30.49,494.95,58.51,68.57,49.60,110.80,110.07,10.96,125.46,80.80,78.11,58.97,33.00,143.89,492.75,130.00,26.34,128.10,213.20,36.43,194.46,53.99,445.88,167.82,57.76,54.25,209.76,33.46,89.44,144.75,493.92,27.23,25.09,76.15,220.00,109.65,67.47,46.15,65.58,222.00,449.82,28.39,241.46,78.97,173.05,54.68,81.87,199.45
2023-10-12,46.91,178.62,324.89,132.33,258.87,321.64,51.56,137.83,139.15,87.97,543.46,36.12,69.10,17.94,108.79,50.30,141.97,64.00,135.70,365.84,36.23,144.88,490.50,264.04,143.70,70.69,266.12,166.63,164.33,105.56,119.72,130.31,39.69,534.00,603.71,368.00,37.61,85.76,113.87,559.63,187.56,34.33,1229.96,193.10,54.19,65.43,233.72,832.86,61.30,252.20,30.05,496.23,56.78,66.93,47.54,110.34,106.90,10.32,126.07,80.10,76.86,58.00,32.87,147.07,483.91,125.97,28.32,129.96,212.77,36.24,193.41,53.38,428.31,165.29,56.06,53.62,208.93,32.36,87.98,141.62,494.19,25.93,24.46,75.47,215.41,109.56,66.20,45.93,63.29,215.75,447.68,26.97,241.92,75.49,170.65,51.85,80.18,186.40
2023-10-13,45.43,176.78,321.53,129.79,251.12,312.24,51.85,136.23,137.45,85.79,546.41,35.57,68.57,17.36,105.09,50.22,138.19,63.04,136.21,366.01,35.38,146.64,476.50,263.17,141.62,71.51,273.15,164.20,163.99,102.91,115.84,129.70,38.52,523.82,587.06,371.00,37.53,85.82,111.87,548.76,185.72,34.39,1223.50,188.34,52.21,64.56,233.57,834.00,61.76,250.25,30.03,489.67,57.23,67.83,47.72,109.21,106.10,10.37,125.49,75.37,75.48,57.76,32.95,150.88,466.94,124.08,28.28,129.68,209.47,36.35,185.90,54.03,426.18,168.12,55.45,53.85,199.57,31.82,88.06,142.83,489.80,26.13,24.76,72.61,215.43,109.02,66.81,45.75,63.12,214.89,449.27,27.51,243.51,76.19,168.52,50.78,80.30,188.31
2023-10-16,46.06,176.65,326.34,132.55,253.92,318.65,52.29,137.96,139.35,87.67,551.61,36.08,68.44,17.36,106.46,50.59,138.05,63.58,137.72,367.32,35.96,147.63,480.81,265.74,143.05,72.94,274.16,165.81,166.37,104.66,116.48,130.76,38.89,531.53,591.03,374.00,37.91,87.86,114.96,550.74,187.67,34.43,1226.20,192.35,53.24,65.05,235.23,838.00,63.02,251.42,30.29,491.96,58.25,69.28,48.67,113.45,105.32,10.90,126.49,76.42,76.67,59.14,33.25,151.64,474.18,125.19,28.16,129.54,211.78,36.55,190.94,54.68,429.55,167.25,56.70,54.16,203.19,32.58,90.52,143.59,493.80,26.50,25.08,74.01,220.05,109.72,66.57,46.64,64.07,215.62,454.45,27.64,238.52,78.95,172.21,52.09,81.62,196.27
2023-10-17,43.91,175.10,325.78,131.47,254.85,321.48,52.36,138.57,139.84,85.91,553.64,35.57,68.36,17.84,105.14,50.38,139.74,63.51,137.27,369.11,35.47,146.98,476.05,263.46,143.02,74.12,275.37,165.68,166.45,106.26,116.95,130.87,39.64,529.45,595.75,373.50,38.00,88.35,115.27,560.09,187.14,33.22,1240.65,192.81,52.75,65.04,235.30,831.23,63.07,250.02,30.25,492.05,59.10,68.92,49.79,115.02,104.85,10.92,125.90,75.88,76.58,58.65,33.67,152.60,467.74,125.71,28.25,129.43,213.99,36.45,188.98,54.63,436.09,165.98,56.86,54.43,205.51,33.54,90.41,144.86,491.86,26.75,25.70,73.97,222.54,110.10,66.49,46.66,64.45,218.07,452.68,27.58,235.95,80.49,172.29,52.29,79.80,197.79
2023-10-18,42.17,173.80,323.86,128.13,242.68,314.50,52.40,136.83,138.15,86.16,553.93,34.62,68.50,17.20,102.17,50.22,138.49,62.75,134.31,359.73,35.05,148.50,469.25,262.69,140.75,73.37,275.52,164.39,163.91,105.10,111.92,130.67,38.95,518.29,570.91,367.55,37.71,87.95,114.21,557.87,187.79,33.45,1211.70,189.78,51.06,64.61,234.29,820.49,62.03,246.56,29.58,485.73,59.67,68.47,49.84,114.28,105.33,10.58,124.41,74.50,75.38,57.67,33.77,153.92,452.53,122.17,27.65,128.67,209.64,36.32,184.66,54.46,425.32,165.08,55.50,53.69,197.99,32.91,88.29,142.50,484.94,26.76,25.28,73.11,219.53,109.29,64.93,45.23,63.36,214.61,448.32,27.77,234.20,84.12,170.40,51.90,77.66,194.01
2023-10-19,42.07,173.43,325.05,128.40,220.11,310.37,52.15,136.62,137.85,84.30,545.24,40.18,66.91,17.06,102.40,49.80,131.62,58.82,132.53,358.51,35.08,147.15,455.20,259.92,139.94,72.24,273.45,161.94,162.83,105.39,109.36,126.57,38.54,512.49,575.30,364.80,36.89,88.58,112.46,555.74,184.52,32.41,1179.96,187.74,50.29,63.09,232.23,803.21,59.89,245.06,29.45,482.37,59.73,67.79,50.40,113.33,104.07,10.39,123.09,73.37,74.38,57.77,33.64,153.01,425.72,119.97,27.53,126.66,206.07,36.19,179.62,54.21,425.68,160.50,54.52,53.70,195.32,34.24,87.75,140.28,479.66,26.44,25.23,71.99,212.31,109.22,65.18,44.33,62.79,213.26,435.87,27.53,230.58,86.04,169.07,49.74,73.94,192.40
2023-10-20,41.36,170.88,320.49,125.17,211.99,306.25,51.50,134.49,135.63,82.92,533.00,40.10,66.60,16.11,101.81,49.44,131.32,58.66,131.71,354.84,34.35,146.64,452.64,258.27,137.04,71.65,266.91,159.83,161.99,102.88,108.24,121.55,37.58,498.03,567.83,361.86,36.71,88.36,110.30,540.96,178.76,32.26,1169.67,183.50,49.08,62.92,228.08,803.04,60.47,238.64,29.67,467.64,59.62,66.81,49.98,112.74,102.78,10.33,121.96,73.07,73.51,56.36,32.94,150.80,412.27,116.49,27.10,125.88,202.69,35.76,177.54,53.34,427.00,161.79,53.11,53.04,193.64,34.80,86.08,140.58,474.33,26.63,25.08,70.65,210.86,107.19,63.78,43.69,63.08,211.16,429.65,27.40,230.58,85.97,162.19,47.87,73.84,187.07
2023-10-23,42.94,171.00,323.09,126.56,212.08,311.57,52.23,135.38,136.78,83.75,532.38,40.68,66.26,16.20,100.01,48.76,131.42,58.59,132.43,353.94,33.29,146.71,452.76,252.94,135.66,71.43,272.59,157.29,161.27,102.91,110.71,123.08,37.64,495.30,575.36,367.66,36.78,88.37,110.31,540.41,179.08,31.47,1180.13,184.15,48.63,61.56,227.59,790.20,58.58,239.92,29.09,467.82,59.52,66.81,50.30,111.52,104.19,10.14,122.27,74.81,73.31,56.10,32.78,149.75,405.84,120.39,26.99,124.79,199.72,34.94,174.29,53.29,427.72,162.00,53.17,53.46,190.99,37.75,85.68,142.17,470.10,26.33,24.90,69.74,210.08,107.78,63.72,44.15,62.39,209.58,430.27,27.24,227.06,86.02,162.48,50.21,73.25,185.96
2023-10-24,43.63,171.43,324.27,128.56,216.52,310.12,52.96,137.67,138.98,85.59,531.95,41.37,67.44,16.64,101.67,49.51,132.08,59.02,135.64,355.72,34.02,148.65,460.30,255.78,136.21,71.97,277.39,158.30,162.11,103.60,111.33,126.04,38.47,497.06,588.04,369.38,37.23,88.77,112.44,539.56,182.82,32.33,1221.99,185.62,49.10,64.25,226.92,798.88,58.13,237.41,28.62,468.03,60.97,68.08,50.05,112.89,108.34,10.08,123.83,76.36,76.44,57.54,32.60,147.88,410.26,122.01,27.08,126.10,205.04,35.36,175.49,54.24,430.77,163.96,53.95,54.47,190.12,42.49,87.86,142.69,474.76,27.06,25.05,71.27,213.33,108.23,64.40,44.53,62.51,212.37,431.18,27.75,226.34,86.35,164.79,52.37,74.17,190.60
2023-10-25,41.75,169.12,334.22,121.39,212.42,297.20,52.80,124.58,125.64,82.53,530.16,41.12,65.88,15.59,96.06,48.94,127.39,57.00,135.56,352.93,32.29,148.79,445.21,252.11,131.46,72.19,266.61,153.37,159.10,99.23,110.45,122.39,36.15,474.66,571.00,363.04,36.62,88.18,110.23,521.14,175.38,31.75,1190.98,183.95,47.18,63.31,206.05,791.69,58.33,231.03,28.55,455.26,61.10,68.64,50.08,112.63,107.49,9.73,122.77,72.28,76.17,55.94,32.16,149.17,392.33,118.50,27.01,124.18,200.21,35.49,168.16,54.59,412.68,159.49,51.22,54.58,182.79,43.32,81.59,137.07,473.44,27.05,25.45,66.91,207.87,103.67,64.24,43.63,61.50,207.21,423.73,28.08,224.36,84.35,157.61,49.44,70.91,178.59
2023-10-26,40.30,164.96,321.68,119.57,205.76,286.10,52.48,121.28,122.43,80.31,527.86,40.35,63.93,15.29,93.67,47.98,128.10,57.17,137.36,358.68,31.99,147.93,448.53,249.84,133.51,72.29,259.51,154.40,157.29,100.03,107.70,118.60,36.37,471.15,575.76,361.28,33.54,86.94,110.91,514.28,171.64,28.79,1175.00,182.02,46.26,62.12,206.53,786.70,61.44,230.44,28.54,453.54,61.07,69.01,50.06,111.41,107.58,9.80,122.06,71.03,75.61,55.72,33.11,146.49,396.58,115.47,27.09,122.13,196.12,35.62,171.62,54.87,397.43,155.66,51.47,54.45,182.19,41.35,80.72,133.04,472.62,27.43,25.55,68.21,204.57,103.27,63.64,43.15,60.85,205.98,411.71,27.89,222.95,81.09,154.61,50.17,70.86,176.02
2023-10-27,40.47,166.27,323.57,127.74,207.30,294.42,52.28,121.17,122.40,81.43,523.46,39.79,65.04,15.07,96.43,48.16,128.55,57.07,134.61,358.88,34.96,146.29,448.23,242.30,132.69,70.56,258.98,154.12,158.13,100.82,107.83,119.39,36.22,471.21,577.52,355.28,33.96,86.33,109.00,508.12,172.82,29.33,1200.45,180.86,46.89,64.34,202.75,769.98,61.64,230.87,28.20,457.00,60.47,68.25,49.90,109.94,108.28,9.55,121.52,70.65,75.05,56.26,32.91,144.98,398.42,114.09,27.26,121.13,195.15,34.97,171.21,53.53,391.37,151.76,50.12,53.78,181.53,40.68,81.68,134.43,467.89,27.76,23.88,67.74,200.76,101.25,62.84,42.73,60.74,206.01,372.00,27.52,220.16,89.29,154.37,49.09,70.58,176.46
2023-10-30,41.13,168.32,330.93,132.71,197.36,300.30,52.88,123.44,124.73,81.72,534.88,41.01,65.46,14.69,96.18,48.17,128.29,57.01,136.12,366.96,35.10,148.73,449.81,243.80,131.45,71.62,258.49,149.62,160.58,102.12,109.48,119.28,36.73,479.06,576.42,357.45,34.65,87.39,111.22,526.94,174.61,31.46,1226.24,183.62,46.46,64.55,203.92,772.45,62.01,233.72,28.35,460.94,61.37,68.69,50.68,111.81,104.26,9.85,123.09,73.21,75.35,56.32,33.05,143.51,396.52,116.95,27.55,119.83,197.79,34.99,162.65,53.92,396.39,151.41,50.78,54.27,186.79,42.02,80.41,133.35,476.97,27.90,23.80,66.24,201.73,102.18,62.91,43.12,61.17,207.20,389.80,27.68,220.78,84.91,156.81,47.90,70.79,177.99
2023-10-31,40.75,168.79,331.71,133.09,200.84,298.92,53.01,123.06,124.28,81.73,532.53,41.17,66.25,14.80,98.50,48.69,129.58,57.48,138.32,370.15,35.90,149.65,459.75,236.86,132.87,72.33,262.22,151.01,163.72,103.22,109.54,121.51,36.44,486.38,586.14,362.11,35.37,86.53,111.11,532.06,176.77,30.22,1240.74,184.08,46.85,64.39,205.94,774.66,62.03,239.85,28.79,469.44,61.59,68.81,51.10,113.04,101.42,9.94,124.15,74.95,74.37,57.17,32.54,145.22,433.56,118.29,27.61,122.28,197.63,35.43,164.80,54.41,399.47,151.80,51.52,54.33,185.57,42.34,81.47,133.75,480.68,28.19,25.06,66.83,204.49,102.62,66.29,43.52,61.86,211.71,402.80,27.54,223.61,88.83,158.69,49.29,73.41,180.64
2023-11-01,42.30,171.95,339.52,137.00,205.66,309.42,53.48,125.41,126.53,82.85,536.73,42.02,68.76,14.92,108.04,48.75,132.46,59.28,139.46,374.93,36.68,151.10,466.44,241.62,133.95,73.85,270.46,152.84,164.37,105.02,108.62,122.43,36.70,480.70,596.93,369.33,35.82,85.70,113.01,544.50,178.35,31.41,1300.01,184.31,47.32,67.21,198.53,785.96,63.04,244.88,28.52,475.38,62.15,69.66,51.65,113.05,102.93,10.08,124.61,75.90,74.93,57.31,32.94,144.40,448.11,119.47,27.88,122.27,198.93,35.97,164.89,55.58,395.35,157.00,51.39,55.19,192.46,42.67,80.10,133.81,479.28,28.31,24.99,66.60,207.15,100.60,68.00,43.82,62.33,211.46,406.51,28.18,218.58,94.13,156.65,50.52,73.67,177.85
2023-11-02,43.48,175.51,341.73,138.07,218.51,308.45,53.69,126.44,127.53,84.63,536.91,42.47,69.79,17.97,107.83,49.27,135.61,60.90,140.86,377.41,37.08,152.90,478.97,246.95,137.83,74.81,277.89,157.74,166.55,111.15,111.46,125.18,37.36,491.68,619.62,376.55,36.41,93.82,115.31,558.71,182.80,31.73,1319.50,181.28,48.52,67.75,206.26,813.30,63.21,244.48,29.31,478.64,63.22,72.18,52.66,115.34,101.31,11.08,125.12,87.79,76.04,57.59,33.57,147.86,462.99,115.50,28.33,126.71,199.24,37.03,169.74,56.06,419.44,161.53,54.77,55.89,191.57,45.36,79.24,137.50,486.07,28.68,25.01,69.00,210.27,103.93,68.96,45.25,61.08,212.92,412.62,29.33,226.08,93.67,159.19,52.82,74.02,181.40
2023-11-03,44.97,174.60,346.12,138.60,219.96,312.15,53.41,128.04,129.31,85.74,541.67,43.24,71.91,18.89,112.25,49.51,136.83,61.96,141.81,380.17,37.51,152.86,489.04,249.98,140.56,75.14,278.52,161.17,168.84,113.19,112.25,121.76,39.27,489.88,630.43,376.20,36.99,96.30,115.19,563.66,188.24,32.37,1387.79,186.75,50.96,68.19,206.97,811.42,63.52,249.54,29.32,487.94,64.01,72.61,55.56,118.19,106.42,11.77,126.92,92.49,78.21,50.48,33.46,146.83,483.81,122.64,28.30,128.00,203.98,36.91,173.52,56.03,429.30,167.35,55.80,56.15,193.30,45.40,82.04,138.91,494.42,28.93,24.85,71.65,217.25,102.08,71.27,45.93,63.59,218.41,420.11,29.12,226.81,97.46,164.37,53.49,77.38,176.90
2023-11-06,45.72,177.15,349.78,139.74,219.27,313.34,53.49,129.18,130.38,85.56,550.29,43.47,72.25,18.54,111.75,49.78,137.43,62.44,141.66,380.65,37.45,152.78,488.29,252.73,138.00,74.73,277.26,160.84,167.51,113.58,116.68,118.50,39.42,491.83,625.55,385.76,36.37,97.59,122.73,565.45,186.78,32.49,1374.77,186.61,50.84,67.11,208.13,826.82,63.74,249.77,29.30,489.94,63.47,72.18,56.14,119.06,107.13,11.45,126.98,89.04,77.83,50.10,33.22,145.06,484.41,118.17,27.79,127.69,201.99,36.42,174.72,55.59,423.02,167.15,54.33,56.33,194.13,45.96,79.55,134.37,495.07,28.79,23.84,70.42,216.86,103.03,70.79,45.91,63.60,218.39,415.70,29.14,227.00,94.84,163.47,53.10,77.03,173.55
2023-11-07,45.92,179.71,353.71,142.71,222.18,316.34,53.74,129.90,131.32,87.21,551.69,43.46,72.13,18.80,113.45,49.63,138.78,62.66,141.46,377.06,38.26,153.22,492.46,251.13,137.15,74.24,278.69,161.36,166.71,114.33,118.27,121.04,40.89,505.01,624.44,378.25,36.01,97.27,117.95,585.20,192.36,32.43,1382.72,189.87,50.78,66.84,209.74,825.22,64.97,253.73,29.27,499.02,63.71,71.82,55.98,120.05,109.37,11.61,128.83,88.91,77.91,49.52,32.19,143.83,483.44,121.08,27.93,128.14,205.31,36.16,177.58,54.92,422.47,170.20,54.34,57.01,195.28,47.35,102.20,136.36,498.87,28.81,24.40,70.60,216.37,103.99,70.41,46.53,63.11,221.45,412.98,28.96,229.34,95.19,171.39,55.27,77.94,178.93
2023-11-08,46.54,180.77,356.33,142.08,222.11,317.29,53.30,130.76,132.17,88.50,547.93,43.67,71.61,18.49,113.59,49.50,141.21,63.28,140.99,379.93,37.42,153.41,500.33,253.13,135.87,71.74,277.93,162.12,164.93,113.70,118.60,120.54,40.12,513.33,627.37,376.96,35.57,97.85,119.24,585.31,193.83,32.56,1367.34,188.00,51.17,67.80,212.79,817.27,64.91,256.40,29.29,506.16,64.20,71.18,55.66,119.69,109.65,9.40,129.06,87.31,78.02,50.24,32.08,141.28,483.82,117.66,28.04,129.14,206.93,36.01,175.24,54.24,427.73,169.40,54.79,56.43,192.22,47.45,99.99,143.47,502.81,28.86,23.75,70.65,229.58,105.39,69.70,46.62,62.87,222.60,413.48,29.03,232.11,92.76,173.96,54.40,77.24,174.48
2023-11-09,46.92,180.30,353.86,140.60,209.98,318.05,53.17,129.17,130.62,88.53,543.96,43.51,72.89,18.27,113.49,48.57,140.18,63.54,141.23,378.69,37.30,152.29,495.66,244.60,134.05,69.05,272.40,160.42,165.06,113.74,118.20,121.29,39.68,505.63,622.43,368.57,35.02,96.43,118.70,577.74,190.76,33.25,1341.38,189.77,52.08,67.93,213.77,794.89,65.21,256.45,29.10,505.17,64.13,71.17,55.08,119.28,108.33,9.64,128.85,84.53,77.48,49.67,32.25,140.93,473.14,115.52,27.98,129.69,204.68,35.71,172.35,53.89,418.75,164.52,53.99,56.30,189.97,49.41,100.23,146.32,501.51,28.72,23.42,69.09,215.70,105.36,68.03,46.69,62.03,225.45,404.46,28.84,231.61,92.40,170.70,51.58,77.61,170.84
2023-11-10,48.30,184.48,362.67,143.56,214.65,326.21,53.91,131.50,132.97,93.01,557.34,44.72,74.66,19.67,118.59,49.12,147.53,66.97,141.92,387.27,38.35,152.98,522.93,247.61,137.71,69.92,277.49,165.40,167.78,117.63,120.71,126.75,43.79,519.73,648.95,373.65,35.90,98.41,119.82,597.22,196.31,33.87,1374.39,192.90,54.19,68.33,215.63,793.58,65.75,261.56,29.61,518.83,64.29,71.58,55.28,120.22,109.04,10.13,130.60,87.47,79.53,50.82,32.65,142.86,495.24,118.15,28.40,131.16,210.58,35.88,178.41,54.35,428.73,161.89,54.48,56.43,193.44,50.92,103.65,147.88,508.80,28.79,23.75,72.71,217.94,106.67,69.23,48.73,63.28,230.01,409.81,28.79,234.00,94.05,175.04,52.27,79.65,176.29
2023-11-13,48.59,182.90,359.74,142.59,223.71,326.63,54.39,131.01,132.55,91.98,558.41,44.46,74.09,19.71,116.79,48.79,146.61,65.80,141.54,387.18,37.72,153.76,517.06,247.04,136.48,69.01,282.48,163.80,167.60,117.29,122.48,127.82,41.41,522.96,642.39,378.92,35.54,97.64,119.77,590.34,200.96,34.00,1378.29,193.01,53.03,68.37,213.61,791.35,66.39,263.94,29.37,522.88,64.46,69.11,55.54,119.27,109.23,9.89,131.28,89.77,79.26,50.30,32.77,143.28,497.73,119.15,28.22,131.06,210.10,35.31,176.67,53.49,432.39,165.01,54.10,56.70,192.64,50.49,104.25,150.09,508.65,29.07,23.90,71.83,218.66,106.61,69.72,48.34,63.02,226.30,406.41,29.09,234.57,98.35,178.17,51.69,78.53,175.04
2023-11-14,49.62,185.51,363.26,145.80,237.41,333.69,54.38,132.52,134.33,94.51,570.55,44.87,76.46,19.94,119.88,49.66,150.86,67.90,141.35,391.07,38.89,154.07,535.36,250.12,140.28,68.81,291.62,170.45,170.95,120.62,124.61,130.59,42.80,545.90,662.82,369.95,35.87,99.61,124.49,604.33,207.97,34.52,1430.51,197.55,56.58,70.39,217.45,788.37,65.53,272.62,30.00,538.32,65.20,71.31,55.68,121.65,111.00,10.44,134.13,93.69,81.95,51.32,32.99,144.17,525.56,126.68,28.87,132.80,217.36,36.36,186.27,55.36,454.25,169.99,56.38,57.07,199.45,48.00,109.02,153.40,516.23,29.63,24.54,76.19,221.58,108.27,71.91,49.69,64.65,232.42,414.84,29.39,234.13,101.38,187.09,53.43,82.74,186.20
2023-11-15,48.85,186.08,363.41,143.20,242.84,330.12,55.07,133.52,135.27,94.75,576.32,46.19,76.43,19.95,118.00,49.77,152.12,68.19,141.53,390.09,40.07,153.28,535.32,252.91,142.09,69.11,293.22,173.52,170.33,122.09,122.54,128.09,40.45,545.92,665.36,349.34,36.43,100.02,120.03,595.31,204.29,34.64,1442.55,196.39,56.72,70.34,217.49,787.06,64.89,265.79,29.89,529.32,65.10,70.50,55.42,120.84,114.42,10.56,134.30,95.16,81.75,51.06,32.96,144.17,537.47,128.35,28.44,132.79,216.11,36.43,191.87,55.16,460.56,171.05,57.94,57.13,198.42,50.60,109.44,153.94,512.47,29.64,24.90,77.34,221.08,109.09,71.22,49.22,65.64,231.51,417.60,29.37,233.87,102.11,184.56,55.43,82.26,187.32
2023-11-16,49.45,187.76,369.80,142.83,233.59,331.59,50.62,135.81,137.57,93.21,558.75,46.69,75.96,19.77,119.83,44.87,151.57,68.44,141.81,395.55,42.78,153.71,535.31,251.14,142.11,68.63,303.95,172.61,171.38,121.89,122.86,121.15,38.93,547.30,668.17,343.00,36.33,101.13,120.00,602.06,204.27,34.63,1469.55,198.84,54.23,71.32,216.97,791.19,64.80,266.99,30.22,533.45,65.69,71.28,55.10,117.12,113.05,10.32,135.83,95.09,82.17,50.42,31.61,141.12,527.04,126.28,28.70,131.77,215.02,36.26,191.92,55.72,466.64,168.97,56.52,57.00,195.98,48.91,109.12,154.85,516.62,29.54,24.44,77.02,222.76,108.48,71.62,49.31,65.71,231.95,412.85,29.59,233.63,104.77,186.18,54.23,82.24,186.50
2023-11-17,49.26,187.74,363.59,145.18,234.30,332.43,50.39,134.20,135.82,94.97,557.37,46.59,76.84,20.49,120.62,44.61,145.48,68.43,142.02,395.06,43.23,152.84,534.47,247.77,144.66,69.49,305.28,175.70,171.83,122.61,123.11,123.79,39.10,550.46,673.30,350.50,36.34,99.58,120.02,602.66,207.09,35.09,1448.00,200.88,55.14,71.59,216.48,797.05,64.57,268.27,30.50,534.78,65.70,71.29,54.79,125.57,115.15,10.71,134.48,95.23,82.58,51.26,32.05,144.50,530.03,127.15,28.75,132.06,217.33,35.77,192.05,55.59,463.69,163.73,56.24,56.92,197.02,48.62,109.54,154.39,516.24,29.49,24.82,78.30,223.48,109.44,72.70,50.22,66.72,231.66,407.70,29.46,233.21,104.97,187.47,54.99,82.73,184.99
2023-11-20,50.37,189.48,371.05,146.13,235.60,337.32,50.38,135.13,136.80,96.72,560.89,47.45,77.89,21.34,121.53,45.09,149.38,70.27,142.78,395.44,44.15,152.62,547.44,247.73,145.53,69.99,311.34,176.43,172.36,122.65,124.00,130.29,39.50,554.72,681.36,356.84,36.78,98.39,120.60,612.70,207.73,35.64,1481.99,202.04,55.94,72.70,218.67,796.26,65.24,270.25,30.92,541.52,65.96,71.11,54.82,126.17,118.78,10.74,135.19,95.75,83.01,51.91,32.20,144.50,541.00,129.70,28.83,133.79,219.70,35.89,194.35,55.13,472.93,165.26,56.69,57.80,198.19,50.85,111.77,155.88,516.24,29.54,24.62,79.41,226.22,110.61,73.02,50.85,67.26,237.02,413.06,29.58,235.33,108.96,191.96,58.68,83.00,186.10
2023-11-21,49.91,188.68,366.75,143.90,241.20,334.36,50.56,135.85,137.49,95.31,564.27,47.49,76.00,19.80,119.16,44.65,146.13,69.12,142.89,398.96,43.06,153.79,540.51,245.37,143.55,68.79,311.82,173.97,171.85,120.29,123.49,132.01,38.77,552.44,671.66,354.78,36.49,97.81,120.83,610.99,208.98,34.80,1495.48,202.77,54.25,71.76,218.20,793.47,65.57,270.39,31.10,540.38,66.01,71.89,54.80,127.42,117.34,10.58,135.78,94.60,82.64,52.58,32.24,143.52,528.13,126.82,28.72,134.40,217.67,35.71,191.58,55.10,477.71,163.68,55.11,57.61,199.47,49.30,111.93,155.74,518.64,29.66,24.37,77.75,228.42,110.23,73.07,50.65,67.69,236.68,402.46,29.89,235.83,108.96,191.36,58.66,83.29,185.07
2023-11-22,48.68,189.34,371.45,146.71,234.21,338.83,50.17,137.35,138.88,94.42,568.89,47.80,76.39,19.69,122.51,44.91,146.67,70.10,143.17,398.68,43.09,155.09,543.92,247.02,144.02,69.72,315.80,175.33,172.81,120.75,122.90,131.57,39.24,554.46,672.03,353.23,36.39,97.57,121.56,619.72,209.61,35.30,1525.00,205.47,55.06,72.22,218.14,794.36,66.10,270.35,31.39,541.03,66.50,72.09,55.22,127.68,117.44,10.66,136.17,95.35,82.47,52.97,31.93,142.66,535.96,129.04,28.80,134.45,202.66,35.69,190.75,55.47,478.33,162.88,56.04,57.80,198.92,50.79,112.13,155.88,519.94,30.13,23.73,77.70,226.87,110.77,73.29,50.89,68.30,234.26,405.28,30.35,236.07,110.80,190.64,61.76,83.85,180.55
2023-11-24,47.74,188.02,371.04,146.74,235.45,335.60,50.62,135.57,137.09,95.08,571.09,47.96,76.16,19.20,122.31,45.17,147.51,70.11,143.24,401.20,43.38,155.23,545.37,247.83,143.70,69.42,318.01,175.70,173.80,120.99,122.34,133.04,39.49,554.30,678.29,353.04,36.47,96.95,122.16,619.43,210.66,35.07,1535.50,204.48,55.59,71.78,217.68,792.94,65.81,270.61,31.48,542.69,66.62,72.32,55.17,127.78,118.70,10.85,136.18,93.81,83.16,53.43,32.22,143.10,539.27,128.37,28.85,134.93,203.42,35.99,191.27,55.56,478.18,162.92,55.46,58.02,199.20,52.02,112.87,156.32,517.10,30.32,24.03,78.46,228.42,110.36,73.40,50.81,68.58,236.61,405.92,30.58,235.59,112.95,193.09,63.88,84.78,181.59
2023-11-27,48.21,187.84,372.20,147.73,236.08,332.09,50.85,135.29,136.93,92.30,574.51,47.92,76.79,19.08,122.65,44.77,147.97,70.59,143.07,399.82,43.50,154.26,546.65,246.72,142.78,69.00,314.98,176.39,173.41,121.41,122.94,134.54,39.39,551.51,675.54,350.19,36.06,96.56,123.38,619.27,210.07,35.53,1599.21,203.09,55.46,73.18,216.27,792.72,65.54,271.55,30.80,543.53,66.49,72.35,54.72,127.78,117.72,10.78,136.15,93.95,82.92,53.74,32.30,142.53,536.41,129.00,28.84,135.44,202.26,35.95,190.83,55.49,479.63,159.20,56.09,57.26,196.40,49.54,111.92,156.27,516.52,30.26,23.94,77.04,228.16,110.77,70.84,51.20,68.19,235.83,396.84,30.54,237.02,113.98,191.91,61.00,84.27,180.32
2023-11-28,47.79,188.44,376.22,147.03,246.72,336.35,51.46,136.08,137.49,91.92,573.64,47.90,75.42,19.71,122.01,44.69,145.28,69.41,142.66,397.82,43.65,154.76,537.02,247.89,143.06,68.62,310.95,175.84,174.58,119.89,123.37,138.91,38.40,555.28,663.38,347.04,35.87,95.44,122.74,623.32,212.35,35.29,1589.09,200.30,55.14,72.60,216.11,795.76,65.16,270.72,30.91,543.73,66.44,73.45,55.28,127.01,139.00,10.62,136.05,94.44,82.20,52.79,32.16,142.50,533.38,127.56,28.35,134.90,207.37,35.97,191.18,55.97,470.80,161.36,58.16,56.88,190.85,50.59,114.24,156.68,517.38,29.97,23.80,77.10,227.07,111.36,67.85,50.73,68.70,237.33,401.29,30.74,236.11,112.20,193.85,61.92,83.60,188.41
2023-11-29,48.11,187.42,372.43,146.32,244.14,329.61,50.63,133.88,135.29,91.39,567.71,47.72,75.98,19.84,123.85,44.88,146.55,69.76,143.79,398.46,44.35,153.20,534.01,248.90,143.34,69.28,310.76,175.37,174.57,121.91,122.76,144.46,39.03,567.23,674.79,351.00,35.66,94.19,118.92,617.39,234.44,35.61,1610.58,198.16,55.66,74.04,216.27,803.16,64.93,275.21,30.71,552.46,65.52,72.98,54.71,125.94,141.73,10.78,134.76,94.96,82.53,53.60,31.70,142.32,542.24,126.48,28.22,135.82,213.85,35.26,195.29,55.08,466.74,164.01,57.66,56.56,189.14,50.71,116.65,157.01,517.34,29.49,25.10,78.19,225.86,112.82,67.43,50.22,67.57,263.49,398.90,30.70,234.33,116.18,199.84,62.21,83.94,195.55
2023-11-30,46.74,188.00,372.49,146.09,240.08,324.60,50.50,131.44,132.83,89.92,572.42,47.40,75.42,20.05,121.16,45.19,146.96,69.95,145.29,400.76,44.11,155.41,534.55,251.74,142.88,70.54,310.84,176.01,176.06,122.99,122.74,147.54,37.48,561.56,671.01,354.81,35.88,93.67,119.38,611.01,236.99,36.36,1620.46,198.38,55.29,74.63,216.98,818.28,65.49,273.27,31.26,543.23,66.10,73.28,55.15,127.09,147.44,10.45,135.78,93.98,82.99,52.56,32.09,142.89,538.56,126.34,28.38,136.51,218.43,35.37,195.05,55.85,465.82,168.25,57.30,57.45,191.68,49.83,116.57,158.20,529.56,29.34,25.02,78.63,229.87,113.59,68.18,50.22,67.82,270.72,400.13,31.09,237.44,115.52,197.53,61.50,83.04,190.95
2023-12-01,46.73,189.27,368.17,147.03,238.83,322.29,50.07,130.78,132.23,90.34,575.81,46.57,75.23,20.27,121.39,45.27,148.74,70.56,147.02,399.99,43.16,155.78,538.85,254.36,145.22,71.51,315.20,176.54,177.73,123.58,124.06,148.08,38.25,564.37,679.29,351.16,36.16,93.57,118.23,612.47,235.03,36.42,1652.01,204.82,52.38,74.70,219.83,809.39,65.37,270.35,32.32,545.96,65.87,74.17,55.22,128.81,145.27,11.33,137.01,96.58,84.22,52.49,32.13,142.76,549.25,135.02,28.78,136.26,224.93,35.81,196.58,56.39,482.60,171.41,59.33,57.16,199.90,52.77,118.62,157.84,531.85,29.90,26.52,79.78,231.51,115.40,69.12,50.13,68.24,272.92,401.87,31.45,238.72,116.62,198.03,63.90,85.28,195.11
2023-12-04,45.48,187.48,362.89,144.84,235.58,317.53,50.05,128.21,129.57,89.75,578.55,45.39,73.60,18.40,118.57,44.88,145.48,69.38,147.56,395.08,41.79,156.20,529.61,254.44,147.28,72.15,311.84,176.73,178.25,123.85,123.08,143.30,37.37,560.59,677.45,350.63,36.90,92.07,117.28,604.56,237.39,35.73,1599.63,205.14,51.60,74.15,219.49,817.80,65.55,263.48,32.57,531.20,66.25,73.82,55.17,129.63,142.83,11.39,136.22,98.36,84.71,52.25,32.09,142.38,549.18,133.70,28.85,136.32,221.31,35.57,197.16,56.43,516.61,172.87,59.53,58.74,198.99,56.32,118.18,157.56,528.08,29.96,26.97,79.62,236.28,115.65,69.08,49.09,68.57,269.22,399.14,31.71,235.35,118.24,198.26,61.93,85.23,194.43
2023-12-05,46.54,191.43,366.21,146.88,238.72,315.81,50.52,129.92,131.31,88.70,584.60,45.51,73.01,18.30,118.38,44.77,143.40,68.12,148.71,392.48,41.37,155.09,527.30,252.88,147.13,72.77,309.52,174.19,176.98,124.61,123.61,146.39,37.07,561.88,681.58,354.15,35.64,90.12,116.68,602.22,238.97,35.20,1584.60,198.39,50.30,72.61,218.53,815.39,65.20,262.18,32.22,535.71,65.74,73.06,54.26,129.23,143.46,10.87,135.25,96.24,84.85,52.52,31.19,138.95,543.15,133.71,28.93,135.93,220.45,35.36,196.73,56.03,518.95,170.37,57.61,59.01,194.70,57.75,118.07,156.76,526.89,29.77,27.48,78.73,231.72,114.58,67.65,48.79,67.58,267.76,364.40,31.73,234.66,117.20,198.91,63.59,84.15,190.70
2023-12-06,45.48,190.34,362.55,144.52,239.37,314.98,49.97,128.95,130.36,87.78,586.61,44.67,72.45,17.13,116.82,44.55,141.98,67.90,150.16,388.93,40.72,154.69,518.84,251.47,146.00,73.09,310.26,174.13,177.74,123.86,123.69,143.60,36.60,556.42,679.17,353.46,35.71,91.52,111.08,595.70,239.42,35.24,1569.25,200.41,50.03,73.41,219.28,830.14,65.68,257.68,32.44,527.49,66.31,74.03,54.30,129.42,141.99,10.92,135.21,96.85,85.61,51.83,30.29,135.55,543.98,135.31,29.58,135.65,219.55,36.20,196.81,56.89,521.56,175.02,59.21,60.29,183.90,56.89,114.31,157.32,526.72,29.92,27.27,78.80,232.34,115.87,67.77,47.70,67.57,267.32,361.98,32.05,230.98,117.94,197.91,61.06,83.79,188.72
2023-12-07,46.57,192.27,364.67,146.88,242.64,324.05,49.64,135.81,137.32,89.58,590.01,45.20,72.97,17.22,128.37,45.08,145.60,69.18,150.99,387.31,41.59,154.65,531.22,253.30,147.53,71.88,311.56,177.81,177.74,126.70,127.16,146.80,36.84,561.59,686.60,353.95,36.12,90.97,109.01,608.78,240.17,35.61,1590.94,203.59,51.78,74.33,218.36,843.48,63.58,259.47,32.42,534.15,66.61,73.88,54.30,128.67,140.29,10.82,135.90,98.97,86.34,51.32,30.17,136.58,557.98,139.84,29.69,134.08,223.84,36.13,202.34,56.50,523.08,177.26,58.17,60.66,184.93,57.11,115.00,154.21,526.16,30.08,27.57,80.86,235.33,116.25,67.11,47.68,67.85,272.38,368.66,32.32,229.89,118.89,200.05,62.44,82.58,187.85
2023-12-08,47.48,193.70,367.89,147.42,243.84,330.16,49.12,133.88,135.53,91.73,589.84,45.38,74.27,17.77,128.92,45.19,144.94,68.71,151.03,389.86,42.14,153.00,524.55,251.25,146.92,72.77,310.42,178.29,174.88,126.73,128.60,149.21,37.36,563.96,683.44,350.15,36.06,91.13,109.68,610.01,242.55,36.02,1577.98,204.94,52.46,76.03,217.68,834.50,63.06,259.93,31.90,535.93,66.13,73.37,53.92,129.08,138.96,11.47,135.80,100.00,86.21,52.16,30.65,137.64,565.07,140.68,29.66,135.65,224.01,36.01,206.02,55.92,531.35,170.04,58.63,60.08,182.20,59.94,113.83,155.32,527.93,29.85,27.96,81.12,236.38,115.50,68.23,47.39,67.77,273.41,367.55,32.08,229.08,116.97,198.80,67.23,82.39,192.36
2023-12-11,46.60,191.19,365.01,145.89,239.74,322.75,49.24,132.20,133.60,99.98,602.48,45.99,77.07,17.77,134.41,46.13,152.22,71.88,153.40,396.63,43.95,154.98,548.87,254.07,149.67,73.76,315.43,183.35,180.08,129.71,131.41,149.94,36.74,576.50,697.00,356.29,36.54,92.56,114.55,625.20,246.97,37.06,1614.70,211.86,54.05,77.35,221.50,842.73,64.37,268.75,32.13,556.02,66.74,74.15,55.26,132.21,143.01,11.43,137.34,101.50,88.52,53.64,30.91,138.39,581.44,142.91,30.17,137.05,226.09,36.30,210.80,56.50,536.12,170.92,58.73,60.06,186.85,55.58,114.73,152.56,531.48,30.45,27.26,83.78,238.78,116.60,70.83,49.01,69.07,276.11,374.63,32.56,236.15,117.90,205.47,64.89,84.01,198.59
2023-12-12,47.63,192.71,368.04,147.48,237.01,331.62,49.28,131.43,132.55,104.16,607.92,46.30,77.44,17.50,137.61,46.08,154.26,71.64,154.93,414.58,43.46,155.58,550.68,255.80,147.75,74.43,320.71,184.16,181.08,130.27,133.60,152.79,36.26,583.89,707.12,357.73,36.55,92.58,112.92,633.66,248.55,37.34,1616.92,212.25,53.83,77.96,224.72,857.96,64.85,274.23,32.15,567.06,67.22,73.70,55.80,132.37,147.18,11.23,138.55,101.00,88.24,55.04,30.71,136.85,584.79,140.55,30.42,138.81,227.94,36.22,210.41,56.14,545.04,173.88,58.58,60.83,188.51,55.83,114.66,157.20,534.68,30.37,27.99,84.08,241.97,117.86,71.75,49.37,69.43,276.75,367.06,32.99,239.26,119.16,210.76,64.71,84.88,202.00
2023-12-13,48.06,195.92,368.03,148.84,239.29,332.13,50.16,131.48,132.88,105.85,619.99,48.00,79.05,17.87,138.19,46.41,154.04,71.98,154.07,397.12,43.98,158.85,560.15,262.92,151.39,76.52,328.96,185.41,182.49,132.29,134.46,156.93,37.93,599.65,721.58,405.07,37.41,92.55,114.83,624.26,252.04,37.95,1612.16,213.42,56.76,80.60,227.13,870.24,65.56,276.57,32.17,568.09,68.00,76.99,56.55,134.64,146.41,11.88,141.09,100.43,88.63,55.35,31.00,138.31,597.45,144.51,30.49,140.80,234.91,37.66,212.52,58.14,557.56,180.52,61.40,61.88,189.40,58.60,117.23,163.12,541.87,30.90,28.71,84.68,248.06,119.31,73.87,49.87,70.51,278.68,379.35,33.34,243.15,122.29,215.45,65.61,86.07,215.14
2023-12-14,48.32,196.07,359.73,147.42,251.05,330.58,49.55,130.86,132.12,107.48,609.16,46.98,81.43,18.21,138.00,46.18,158.70,75.17,151.49,398.07,44.58,155.38,571.65,257.97,157.91,76.00,326.18,193.03,182.79,134.86,135.09,150.22,38.69,590.77,739.65,406.60,38.24,92.29,114.01,584.64,252.68,38.50,1603.51,215.40,58.82,80.51,224.04,870.12,63.41,270.10,32.75,551.45,65.76,76.77,55.56,131.53,146.41,12.49,138.28,101.76,89.52,57.05,31.89,141.99,625.59,147.26,30.58,139.32,240.81,34.81,223.42,57.44,554.18,186.48,61.54,61.52,188.64,58.24,120.65,163.89,530.13,29.94,28.88,87.60,253.12,118.11,75.60,49.16,71.96,270.78,383.91,32.76,231.86,123.10,216.40,70.74,88.25,221.92
2023-12-15,48.86,195.54,364.45,149.97,253.50,332.31,49.73,131.51,132.75,109.74,636.24,47.21,80.66,18.20,139.15,46.58,158.90,75.79,150.79,395.79,45.55,154.22,574.31,257.16,157.78,74.65,324.35,193.72,182.78,136.41,136.61,153.65,39.95,597.97,738.92,410.68,38.10,91.26,117.12,584.68,260.08,38.14,1606.19,216.42,59.12,79.52,222.31,853.37,63.44,271.52,32.90,556.27,65.76,75.75,55.09,130.89,148.35,12.26,137.12,101.57,89.93,57.83,31.93,141.69,621.59,146.60,30.55,137.32,242.29,32.60,223.66,56.53,541.07,185.24,60.93,61.29,193.84,57.04,122.60,160.20,532.80,29.72,28.42,86.88,255.98,118.12,74.70,48.91,73.40,272.70,379.93,32.40,231.44,122.59,221.66,71.03,87.57,229.56
2023-12-18,50.05,193.88,366.34,154.07,252.08,341.94,50.46,134.69,136.07,111.41,657.89,48.61,80.81,17.84,138.90,46.93,157.34,75.43,150.90,397.47,45.09,155.99,566.07,257.19,156.64,73.88,328.42,189.58,184.31,135.00,136.28,153.79,40.87,607.72,728.22,404.65,38.29,91.08,117.72,599.13,259.80,38.02,1619.57,217.38,59.25,79.22,222.98,845.16,64.01,273.50,33.22,559.69,66.10,75.29,55.30,131.97,148.41,11.97,137.60,102.71,89.46,56.11,32.39,144.02,622.59,147.50,30.78,136.59,239.14,31.64,220.20,57.24,539.98,186.23,61.14,61.73,193.85,57.19,123.27,158.57,534.20,30.12,28.71,86.04,255.69,118.96,74.75,48.73,73.13,272.75,383.89,32.50,233.73,123.35,222.55,68.87,88.25,228.56
2023-12-19,49.57,194.92,366.94,153.79,257.22,347.63,50.64,135.53,136.98,111.20,654.51,49.50,81.41,17.95,140.15,46.87,159.28,76.52,150.52,400.37,46.04,155.10,567.42,259.95,157.65,73.87,335.72,190.78,183.86,136.51,138.03,154.30,43.59,610.70,730.83,403.14,38.29,92.18,119.15,604.64,258.33,38.34,1629.99,216.67,59.19,79.16,221.89,842.70,64.28,274.33,33.46,558.65,66.09,75.66,55.58,132.78,150.09,12.36,137.51,101.46,90.41,57.76,32.39,145.43,623.50,146.91,30.80,137.04,238.16,32.52,220.25,57.03,545.70,187.50,62.67,61.74,197.79,57.13,122.41,159.40,532.81,30.25,29.13,86.12,255.92,119.94,75.37,48.56,72.68,273.98,386.36,32.31,230.91,123.29,224.04,69.43,88.02,233.07
2023-12-20,48.08,192.83,364.34,152.12,247.14,346.56,50.05,137.21,138.52,108.35,638.34,48.93,77.96,17.25,135.47,46.52,153.97,73.97,149.24,394.80,45.16,153.01,552.89,256.91,154.55,73.04,325.43,185.34,182.33,133.85,136.22,150.49,43.10,605.05,716.00,400.25,37.86,89.34,115.40,596.06,253.95,37.19,1597.44,212.10,57.09,77.87,220.49,836.14,63.35,270.79,33.25,551.72,64.49,73.99,54.36,131.55,146.43,11.66,135.88,98.72,89.60,57.45,32.36,144.21,599.72,141.07,30.78,135.11,236.71,31.97,214.03,56.28,539.80,179.05,61.41,61.08,198.27,57.35,120.62,157.96,526.30,30.00,27.71,83.44,252.77,119.07,75.13,47.91,71.33,270.15,381.22,31.65,229.93,116.64,218.73,68.40,86.50,237.60
2023-12-21,48.96,192.68,367.21,153.84,254.50,351.33,50.40,139.27,140.65,110.00,642.36,49.16,84.69,17.59,139.91,46.42,158.35,76.12,149.61,397.49,46.46,154.19,569.72,260.78,156.07,73.35,333.45,189.28,184.26,135.76,138.20,149.70,43.00,610.23,741.19,400.63,37.71,89.92,116.68,600.14,257.32,39.42,1598.33,217.11,59.78,81.15,217.42,836.23,63.84,275.57,33.35,559.96,65.54,73.73,55.38,132.79,146.72,11.49,144.79,100.56,90.54,58.51,32.37,144.60,610.22,142.09,30.99,136.38,241.89,32.21,220.12,56.48,552.61,181.14,61.73,61.80,201.81,58.19,122.48,160.39,531.57,30.23,29.42,84.70,256.84,110.73,76.87,48.41,71.46,272.90,383.51,31.84,231.45,122.80,221.33,71.20,87.07,245.03
2023-12-22,48.80,191.61,368.24,153.42,252.54,350.64,51.00,140.33,141.56,109.49,648.58,48.68,85.69,17.41,139.60,46.79,159.00,76.42,150.37,399.06,47.37,154.85,571.88,265.29,157.41,74.03,336.26,190.07,184.79,136.76,138.83,149.10,41.21,613.26,738.50,405.25,37.69,89.88,113.74,598.75,255.63,39.63,1589.08,217.87,59.78,81.02,219.30,841.04,63.47,275.82,33.51,524.46,66.24,74.05,56.01,133.32,144.48,11.27,146.09,100.53,91.07,59.27,32.44,144.72,606.21,140.80,31.11,136.17,242.76,32.38,219.84,56.97,554.04,191.02,61.51,62.47,203.66,61.92,122.49,161.95,534.08,30.52,30.04,84.99,259.03,111.62,77.26,48.81,72.41,272.57,382.09,32.19,232.62,122.17,221.68,72.29,87.47,240.80
2023-12-26,49.25,191.07,368.32,153.41,256.61,352.07,50.93,140.36,141.66,110.45,651.50,49.12,86.25,17.68,143.41,46.96,161.19,77.96,151.45,398.27,49.83,155.94,580.44,265.05,159.81,74.30,337.39,191.78,186.95,138.63,140.05,150.41,40.40,614.03,748.46,407.66,37.63,90.24,115.95,598.26,257.87,39.71,1576.64,218.69,60.67,81.70,220.79,843.83,62.80,274.96,33.82,520.25,66.70,74.37,56.79,133.88,145.22,11.50,147.85,99.86,91.30,59.80,33.07,147.14,625.25,138.72,31.17,135.80,245.07,32.63,222.72,57.15,556.01,191.20,62.23,62.69,205.16,60.39,123.56,161.62,534.77,30.72,31.02,86.04,258.11,111.92,77.81,49.00,72.72,273.97,389.50,32.32,233.44,123.55,224.59,73.41,87.53,245.05
2023-12-27,49.39,191.16,367.74,153.34,261.44,355.04,51.40,139.22,140.29,109.89,658.59,49.18,85.86,17.47,146.07,47.11,161.12,77.89,152.52,399.52,50.09,156.44,580.54,267.50,160.21,74.69,337.47,192.24,187.83,138.88,138.79,148.75,40.65,618.22,749.78,408.05,37.68,89.89,115.81,596.08,257.32,39.45,1590.88,219.65,60.78,81.52,219.90,868.50,62.84,274.64,33.53,518.10,67.17,74.44,57.34,134.28,144.45,11.49,148.78,100.69,91.37,59.34,32.79,146.30,624.78,136.55,31.11,135.22,245.11,32.52,222.86,56.97,557.11,196.57,62.35,63.23,203.97,67.07,123.60,160.99,534.97,30.78,31.64,85.86,259.08,110.89,77.35,48.88,72.85,273.70,391.54,32.33,233.63,123.73,225.02,74.25,87.58,243.06
2023-12-28,49.49,191.59,368.92,153.38,253.18,355.53,51.30,139.08,140.13,109.53,654.93,49.05,85.20,17.56,148.76,47.15,160.05,77.37,153.49,398.12,49.72,156.43,575.43,269.31,160.66,75.41,338.39,193.10,187.96,139.01,139.41,147.79,40.76,617.14,743.72,409.27,37.79,90.49,115.50,595.52,256.13,39.84,1581.60,219.30,60.82,82.57,220.74,875.78,62.75,273.24,33.62,517.41,67.61,74.92,57.42,135.06,145.35,11.69,147.52,100.21,91.41,59.40,32.52,143.74,621.50,137.00,30.88,135.27,244.91,32.93,221.87,57.29,557.02,195.71,62.74,63.31,202.72,66.79,123.28,161.47,537.33,31.00,31.74,85.60,258.59,111.29,77.22,48.91,73.08,276.08,392.39,32.53,234.01,124.16,224.44,77.47,88.01,241.22
2023-12-29,49.49,190.55,369.67,151.94,248.48,351.20,51.33,138.54,139.78,108.93,651.95,48.69,84.66,17.17,147.41,47.19,159.02,76.74,154.83,399.03,49.59,156.84,570.55,268.90,159.49,75.29,337.36,191.48,188.45,137.84,139.29,147.44,39.85,614.20,742.80,406.89,37.56,90.57,115.28,596.60,255.32,39.41,1571.54,220.70,59.84,81.22,221.19,872.40,63.34,272.37,33.55,514.91,67.77,74.82,57.61,135.24,146.31,11.38,147.91,98.89,91.24,58.53,32.50,143.51,620.08,136.14,30.84,135.32,243.48,32.97,220.54,57.31,555.05,191.41,61.08,63.23,199.89,63.16,121.38,160.95,536.36,30.97,30.99,84.98,258.33,110.92,77.00,49.00,72.78,276.06,388.68,32.74,235.24,124.09,221.56,75.14,87.39,237.86
2024-01-02,48.14,183.73,364.59,149.93,248.42,343.59,51.86,137.04,138.42,105.91,642.64,46.85,81.69,16.58,138.58,47.18,151.47,73.41,156.35,397.93,47.17,159.68,550.03,277.64,158.36,77.36,330.98,186.68,187.81,133.65,136.67,144.46,38.78,593.30,703.55,410.91,37.66,88.36,113.67,580.07,246.89,38.28,1529.16,217.11,57.71,78.67,221.62,898.93,63.00,262.90,33.50,498.97,69.09,76.63,58.59,134.55,145.64,11.66,145.27,96.46,90.43,57.78,32.26,145.30,593.75,134.48,30.26,134.31,234.12,33.50,212.37,58.76,547.69,194.93,61.13,63.00,196.15,68.51,115.08,159.26,525.86,31.02,29.94,81.57,251.63,109.77,76.05,47.51,71.69,268.28,391.51,33.75,234.37,123.09,212.37,68.92,85.46,226.67
2024-01-03,47.54,182.36,364.32,148.47,238.45,341.79,51.87,137.78,139.22,103.30,636.75,47.03,81.61,16.09,135.32,47.55,148.60,72.20,156.52,397.09,46.43,159.72,542.37,280.72,156.00,77.58,322.13,182.22,183.80,131.14,133.87,143.24,38.21,580.90,690.25,410.71,37.35,87.94,114.26,571.79,244.36,37.89,1500.00,214.37,56.31,76.52,220.76,911.40,62.91,257.28,33.54,492.40,68.57,76.81,57.48,131.70,148.95,11.30,142.41,93.77,88.70,57.85,32.25,148.22,568.49,133.42,29.56,134.24,227.19,33.23,207.48,58.86,535.06,190.64,58.32,62.30,189.93,63.11,112.42,158.40,522.42,30.29,28.68,79.69,247.43,108.81,75.79,46.83,70.99,268.41,386.67,33.71,233.11,120.27,210.24,67.91,82.77,220.05
2024-01-04,47.97,180.04,361.71,144.57,237.93,344.42,51.37,135.27,136.92,102.37,640.36,47.47,82.05,16.25,136.01,47.14,146.50,71.63,156.73,396.97,46.25,158.35,536.34,283.04,153.88,78.51,323.27,179.44,184.13,129.78,134.29,141.65,38.12,576.66,687.23,416.15,36.76,88.24,113.77,567.05,245.65,37.65,1519.38,215.33,57.67,76.85,221.85,906.05,62.39,255.92,33.60,490.18,68.57,76.82,57.71,132.19,147.74,11.35,142.93,93.90,87.62,58.39,31.61,144.20,561.37,133.72,29.61,134.49,228.92,33.08,199.49,59.00,538.50,192.31,58.14,62.01,191.97,65.58,113.02,158.86,515.70,30.29,29.13,78.59,244.93,109.75,76.25,46.64,70.91,267.08,375.75,33.45,234.34,121.83,210.33,68.39,81.42,222.82
2024-01-05,49.07,179.32,361.52,145.24,237.49,349.21,51.02,134.62,136.27,102.39,647.93,47.41,82.79,15.98,138.58,47.15,146.20,71.76,157.76,397.48,46.27,156.01,534.25,282.88,154.47,77.42,322.50,179.90,182.90,130.31,133.83,141.46,38.11,578.82,690.22,416.50,37.11,87.72,114.64,564.60,247.46,37.67,1538.83,217.68,59.51,76.38,223.32,907.04,61.69,252.71,33.50,484.81,68.39,77.45,57.54,131.44,146.53,11.20,141.67,94.81,87.45,58.34,31.78,144.32,564.25,135.98,29.51,134.14,229.52,33.35,197.53,59.00,537.36,189.38,59.80,61.21,189.26,63.11,115.99,158.21,514.62,29.91,29.35,79.15,244.21,109.87,76.30,46.55,70.19,265.80,372.20,33.59,230.16,123.98,209.81,67.05,81.34,226.10
2024-01-08,52.22,183.65,368.34,149.10,240.45,355.87,51.53,137.70,139.39,104.89,653.54,48.50,84.28,16.67,146.18,47.50,148.71,74.18,157.80,396.68,47.81,156.17,551.96,290.24,157.69,78.05,328.86,182.24,182.11,132.51,135.97,144.75,39.29,588.02,707.40,419.12,37.71,88.85,115.42,580.55,261.28,37.77,1575.60,223.36,63.67,77.04,224.79,896.82,61.86,261.91,33.57,499.98,68.97,77.85,57.96,132.72,147.55,11.40,143.36,98.52,89.46,61.26,30.84,144.14,580.69,140.08,29.75,134.98,235.45,33.70,203.72,58.86,543.96,196.83,61.41,62.46,193.67,59.80,119.25,158.54,520.99,29.76,29.93,80.70,251.61,111.26,77.04,47.34,71.01,272.94,378.87,33.87,229.18,129.63,218.10,72.84,82.90,235.59
2024-01-09,53.11,183.24,369.43,151.37,234.96,354.65,51.87,139.79,141.40,105.63,658.96,48.21,82.67,16.39,149.26,46.98,148.19,73.68,157.60,395.12,47.41,154.38,546.05,286.86,157.77,79.98,330.56,182.99,181.19,133.33,137.01,150.21,39.14,595.59,702.60,421.01,37.32,87.81,114.89,586.20,273.77,37.20,1573.34,221.65,63.04,76.22,223.33,896.63,61.86,261.75,33.49,501.87,69.00,77.50,58.74,132.81,150.48,11.03,143.45,103.05,88.60,59.40,30.06,141.36,583.68,139.53,29.78,136.22,235.96,33.47,203.28,58.57,553.04,198.20,60.73,61.69,192.71,57.73,121.18,159.22,523.69,29.92,29.11,80.42,249.10,110.51,76.34,47.28,70.49,275.82,368.61,34.13,231.16,129.70,226.26,71.88,83.72,235.30
2024-01-10,54.32,184.28,376.29,153.73,233.94,367.59,52.52,141.11,142.63,105.44,664.47,47.83,81.73,16.79,148.54,47.29,146.99,73.45,157.69,394.34,46.84,154.15,545.81,284.35,156.48,78.53,364.45,181.65,181.88,132.77,138.26,158.04,40.53,599.06,704.40,423.76,37.49,88.20,114.26,591.03,282.04,38.01,1598.16,221.93,63.00,78.64,223.40,900.08,62.44,263.26,33.58,505.18,68.38,76.04,58.91,132.87,149.19,10.97,144.07,105.59,88.39,61.37,29.69,140.07,579.20,139.76,30.04,136.14,238.82,33.65,202.88,58.06,554.24,196.61,60.64,61.55,192.84,56.57,120.19,159.21,522.48,29.73,28.34,80.51,249.02,110.72,75.85,47.93,70.68,276.81,367.00,33.55,230.42,128.00,225.40,70.77,82.71,244.21
2024-01-11,54.79,183.68,378.12,155.18,227.22,366.79,52.46,140.92,142.50,107.34,665.28,49.22,82.73,16.68,148.02,47.48,149.09,74.48,156.60,394.41,47.01,153.42,551.75,282.97,154.94,79.36,362.31,182.22,181.23,132.51,139.49,161.74,41.42,599.07,705.13,430.08,37.31,87.67,111.36,597.49,284.52,38.08,1591.68,222.14,65.42,77.77,223.44,909.82,62.97,266.79,33.45,498.46,68.10,74.07,58.63,133.66,151.33,10.54,144.37,103.98,88.39,62.25,29.64,140.10,578.45,139.45,30.18,136.24,240.65,33.26,203.07,56.47,558.71,195.08,61.02,62.10,191.76,53.62,120.88,161.54,524.55,29.89,28.39,80.76,249.54,110.95,75.93,47.82,72.15,278.97,367.62,33.27,230.66,128.93,228.52,69.77,82.11,242.16
2024-01-12,54.68,184.01,381.89,154.62,218.89,371.57,52.52,141.48,143.07,108.09,674.82,49.22,81.74,16.76,146.56,47.39,148.41,74.43,156.96,397.29,46.50,154.47,550.25,286.16,154.26,80.28,363.71,181.64,180.71,133.62,137.53,162.62,41.71,602.11,699.92,433.40,37.07,86.76,111.36,596.54,283.35,37.64,1658.58,220.69,65.23,78.76,224.02,926.94,63.54,268.50,33.74,494.40,68.42,75.07,59.05,133.47,148.63,10.65,145.54,104.13,87.88,62.44,29.97,142.36,568.94,137.14,30.25,136.42,242.44,33.13,200.79,56.76,535.29,193.39,60.68,63.70,191.78,48.55,123.00,161.68,526.32,29.86,28.46,80.48,250.69,111.49,75.88,47.57,75.13,283.24,364.90,33.36,233.18,125.00,230.77,70.00,83.40,237.00
2024-01-16,56.35,181.74,383.66,153.16,219.91,364.60,52.69,141.32,142.91,108.80,673.10,48.12,83.94,16.53,158.74,47.62,150.87,74.57,157.48,395.09,46.44,153.46,556.33,283.33,153.33,79.91,362.33,181.09,177.72,134.50,137.58,166.02,40.72,594.27,693.33,437.49,37.16,87.44,110.27,597.68,286.29,39.31,1672.67,221.51,65.07,80.69,223.39,931.03,66.02,277.56,33.62,509.68,68.16,74.60,58.17,133.96,143.16,10.35,144.45,104.02,87.88,62.00,29.16,139.88,586.29,135.02,30.37,135.66,241.50,32.79,200.67,56.39,520.00,187.49,58.14,63.72,188.78,48.21,123.79,161.88,529.35,29.78,28.38,80.25,249.47,111.58,74.69,47.90,73.42,280.89,368.34,33.30,233.44,124.46,232.18,68.48,81.76,240.56
2024-01-17,56.02,180.80,382.87,151.71,215.55,365.50,52.44,140.31,141.73,107.70,675.76,48.03,82.62,16.39,160.17,47.35,150.49,73.77,158.63,395.18,45.45,153.71,552.10,283.89,151.96,80.37,358.88,178.82,177.88,132.78,137.04,165.03,41.18,590.34,698.99,433.76,36.52,86.57,110.38,596.10,276.27,39.38,1635.28,222.84,64.91,79.28,223.49,922.90,66.14,275.39,33.28,507.87,68.58,73.45,57.11,132.52,142.15,10.16,144.53,102.89,87.90,60.62,29.28,138.61,574.44,134.98,30.18,135.14,238.47,32.69,197.30,55.63,515.48,188.56,59.57,63.07,186.35,49.90,126.03,160.38,529.27,29.70,28.81,78.53,250.51,111.86,72.48,47.75,72.94,281.32,359.24,33.46,233.08,125.45,225.33,69.86,81.69,236.97
2024-01-18,57.07,186.69,387.20,153.50,211.88,373.20,53.15,142.30,143.81,111.63,678.84,48.53,84.15,16.40,162.67,47.77,157.32,76.98,159.23,396.25,46.12,154.38,579.09,284.27,156.16,80.29,371.93,183.20,179.84,138.47,138.56,167.88,43.09,601.68,730.65,432.98,36.68,88.05,109.88,593.70,283.11,40.30,1661.98,227.72,67.74,79.89,224.15,923.76,67.70,279.01,33.34,494.34,68.22,72.04,57.25,134.34,142.06,10.28,145.44,104.96,89.12,61.41,29.35,138.57,600.54,137.04,32.35,136.53,241.18,32.42,203.19,55.22,525.28,185.95,61.76,63.15,188.59,48.66,126.92,159.86,533.95,29.75,28.44,81.19,254.10,112.10,73.24,48.17,72.90,285.68,364.55,32.77,233.95,127.45,227.91,74.23,81.83,239.42
2024-01-19,59.45,189.59,391.92,155.34,212.19,380.46,52.87,145.18,146.77,118.19,686.41,48.29,86.82,16.78,174.23,48.26,164.78,80.96,159.49,395.79,47.51,153.10,601.66,287.37,162.47,81.12,374.82,187.83,180.43,144.83,142.01,168.87,41.14,612.33,743.70,435.02,37.38,88.54,112.88,611.55,290.54,41.22,1726.19,228.69,70.60,81.27,226.20,927.14,68.54,292.14,33.44,517.31,68.16,71.58,57.18,134.50,143.64,10.35,147.02,106.33,89.94,60.90,29.19,139.79,620.62,139.93,33.02,136.22,248.64,32.18,209.67,55.06,523.82,184.03,65.47,64.00,190.97,48.10,130.31,163.10,540.41,29.84,28.00,84.28,256.79,113.70,73.83,48.70,74.08,289.99,371.10,32.83,236.48,127.29,231.29,78.58,82.33,242.96
2024-01-22,59.62,191.90,389.80,154.78,208.80,378.81,52.87,144.79,146.51,119.10,683.98,48.57,88.53,17.60,168.18,48.54,165.13,81.67,158.74,394.91,47.58,152.48,611.58,289.57,163.57,72.89,375.81,190.28,180.66,145.70,137.67,172.82,43.35,620.62,752.38,440.11,37.61,87.79,115.60,603.59,298.66,42.90,1756.30,232.32,69.63,82.87,227.30,936.50,69.06,295.73,33.63,541.71,68.42,71.17,56.32,135.09,141.37,10.47,147.63,104.66,90.72,62.66,29.46,140.61,626.94,142.01,33.29,136.08,250.79,32.02,210.13,54.55,531.43,183.92,63.40,63.58,198.11,47.02,132.98,164.43,541.80,29.47,28.53,85.51,259.66,114.35,74.36,49.49,74.46,289.88,373.15,32.55,239.77,129.29,240.85,77.11,83.29,245.59
2024-01-23,59.84,193.17,392.14,156.02,209.14,382.20,53.01,145.83,147.47,119.67,679.12,49.22,86.84,17.33,168.42,48.72,163.91,81.36,158.12,396.29,48.24,154.81,607.88,289.33,163.12,73.86,371.41,194.19,182.37,146.30,137.06,172.09,44.73,625.75,763.87,439.70,37.90,86.75,117.06,597.18,297.27,43.45,1759.91,232.04,70.12,84.89,228.21,948.17,68.35,295.54,33.76,548.90,69.62,71.96,55.57,135.72,140.90,10.54,148.15,105.69,94.38,64.41,29.98,140.17,631.11,142.30,33.10,137.66,252.78,31.92,215.02,54.79,531.52,189.70,64.44,64.01,194.42,45.02,129.01,165.15,544.66,29.70,28.24,86.68,255.01,114.38,73.39,49.53,74.30,291.32,378.64,32.89,240.15,127.12,242.59,76.35,83.86,248.45
2024-01-24,61.32,192.50,395.74,156.87,207.83,387.66,52.26,147.48,149.13,122.36,678.05,54.49,87.38,16.75,178.29,48.30,170.87,83.10,156.44,389.87,48.44,152.93,626.65,285.22,159.12,73.91,370.07,191.23,179.61,147.13,137.30,170.12,43.31,626.10,831.51,427.56,37.77,86.82,114.08,606.48,300.28,43.67,1762.70,232.80,71.79,84.84,226.39,941.88,67.90,294.91,33.28,540.46,69.19,70.92,55.07,135.57,144.50,10.41,146.75,107.12,94.21,66.11,28.56,141.77,621.28,141.19,32.78,136.36,252.66,31.30,212.86,53.90,520.21,185.20,62.68,64.00,193.16,45.10,122.58,165.90,539.70,29.14,27.40,85.34,251.24,113.51,71.28,48.65,74.15,295.50,371.39,32.60,240.94,127.42,241.38,75.74,83.76,243.08
2024-01-25,61.58,192.17,398.01,157.75,182.63,390.12,53.02,150.63,152.39,120.03,671.53,56.20,88.49,16.46,180.33,49.26,169.38,84.81,156.98,392.00,48.90,153.82,629.83,289.66,156.64,74.56,374.97,190.27,182.03,147.22,137.56,170.10,44.07,631.33,852.87,429.96,39.04,87.36,118.89,622.58,293.46,45.40,1738.80,237.35,69.52,86.57,224.75,942.50,68.27,291.19,33.87,536.68,69.71,71.94,55.14,137.61,144.43,10.58,146.89,107.52,95.31,65.55,28.81,144.66,605.24,142.11,32.96,137.43,251.75,32.05,210.68,54.52,522.44,183.93,60.39,64.63,195.02,45.78,122.19,168.50,543.57,29.56,27.73,84.48,252.70,112.69,72.60,48.99,75.45,292.36,369.07,32.99,239.79,126.51,238.30,73.91,84.61,244.35
2024-01-26,60.99,190.44,397.09,159.12,183.25,391.07,53.49,150.94,152.54,117.58,678.42,57.04,87.35,16.35,177.25,49.08,163.76,82.21,156.59,392.55,43.07,155.02,588.29,291.07,153.53,73.90,374.76,187.02,181.34,143.65,138.20,171.22,44.30,631.20,851.57,430.17,39.89,87.54,119.60,613.93,290.31,43.82,1795.80,236.45,67.58,86.05,224.17,933.74,68.17,290.73,34.25,528.13,70.31,71.71,55.44,138.54,141.77,10.62,146.72,108.24,95.08,66.12,28.98,144.59,590.94,149.62,32.57,137.91,253.07,32.15,206.56,54.98,524.98,179.62,61.45,65.22,193.65,49.45,123.95,167.39,541.58,29.92,27.71,81.91,251.36,112.63,72.87,48.06,74.46,288.63,377.07,32.94,240.45,121.96,236.83,71.17,85.09,247.79
2024-01-29,62.43,189.76,402.78,161.26,190.93,397.90,53.74,152.25,153.58,118.83,685.46,57.58,88.36,17.09,177.83,49.22,165.31,82.87,157.49,394.07,43.26,155.28,588.99,292.64,155.35,73.48,379.16,190.17,182.47,142.62,139.55,172.62,46.57,642.54,866.16,435.82,39.76,88.48,119.35,630.23,300.67,44.97,1777.43,236.97,69.66,84.32,225.69,949.39,68.67,294.37,34.44,539.90,70.85,72.21,55.59,139.69,130.15,10.49,147.74,110.45,94.73,66.45,28.52,143.31,609.27,152.70,32.67,137.07,257.23,32.41,208.81,55.23,532.06,180.96,63.42,65.14,195.90,51.38,128.87,168.02,547.74,29.95,28.17,82.20,254.73,113.02,74.10,48.66,75.03,296.73,380.83,33.03,240.86,124.25,245.05,72.93,86.29,255.67
2024-01-30,62.74,186.11,401.67,159.00,191.59,396.94,53.92,150.22,151.80,117.90,692.11,56.28,85.48,16.74,172.06,49.17,163.11,81.89,156.15,396.25,42.35,156.64,584.34,293.73,152.81,73.06,377.29,187.80,185.03,139.13,139.60,172.95,42.47,637.46,851.84,446.08,40.23,88.74,120.20,627.96,301.35,43.74,1735.30,238.00,68.36,83.33,226.53,953.29,69.41,294.62,34.69,543.18,71.43,72.26,55.31,139.27,125.28,10.10,149.42,105.47,95.28,66.71,27.90,145.22,603.01,149.44,32.91,136.06,256.47,32.19,206.60,55.32,521.03,180.12,63.34,65.51,195.23,51.95,126.83,166.94,553.29,29.75,28.97,81.00,254.25,114.01,73.72,48.95,74.77,294.86,376.98,33.07,242.36,120.79,241.12,71.97,85.24,257.43
2024-01-31,61.49,182.50,390.85,155.20,187.29,387.10,53.80,138.95,140.65,115.15,686.32,56.41,85.07,16.09,167.69,47.23,161.21,80.85,155.70,393.32,42.51,155.64,583.06,293.39,150.99,72.73,378.22,185.50,181.76,141.54,137.73,169.26,41.13,621.33,853.60,433.38,40.13,87.75,120.32,617.78,292.50,43.09,1711.81,234.62,67.24,81.52,233.36,936.45,68.20,288.46,34.55,533.35,70.43,71.98,55.02,137.09,126.87,10.02,148.37,104.20,93.80,64.49,27.10,142.27,592.50,144.14,32.67,136.09,253.81,31.97,202.19,55.42,515.08,172.91,61.02,65.28,192.84,50.12,124.44,164.93,529.09,29.42,27.80,80.27,249.06,113.36,73.08,48.04,74.31,291.07,370.71,32.87,237.87,121.35,235.67,70.67,83.48,249.77
2024-02-01,62.99,184.94,396.94,159.28,188.86,391.71,54.80,140.00,141.55,117.10,696.83,56.75,84.93,16.33,170.48,47.23,163.83,81.54,156.92,397.03,42.79,158.56,588.02,303.01,150.59,72.64,383.83,185.16,177.31,134.49,139.73,169.99,40.96,622.84,873.93,433.87,40.30,88.08,125.88,627.91,299.37,43.20,1748.28,238.47,66.41,82.58,234.59,951.35,69.45,290.52,35.11,540.00,71.62,73.41,55.94,139.85,126.59,10.46,151.56,107.30,95.32,66.45,27.22,141.33,603.71,146.49,33.44,136.42,255.07,32.16,204.53,56.60,527.28,174.92,61.69,66.33,193.41,50.35,126.90,166.33,537.77,29.92,28.53,80.71,252.70,112.78,74.07,49.20,75.04,294.00,382.34,33.43,242.88,122.60,238.06,70.52,84.60,254.90
2024-02-02,66.12,183.94,404.26,171.81,187.91,471.29,55.21,141.21,142.37,119.47,701.77,56.46,85.79,17.02,177.66,47.23,165.02,82.17,156.23,395.51,42.04,157.89,593.15,301.73,150.13,71.52,383.77,185.25,176.23,135.04,139.84,172.53,45.86,629.45,874.05,424.68,38.88,87.72,127.93,634.76,303.57,43.77,1772.90,239.89,67.07,83.27,236.23,938.84,69.82,296.55,35.35,552.05,71.93,72.44,55.35,140.41,124.59,10.25,151.99,109.50,96.35,66.44,27.56,139.01,625.07,146.55,33.83,135.16,256.45,31.55,206.43,55.38,527.14,173.06,62.09,65.89,201.55,50.01,134.31,167.00,541.52,29.61,28.18,79.43,256.99,113.40,73.63,50.03,75.05,294.74,319.21,33.33,244.03,120.96,244.00,71.00,83.94,217.39
2024-02-05,69.29,185.75,398.78,170.31,181.06,455.83,54.91,142.50,143.75,121.30,703.43,56.21,86.29,16.72,174.23,46.60,167.87,83.41,156.45,389.24,42.20,157.84,603.51,300.59,149.84,71.29,383.94,185.69,173.44,137.27,142.34,172.24,45.48,630.45,883.33,428.89,38.69,87.26,125.28,630.50,302.49,44.01,1774.75,239.02,66.56,81.35,235.73,930.05,70.37,296.65,35.55,559.14,70.48,70.75,55.12,139.50,121.14,10.07,151.09,108.12,97.32,66.09,27.38,138.46,635.25,144.78,33.26,133.47,252.81,30.88,212.22,54.17,572.12,170.70,61.21,64.88,204.39,49.06,131.14,164.01,537.84,29.04,28.28,80.53,257.47,111.65,73.13,49.99,74.76,291.73,303.65,32.95,242.86,121.23,232.05,73.27,81.76,215.05
2024-02-06,68.18,187.35,398.62,169.15,185.10,451.18,55.29,142.92,144.23,119.31,703.07,55.59,83.93,21.87,167.88,47.05,165.53,81.77,155.47,403.74,42.30,158.30,590.50,295.08,149.34,72.23,389.69,182.95,174.01,137.34,143.12,170.74,46.04,625.24,889.57,416.13,38.30,90.24,129.21,607.14,302.11,43.99,1710.39,239.54,66.62,82.01,238.13,931.52,70.12,292.80,35.83,542.43,70.41,71.15,56.34,138.93,125.78,10.07,151.64,112.34,97.39,67.48,27.94,140.65,622.24,144.53,33.27,133.79,253.98,31.14,214.12,54.10,567.00,172.18,63.37,64.23,209.87,49.80,129.18,166.67,537.26,29.11,29.07,78.45,259.46,113.79,81.65,50.48,75.86,288.63,290.28,32.94,244.71,124.92,234.73,72.98,83.88,211.26
2024-02-07,70.06,187.46,407.04,170.53,187.58,465.93,55.15,144.35,145.49,122.67,711.96,55.93,84.50,23.60,170.94,46.85,167.69,83.14,156.23,404.98,42.34,158.35,597.64,276.22,149.72,69.16,391.38,185.13,174.42,139.04,145.64,182.25,47.69,632.98,906.62,419.08,36.96,89.91,130.68,615.85,317.78,43.61,1713.87,242.65,68.90,82.54,237.62,932.19,71.13,300.73,35.80,554.28,69.82,71.24,56.46,139.99,128.78,9.75,152.56,114.33,98.16,70.03,27.69,140.15,634.46,147.55,33.26,135.26,258.43,31.32,212.56,54.03,572.31,168.60,62.90,63.48,213.27,50.80,130.62,169.57,540.60,29.25,28.99,78.50,265.47,113.71,81.52,50.85,75.16,294.42,283.67,32.23,246.86,126.61,244.66,77.01,85.13,209.46
2024-02-08,69.60,186.38,407.10,169.84,189.56,466.34,55.15,144.71,146.02,124.39,716.29,55.85,84.21,24.51,169.35,47.02,170.62,84.69,155.41,402.23,42.06,160.55,607.06,275.27,151.08,68.58,386.94,187.14,173.85,141.23,150.79,183.51,46.55,642.73,907.31,423.06,35.57,91.66,128.92,615.86,323.04,42.99,1732.83,244.26,70.54,83.42,238.39,940.08,68.06,307.36,35.87,570.69,69.95,70.76,56.49,142.74,126.66,9.83,151.46,118.30,98.68,67.85,27.88,142.03,724.57,150.54,33.17,137.34,261.51,31.00,218.76,53.69,573.61,169.50,55.83,63.39,214.60,58.78,131.45,169.60,537.30,29.46,28.57,79.48,269.00,114.31,81.75,50.96,75.45,298.65,282.60,32.29,245.48,127.05,249.41,113.89,81.77,212.29
2024-02-09,72.09,187.15,413.43,174.45,193.57,464.47,55.12,147.78,149.00,125.24,715.54,56.13,84.88,24.38,172.48,47.19,182.35,89.31,156.62,407.49,42.86,154.84,637.79,271.79,153.14,68.46,388.22,188.07,175.09,143.91,147.57,188.45,46.35,647.73,933.52,422.91,36.28,92.33,130.35,627.21,329.34,42.76,1742.26,241.75,68.36,85.07,237.35,947.02,68.39,311.94,35.70,575.30,68.46,71.43,55.66,142.55,127.48,9.64,151.72,119.31,99.05,70.44,27.63,140.42,739.55,147.60,33.53,139.08,266.68,31.08,224.25,53.85,572.21,170.03,58.60,63.62,214.69,64.63,134.91,154.91,542.15,29.15,28.25,80.51,270.98,114.57,81.03,50.91,74.29,304.89,291.15,31.85,246.81,120.47,254.93,115.21,83.13,218.76
2024-02-12,72.20,185.46,408.23,172.34,188.13,465.25,55.45,146.32,147.52,123.44,714.56,55.78,85.02,25.05,171.91,47.06,182.05,88.96,156.21,407.68,43.58,157.56,636.07,274.88,151.90,69.19,382.13,187.13,177.34,145.92,148.83,185.99,47.06,646.58,913.48,418.53,36.74,90.60,126.74,611.84,321.29,43.14,1733.23,243.53,69.94,84.77,237.43,940.70,68.43,306.58,35.68,568.93,68.77,72.30,55.93,142.10,131.57,9.96,150.61,118.44,99.06,70.26,28.25,153.60,717.49,153.80,33.53,136.06,262.04,31.58,227.26,54.59,565.56,169.34,59.77,63.65,211.62,71.75,134.85,155.27,534.32,29.31,27.80,79.11,266.71,114.54,82.86,50.48,73.74,299.09,297.91,32.19,243.39,118.42,253.86,148.97,82.88,216.17
2024-02-13,72.08,183.37,399.44,168.64,184.02,456.54,55.07,143.95,145.18,122.14,706.49,55.45,80.88,24.01,171.54,46.73,176.92,87.45,155.94,404.41,42.71,155.96,629.22,271.19,147.91,68.33,378.89,178.11,174.34,143.00,147.16,184.13,45.83,628.18,888.03,416.04,36.09,89.08,126.15,601.89,322.44,41.65,1706.24,229.93,67.67,82.92,236.97,934.17,69.28,294.33,35.43,548.53,67.35,73.41,56.16,141.64,129.04,9.54,148.72,116.39,98.28,69.40,27.78,153.25,700.04,150.82,33.00,137.49,256.76,31.40,222.83,53.95,555.66,162.00,57.95,62.79,209.07,68.60,131.68,153.49,527.53,28.93,26.60,76.02,264.45,113.87,82.00,49.23,72.75,296.75,292.65,31.99,241.22,117.03,242.80,119.98,81.64,210.07
2024-02-14,73.85,182.49,403.30,170.98,188.71,469.59,54.90,144.74,145.94,123.17,714.33,57.93,81.18,25.19,178.70,47.33,182.69,89.72,155.88,406.50,43.73,154.70,641.75,270.81,148.87,67.88,381.76,179.68,175.11,146.72,146.79,184.16,46.87,646.72,908.79,417.88,36.23,89.27,126.90,604.66,334.55,42.21,1746.37,230.37,68.49,82.59,238.22,941.46,69.95,300.74,35.81,562.73,66.82,73.43,55.87,141.20,132.01,9.73,150.70,120.01,99.92,70.88,27.63,157.19,732.54,148.20,33.58,141.53,262.17,31.34,224.65,54.32,560.56,164.15,58.56,62.69,212.62,76.99,136.15,155.72,533.73,29.10,27.44,75.93,270.84,114.65,82.86,49.22,73.94,302.24,287.28,30.24,242.41,116.75,253.27,126.40,82.32,215.89
2024-02-15,72.61,182.20,400.41,169.80,200.45,480.26,55.12,141.60,142.77,123.45,716.64,59.35,80.98,25.41,176.76,46.18,184.13,89.53,156.02,416.50,43.60,155.02,641.74,271.99,151.55,68.19,380.17,180.85,177.88,148.66,147.28,183.44,58.50,653.76,914.10,426.29,36.05,88.46,129.69,590.44,331.38,42.15,1771.83,235.36,66.98,83.88,239.31,948.32,69.86,295.67,35.81,557.83,67.00,75.81,56.17,141.11,135.32,10.14,152.75,126.27,101.23,70.26,27.97,165.20,721.86,157.69,33.59,142.49,261.25,32.02,225.15,54.63,568.83,147.43,59.38,63.69,213.21,71.80,131.84,156.96,539.90,29.09,28.75,77.75,272.79,115.18,85.31,49.73,75.18,305.09,294.14,30.96,242.91,117.69,253.16,133.68,82.96,213.12
2024-02-16,72.57,180.67,397.95,169.51,199.95,469.63,55.47,139.37,140.61,121.54,716.12,58.40,78.87,24.44,173.87,45.60,195.82,90.73,154.90,419.35,43.06,153.59,650.57,266.93,151.24,66.52,378.63,181.53,177.18,145.52,145.95,183.21,59.87,645.35,913.21,422.20,35.56,88.46,129.36,546.66,329.24,40.64,1768.78,236.48,65.84,83.27,240.18,941.69,70.07,290.30,35.54,552.91,67.35,75.80,55.02,140.80,135.26,9.83,151.19,116.01,100.95,68.48,27.92,166.04,718.11,152.51,33.64,140.73,258.30,32.06,222.92,54.68,555.54,147.00,58.83,64.05,208.83,69.96,129.74,153.38,537.53,28.98,29.51,76.90,269.80,115.74,85.70,48.96,74.48,302.67,293.00,30.82,240.99,117.05,252.75,128.34,81.40,207.84
2024-02-20,69.41,179.92,396.70,167.08,193.76,468.08,57.26,139.96,141.04,119.69,717.81,57.51,80.07,23.40,165.69,45.45,185.58,88.22,156.49,423.56,44.06,155.75,641.14,266.75,153.46,66.95,377.64,182.65,178.77,144.83,145.32,183.04,57.33,635.68,894.17,420.64,35.92,88.69,129.99,541.91,323.71,40.74,1740.01,237.76,64.60,82.55,240.15,940.52,69.04,292.07,35.67,547.98,68.48,75.37,55.40,141.16,131.30,9.89,151.18,115.48,100.62,67.91,27.82,164.78,700.24,148.15,33.56,139.51,255.26,31.90,222.14,54.79,551.21,149.69,58.32,64.75,206.84,70.50,127.66,151.94,536.09,29.22,29.21,77.65,267.70,116.78,86.06,48.52,74.23,301.98,295.13,31.54,244.74,117.87,249.04,121.77,81.24,204.78
2024-02-21,67.43,180.68,396.10,168.59,194.77,464.88,56.56,141.38,142.67,119.78,715.16,57.33,80.84,22.74,164.29,45.63,187.07,88.37,158.42,426.96,43.02,155.91,641.29,266.71,154.73,68.03,380.23,186.81,179.30,144.88,146.90,130.99,55.42,628.16,892.83,419.63,36.09,90.17,129.59,538.52,292.36,40.18,1737.77,238.67,65.07,80.77,241.09,946.45,69.32,290.76,35.90,543.57,69.05,76.93,55.14,141.53,129.76,9.57,152.17,114.69,101.80,65.34,28.10,166.34,701.81,149.24,33.68,139.64,252.52,33.26,225.95,55.37,554.77,154.74,57.17,65.04,209.31,67.28,125.84,151.11,540.93,29.57,28.24,78.66,263.73,115.78,84.66,48.89,74.94,298.96,287.30,32.22,234.07,116.39,213.92,123.39,83.98,204.11
2024-02-22,78.49,182.71,405.43,174.58,197.41,482.86,57.11,142.91,144.14,127.34,726.42,58.85,85.23,23.59,181.86,45.72,196.31,92.53,157.94,434.32,42.54,155.38,672.62,268.33,156.00,67.64,389.08,185.07,180.45,147.49,153.22,133.91,57.80,647.50,935.73,426.78,36.14,90.89,131.56,537.57,310.91,41.92,1817.98,244.52,69.39,83.74,241.88,958.42,70.32,305.57,36.67,580.90,69.36,76.41,55.11,143.56,131.63,9.56,154.25,121.41,103.53,66.96,27.97,163.55,728.72,155.26,34.51,141.96,256.98,33.09,229.97,54.92,571.31,162.81,58.04,65.01,215.48,71.32,131.12,152.44,547.13,28.42,27.15,79.49,271.54,116.99,87.31,49.41,76.86,306.62,297.00,32.24,236.37,117.50,226.15,128.53,82.47,205.43
2024-02-23,78.77,180.87,404.14,174.99,191.97,480.77,57.16,142.78,144.11,126.50,729.91,58.36,85.32,22.97,176.52,45.99,193.78,90.97,158.70,434.83,42.55,156.62,657.91,272.09,154.36,68.35,389.77,183.33,180.29,147.64,137.67,141.04,57.39,649.36,917.45,430.11,36.13,90.74,132.15,553.44,311.49,42.19,1629.32,246.65,67.12,83.70,242.94,974.62,70.53,303.53,37.09,575.65,69.22,76.83,55.29,144.66,127.69,8.61,155.72,121.76,103.77,67.64,28.63,163.20,708.90,152.66,34.57,141.04,257.20,33.18,229.34,54.92,576.29,157.65,58.85,64.96,217.10,68.74,129.51,151.01,548.66,28.25,27.28,78.48,270.63,116.92,88.73,51.38,77.21,305.88,299.42,31.92,241.12,116.26,235.23,133.34,84.79,204.44
2024-02-26,79.04,179.53,401.38,174.73,199.40,478.50,58.22,136.44,137.62,127.75,737.25,58.76,88.75,23.56,176.01,45.56,200.06,91.98,158.28,432.29,42.55,155.39,672.67,269.45,154.93,67.79,388.27,182.27,179.00,149.66,137.42,151.39,58.99,653.33,931.55,433.48,36.38,89.47,131.39,560.48,321.03,42.96,1610.13,244.43,68.15,84.35,240.73,982.64,70.80,303.69,36.95,575.70,68.58,75.26,55.72,144.48,126.48,8.55,155.93,119.89,105.15,68.40,28.58,163.90,712.59,149.27,34.96,141.03,257.35,32.72,234.08,53.74,569.87,158.66,59.01,67.92,219.90,79.65,129.35,149.71,539.83,27.60,28.75,78.54,271.59,115.73,90.28,52.50,76.91,307.21,292.64,31.84,239.43,116.17,241.70,146.20,83.98,204.66
2024-02-27,78.65,180.98,401.32,173.54,199.73,483.77,58.21,137.74,138.96,126.49,736.62,60.17,91.12,24.53,178.00,45.47,199.38,91.19,158.97,432.15,42.29,155.29,666.53,262.03,155.54,67.86,386.46,182.33,178.09,150.87,136.57,157.38,60.63,658.76,925.43,430.92,36.45,89.33,153.62,552.49,321.21,43.26,1607.44,244.24,68.66,86.29,238.61,986.68,72.12,300.01,36.74,574.00,68.43,78.34,56.11,146.22,128.33,8.70,154.51,123.70,104.29,69.95,28.46,164.68,697.26,152.06,35.03,138.17,256.95,33.26,235.95,53.95,575.07,159.00,59.84,67.04,217.51,87.18,130.95,147.94,539.04,27.60,29.23,78.58,271.82,115.29,92.17,52.92,76.55,295.05,290.00,31.70,239.24,115.32,242.49,137.95,84.89,205.82
2024-02-28,77.62,179.78,401.56,173.16,202.04,480.76,58.24,135.26,136.31,125.83,739.83,59.65,89.00,24.42,176.54,45.24,194.15,90.40,158.18,438.37,41.56,154.25,662.03,261.06,153.75,67.56,386.59,181.07,177.54,149.29,137.26,158.07,58.01,648.72,923.59,426.97,36.35,88.25,168.48,551.82,320.94,43.24,1579.49,244.20,67.08,87.16,238.84,980.98,72.86,300.58,36.58,570.28,68.48,77.64,55.85,147.03,125.01,8.71,155.14,122.44,104.33,69.51,28.23,166.35,698.52,153.43,35.23,138.74,255.25,32.88,234.27,53.39,571.68,155.23,59.93,65.94,213.49,96.29,130.47,147.48,535.44,28.10,28.03,77.86,309.22,114.83,92.67,53.08,75.91,295.16,288.34,31.47,238.33,114.22,237.29,133.86,86.35,207.05
2024-02-29,79.06,179.12,407.39,176.76,201.88,486.83,57.25,137.33,138.64,126.91,735.81,60.29,89.89,25.08,192.53,45.53,198.16,91.93,158.32,436.06,42.61,153.85,671.17,257.65,157.79,67.00,385.60,184.98,179.56,151.15,136.21,155.27,59.72,652.39,935.57,420.74,36.95,90.06,166.13,560.28,324.15,44.76,1595.30,245.07,71.17,88.53,238.44,959.61,72.49,304.38,36.83,573.73,68.37,79.38,59.10,145.57,124.54,8.79,154.62,124.57,103.88,69.11,28.34,168.91,707.83,157.47,34.96,138.15,258.17,32.92,239.79,48.78,575.23,151.09,60.02,65.02,218.21,102.28,131.46,146.93,536.70,27.99,27.72,79.72,307.37,115.02,90.94,53.15,76.44,294.66,293.93,31.24,238.23,115.07,241.97,141.04,87.03,207.42
2024-03-01,82.23,178.04,409.22,178.22,202.64,498.92,57.40,136.02,136.96,136.53,741.30,61.93,94.40,24.93,202.64,45.56,206.65,96.17,158.39,436.43,43.37,153.16,705.87,263.76,161.30,67.20,397.90,189.17,179.51,156.23,137.42,151.20,62.26,655.96,974.16,432.76,36.91,88.41,167.65,570.93,314.60,48.39,1612.75,245.19,77.08,92.44,237.07,976.22,72.36,315.24,37.11,591.35,67.71,79.20,58.79,146.23,126.85,8.67,154.56,127.43,106.03,70.44,28.69,171.36,731.13,159.72,34.88,139.45,264.74,32.94,247.26,45.89,576.87,152.61,60.22,65.75,219.10,107.94,130.22,150.34,539.88,27.40,28.06,82.43,314.25,114.66,92.37,53.58,76.04,291.92,293.16,31.10,237.99,121.74,219.23,141.62,88.27,209.20
2024-03-04,85.18,173.52,408.65,177.58,188.14,494.84,57.92,132.26,133.11,136.84,750.93,61.58,95.01,24.04,205.36,46.25,205.90,95.77,158.36,442.64,45.14,153.88,706.11,262.88,162.61,67.14,400.59,188.60,180.03,159.55,135.92,149.72,61.87,657.82,981.14,424.03,36.09,87.74,173.57,567.94,313.81,48.41,1560.08,242.66,78.81,93.60,233.76,964.67,71.87,317.31,37.26,594.32,66.91,79.16,58.50,146.55,122.12,8.11,154.77,132.40,105.19,71.39,28.19,168.35,723.20,158.09,35.82,137.49,260.70,33.60,244.18,47.27,571.28,150.04,59.66,65.89,220.06,133.40,130.67,146.33,539.15,27.23,28.27,82.35,319.88,114.76,92.38,54.10,76.49,273.02,279.06,31.02,236.29,122.30,214.22,138.01,88.59,207.60
2024-03-05,85.92,168.59,396.56,174.12,180.74,486.92,58.65,131.58,132.69,131.03,751.69,59.85,93.72,23.81,205.13,46.08,203.83,94.36,160.84,447.85,42.71,150.78,694.36,260.30,160.91,67.83,387.32,183.90,178.32,154.65,134.69,145.57,60.96,629.60,952.44,415.44,36.27,86.56,174.34,544.84,297.56,47.78,1527.29,243.11,78.19,93.84,231.67,958.73,71.98,307.70,37.13,565.26,66.28,78.32,57.89,145.78,121.33,8.14,153.83,130.90,106.87,69.04,28.89,169.45,705.47,159.33,35.60,134.98,247.29,33.67,238.57,45.04,558.32,149.68,57.96,65.84,212.35,105.10,123.53,143.94,529.09,27.22,27.82,81.14,315.10,112.78,91.46,53.86,75.24,266.74,280.85,31.10,234.14,121.78,206.36,134.07,87.35,196.33
2024-03-06,88.65,167.59,396.01,173.51,176.54,492.75,59.16,130.32,131.48,131.74,764.84,59.77,94.80,26.16,210.63,46.28,208.53,96.20,162.32,450.43,44.05,151.68,703.79,260.24,162.07,67.50,388.16,185.74,181.16,160.82,134.61,139.43,62.62,639.98,986.93,411.85,36.35,86.97,177.51,543.09,329.57,48.69,1525.59,242.35,80.82,89.57,231.44,965.58,72.11,312.65,36.98,575.97,67.01,78.20,58.31,144.75,116.64,8.41,153.93,132.13,108.17,71.32,29.27,170.50,718.96,163.87,35.59,134.23,251.10,34.04,241.25,44.84,557.46,149.66,57.81,65.94,215.00,124.62,124.59,143.90,532.25,27.32,27.99,83.19,314.97,113.25,92.75,54.62,74.18,266.93,276.33,31.30,232.00,133.72,202.42,136.99,87.68,198.14
2024-03-07,92.62,167.48,402.96,176.82,178.65,508.74,58.96,133.28,134.14,137.30,777.05,60.85,98.20,26.46,211.38,46.03,208.97,97.45,159.38,452.06,45.67,151.78,711.47,256.73,165.28,68.45,392.68,192.07,183.07,168.32,136.91,143.24,63.19,639.05,1029.66,410.54,35.99,86.31,177.46,556.04,329.68,48.38,1529.94,242.16,84.51,89.25,233.24,966.78,72.63,318.04,36.81,583.35,66.43,78.37,59.38,142.70,117.14,8.74,154.56,133.20,107.10,73.07,29.53,172.03,754.58,163.54,36.37,134.11,253.84,34.19,248.73,46.32,563.22,149.86,58.19,66.85,218.76,130.00,122.89,145.01,538.27,27.10,27.77,88.43,315.13,113.63,92.31,55.21,74.93,264.74,282.00,30.89,232.56,133.24,201.27,140.85,85.35,202.96
2024-03-08,87.48,169.19,400.08,175.35,175.34,502.54,58.72,134.30,135.18,127.71,717.68,60.48,96.85,26.04,207.39,46.59,202.04,93.73,158.99,449.40,43.55,151.72,687.81,257.57,162.48,69.81,391.85,189.84,181.39,163.39,137.22,140.10,63.42,641.41,977.50,413.59,36.72,86.41,168.56,551.69,322.85,47.41,1512.50,245.47,74.91,88.19,231.48,962.33,72.28,308.60,37.08,571.29,67.23,78.12,59.18,142.42,110.34,8.73,153.82,131.80,107.40,71.35,29.31,172.49,719.79,164.91,36.22,133.86,251.86,34.31,242.00,47.23,561.41,149.82,58.70,66.88,211.46,142.56,121.31,143.73,537.90,27.27,27.82,84.17,312.79,113.34,93.52,54.96,74.26,264.32,283.78,31.20,232.95,135.25,198.69,131.48,86.11,208.80
2024-03-11,85.73,171.19,398.40,171.96,177.77,480.33,59.25,136.54,137.81,126.19,706.32,60.09,93.76,25.35,198.39,47.27,197.92,91.24,159.74,456.13,44.40,153.29,674.20,259.09,164.26,70.00,378.90,192.04,180.97,163.92,137.89,141.66,60.03,640.56,946.37,414.47,37.55,87.37,165.93,560.42,317.37,46.70,1547.32,243.69,71.87,87.28,233.09,957.97,72.41,305.74,36.93,565.32,67.74,78.02,59.16,142.55,111.89,9.07,153.60,128.77,106.82,71.46,29.98,173.63,706.97,162.99,35.59,135.43,258.26,34.52,243.21,48.98,548.31,149.10,59.76,67.76,213.73,148.42,121.45,145.87,545.72,27.42,27.08,85.81,310.93,114.11,92.65,54.53,74.44,266.72,298.25,31.32,233.88,133.04,200.74,126.74,86.81,215.63
2024-03-12,91.86,171.67,409.00,175.39,177.54,496.38,59.98,137.36,138.48,126.07,728.87,61.11,96.65,24.70,202.76,47.13,201.43,93.36,158.69,458.06,44.77,153.11,687.01,260.20,164.84,69.77,389.40,193.00,179.93,165.80,137.78,142.37,61.11,652.14,967.63,412.45,37.24,87.68,166.38,579.14,329.27,47.39,1545.56,245.87,71.28,86.68,233.64,964.06,72.97,311.28,36.72,576.72,67.13,77.70,59.82,143.16,118.16,8.86,154.15,130.45,107.52,71.34,30.16,173.64,724.06,166.67,36.04,134.72,262.78,34.36,247.21,48.05,546.84,146.65,59.71,67.72,217.75,159.34,122.99,144.53,547.02,27.41,27.31,87.14,311.37,115.05,91.47,55.19,74.57,271.21,294.70,30.98,234.47,135.38,201.24,129.50,87.13,217.36
2024-03-13,90.84,169.59,408.83,176.56,169.48,492.23,59.86,138.64,139.62,122.75,726.22,60.94,93.41,25.00,194.79,47.17,197.12,90.99,159.09,462.75,42.78,153.82,677.48,259.68,162.84,70.57,382.99,192.42,180.47,162.13,137.78,145.06,63.09,644.69,952.38,413.20,37.32,86.93,165.88,573.55,332.17,47.02,1550.62,246.58,67.17,84.36,233.21,958.99,73.43,306.21,36.68,561.20,66.89,77.34,60.85,143.74,122.36,8.85,153.31,132.42,108.64,70.18,30.41,176.50,696.17,164.76,35.93,135.65,258.70,34.34,240.99,47.67,540.18,148.42,62.12,68.28,214.19,176.62,123.59,144.89,541.42,27.04,27.84,85.78,306.78,114.57,88.15,56.25,74.50,269.73,298.40,30.92,232.68,131.68,201.43,131.27,87.81,207.73
2024-03-14,87.89,171.44,418.79,178.75,162.50,488.52,59.81,141.93,143.16,123.18,724.00,61.30,90.71,24.43,187.06,46.87,197.31,90.89,157.90,461.82,42.31,153.33,681.04,255.49,161.38,69.67,384.31,188.38,177.41,161.36,138.24,143.79,63.19,639.74,943.53,408.77,36.92,86.98,162.70,570.45,328.59,45.76,1561.27,243.23,65.63,81.59,232.29,952.60,74.46,306.24,35.95,559.31,66.40,76.28,60.30,143.06,123.20,8.53,154.89,132.55,107.92,68.04,30.59,178.33,681.24,166.44,36.04,133.74,258.53,33.95,234.03,48.54,535.58,148.53,62.66,68.19,210.61,167.68,122.65,143.77,539.02,27.13,26.31,84.30,306.43,114.04,88.00,56.42,73.85,272.04,297.00,30.73,229.70,129.50,198.83,130.96,87.87,202.70
2024-03-15,87.79,171.06,410.13,174.42,163.57,480.84,59.47,140.02,141.01,120.56,717.75,60.59,92.51,23.49,191.06,46.06,195.24,89.36,156.88,456.26,42.20,153.22,672.75,252.98,162.69,69.18,396.28,189.13,178.63,160.16,134.40,141.08,63.13,615.61,924.29,407.69,36.88,85.52,163.56,492.46,315.65,45.00,1499.51,239.38,66.41,81.83,231.18,958.00,74.21,298.44,35.89,550.03,66.20,76.51,60.45,142.17,123.74,8.54,154.32,130.55,110.85,66.72,30.95,178.74,675.34,160.64,35.93,132.99,254.24,33.86,228.08,48.65,529.77,149.27,62.52,67.19,207.92,178.24,120.42,143.91,539.28,27.02,25.72,83.98,307.65,112.83,89.07,56.13,72.87,268.27,290.65,30.78,231.35,130.46,194.03,126.97,95.18,194.43
2024-03-18,88.41,172.15,411.01,174.48,173.80,493.63,59.65,146.47,147.27,120.73,723.59,61.84,93.04,24.00,190.65,46.38,197.29,90.85,156.24,454.19,42.27,159.36,679.44,254.89,159.56,68.78,392.62,185.27,177.78,159.89,135.85,142.62,68.15,620.40,925.40,411.38,37.18,86.37,166.85,513.86,321.06,44.64,1509.05,243.74,66.74,81.24,230.95,953.48,74.26,300.93,36.22,560.63,66.72,76.56,60.79,141.38,128.71,8.48,153.72,129.58,112.73,67.55,31.02,178.86,662.86,161.86,36.25,131.22,255.18,33.98,227.20,48.69,529.81,147.41,63.89,67.56,206.75,150.28,120.87,144.62,538.11,27.61,26.14,83.45,308.45,113.07,90.27,56.09,72.63,272.60,296.18,31.27,232.54,134.72,195.94,129.75,96.15,197.01
2024-03-19,89.35,174.49,415.04,175.90,171.32,492.90,59.66,145.82,146.72,120.81,724.22,62.07,93.26,23.80,181.42,46.26,197.89,91.42,155.84,454.80,41.62,159.87,669.95,255.67,157.25,68.92,390.53,184.61,179.84,157.19,138.02,140.29,67.64,624.50,935.79,415.20,37.07,86.92,170.37,521.19,320.86,45.01,1519.44,245.02,64.62,82.36,233.13,957.19,75.64,311.85,35.90,584.71,67.60,77.64,60.54,143.46,127.68,8.50,154.39,130.83,113.35,67.79,31.82,181.27,639.25,161.79,36.50,131.69,256.19,34.17,226.97,49.06,534.42,148.17,62.67,67.22,209.38,141.75,121.81,145.20,543.74,27.42,26.13,82.69,312.13,113.54,90.44,56.27,72.21,273.24,298.58,31.58,234.23,134.17,195.24,124.59,94.10,196.43
2024-03-20,90.32,177.06,418.80,178.15,175.66,502.12,60.03,147.52,148.46,125.05,732.67,62.77,95.49,24.57,179.73,46.64,201.54,93.19,156.25,454.86,41.76,159.92,684.60,256.91,160.29,69.46,390.37,188.27,181.78,160.61,140.87,141.02,70.52,629.52,954.48,412.11,37.17,87.87,173.63,519.14,326.87,45.70,1528.84,249.17,65.09,83.85,236.56,960.47,76.35,316.86,36.51,589.78,67.25,77.20,60.14,144.00,132.17,8.74,156.19,137.91,113.77,67.87,31.98,181.53,655.70,164.71,37.19,131.06,262.43,33.94,232.66,49.20,529.50,147.99,64.70,68.02,214.41,154.65,123.44,148.43,545.89,27.80,26.58,83.70,314.28,115.38,90.55,56.90,72.69,276.41,295.30,31.66,233.20,132.53,197.30,131.33,96.31,196.22
2024-03-21,91.38,169.82,422.88,178.15,172.82,504.34,60.23,146.39,147.53,132.10,734.49,62.27,108.98,24.49,178.68,46.95,207.19,96.48,156.03,454.38,41.98,160.47,701.50,260.58,162.75,68.62,391.96,189.08,181.96,163.66,143.60,143.82,71.91,640.97,974.02,415.71,36.98,86.98,172.07,511.25,329.46,47.97,1555.69,250.36,66.14,84.84,237.73,961.51,77.53,322.80,36.76,602.01,67.57,77.43,59.88,144.20,122.30,8.72,157.95,136.76,116.55,68.57,32.33,182.94,663.79,168.18,37.55,131.22,265.75,34.37,237.33,48.94,532.09,146.62,65.79,67.63,219.62,159.93,122.86,152.17,548.08,27.68,26.34,84.20,316.09,114.75,90.86,57.21,70.21,276.49,294.61,31.88,232.72,133.41,198.07,133.60,97.73,197.26
2024-03-22,94.24,170.73,422.26,178.87,170.83,506.15,59.66,149.53,150.53,132.64,726.82,62.80,109.34,24.18,179.65,46.86,206.65,96.02,155.72,456.27,42.13,160.07,698.97,259.85,162.65,68.17,394.07,187.49,181.37,162.94,142.69,143.39,71.23,633.54,963.37,415.66,36.86,86.08,176.13,499.52,327.58,48.12,1571.99,250.26,66.09,85.37,236.45,960.75,77.84,322.74,36.26,594.20,67.74,77.29,59.50,142.42,122.99,8.44,157.27,137.24,115.92,68.30,32.03,183.22,660.91,167.86,37.40,130.44,262.86,34.07,235.61,48.91,530.72,146.51,64.43,67.57,217.77,152.30,123.02,152.46,548.18,27.88,26.43,83.41,316.32,113.35,89.39,57.41,69.55,277.50,290.60,32.10,231.68,133.18,194.95,134.15,95.72,192.53
2024-03-25,94.95,169.31,416.47,179.71,172.63,499.63,59.37,148.84,149.92,132.45,723.02,62.75,116.20,24.51,178.63,46.76,204.89,95.39,156.21,454.96,41.40,160.61,688.32,264.22,161.11,68.14,391.71,184.70,179.34,160.47,142.78,142.54,72.60,628.97,962.36,416.03,36.77,86.04,185.05,507.23,324.76,48.90,1550.07,247.26,65.67,84.61,233.20,954.64,75.80,316.21,35.76,584.32,66.29,77.22,59.09,141.66,119.87,8.46,156.35,137.82,115.60,67.89,31.88,185.00,658.01,167.99,36.88,129.27,261.57,34.21,231.77,49.10,529.71,152.07,65.65,67.78,214.79,185.60,122.66,146.14,542.82,28.52,27.00,83.04,315.47,111.59,87.95,57.18,69.65,275.68,290.60,32.40,228.86,140.10,194.07,138.31,95.82,193.26
2024-03-26,92.51,168.18,415.28,178.30,177.67,492.55,59.31,149.43,150.46,130.48,723.04,62.92,117.86,24.89,177.87,46.64,203.13,94.97,156.19,455.60,41.56,160.73,677.19,265.12,158.34,67.98,397.63,183.08,181.62,160.04,144.13,143.35,71.09,629.91,954.86,418.46,36.63,85.75,183.22,507.60,330.01,51.29,1537.46,247.33,67.79,90.85,234.03,957.08,75.65,316.01,35.08,584.32,65.53,76.86,59.32,141.64,120.10,8.38,155.80,140.26,115.23,67.45,31.44,182.80,655.18,167.39,36.77,129.65,261.67,33.94,230.53,48.47,530.60,151.97,66.32,67.70,213.95,187.70,123.45,146.67,546.26,28.75,27.02,81.71,319.14,112.17,88.73,57.22,70.03,277.38,287.89,32.57,228.08,139.93,195.63,127.96,95.18,192.00
2024-03-27,90.20,171.75,415.06,179.83,179.83,490.53,59.51,149.63,150.70,129.23,724.13,61.35,118.31,24.51,179.59,46.85,204.43,94.82,157.07,454.31,43.32,161.51,685.51,269.38,163.02,68.55,400.10,187.32,185.35,162.01,144.61,141.13,68.86,638.46,957.52,417.32,37.14,86.83,182.71,504.40,322.25,50.91,1522.65,248.69,71.82,90.72,237.14,959.82,75.70,311.34,35.76,573.35,65.99,79.02,59.20,144.20,116.66,8.64,168.65,138.88,116.59,67.27,31.69,184.95,662.96,166.41,37.01,130.61,260.97,34.63,236.68,49.95,539.57,154.39,66.22,67.74,211.29,191.92,123.51,146.92,550.94,28.82,27.32,84.50,315.64,114.00,89.97,57.24,71.21,273.62,293.51,32.71,230.77,139.48,193.48,125.62,96.22,193.14
2024-03-28,90.31,169.93,414.36,180.38,175.79,482.31,58.97,149.69,151.02,129.89,724.67,60.73,117.07,23.01,180.49,46.98,202.69,95.40,158.25,452.45,43.71,162.85,687.18,267.52,164.28,68.77,399.09,191.64,185.46,162.17,142.82,142.07,69.22,639.70,954.04,418.01,37.38,86.73,182.67,504.60,320.59,51.36,1511.96,247.46,70.40,89.25,238.49,956.03,75.26,311.28,35.99,571.50,65.90,80.23,59.28,143.78,116.25,8.73,168.99,137.72,116.05,68.31,32.08,186.49,667.18,164.96,36.94,131.40,260.42,34.88,238.93,50.29,539.93,149.45,66.63,66.27,216.56,170.46,123.60,148.49,552.57,28.90,27.13,84.99,312.88,115.19,90.57,57.92,70.89,272.75,290.63,33.04,232.54,138.70,192.63,124.99,96.60,195.11
2024-04-01,90.31,168.50,418.15,180.97,175.22,488.04,58.81,154.22,155.23,132.32,713.40,61.43,123.43,22.86,183.34,47.10,205.11,96.40,157.71,451.55,44.06,160.96,699.29,266.31,163.30,68.42,394.87,190.50,182.53,164.49,140.50,139.71,69.14,629.71,976.14,420.48,36.46,86.86,183.78,502.09,319.59,53.32,1528.95,246.50,72.70,88.03,234.26,962.81,75.35,312.13,35.71,576.89,65.67,78.79,57.74,142.15,119.16,8.79,167.39,138.25,115.31,67.82,32.03,187.69,658.37,163.37,36.68,132.07,259.44,34.56,237.49,49.85,532.41,153.33,64.68,65.65,215.39,163.67,123.15,150.00,545.46,29.43,26.72,85.02,311.37,114.09,89.19,58.07,69.40,272.44,284.15,33.19,229.63,137.94,192.13,126.91,94.52,193.37
2024-04-02,89.40,167.32,415.07,180.69,166.63,494.02,57.98,153.29,154.60,131.20,703.57,61.42,121.89,22.72,178.70,46.46,202.58,94.98,157.14,449.55,43.49,159.53,682.61,259.89,160.65,67.68,382.36,188.82,180.92,163.84,140.39,136.70,69.72,616.67,950.34,409.42,36.32,84.74,185.91,499.21,319.55,51.80,1512.51,242.98,73.09,86.55,236.50,948.27,76.01,306.36,35.44,569.82,65.20,79.40,56.90,140.76,118.24,8.48,166.21,137.50,113.91,68.85,32.17,188.56,639.16,160.11,36.54,130.89,248.71,34.89,232.18,50.60,521.67,151.04,64.32,65.35,213.86,157.88,124.39,149.57,537.89,29.13,26.30,83.35,309.36,114.52,87.78,57.25,69.34,271.66,278.02,33.48,228.85,136.65,188.74,124.28,93.17,196.02
2024-04-03,88.91,168.12,414.09,182.41,168.38,503.33,58.25,153.65,155.10,133.59,698.02,63.01,127.12,22.70,180.77,46.25,203.82,96.06,158.29,450.65,39.91,157.89,686.16,258.20,160.63,66.56,383.42,189.28,178.88,166.59,143.00,134.77,72.86,613.13,963.67,408.81,36.08,84.17,188.01,497.01,320.04,53.90,1504.98,245.77,72.53,87.89,234.08,944.57,75.53,310.58,35.36,578.87,63.99,78.58,55.95,138.65,119.52,8.73,166.98,138.78,112.80,71.32,32.45,191.24,640.02,159.34,36.56,131.26,246.38,34.54,235.18,50.61,524.04,150.83,64.99,65.33,217.09,160.61,121.51,151.73,536.65,29.22,27.68,83.51,309.10,112.81,88.69,57.37,69.49,268.83,275.69,33.46,227.89,138.51,186.31,125.31,93.37,195.24
2024-04-04,85.86,167.30,411.56,180.00,171.11,507.48,58.32,149.30,150.70,129.11,697.22,61.71,123.23,22.48,165.83,45.66,199.90,93.44,156.69,445.57,39.32,157.87,661.78,252.25,158.92,65.30,378.92,185.98,177.14,162.62,138.65,132.60,72.78,611.44,937.27,404.01,35.71,83.15,180.95,487.11,309.19,53.09,1487.81,244.11,70.40,87.05,230.61,930.73,73.31,306.48,35.07,567.11,64.21,78.24,55.75,136.87,117.47,8.44,163.45,134.61,112.91,69.23,32.49,189.20,633.42,158.84,36.00,128.32,244.81,34.55,230.64,50.31,518.10,151.48,64.20,65.14,215.33,161.54,120.72,149.59,530.09,28.91,27.28,81.73,306.83,112.56,87.63,55.74,69.27,269.08,271.23,33.36,223.46,133.34,182.01,122.01,91.81,192.32
2024-04-05,87.96,168.05,419.09,185.07,164.90,523.79,58.66,151.25,152.69,131.26,705.97,63.62,122.72,22.96,170.42,46.07,204.29,95.10,156.20,452.82,38.31,157.39,671.71,254.00,157.95,65.33,388.39,188.70,178.14,164.31,141.80,134.51,74.79,625.67,962.97,406.67,35.53,82.42,190.80,485.12,315.50,55.02,1501.72,249.05,72.15,86.31,233.82,936.37,74.50,308.02,35.24,575.45,64.00,78.23,55.90,136.70,117.87,8.32,165.71,139.56,114.48,70.91,32.86,192.28,644.42,161.77,36.70,129.05,244.74,34.66,232.41,50.09,519.54,153.56,64.80,65.65,221.76,143.90,124.40,151.04,535.74,28.99,27.66,82.97,309.90,114.80,88.14,56.55,68.80,268.32,267.49,33.19,224.57,138.93,183.34,124.82,94.75,196.62
2024-04-08,87.08,166.93,418.17,185.19,172.98,515.75,58.59,153.58,154.87,130.94,704.08,62.84,122.09,23.00,169.90,45.78,205.46,94.97,156.00,449.87,37.59,157.80,679.56,253.29,159.80,65.18,386.93,190.57,178.69,166.31,141.77,134.29,78.05,635.06,966.07,404.22,35.36,82.74,189.71,484.28,313.73,54.90,1488.58,249.78,71.43,85.51,235.53,932.18,73.82,311.09,35.00,576.36,63.64,78.52,55.65,137.42,117.62,8.52,166.63,137.43,114.76,68.39,32.80,194.39,671.02,160.27,36.34,128.76,245.89,35.07,236.18,50.60,514.70,156.04,65.99,65.22,221.88,151.30,125.76,153.65,535.96,29.02,28.11,84.46,311.21,116.18,87.38,56.28,68.74,268.61,273.05,33.18,223.32,139.94,183.71,129.25,94.22,198.55
2024-04-09,85.31,168.14,419.84,185.67,176.88,513.42,58.60,155.32,156.85,130.74,710.78,61.82,121.78,22.81,170.78,47.46,206.80,95.57,156.09,446.23,37.93,158.76,685.47,254.38,163.57,65.66,390.96,197.77,179.28,168.18,140.99,139.57,76.52,634.77,973.07,404.48,34.88,82.68,185.88,492.55,310.77,54.68,1495.01,250.04,72.84,85.87,238.74,937.56,73.05,311.41,34.90,568.99,63.88,79.28,55.75,137.08,121.10,8.69,166.70,136.77,111.64,68.22,32.74,193.42,671.84,162.66,36.35,129.44,247.93,35.15,242.85,50.87,519.81,155.90,66.64,64.90,219.73,144.10,125.44,154.70,536.21,29.22,28.01,86.85,311.27,118.75,86.61,56.69,69.22,271.10,271.46,33.28,226.26,140.45,188.50,126.81,95.69,202.92
2024-04-10,86.99,166.27,416.86,185.95,171.76,516.33,59.41,154.86,156.38,129.59,714.73,61.86,121.35,22.42,167.14,46.70,205.66,94.42,155.49,438.97,36.82,157.21,675.92,250.70,159.29,63.95,388.46,190.22,176.78,163.67,141.17,140.50,76.34,619.27,958.11,397.58,34.50,81.56,188.82,487.22,312.53,54.38,1478.00,249.46,70.94,84.40,234.71,929.92,72.87,304.59,34.38,561.23,62.77,77.61,54.81,135.48,119.70,8.32,165.04,137.18,111.18,68.13,32.71,194.07,656.41,160.28,35.79,128.07,239.01,34.26,232.48,50.29,504.14,152.41,65.53,63.88,212.35,156.60,125.82,152.12,528.82,28.88,28.39,83.46,318.26,116.81,85.07,56.03,67.68,266.86,262.85,32.97,222.86,140.32,183.95,125.18,90.65,204.74
2024-04-11,90.56,173.46,421.46,189.05,174.60,519.64,58.89,158.10,159.48,135.48,724.39,62.88,126.62,22.84,170.50,47.00,209.33,96.57,155.79,441.42,37.24,156.66,689.19,254.04,161.44,64.45,392.26,192.46,177.88,167.76,143.21,141.93,78.24,618.63,975.38,400.23,34.87,81.52,190.60,484.28,317.80,55.62,1507.56,253.58,71.10,85.15,233.41,914.14,72.20,310.10,34.40,561.97,62.87,77.26,54.73,137.10,121.13,8.54,165.08,140.95,111.36,68.22,32.55,195.98,674.00,165.42,33.46,127.95,241.06,34.16,235.61,50.05,503.10,152.09,65.45,64.32,217.04,155.18,130.80,151.34,532.42,29.04,28.56,84.59,324.09,116.54,87.88,56.00,68.26,268.47,266.53,32.76,220.34,139.62,184.78,131.13,92.79,214.65
2024-04-12,88.14,174.96,415.52,186.13,171.05,508.45,58.94,156.44,157.89,131.72,723.36,62.28,121.67,22.67,163.28,46.02,204.30,93.97,155.17,435.97,35.32,156.42,669.68,251.48,156.85,63.91,384.80,186.29,177.24,164.08,139.04,139.54,75.57,612.13,945.56,396.55,34.20,80.59,189.41,474.09,309.05,54.23,1444.14,246.23,69.74,81.71,232.86,898.63,71.77,305.85,34.31,557.16,62.78,76.50,55.01,133.23,115.50,8.34,164.41,138.38,110.69,66.45,31.65,194.18,648.28,159.37,33.74,126.67,236.98,33.86,225.28,49.75,497.79,148.50,64.25,64.18,218.36,147.96,127.51,147.27,528.66,28.48,27.25,81.14,310.81,115.38,85.95,55.38,66.99,263.69,260.50,32.18,219.52,136.14,181.41,126.33,90.34,206.53
2024-04-15,85.95,171.13,407.39,183.62,161.48,496.86,58.74,153.59,155.06,128.45,710.48,60.72,120.52,21.90,160.32,45.78,202.15,92.90,154.95,433.38,35.94,155.35,667.43,249.82,156.87,63.61,377.36,184.37,175.33,162.69,137.22,136.07,71.43,603.27,938.65,397.36,34.25,80.82,183.21,470.10,299.50,53.01,1415.88,243.63,67.47,80.45,233.08,892.53,71.28,301.56,34.11,543.91,62.01,75.39,54.11,130.94,114.29,8.36,163.50,132.90,110.56,64.73,31.08,193.25,636.86,155.60,33.23,125.84,229.62,33.67,221.90,49.75,491.29,147.70,63.17,63.55,217.20,133.59,125.82,145.30,521.19,28.67,26.82,81.19,303.31,114.87,85.81,54.75,66.18,259.63,256.90,32.52,219.18,134.56,174.85,122.32,87.53,191.84
2024-04-16,87.37,167.85,408.31,183.32,157.11,496.39,58.65,153.13,154.73,130.25,708.19,61.75,120.92,21.88,163.46,45.48,205.89,94.58,154.92,434.38,35.89,155.86,682.00,249.94,158.04,63.19,378.55,185.28,172.33,161.48,136.52,137.51,72.32,602.64,960.38,394.17,33.98,81.06,184.45,476.22,299.15,53.48,1397.88,240.90,67.87,80.26,233.21,888.14,72.63,300.81,33.82,541.09,62.11,74.09,54.69,131.11,113.52,8.14,163.95,133.84,110.11,64.48,30.74,191.93,645.62,156.66,32.94,125.34,228.24,33.19,222.45,49.15,489.57,146.72,63.09,62.96,217.72,125.40,126.95,145.45,519.93,28.68,26.15,81.41,300.31,113.64,85.56,54.38,65.71,257.69,257.57,32.77,219.10,136.52,174.32,122.22,86.29,194.85
2024-04-17,83.99,166.48,405.61,181.28,155.45,490.84,58.46,154.20,155.60,125.70,707.42,61.37,115.52,21.31,154.02,45.35,196.46,89.57,155.21,435.37,35.31,157.71,648.23,248.46,156.25,62.84,374.17,183.54,172.00,157.40,135.58,138.66,70.90,604.34,892.24,393.10,33.87,81.81,183.21,474.45,293.69,52.81,1397.86,233.88,66.08,80.76,231.95,895.14,72.99,293.71,33.16,527.58,62.61,75.70,54.25,130.09,113.43,8.23,164.43,130.90,108.60,64.66,30.67,189.29,628.08,158.37,32.79,125.10,214.92,33.81,218.82,49.77,478.24,145.32,62.92,62.86,208.17,118.81,123.55,143.16,519.43,29.10,26.18,80.60,299.82,111.76,84.87,54.02,65.33,257.02,258.03,33.04,219.24,133.86,172.96,107.56,85.46,195.07
2024-04-18,84.62,165.53,398.16,179.22,149.93,498.42,58.08,154.73,156.18,123.38,703.52,61.06,111.15,21.13,155.08,45.66,190.99,87.28,155.95,435.02,34.68,160.30,633.72,247.22,154.34,62.11,372.63,181.74,172.65,154.65,135.03,140.57,68.86,599.58,873.98,393.48,34.42,82.70,181.69,473.18,294.10,51.42,1370.25,231.76,64.85,80.03,231.09,887.99,73.40,285.90,33.39,519.71,63.23,76.93,53.46,129.12,113.70,8.31,162.94,130.10,106.57,64.03,30.84,187.84,610.93,160.10,32.32,124.43,210.63,34.05,211.52,50.30,477.79,145.16,61.77,63.10,205.22,120.82,125.02,140.64,520.21,29.33,24.80,79.78,297.59,110.49,84.68,53.20,64.93,255.64,259.91,33.23,220.31,134.30,172.97,104.92,84.18,193.61
2024-04-19,76.16,163.51,393.09,174.63,147.05,477.83,58.35,152.83,154.45,118.06,701.80,55.50,106.03,20.47,146.64,45.86,186.52,85.45,157.38,434.89,33.85,162.03,617.92,253.04,150.58,62.68,366.34,177.66,175.53,151.00,134.43,138.85,66.80,596.42,844.99,394.28,34.96,83.14,178.76,465.02,282.64,49.71,1356.43,231.46,61.76,79.09,232.35,890.80,72.73,280.25,33.34,510.71,64.12,78.46,53.14,130.63,113.49,8.40,162.66,127.18,104.16,63.40,31.22,188.91,582.58,155.01,32.36,126.06,216.50,34.86,207.45,51.20,476.35,144.41,61.98,64.03,209.17,117.41,120.09,140.60,527.23,29.68,24.32,77.39,293.61,112.12,84.20,52.88,65.23,252.22,265.21,33.83,219.51,130.71,169.21,87.19,84.26,191.55
2024-04-22,79.47,164.34,394.90,177.23,142.05,478.49,58.94,155.00,156.66,119.99,707.69,55.46,108.36,20.97,148.64,45.68,186.21,85.23,157.41,435.54,34.05,164.20,623.31,255.84,154.11,62.86,368.93,180.51,176.72,153.44,136.33,140.84,67.85,600.95,857.29,399.92,35.24,83.68,181.06,466.89,289.15,50.46,1368.23,232.85,62.50,81.70,235.21,894.12,72.76,285.02,33.61,515.49,65.34,79.11,53.60,131.05,124.14,8.47,163.57,127.27,105.46,63.69,31.09,190.64,591.55,156.61,32.30,125.91,217.13,34.97,210.86,51.43,479.57,145.79,62.85,65.47,208.94,132.40,122.07,139.96,531.90,29.93,24.11,79.14,293.80,113.72,84.02,53.30,65.97,253.53,265.08,34.16,220.15,131.52,170.97,93.11,85.31,194.27
2024-04-23,82.38,165.39,401.41,179.54,144.68,492.76,57.91,156.96,158.62,122.42,714.83,57.78,111.68,21.64,152.27,45.86,189.93,87.13,158.28,433.68,33.93,159.33,637.64,257.37,156.04,62.93,377.08,184.02,177.24,154.56,139.12,146.74,71.18,621.75,886.31,404.91,35.06,83.39,186.03,472.90,299.65,52.62,1395.00,235.08,63.48,83.00,235.72,901.23,72.82,281.76,33.71,527.50,66.60,79.73,53.73,130.39,128.02,8.44,163.90,129.36,106.15,64.80,31.61,192.32,602.13,160.95,32.33,125.93,217.93,34.87,217.56,51.72,493.80,146.07,64.09,65.50,216.53,133.86,126.44,141.72,532.40,29.93,25.27,81.66,301.56,114.09,85.95,54.31,65.55,256.82,266.31,34.09,219.24,134.00,176.92,96.04,84.62,199.44
2024-04-24,79.63,167.50,402.88,176.59,162.13,490.18,58.68,157.83,159.79,123.17,716.03,55.51,111.00,21.59,151.74,45.88,192.70,86.89,159.18,432.96,34.14,165.09,645.83,256.88,164.85,62.98,375.01,190.39,176.00,156.74,138.47,146.91,69.70,626.30,877.21,400.76,34.93,84.22,183.96,477.12,297.62,52.34,1370.00,239.37,64.46,83.55,235.50,900.46,72.85,277.66,32.69,527.52,67.13,80.48,54.33,129.92,127.55,8.38,163.36,126.76,106.55,65.45,31.29,193.14,632.50,162.84,32.63,126.92,215.00,35.06,226.66,51.77,494.26,143.80,64.50,66.00,192.62,126.57,127.07,142.83,530.81,30.47,25.81,85.91,302.41,114.93,86.42,54.93,65.31,255.74,264.70,34.54,219.24,137.87,177.46,99.88,91.95,199.01
2024-04-25,82.59,168.36,393.01,173.67,170.18,438.41,59.01,154.72,156.66,126.85,715.16,56.48,110.80,21.71,153.76,45.65,194.11,88.51,159.05,432.48,34.75,164.41,661.98,253.46,165.26,61.28,373.12,191.78,174.41,156.43,137.88,144.40,69.21,617.33,887.23,397.70,32.90,83.36,185.79,473.44,298.02,52.26,1363.83,237.29,67.08,83.70,235.24,884.70,70.28,277.08,33.04,530.11,66.65,80.94,53.15,129.47,125.79,8.29,163.63,128.11,105.50,64.03,31.89,194.89,650.36,163.01,32.82,126.10,216.40,34.96,229.59,51.47,489.24,143.71,63.76,67.21,194.20,124.04,125.25,143.43,533.18,31.89,24.92,87.36,306.24,114.41,85.66,55.22,64.58,254.06,259.10,34.36,219.78,138.01,174.81,97.93,90.34,198.41
2024-04-26,87.69,167.77,400.18,179.62,168.29,440.31,58.96,170.54,172.28,131.72,722.42,56.12,114.04,22.52,157.40,45.42,199.89,90.86,158.96,431.85,31.55,163.38,694.74,254.02,167.36,61.42,375.33,195.69,174.79,158.69,138.61,145.71,73.82,627.34,905.29,397.48,33.51,83.75,186.15,477.56,304.07,53.71,1406.00,236.21,69.20,82.53,232.12,877.27,69.60,282.41,33.00,543.66,66.47,79.45,53.37,130.90,129.31,8.11,163.87,132.11,104.88,64.18,31.45,195.51,666.99,164.23,32.83,126.68,217.93,34.64,234.04,50.49,499.30,143.31,65.61,67.74,180.14,128.24,131.45,144.47,519.73,31.77,24.80,88.68,308.23,112.54,85.95,55.73,64.75,251.04,254.61,34.17,218.15,124.34,177.05,101.95,92.65,179.45
2024-04-29,87.71,171.94,396.17,180.96,194.05,429.71,59.04,164.79,166.53,131.18,719.59,55.95,113.56,22.83,160.20,45.34,201.74,91.20,159.24,433.69,31.04,163.90,702.29,260.05,169.07,61.91,374.14,197.56,175.08,162.08,138.37,146.71,72.99,629.16,896.23,396.20,33.75,83.82,186.38,473.07,304.04,52.58,1438.36,235.87,68.34,82.56,232.96,886.49,69.14,282.49,32.96,544.76,67.62,80.76,54.13,128.40,126.82,8.15,163.77,132.12,106.45,64.30,31.82,193.73,669.43,162.25,32.98,126.68,216.78,35.01,238.31,50.98,505.34,147.36,66.63,68.23,181.93,129.30,129.07,144.27,506.71,31.75,25.00,88.28,313.30,113.33,88.64,55.71,64.35,248.77,259.76,34.61,218.85,125.81,179.04,103.24,92.50,177.07
2024-04-30,86.35,168.79,383.44,175.00,183.28,427.27,58.17,161.45,163.30,127.42,716.19,55.06,112.17,21.97,158.38,44.58,195.24,87.82,159.17,429.69,30.16,163.69,678.05,257.75,166.36,61.21,370.62,194.37,174.14,158.87,135.90,145.45,70.57,616.57,859.48,392.81,33.11,83.97,183.74,462.83,292.54,53.31,1458.70,231.59,65.52,82.40,230.99,884.68,67.55,275.63,32.25,530.59,67.72,80.16,53.45,126.92,125.18,7.36,161.93,129.26,99.40,63.18,31.24,189.28,659.21,158.57,32.72,125.61,212.85,34.89,247.05,50.27,492.76,143.95,67.56,68.23,179.43,106.50,125.50,142.81,504.62,31.75,24.72,87.14,313.66,111.45,75.98,54.31,63.53,244.73,255.94,34.58,215.01,127.39,172.94,101.21,91.53,172.30
2024-05-01,82.99,167.77,388.97,179.00,179.99,436.23,57.68,162.52,164.22,121.80,715.52,55.17,108.94,22.12,144.27,44.45,190.66,85.24,160.43,431.30,30.06,162.98,655.18,260.98,165.21,61.50,371.70,187.86,176.47,157.20,134.46,143.67,69.74,606.30,840.14,402.14,33.18,70.64,182.38,469.39,295.44,53.07,1456.51,229.36,63.44,82.31,236.18,897.42,67.01,274.55,32.23,522.18,66.55,82.14,53.54,125.23,124.49,7.62,163.22,127.46,99.61,63.53,30.54,184.46,642.73,156.16,32.84,126.96,210.71,35.13,240.53,50.32,468.04,149.96,65.79,67.83,180.20,102.83,126.42,142.74,507.87,31.42,25.59,84.12,311.57,112.01,77.99,54.44,63.23,244.96,259.70,32.49,229.66,125.88,172.31,95.29,90.36,172.77
2024-05-02,85.77,171.47,391.83,184.72,180.01,438.71,58.52,165.25,167.09,121.38,725.65,56.51,111.55,22.55,146.16,44.40,194.52,86.77,159.88,408.89,30.20,163.26,670.93,261.94,165.78,61.34,377.65,190.38,174.97,172.52,136.72,147.66,72.47,605.16,857.32,400.16,33.32,71.11,183.98,476.57,303.54,52.47,1505.99,231.03,66.27,82.77,231.12,931.32,67.08,276.44,32.59,523.38,66.37,82.23,53.39,125.09,137.54,7.95,162.90,114.31,99.73,65.20,30.58,185.98,702.11,158.33,32.80,127.27,209.95,35.17,245.19,50.33,475.82,150.31,66.62,67.77,181.10,112.94,125.46,143.07,503.98,31.62,25.66,84.76,316.75,111.11,77.56,54.40,64.10,250.85,262.00,32.88,230.60,126.65,176.37,98.00,89.76,183.55
2024-05-03,88.74,181.73,400.51,186.21,181.19,448.92,58.63,165.87,167.61,125.25,737.00,57.93,113.90,23.33,150.60,44.72,200.59,89.21,159.58,412.77,30.58,163.91,685.23,292.89,168.71,60.82,381.36,193.42,176.93,172.08,140.83,148.10,75.07,620.17,888.21,401.08,33.61,69.38,192.56,486.18,310.21,53.40,1630.56,230.08,68.10,83.93,230.99,950.58,67.53,281.63,32.86,536.94,65.79,82.56,55.00,128.18,140.18,7.97,165.79,113.81,98.16,58.88,30.77,189.62,696.53,159.71,32.96,128.32,215.19,34.73,248.65,50.76,480.60,152.33,65.35,68.04,182.74,122.30,124.27,145.88,510.29,31.88,25.55,86.56,318.55,112.66,79.20,55.20,64.08,255.78,265.93,32.55,234.12,128.37,177.11,101.70,91.23,183.52
2024-05-06,92.09,180.07,407.29,188.70,184.76,462.54,58.68,166.72,168.45,128.41,749.43,59.70,119.29,25.21,155.78,44.71,205.28,90.78,157.42,415.71,30.77,163.61,706.67,281.78,171.31,61.53,383.05,196.99,176.19,174.20,141.66,150.29,76.85,625.46,903.27,402.50,33.44,69.18,195.36,493.59,317.81,54.64,1653.85,232.27,69.40,86.18,231.80,952.21,67.74,285.19,32.70,545.54,65.83,82.76,54.22,129.79,138.64,7.96,168.66,117.59,98.50,58.81,30.85,192.15,721.97,162.00,32.15,129.31,216.70,34.86,250.37,50.86,476.87,151.22,65.26,67.61,177.92,126.88,126.97,148.34,508.64,31.62,25.95,88.83,327.64,113.16,79.53,55.74,64.25,249.91,271.47,32.01,238.59,129.65,178.14,106.98,91.30,181.77
2024-05-07,90.50,180.75,403.15,188.76,177.81,465.09,59.41,169.85,171.57,127.70,764.15,60.60,118.38,21.40,154.43,44.87,203.77,89.83,157.25,419.01,30.49,165.65,702.73,282.55,173.50,61.46,388.65,197.24,177.87,172.57,141.93,152.76,77.09,631.88,894.70,410.24,33.44,68.80,198.19,492.27,312.55,53.80,1688.69,231.45,68.27,85.85,234.07,963.46,68.05,284.04,32.97,549.61,66.73,83.74,54.67,128.91,137.65,7.77,170.40,115.56,99.86,59.43,30.99,191.67,691.60,159.81,31.99,129.00,214.62,35.19,249.42,51.48,483.68,154.33,65.57,69.45,182.48,125.75,112.40,148.33,513.30,31.86,26.08,87.22,312.73,114.25,81.15,55.93,65.45,249.43,268.00,32.07,243.66,130.10,176.89,107.80,92.46,184.12
2024-05-08,90.36,181.09,404.33,188.00,174.72,469.42,59.10,167.99,169.77,129.88,756.33,60.95,118.49,21.56,153.62,45.55,203.81,89.67,157.87,416.77,29.81,165.09,705.46,289.15,174.71,60.95,380.37,198.49,178.95,172.95,144.08,151.51,74.00,623.28,897.90,418.82,33.92,69.75,205.54,488.10,313.76,54.22,1716.78,230.83,67.70,86.37,231.99,949.35,68.02,282.57,33.22,550.49,66.30,84.40,54.30,130.07,139.16,7.80,169.85,113.02,100.28,59.63,30.75,191.24,702.59,157.90,32.17,124.04,213.95,35.11,250.93,51.40,487.07,152.29,63.47,69.66,179.42,123.31,117.28,145.97,514.08,31.75,26.00,87.15,311.86,113.68,80.83,55.16,65.50,249.63,272.78,32.14,241.26,127.42,171.00,106.07,90.32,178.52
2024-05-09,88.70,182.91,406.09,189.50,171.97,472.22,59.44,168.57,170.18,127.95,771.81,61.21,116.99,21.14,152.39,45.35,202.79,89.11,159.66,418.87,29.90,165.69,699.08,294.37,176.02,60.63,385.45,198.42,181.28,172.94,148.81,147.84,84.69,617.79,899.94,418.99,33.48,71.82,213.36,482.65,317.94,54.26,1695.40,232.97,67.28,87.93,234.10,961.50,68.71,285.28,33.49,549.88,66.09,85.58,55.20,132.13,136.38,8.04,171.26,116.17,102.03,58.11,31.60,191.71,697.32,147.05,32.57,125.91,218.63,35.58,251.50,51.69,500.82,151.37,64.11,70.53,180.87,126.36,115.87,145.68,516.33,32.03,26.38,86.67,309.09,114.71,82.45,55.26,64.61,245.96,263.93,31.98,241.67,128.14,171.96,103.59,91.34,179.85
2024-05-10,89.83,181.65,408.47,187.48,168.47,472.99,59.48,167.27,168.90,130.61,779.89,61.09,120.40,20.60,151.92,45.61,206.13,89.88,159.20,423.28,29.66,167.30,706.56,291.82,177.66,61.93,386.70,200.74,183.35,174.42,149.82,148.74,86.43,623.16,916.44,422.78,34.15,72.23,212.39,482.29,320.76,53.89,1693.97,235.84,68.06,90.17,235.74,967.27,67.96,287.48,33.38,556.71,67.03,86.20,55.46,130.77,136.27,8.15,172.25,114.84,102.27,58.16,31.18,190.27,691.92,146.32,32.69,125.93,217.77,35.32,252.39,51.89,509.82,150.47,62.60,70.71,182.72,118.05,118.97,145.88,516.50,32.07,25.97,86.69,303.43,115.90,83.11,54.74,64.79,246.34,275.55,32.45,244.95,127.05,174.62,108.84,89.88,179.75
2024-05-13,90.35,184.85,407.47,186.57,171.89,464.86,59.41,167.75,169.51,131.07,767.96,61.66,122.14,20.94,150.56,46.20,203.09,88.74,158.37,423.66,30.32,168.33,702.50,290.22,178.39,63.41,380.88,201.90,184.15,176.46,147.43,151.12,86.37,618.12,903.59,429.93,34.49,72.29,211.07,483.11,319.18,53.41,1677.34,232.93,68.61,89.35,236.63,970.40,67.52,284.46,33.51,557.39,67.55,86.12,54.72,130.89,140.52,8.38,169.75,116.51,100.09,59.63,31.25,188.94,692.42,149.13,32.44,125.37,216.65,35.75,254.51,52.24,503.02,149.89,63.61,71.31,179.74,124.60,118.26,143.95,514.78,32.15,25.83,87.68,300.23,118.00,80.75,54.59,65.65,247.08,274.65,32.68,243.01,124.95,175.00,117.23,88.58,182.83
2024-05-14,91.30,185.99,410.26,187.07,177.55,468.67,58.87,168.94,170.53,135.24,770.68,61.37,123.94,21.44,153.16,46.45,206.22,89.60,157.46,421.06,30.85,167.38,719.48,293.01,181.53,63.51,384.19,205.35,183.61,181.02,148.53,150.77,83.44,626.23,901.41,428.59,34.49,71.77,215.17,475.95,329.55,55.35,1683.91,231.34,67.61,92.29,234.44,978.03,67.12,283.33,32.94,559.63,67.71,85.43,54.48,130.16,138.69,8.56,169.49,114.68,101.57,60.20,31.46,188.22,702.92,146.70,32.38,125.38,215.83,36.00,258.11,51.99,521.11,147.89,64.24,71.65,179.66,129.76,116.75,144.96,513.86,32.20,25.45,88.93,296.46,116.99,80.24,54.40,65.56,246.88,278.13,32.41,243.59,125.97,176.82,116.65,87.78,184.08
2024-05-15,94.58,188.26,417.44,185.99,173.99,478.30,58.84,171.10,172.46,140.74,779.74,61.35,126.92,21.67,159.67,47.14,213.76,93.06,157.72,419.81,31.07,166.99,748.85,300.18,185.71,62.91,399.39,209.04,185.28,186.42,149.30,156.16,84.06,645.65,923.47,437.49,34.10,71.84,220.67,485.35,343.12,56.96,1718.50,231.46,69.73,94.69,235.51,971.65,67.36,293.10,32.85,580.20,67.15,86.54,54.24,130.30,141.30,8.20,170.64,116.28,101.53,60.73,31.75,186.98,730.13,145.80,32.26,126.40,220.24,36.31,262.30,52.20,548.53,147.40,63.56,71.95,181.62,150.35,118.47,148.08,524.33,31.86,24.93,90.35,293.95,117.62,81.63,55.31,66.61,251.31,271.77,32.10,244.49,129.71,181.13,113.67,88.48,184.21
2024-05-16,94.31,188.38,415.37,183.63,174.84,470.04,62.95,172.75,174.00,138.39,785.71,61.05,127.00,21.65,162.62,45.87,210.36,92.58,158.60,418.70,31.83,170.39,738.76,298.22,185.18,63.71,396.43,207.46,187.68,185.14,147.04,158.39,83.23,643.92,905.85,440.64,34.20,71.98,213.78,482.88,339.06,55.77,1739.15,234.37,72.64,94.23,238.79,961.48,67.07,288.93,32.94,569.27,67.70,87.08,54.09,131.61,143.38,8.23,170.39,116.16,99.51,61.24,31.83,184.94,717.09,147.19,32.18,127.93,220.43,36.21,259.99,52.26,540.94,151.22,63.76,71.75,179.89,144.00,120.61,146.08,531.59,32.17,25.10,89.29,290.44,118.39,81.03,54.58,68.03,256.57,277.54,32.30,248.08,131.91,179.31,114.27,88.13,182.21
2024-05-17,92.43,188.41,414.60,184.70,177.46,468.73,63.58,174.62,175.85,136.74,788.43,62.11,124.42,21.76,164.47,45.71,208.44,89.55,159.00,421.46,31.63,169.53,736.98,296.09,185.23,63.58,398.82,207.42,187.09,185.70,145.99,158.93,82.49,651.62,911.20,445.21,34.11,74.44,210.59,483.43,345.93,54.26,1749.17,233.16,71.49,91.38,240.96,975.70,67.47,288.81,32.54,566.73,67.05,87.20,54.11,129.64,146.19,8.05,170.58,117.43,99.58,61.43,32.26,187.86,719.01,145.66,31.99,126.53,221.21,36.17,258.17,51.95,543.45,149.40,64.14,71.36,180.78,158.45,120.07,147.84,534.64,31.80,24.77,89.37,288.79,118.83,81.58,54.50,66.80,257.93,273.02,32.24,248.22,131.36,178.86,110.35,87.50,179.72
2024-05-20,94.73,189.57,419.67,183.54,174.95,465.68,63.12,175.47,177.01,138.57,785.64,64.08,128.10,21.62,166.33,44.73,216.18,92.50,158.91,421.55,31.90,167.78,761.75,298.05,189.20,63.75,400.03,210.71,185.87,189.44,148.36,161.88,84.57,660.46,925.46,445.87,34.06,74.14,212.53,484.69,348.75,54.98,1787.73,235.71,74.02,92.86,240.43,980.65,66.36,292.47,32.43,574.38,66.15,87.12,53.58,128.85,146.77,8.09,171.89,113.96,99.03,62.34,31.92,188.01,744.45,146.37,32.11,127.08,221.40,36.06,263.81,52.46,530.07,150.24,64.43,70.82,176.73,172.72,121.29,150.90,539.06,31.74,25.54,91.39,292.03,118.75,81.47,54.92,67.59,259.50,274.84,32.04,249.00,130.69,180.60,110.46,87.52,179.84
2024-05-21,95.33,190.87,423.32,183.15,186.60,461.50,64.08,176.39,178.08,137.12,793.50,65.06,126.61,21.24,164.66,44.55,216.03,94.65,159.35,423.92,31.54,168.50,754.19,298.35,189.02,63.18,402.11,209.90,184.86,192.40,150.47,155.83,84.00,658.16,911.50,442.00,34.06,74.31,219.96,481.85,349.32,55.70,1772.07,233.70,72.86,89.78,240.78,987.28,66.37,290.10,32.10,571.53,66.52,87.15,53.38,129.61,145.45,7.89,172.50,112.82,99.20,61.31,31.83,186.81,745.30,144.10,31.94,127.62,220.28,36.12,264.63,53.09,518.44,149.62,63.76,70.88,173.26,165.54,122.33,151.42,534.16,32.00,24.53,91.17,287.95,119.06,81.66,54.93,66.82,258.86,275.11,32.17,248.10,130.84,176.98,114.77,86.85,178.05
2024-05-22,94.90,189.43,424.78,183.13,180.11,464.63,64.17,174.93,176.55,136.44,794.42,64.05,125.40,21.17,165.52,45.01,214.80,94.83,160.46,423.67,31.22,169.44,760.67,293.19,192.37,63.65,400.90,232.69,184.21,194.39,150.58,154.29,80.00,660.57,908.60,447.53,33.78,77.18,217.51,483.93,345.42,55.35,1736.78,231.62,73.24,90.80,242.57,977.20,66.10,292.84,33.02,573.13,66.10,86.08,53.10,128.84,147.09,8.06,172.96,111.63,101.76,61.57,30.94,182.80,749.12,142.71,32.11,133.85,219.96,35.53,268.88,51.95,517.94,150.90,61.86,70.15,170.33,164.70,122.75,150.61,540.12,32.29,24.16,94.70,284.87,120.09,80.34,53.95,67.08,259.88,271.09,32.58,250.21,130.53,174.16,112.43,87.19,174.80
2024-05-23,103.74,185.45,421.30,181.05,173.74,462.64,63.77,172.13,173.63,136.54,788.95,63.57,125.39,20.72,160.43,44.22,214.60,94.08,159.94,421.25,29.89,166.82,754.16,290.43,187.39,62.12,398.39,227.26,181.12,193.27,147.73,155.72,79.26,652.68,920.34,450.80,33.60,74.88,218.55,483.31,342.35,55.81,1707.40,228.21,74.57,89.64,240.16,973.99,65.06,294.69,32.52,586.30,64.81,84.01,52.64,129.18,153.63,7.70,171.55,110.39,102.27,60.93,30.67,182.44,735.11,141.04,31.69,133.12,215.16,34.72,262.99,50.57,516.10,149.38,61.25,69.86,169.42,154.41,122.12,152.33,537.33,32.02,23.60,93.42,279.99,118.84,79.06,53.52,66.51,260.90,268.41,32.06,245.88,125.60,171.91,112.53,85.69,174.18
2024-05-24,106.41,188.52,424.42,180.75,179.24,475.00,64.30,173.56,174.89,137.97,802.22,64.68,128.59,21.01,166.36,44.05,217.50,95.30,160.94,424.43,30.53,165.63,767.92,289.81,189.18,61.66,404.85,225.28,181.39,201.51,149.41,160.80,82.15,598.21,941.99,456.95,33.48,75.41,227.91,475.43,351.47,56.30,1693.57,232.66,76.22,90.34,237.68,978.41,65.80,294.28,32.79,587.40,64.30,83.72,52.70,139.25,157.57,7.73,168.28,112.83,102.80,61.35,31.21,183.86,741.99,144.47,31.80,133.77,214.89,34.40,267.28,50.26,516.50,147.76,61.31,69.99,170.89,168.48,123.60,154.60,537.37,32.22,22.00,93.50,285.63,117.48,79.58,54.02,66.37,220.91,271.46,32.10,248.18,127.37,171.64,114.64,85.93,168.86
2024-05-28,113.84,188.53,424.58,182.15,176.75,476.69,63.97,174.95,176.57,138.42,805.63,64.90,131.75,21.05,171.61,43.92,217.92,95.37,162.21,418.93,30.86,161.34,774.89,284.45,189.58,60.03,401.03,226.18,180.92,204.11,149.21,154.01,83.23,591.34,977.09,446.88,33.48,74.08,228.54,478.43,346.82,57.30,1708.00,230.25,77.86,92.89,232.34,966.63,63.83,296.21,32.50,587.94,63.61,83.39,51.65,134.85,149.72,7.87,165.20,112.44,101.41,59.45,31.25,187.95,748.10,147.01,31.19,130.79,210.45,34.48,269.65,50.28,505.40,150.06,61.84,69.25,171.14,167.54,122.11,156.79,525.89,31.76,48.06,94.07,288.20,113.74,78.48,52.73,64.95,215.44,271.42,31.39,245.50,127.38,164.16,124.94,83.26,164.82
2024-05-29,114.76,188.83,423.44,182.02,176.19,471.17,63.85,174.46,175.96,136.28,799.04,65.46,130.66,20.94,165.14,43.73,215.69,93.60,163.73,415.28,29.94,159.26,761.31,280.84,185.12,59.62,398.40,221.05,179.01,199.49,147.01,153.45,83.89,589.63,943.62,441.13,32.96,73.51,218.47,477.60,349.52,58.27,1709.86,224.67,75.33,90.41,229.27,960.00,63.86,291.70,32.27,580.21,63.01,82.31,52.13,136.28,151.27,7.66,163.53,111.74,98.86,59.73,30.78,185.34,735.12,146.61,31.04,130.90,208.51,33.92,264.06,49.87,498.35,146.93,60.73,68.40,169.15,161.87,121.68,159.68,523.84,31.72,53.55,90.96,284.19,112.30,78.18,52.14,64.23,211.58,271.35,31.04,243.58,127.64,164.37,120.65,80.13,165.76
2024-05-30,110.44,189.82,409.14,179.32,178.79,463.91,63.82,170.70,172.15,133.68,807.78,64.77,125.41,21.73,166.75,43.77,213.22,93.35,165.50,419.11,30.00,158.64,759.11,285.22,185.86,60.16,403.39,222.84,182.50,196.98,147.81,146.59,82.50,554.83,951.74,443.05,33.77,75.31,222.64,445.87,315.92,56.83,1699.95,225.16,76.39,89.88,230.05,963.40,64.24,288.25,32.33,564.73,63.91,82.96,51.24,137.00,152.03,8.08,164.93,110.54,99.34,58.00,31.31,187.55,732.65,145.52,31.24,130.17,199.93,34.44,261.75,50.83,499.77,150.03,62.18,69.10,170.87,154.10,117.45,159.78,519.53,31.94,56.98,91.70,281.73,111.98,78.30,52.53,62.93,207.44,276.11,31.03,246.00,118.40,156.65,120.73,79.05,160.39
2024-05-31,109.57,190.77,409.59,176.44,178.08,463.69,64.68,171.09,172.54,130.20,802.38,64.16,124.13,21.68,166.90,44.13,211.78,91.55,170.28,424.39,30.66,160.89,748.66,289.82,185.22,60.34,402.12,227.20,183.66,196.26,148.66,147.46,81.48,568.10,946.05,455.34,34.77,76.70,215.01,444.76,313.67,56.66,1725.58,227.33,68.40,89.43,233.88,973.58,64.22,286.31,32.88,560.80,64.51,84.92,51.92,136.92,149.78,8.24,167.09,110.11,100.98,59.32,32.28,189.37,724.51,144.93,31.78,131.80,201.60,35.21,262.39,51.88,496.95,148.43,62.66,70.59,173.05,152.45,110.18,160.36,525.63,32.27,55.05,92.55,281.67,113.64,77.73,53.06,64.26,211.45,287.12,31.67,249.36,118.77,169.96,120.52,78.17,156.86
2024-06-03,114.94,192.54,408.00,178.34,176.29,474.27,64.73,171.75,173.00,129.54,807.83,63.38,127.28,21.32,163.55,44.27,210.92,91.87,168.45,423.23,30.10,159.34,743.36,291.31,183.99,59.55,403.86,224.99,183.90,198.05,148.16,147.24,82.70,559.02,951.11,470.18,34.38,78.48,206.11,439.02,308.69,56.43,1693.14,224.59,67.80,87.60,233.02,982.84,63.77,286.15,32.33,561.18,63.40,84.76,51.89,138.35,146.92,8.33,166.24,110.82,99.10,58.80,31.00,181.25,720.73,146.25,30.98,131.91,210.82,34.88,260.31,51.72,492.43,150.45,63.12,70.62,167.21,162.74,109.34,163.64,528.99,32.39,55.94,91.02,278.53,113.63,76.89,52.65,63.90,210.83,286.22,31.43,250.32,115.23,169.02,127.12,78.05,159.42
2024-06-04,116.37,192.86,410.52,179.34,174.77,473.78,65.50,172.37,173.70,130.42,819.71,63.16,125.76,22.10,159.99,45.00,208.96,90.60,173.15,421.47,29.84,161.81,739.82,291.26,183.60,60.24,406.61,224.34,188.24,196.57,149.65,145.04,81.64,563.79,936.66,474.95,34.37,79.16,201.05,448.37,305.58,55.65,1630.65,226.68,65.98,88.10,234.60,986.62,64.69,287.13,31.93,561.73,64.10,85.04,52.19,138.08,145.88,8.24,168.20,111.30,99.52,58.64,30.49,179.83,715.58,147.08,30.99,135.39,212.00,35.03,256.80,52.43,491.06,149.76,62.99,70.75,169.98,163.88,108.84,165.96,536.13,32.81,57.00,89.48,276.22,114.97,77.25,52.99,63.48,211.12,280.60,31.91,254.76,116.71,169.14,125.86,78.62,157.94
2024-06-05,122.37,194.37,418.35,181.28,175.00,491.73,65.98,173.97,175.63,138.48,826.56,65.03,132.78,22.96,166.17,43.67,219.94,95.41,175.44,425.32,30.59,161.44,773.74,291.27,186.24,59.97,417.24,229.26,190.09,203.81,150.82,147.71,83.67,565.96,1025.84,483.04,34.00,77.60,207.17,455.80,342.18,57.88,1604.90,228.91,69.38,92.66,234.70,999.12,65.12,296.42,32.20,588.14,64.00,83.70,52.00,141.41,142.80,8.30,169.03,110.58,103.34,59.71,30.61,179.80,746.16,145.78,31.40,136.84,216.28,34.49,265.86,51.61,495.84,152.06,63.19,70.71,173.76,169.47,110.48,167.43,539.60,32.77,57.83,89.76,282.13,115.04,76.70,54.00,63.65,212.46,278.10,31.05,257.75,118.08,174.57,136.67,78.06,157.88
2024-06-06,120.93,192.99,418.86,185.00,177.94,490.44,66.04,175.28,176.90,137.32,834.82,64.85,129.16,23.79,166.78,43.87,218.35,94.48,174.96,424.12,30.23,161.17,768.11,289.67,186.39,59.95,418.15,230.94,189.34,201.45,149.99,147.96,83.23,564.37,1036.94,485.53,33.94,77.90,200.51,458.13,340.49,56.63,1621.09,228.18,67.69,92.08,236.80,994.07,65.49,295.74,32.14,573.85,64.19,83.46,52.45,141.22,143.83,8.34,168.12,114.07,102.49,59.75,30.61,181.56,747.14,147.00,30.83,136.28,215.87,34.24,262.31,51.29,497.84,149.30,66.66,71.54,167.97,165.66,109.62,165.67,543.00,32.52,57.17,88.87,279.15,115.22,76.74,53.47,64.42,214.95,279.36,31.32,256.48,115.30,178.93,137.12,77.05,163.46
2024-06-07,120.82,195.38,418.20,184.30,177.48,489.64,64.79,173.03,174.52,137.85,837.74,64.15,130.03,23.31,167.87,43.50,218.33,94.53,175.01,423.97,30.55,160.41,757.97,289.03,185.79,60.74,417.61,228.37,189.64,198.73,150.46,150.95,81.91,565.60,1013.11,483.04,33.84,77.86,195.96,465.43,349.12,56.43,1600.16,227.26,67.58,92.19,240.95,996.22,65.25,294.42,31.91,571.45,63.84,83.09,52.69,141.35,143.90,8.27,168.12,113.27,101.14,59.72,30.50,180.86,740.28,146.66,30.77,135.71,216.05,33.91,262.19,51.22,497.51,152.78,66.94,71.28,166.67,159.62,109.47,164.77,546.62,32.63,56.85,88.38,280.50,115.92,76.08,53.76,64.06,215.56,276.83,31.16,260.43,115.79,180.99,136.57,76.21,163.36
2024-06-10,121.72,191.64,422.16,187.06,173.79,499.22,65.86,173.77,175.39,141.16,840.47,64.45,133.88,23.13,160.34,43.51,224.66,98.49,175.85,422.31,30.72,155.59,783.02,288.75,187.70,61.26,418.38,228.95,191.42,201.36,149.49,154.52,80.38,559.03,1026.20,483.28,33.70,78.02,212.42,459.94,374.57,58.03,1601.88,228.90,69.05,95.46,235.75,995.01,65.01,296.18,32.08,576.18,63.36,83.32,51.00,141.82,148.48,8.12,168.62,112.25,100.92,60.09,31.27,184.35,767.80,148.07,30.53,135.10,218.20,33.95,266.97,51.69,508.26,153.47,66.73,71.17,169.23,159.99,112.99,160.54,549.05,32.19,59.90,89.76,285.40,115.32,75.52,53.59,65.33,212.73,276.07,30.39,259.92,116.57,183.91,139.91,76.43,162.17
2024-06-11,120.85,205.56,426.91,187.23,170.66,504.05,65.63,175.37,176.94,143.18,841.43,64.86,134.13,23.85,158.96,43.44,226.44,98.16,173.62,425.71,30.73,154.81,786.74,284.94,187.53,60.92,418.78,229.86,190.28,200.56,149.49,156.48,77.35,558.50,1020.59,481.53,33.29,76.39,216.06,462.69,384.63,57.59,1580.00,228.78,69.98,97.49,235.47,1003.76,66.67,300.83,31.83,579.91,63.62,83.19,51.16,142.01,146.93,8.04,169.30,113.00,99.58,59.74,31.08,184.06,772.13,147.75,30.47,135.58,211.50,33.95,268.01,51.50,506.20,156.43,64.43,70.48,171.99,155.55,114.90,158.51,548.28,31.88,61.87,89.03,287.01,117.20,74.48,53.27,65.06,214.13,276.83,30.49,261.09,116.90,187.65,143.92,76.71,163.16
2024-06-12,125.14,211.43,435.18,186.89,177.29,505.41,65.22,176.53,178.30,146.56,839.94,65.01,139.77,23.77,160.24,43.29,234.00,101.88,169.14,424.43,30.57,153.65,815.97,285.30,188.99,60.41,428.10,231.94,189.39,207.17,152.95,159.90,76.54,583.65,1052.95,475.79,32.86,75.90,215.88,459.87,387.37,59.60,1599.34,232.63,72.92,98.65,235.04,1020.77,66.95,311.70,31.92,590.89,62.23,82.77,49.77,141.82,151.00,7.81,170.66,115.05,100.25,60.62,31.08,184.04,803.30,149.32,31.08,134.53,223.02,32.58,272.89,51.25,514.28,159.04,63.09,71.52,172.86,160.37,119.11,159.67,550.72,31.67,61.65,89.97,295.84,116.15,75.71,53.88,64.41,210.93,275.06,29.82,260.00,117.20,188.83,155.59,77.64,162.83
2024-06-13,129.55,212.60,435.69,183.83,182.47,500.71,65.60,173.92,175.50,164.54,838.11,65.33,142.14,23.27,159.90,43.20,233.90,101.97,170.42,429.93,30.27,153.18,818.16,282.85,186.43,59.67,422.90,227.65,189.51,209.50,152.15,159.83,75.65,586.02,1037.04,479.03,32.65,76.72,217.66,458.74,382.81,59.89,1580.53,236.48,72.43,100.48,233.26,1019.66,66.39,307.54,31.69,586.54,62.23,82.71,48.72,143.06,151.07,7.29,170.54,113.77,100.61,60.23,30.49,180.91,804.65,146.10,30.97,134.77,223.10,33.20,266.60,50.85,506.12,160.05,61.21,71.27,171.00,148.39,119.54,157.72,539.85,32.09,61.63,88.34,293.48,116.01,76.73,53.06,62.76,207.08,274.17,29.48,258.69,113.81,181.05,158.05,75.20,156.02
2024-06-14,131.82,210.86,436.67,183.66,178.01,501.26,65.91,175.54,177.12,170.03,847.73,66.94,140.38,23.57,159.63,43.35,233.39,101.72,171.28,427.15,30.26,153.63,813.04,282.97,184.17,61.83,425.78,224.89,189.42,207.11,152.27,158.65,77.52,587.08,1012.60,480.73,32.52,76.16,212.69,525.31,385.43,58.79,1582.14,235.48,72.83,99.62,233.02,1029.56,67.15,312.10,31.35,590.21,61.99,82.80,48.03,143.33,148.98,7.24,171.45,112.05,100.25,60.78,29.97,176.74,794.38,145.97,30.37,134.88,225.87,33.32,260.19,50.82,504.00,160.39,60.31,70.92,170.83,149.55,117.84,158.96,542.10,32.07,63.92,86.96,292.33,115.37,76.23,53.21,62.42,209.48,276.26,29.33,261.18,115.95,184.22,157.89,73.93,160.09
2024-06-17,130.92,215.01,442.39,184.06,187.44,503.72,66.31,175.99,177.53,179.23,859.86,67.58,146.80,25.02,158.40,43.36,239.13,105.23,172.63,430.74,30.78,155.82,836.74,287.38,185.12,61.08,430.00,226.06,192.52,213.74,155.98,159.79,78.46,593.80,1036.80,473.69,32.41,77.77,209.84,518.74,390.43,60.10,1559.23,240.64,71.39,101.65,235.27,1038.36,69.55,322.08,31.77,612.72,62.21,82.57,49.13,147.70,148.30,7.16,174.35,112.69,101.22,60.90,30.88,178.25,814.88,149.50,31.02,136.41,240.51,32.97,262.52,50.32,504.33,157.30,59.81,71.32,172.00,150.73,117.17,157.40,546.18,32.69,64.70,86.64,297.17,117.94,77.28,54.35,63.65,212.46,285.95,29.82,264.46,116.53,184.38,160.29,73.20,156.62
2024-06-18,135.51,212.65,440.39,182.81,184.86,496.62,66.48,173.85,175.21,176.64,862.67,68.57,152.38,25.82,154.63,43.63,244.03,107.18,172.86,430.15,30.44,156.14,850.96,289.95,186.40,60.02,435.00,228.96,193.36,218.42,156.77,158.51,80.84,600.86,1045.58,467.28,32.05,76.68,218.14,522.25,389.51,60.38,1573.40,239.02,72.70,101.66,234.74,1032.14,70.44,326.50,32.18,620.31,62.29,82.38,48.42,146.04,144.18,6.99,175.23,112.91,101.17,59.15,30.99,179.50,839.67,147.29,31.28,137.01,244.12,32.71,262.66,50.21,503.60,153.86,58.81,70.09,171.39,146.94,116.50,155.37,552.61,32.50,65.58,88.95,293.52,118.65,78.00,54.86,63.93,207.69,277.62,29.60,265.56,116.64,179.41,174.13,72.73,153.18
2024-06-20,130.72,208.07,439.75,186.10,181.57,498.82,66.89,175.06,176.46,169.98,854.44,67.90,143.19,25.56,161.78,44.34,236.31,104.40,171.72,432.70,30.43,156.32,817.72,293.65,183.08,65.09,432.55,223.25,194.51,207.25,156.73,155.52,77.18,607.17,1035.10,471.38,32.88,76.23,220.02,522.95,382.14,57.42,1585.03,239.93,72.80,99.08,236.33,1037.38,72.04,318.53,32.45,610.18,62.19,82.69,48.68,144.75,144.14,7.04,174.12,110.21,100.73,57.94,31.79,183.17,812.85,147.88,31.37,136.73,243.51,32.76,256.16,50.60,495.96,157.40,59.48,70.27,172.72,146.54,116.08,154.98,551.74,32.23,64.71,84.74,293.14,118.29,79.17,54.01,66.19,214.59,284.00,29.57,264.86,116.07,178.58,160.77,73.07,157.52
2024-06-21,126.51,205.90,443.78,189.08,183.01,491.94,66.79,178.36,179.00,162.54,840.44,68.61,138.57,23.84,161.23,44.88,231.80,103.32,172.00,432.82,30.89,156.89,804.87,292.01,185.71,67.16,432.56,224.75,195.38,204.42,157.40,160.16,78.58,623.01,1021.17,468.71,33.43,76.41,215.88,533.44,380.63,57.03,1600.05,239.49,71.46,99.53,238.16,1046.07,72.12,318.39,32.55,605.53,62.61,81.91,49.09,146.63,143.86,7.18,174.61,113.88,99.54,58.56,31.75,181.41,813.68,149.57,31.47,137.93,242.31,32.61,262.30,50.45,495.73,165.70,60.29,71.70,172.96,148.38,117.57,158.22,553.98,32.40,67.99,87.17,291.15,119.12,78.90,54.24,66.39,219.09,290.35,29.85,267.06,116.64,179.55,160.30,73.94,162.46
2024-06-24,118.05,206.54,441.70,185.57,182.58,496.04,67.76,177.95,179.52,156.53,840.29,66.90,138.04,24.16,160.25,44.87,226.31,100.77,173.19,433.20,30.38,157.64,782.62,301.47,184.17,67.22,429.04,222.23,196.10,193.18,157.09,158.34,78.05,614.86,987.09,474.95,33.43,76.24,213.87,524.17,377.93,56.75,1582.86,241.58,67.36,99.77,239.34,1056.75,72.23,309.14,32.36,595.60,64.41,82.94,49.49,146.59,141.53,7.31,175.23,110.70,100.41,58.28,33.17,188.20,786.07,148.39,31.33,140.08,239.17,33.12,258.66,51.02,491.49,222.90,59.17,72.76,174.13,137.21,118.49,159.71,555.02,32.67,68.43,84.89,292.70,119.23,78.58,54.90,66.72,218.70,285.85,30.09,268.49,110.57,181.06,151.07,74.36,164.75
2024-06-25,126.03,207.47,444.93,186.34,187.35,507.67,66.31,182.73,184.28,155.41,847.57,67.24,140.14,24.56,160.25,44.96,230.67,103.58,172.88,431.27,30.55,156.95,806.34,302.57,184.71,66.15,442.31,224.06,194.79,194.45,158.40,161.34,81.21,621.35,1008.11,473.82,33.36,75.80,220.08,526.88,386.76,57.85,1642.28,240.77,67.85,100.16,238.57,1064.00,70.52,311.53,31.87,600.14,63.87,81.76,50.14,145.82,140.00,7.24,176.20,112.08,100.03,58.69,33.60,188.06,807.48,150.91,31.03,139.49,242.53,32.65,261.23,50.80,491.08,240.15,59.01,72.14,172.92,149.57,119.13,159.04,555.46,32.42,69.71,84.86,292.63,118.24,78.54,55.27,66.93,217.38,290.80,29.72,268.99,110.31,182.52,160.61,73.90,167.45
2024-06-26,126.34,211.61,446.13,193.61,196.37,510.17,67.16,182.58,184.07,156.51,848.89,67.77,141.37,24.10,157.54,44.47,228.61,103.86,171.59,428.58,30.35,156.38,801.67,296.42,183.41,65.87,442.56,221.63,193.87,189.80,157.13,162.63,80.48,628.26,1001.47,474.00,33.20,75.68,208.14,528.66,380.37,56.80,1678.96,237.50,67.86,99.21,228.60,1061.99,70.06,309.33,32.16,598.52,62.73,82.01,50.46,146.09,138.23,7.25,174.36,111.08,97.97,58.11,33.23,187.19,804.11,150.00,30.54,139.43,243.28,32.63,259.53,50.84,488.61,245.17,57.95,71.39,174.10,145.77,123.19,157.54,550.08,32.38,68.98,85.72,292.88,111.02,77.73,54.63,66.35,216.78,291.59,29.28,266.61,113.51,178.92,164.72,72.85,171.66
2024-06-27,123.93,212.46,446.81,197.85,197.42,516.57,66.76,184.10,185.55,155.98,842.73,68.43,131.31,25.22,159.47,45.03,228.96,103.86,172.67,430.34,30.40,155.93,803.21,297.25,183.72,65.41,445.11,220.50,194.73,187.70,158.20,170.41,83.12,642.02,1012.71,472.51,33.25,75.77,202.67,546.76,387.29,57.66,1660.89,238.23,68.32,100.51,227.91,1043.81,70.49,307.92,32.18,595.00,62.70,83.09,50.57,143.48,131.94,7.35,175.39,110.58,97.67,60.04,33.18,189.31,798.45,151.61,30.50,138.39,243.68,32.53,256.47,50.90,493.96,247.00,58.06,70.62,172.45,152.54,128.45,156.98,554.54,32.15,66.95,85.13,298.35,111.44,78.55,54.76,65.80,223.36,294.11,29.23,267.59,114.54,189.20,166.93,74.26,172.99
2024-06-28,123.48,209.00,440.99,193.25,197.88,501.32,66.59,180.86,182.13,157.84,842.10,67.49,130.61,25.33,162.21,45.09,232.37,104.75,171.46,428.96,30.77,154.68,812.72,296.07,184.76,65.20,444.85,222.04,193.97,191.58,156.31,169.51,83.22,647.70,1007.51,468.72,34.02,74.44,198.21,555.54,383.19,57.03,1643.40,237.76,69.48,99.71,229.25,1043.98,70.40,307.75,32.59,595.06,62.00,82.56,49.95,142.73,132.95,7.44,172.58,108.78,96.70,60.27,33.91,190.26,810.51,151.63,30.27,138.20,247.45,32.45,260.42,50.48,487.20,243.00,57.72,69.79,174.65,137.75,129.69,155.49,556.12,31.67,67.00,87.10,294.24,112.12,77.65,54.16,66.06,223.56,298.96,29.19,266.30,113.38,192.19,163.62,74.14,176.88
2024-07-01,124.24,215.09,450.64,197.20,209.86,501.78,66.37,181.70,183.20,161.31,837.82,67.36,130.60,25.88,157.69,45.10,233.77,104.34,174.29,419.32,30.65,152.77,815.95,294.71,184.83,65.23,436.24,219.04,191.62,192.40,153.29,170.45,84.82,641.36,1018.11,471.25,33.16,73.75,202.94,560.01,392.15,57.48,1597.60,235.53,70.58,98.91,226.35,1049.93,67.75,310.92,32.73,601.75,61.81,82.13,49.90,142.65,132.98,7.10,171.06,108.51,95.67,59.85,33.68,193.60,808.26,151.63,29.91,136.21,245.83,32.39,257.11,49.56,476.40,243.32,57.50,69.94,176.73,136.60,130.50,154.29,555.10,31.14,66.34,87.18,289.21,110.65,76.00,53.35,65.80,224.72,296.02,28.86,264.88,112.17,198.62,158.83,73.88,178.25
2024-07-02,122.61,218.58,453.15,200.00,231.26,506.57,66.95,183.93,185.30,162.95,851.39,67.96,131.67,25.83,164.31,44.87,237.16,105.54,175.16,420.44,30.87,153.42,827.11,294.48,188.46,65.01,438.81,222.02,193.69,192.52,154.52,170.22,83.68,646.73,1032.29,473.78,33.15,73.46,204.03,567.71,385.05,58.74,1596.48,236.00,71.17,99.58,227.27,1037.65,69.14,316.78,32.89,609.66,62.56,82.45,49.34,141.83,133.88,7.20,173.59,107.45,94.79,61.01,33.44,194.73,817.48,154.34,30.23,137.75,247.86,32.37,263.28,50.29,477.23,247.61,58.66,69.67,180.16,132.02,131.75,154.65,555.58,31.08,64.50,87.63,293.18,111.95,76.07,54.69,66.65,226.76,303.50,28.99,269.08,112.49,196.66,163.46,74.22,182.28
2024-07-03,128.22,219.85,454.62,197.59,246.39,507.03,67.11,184.51,186.08,170.00,854.66,68.25,135.87,25.85,163.90,44.69,239.57,106.51,173.68,423.23,31.03,152.50,841.12,293.16,188.95,63.28,434.81,223.75,192.99,196.03,154.55,170.60,86.96,650.35,1055.46,470.28,33.32,72.92,207.91,570.15,387.18,58.55,1591.44,236.18,71.77,97.88,227.54,1017.22,68.04,315.47,32.69,606.99,62.85,82.39,49.16,141.44,137.34,7.23,173.17,107.62,95.82,60.73,33.23,196.66,827.81,152.73,30.20,137.54,246.30,32.56,263.52,49.86,477.49,248.68,59.32,70.48,179.86,130.21,131.50,153.50,552.95,31.03,62.00,89.08,296.56,111.05,76.98,53.89,66.35,225.55,301.25,29.07,269.99,110.91,198.40,168.24,73.83,182.26
2024-07-05,125.77,224.60,461.32,200.00,251.52,536.81,68.88,189.25,190.61,167.45,877.45,69.07,130.68,27.23,171.90,44.65,238.87,107.01,174.44,425.94,31.82,154.18,842.98,294.58,188.81,63.38,443.76,224.60,192.79,197.90,155.07,171.04,86.80,659.08,1058.49,474.57,33.16,72.72,209.11,578.34,389.68,58.08,1658.96,236.98,71.65,98.52,226.24,1027.29,68.45,321.11,32.45,621.30,63.46,82.67,49.75,142.96,136.19,7.21,175.41,110.96,94.15,61.09,32.99,193.43,830.21,152.50,30.42,137.14,247.87,32.17,264.73,49.80,486.00,251.03,59.44,70.71,180.75,128.17,134.56,151.74,555.03,30.97,70.00,87.71,298.38,111.16,76.80,54.22,66.06,229.13,301.79,29.07,271.14,113.69,201.65,181.19,73.15,187.32
2024-07-08,128.14,226.07,460.02,199.29,252.94,526.28,68.53,187.70,189.14,171.63,872.67,68.57,129.89,27.70,178.69,44.09,242.51,108.37,174.37,425.96,33.78,152.05,854.15,295.13,191.36,64.20,444.53,226.98,192.23,199.96,157.22,168.82,85.18,650.04,1061.35,481.89,32.69,71.30,213.51,575.40,390.71,59.08,1683.75,235.88,74.46,99.87,224.21,1045.19,68.19,317.36,32.53,615.49,62.68,81.97,50.18,144.08,134.68,7.11,175.24,109.04,95.14,60.11,32.94,193.26,840.24,151.96,30.26,138.52,247.96,32.10,268.29,49.26,483.73,255.11,58.78,70.33,179.06,129.06,132.40,152.00,550.08,30.62,70.05,88.77,302.48,109.86,76.09,54.79,65.62,226.54,290.56,29.08,269.91,110.97,201.63,184.70,72.63,181.80
2024-07-09,131.32,226.92,453.41,199.34,262.33,526.95,68.75,187.65,189.10,170.40,878.62,68.57,130.34,27.39,177.10,43.84,247.61,109.44,174.26,421.52,34.37,151.84,862.38,299.35,190.11,64.40,442.30,225.69,191.30,199.22,156.94,168.09,84.71,641.01,1044.19,485.99,32.85,69.56,213.74,566.02,385.88,59.03,1722.05,233.58,73.40,100.75,225.43,1046.96,67.71,315.26,31.65,607.94,61.81,82.51,49.80,144.22,137.72,7.34,175.30,108.95,95.20,60.28,32.23,192.55,834.70,152.45,30.13,139.44,243.96,32.28,266.06,49.60,477.89,254.74,58.69,69.17,176.44,130.18,126.63,149.36,543.83,30.30,70.27,87.90,298.51,110.67,76.61,54.44,64.98,223.09,293.91,28.93,272.06,110.84,197.36,182.28,71.59,177.98
2024-07-10,134.85,231.19,460.03,199.79,263.26,531.62,69.25,189.83,191.31,171.52,876.11,67.76,135.56,28.42,183.96,44.29,251.06,110.89,175.69,425.19,34.65,153.43,879.58,304.81,193.40,65.34,444.74,231.83,194.83,200.83,157.44,168.53,84.36,624.55,1082.59,491.62,32.78,69.33,217.29,564.55,374.45,60.39,1703.55,238.49,74.43,103.05,224.89,1063.93,68.55,319.80,32.07,619.56,62.46,83.04,49.85,145.40,138.07,7.32,176.40,106.00,95.35,59.59,32.62,192.35,849.11,151.84,30.59,142.92,247.05,32.52,273.28,49.71,483.39,257.76,58.59,69.70,180.11,130.57,126.29,148.83,546.39,30.30,73.10,91.36,293.29,110.62,78.87,54.13,65.89,223.08,293.95,28.92,274.17,110.79,197.37,186.46,71.84,174.45
2024-07-11,127.34,225.82,448.63,195.05,241.03,509.75,68.65,184.26,185.99,167.71,838.74,65.28,129.44,27.64,181.94,44.76,237.56,104.27,174.02,425.13,33.29,153.76,840.75,308.05,189.95,66.50,443.50,227.37,195.16,192.22,155.32,165.52,82.01,621.17,1046.68,492.13,33.06,70.09,214.61,557.63,370.43,58.58,1708.65,235.80,71.75,102.45,226.31,1073.02,68.87,314.07,32.87,608.74,61.89,85.48,50.28,148.12,139.24,7.38,176.43,105.42,96.97,58.79,33.27,196.89,819.65,146.00,30.91,144.12,248.77,33.12,265.74,51.12,487.78,261.02,59.67,70.75,184.70,135.86,127.19,151.52,549.22,30.75,77.03,87.66,291.16,110.70,79.67,54.84,68.14,226.81,304.14,29.15,271.77,112.66,195.92,173.19,75.20,177.63
2024-07-12,129.18,228.77,447.50,194.49,248.23,496.00,68.10,183.76,185.47,167.19,835.08,64.76,132.74,28.07,181.61,45.35,239.66,105.24,174.73,430.81,34.27,156.04,845.45,313.49,191.74,66.49,444.16,232.06,195.39,194.70,158.87,168.25,84.86,633.54,1069.10,488.74,33.53,71.55,214.90,559.05,371.32,59.28,1761.22,238.76,73.21,103.41,228.60,1092.67,69.34,315.67,32.92,614.05,61.92,85.59,50.83,149.03,142.42,7.40,177.88,105.00,96.86,59.55,33.26,194.04,844.04,146.78,31.52,144.50,253.45,33.04,271.17,51.31,492.74,260.51,59.95,70.97,188.12,139.68,127.80,153.35,551.64,30.93,76.71,88.15,292.66,111.88,80.01,55.54,69.49,230.02,311.04,29.05,274.04,114.06,201.90,181.18,75.79,181.45
2024-07-15,128.38,232.60,447.90,192.72,252.64,493.31,68.46,185.21,186.87,168.52,840.86,65.64,130.07,28.67,179.83,45.37,241.78,105.17,176.89,428.35,34.24,153.68,845.84,312.84,191.63,67.30,437.25,231.24,195.95,200.24,161.30,170.46,87.93,649.56,1047.80,490.85,34.10,69.56,210.69,565.71,377.37,59.32,1743.99,242.58,73.22,105.19,233.04,1074.85,69.49,315.63,33.71,616.01,60.97,85.57,49.86,145.44,137.99,7.42,176.18,105.65,98.21,59.90,34.43,200.46,859.07,147.22,32.67,143.82,253.17,33.14,273.66,50.31,482.70,256.18,60.15,69.90,193.10,161.13,129.41,153.31,552.40,30.98,77.47,87.66,308.64,115.03,79.92,54.72,70.36,232.47,324.59,29.25,274.16,113.01,204.47,177.53,76.01,179.95
2024-07-16,126.30,233.02,443.52,193.02,256.56,486.97,68.84,182.62,184.20,166.52,842.88,65.63,126.71,28.67,177.55,45.39,242.07,105.85,178.08,435.73,34.12,154.52,854.77,315.68,196.25,68.08,438.01,236.70,198.45,201.64,162.53,169.25,86.53,657.42,1052.29,488.98,34.69,72.20,202.77,566.54,369.05,58.00,1720.43,250.88,75.21,104.96,236.10,1087.64,69.57,311.73,34.42,613.01,62.37,86.43,50.49,146.22,135.84,7.98,178.79,108.74,102.29,59.48,35.00,198.69,877.39,151.26,33.25,145.48,253.82,33.30,281.41,50.98,499.52,249.83,61.48,70.75,201.59,166.43,130.77,154.10,560.23,30.97,77.98,90.25,319.43,117.53,82.36,54.00,71.68,235.63,327.42,29.75,277.75,116.06,203.12,178.77,76.97,183.17
2024-07-17,117.93,227.12,437.60,187.93,248.50,459.33,69.86,179.74,181.34,153.34,838.43,64.75,118.77,28.22,159.43,46.44,216.69,95.19,178.65,439.21,34.24,159.33,770.57,318.08,194.01,69.66,426.23,229.19,200.03,184.29,157.42,166.07,80.19,650.28,918.19,488.37,35.55,71.81,184.75,563.09,354.94,54.03,1670.09,243.44,67.58,101.29,239.39,1078.34,69.58,288.12,34.54,570.38,63.59,88.00,50.72,144.97,131.82,8.32,177.39,103.16,102.59,59.11,34.86,200.47,806.27,148.00,33.71,145.81,250.18,34.16,267.39,52.29,496.47,240.02,60.91,70.71,196.49,159.00,121.16,149.87,564.38,31.37,75.54,87.12,317.78,119.92,82.19,52.99,72.57,231.63,330.30,30.71,275.80,114.61,194.93,161.70,75.92,178.92
2024-07-18,121.03,222.46,434.50,183.75,249.23,473.12,69.65,176.44,177.96,157.81,831.58,64.30,116.73,28.64,155.77,45.98,214.31,93.71,177.41,436.03,34.65,159.79,775.80,313.62,195.53,69.86,416.14,232.48,197.72,184.15,155.09,161.94,80.93,629.12,910.39,488.12,35.15,70.94,185.35,556.85,343.05,52.86,1623.26,240.04,67.86,99.90,237.61,1060.10,68.54,277.83,34.12,560.38,63.40,87.97,51.01,141.93,132.08,8.52,187.05,100.28,103.31,58.13,34.60,199.61,832.00,146.88,33.15,145.33,242.81,33.98,270.28,52.72,470.74,236.70,59.68,70.58,193.30,155.52,118.82,150.30,564.30,31.42,75.06,87.12,305.67,117.49,80.70,51.65,73.80,230.58,321.63,30.59,277.53,110.70,190.37,158.33,75.27,176.10
2024-07-19,117.87,222.59,431.28,183.13,239.20,474.05,69.58,176.41,178.13,154.69,830.35,63.33,113.56,28.58,151.58,45.29,207.03,90.22,177.18,434.77,32.77,158.84,751.64,313.92,189.10,68.96,455.01,224.92,194.94,179.10,156.54,165.45,81.80,628.22,882.04,491.57,35.10,75.80,187.35,551.00,304.96,52.55,1649.99,239.86,66.17,99.09,237.20,1056.46,69.52,279.95,33.80,563.12,62.96,87.64,50.89,140.95,133.04,8.67,186.95,106.10,101.28,58.48,34.64,195.28,797.83,147.99,32.70,139.06,242.45,33.87,260.62,52.88,468.20,237.83,59.01,70.55,193.31,177.85,119.03,150.32,560.47,31.27,75.97,84.50,308.45,116.02,80.19,51.71,72.21,227.49,320.31,30.01,273.49,111.66,188.54,163.40,74.40,176.50
2024-07-22,123.48,222.24,437.03,182.55,251.51,484.60,69.22,180.39,182.06,158.34,839.56,64.75,114.58,28.46,155.87,44.81,220.04,96.12,172.69,436.09,33.16,157.24,797.93,318.36,195.54,68.82,461.12,233.50,197.08,187.53,154.26,166.85,83.24,636.08,927.25,495.91,34.62,73.19,188.46,554.82,263.91,54.99,1687.38,238.91,68.65,102.52,238.18,1062.56,70.47,287.08,33.62,587.71,63.04,88.78,50.36,142.34,134.24,8.55,190.27,104.50,102.45,58.45,34.38,194.52,845.74,150.18,32.89,142.09,245.26,33.99,274.67,52.69,475.29,235.59,60.45,70.62,193.16,180.01,121.22,150.45,569.59,31.13,76.28,88.64,316.76,116.30,80.98,52.53,73.01,228.99,312.97,29.73,275.25,111.65,188.41,163.55,75.51,175.55
2024-07-23,122.53,223.28,438.92,186.41,246.38,485.88,69.48,180.51,182.31,161.00,844.20,64.28,113.55,28.81,154.00,44.37,216.28,94.41,171.83,437.37,32.74,155.95,796.11,315.77,188.33,67.64,455.06,224.04,197.46,185.97,154.64,167.78,83.81,628.75,918.92,490.32,33.73,72.92,187.91,546.01,268.88,54.91,1692.23,238.29,68.04,101.67,238.53,1048.49,69.93,282.99,32.78,588.33,62.54,88.11,50.31,141.22,133.08,8.62,186.33,105.76,91.22,57.94,34.37,188.52,834.90,148.75,32.70,140.84,246.23,33.63,253.85,52.12,470.41,234.29,59.39,69.73,191.71,172.18,123.21,151.71,567.34,30.94,75.99,85.39,319.55,116.99,80.57,52.32,71.78,226.04,320.04,29.72,274.77,112.13,191.07,171.70,74.84,175.12
2024-07-24,114.19,216.86,423.18,180.83,215.99,458.62,69.44,171.41,173.15,148.78,823.11,63.60,109.61,26.60,144.63,44.84,203.36,89.51,172.16,433.80,31.50,157.72,744.96,318.02,188.33,69.85,454.02,218.50,194.07,174.16,150.17,162.12,78.68,612.12,859.76,490.80,33.36,71.41,173.28,531.04,258.14,54.20,1642.55,231.14,64.02,105.76,237.33,1053.74,70.05,266.34,32.35,553.33,62.91,89.41,49.59,139.56,131.87,8.47,185.84,102.46,92.91,56.64,33.65,188.96,777.17,144.23,32.42,140.03,239.45,34.19,246.21,53.27,471.34,236.48,57.76,69.91,192.47,167.27,117.32,152.89,525.55,31.07,74.43,82.41,313.11,116.55,79.45,51.16,70.61,220.52,312.66,29.94,273.22,111.94,181.82,157.68,76.35,167.60
2024-07-25,112.23,215.82,412.82,179.85,220.25,450.80,68.86,166.10,167.97,146.74,808.38,63.41,106.79,26.63,138.32,45.21,199.21,86.97,170.45,433.09,30.90,160.39,751.90,316.78,187.25,72.71,436.74,214.90,183.89,168.70,144.41,160.07,76.17,618.12,849.79,492.26,33.49,70.11,168.67,532.15,254.15,50.04,1625.15,229.87,63.66,100.38,239.71,1057.05,72.86,258.38,32.74,538.72,62.90,90.18,50.10,138.60,129.74,7.99,186.03,100.78,91.68,57.31,34.30,189.89,779.16,140.03,33.26,140.65,242.23,34.20,239.54,53.75,470.68,237.88,56.92,69.57,203.43,160.65,120.31,150.30,534.36,31.49,74.50,80.94,310.81,117.25,79.68,50.43,71.12,227.08,315.23,30.16,272.57,107.85,182.00,149.14,77.84,178.22
2024-07-26,113.01,216.29,419.60,182.50,219.80,463.02,68.63,165.82,167.50,149.07,811.17,63.14,108.74,27.18,139.99,45.83,203.30,88.01,170.83,441.26,31.15,162.02,776.13,317.30,191.85,73.19,441.30,220.26,184.16,173.18,146.03,163.40,77.53,625.06,875.17,495.26,34.76,70.80,173.24,542.44,256.16,51.37,1651.69,232.67,65.38,100.11,242.68,1071.39,74.02,258.79,33.44,546.38,62.93,90.76,51.00,138.40,130.80,8.31,187.65,104.74,93.23,57.00,36.30,190.80,810.61,140.10,34.09,144.00,240.86,34.46,245.45,54.22,469.71,234.84,57.98,71.15,200.69,175.27,118.31,150.75,541.91,31.99,74.54,82.65,310.59,118.92,80.25,51.05,72.44,228.64,367.62,30.22,276.60,64.00,181.36,149.00,78.51,177.32
2024-07-29,111.54,216.57,421.04,183.20,232.10,463.03,68.47,168.33,169.93,147.68,809.14,62.70,107.19,27.08,139.75,45.93,202.41,87.78,172.14,439.86,30.64,162.45,767.40,315.08,191.74,73.87,443.66,221.20,182.94,171.82,148.17,161.03,76.85,628.02,859.18,498.15,35.63,71.90,170.90,536.61,258.81,50.00,1621.40,234.49,64.15,99.82,245.11,1069.96,74.55,259.05,33.52,547.52,63.57,91.34,51.27,139.38,127.59,8.42,188.50,105.99,92.36,57.39,37.09,188.43,816.01,140.29,34.29,146.65,242.58,34.59,247.57,54.53,472.63,236.28,58.63,70.68,199.28,168.49,117.92,150.70,539.11,32.39,74.56,83.73,309.00,119.89,81.80,51.05,72.41,227.13,377.36,30.28,280.36,67.48,181.15,141.44,78.79,178.14
2024-07-30,103.68,217.12,417.28,181.71,222.62,460.53,68.05,169.09,170.65,141.09,803.66,62.26,101.93,26.37,138.44,46.08,193.72,84.09,170.67,440.73,29.94,162.42,748.03,315.81,190.90,74.18,432.69,218.46,184.07,160.57,146.82,158.76,74.83,627.47,849.00,502.60,35.74,72.61,166.95,538.71,233.65,47.55,1626.15,234.81,62.48,95.68,247.54,1070.57,76.06,253.11,34.12,525.89,63.53,92.35,51.57,140.21,123.16,8.78,188.82,107.21,91.17,57.50,36.87,188.25,771.22,138.99,34.34,147.91,243.34,34.90,243.57,55.42,474.69,233.81,63.66,70.13,202.77,160.41,114.68,150.00,538.24,32.35,72.91,82.38,304.72,120.97,82.40,51.72,73.65,226.48,383.07,30.66,282.54,69.70,176.75,132.96,78.48,174.38
2024-07-31,116.96,220.38,412.77,186.98,232.07,472.10,67.51,170.33,171.94,157.96,815.53,62.83,109.15,26.89,144.48,46.37,208.94,90.62,177.40,443.32,30.55,161.94,811.30,315.04,194.84,72.28,444.61,225.07,185.98,174.04,146.59,162.37,77.10,638.87,924.47,495.72,36.14,74.53,187.84,551.65,231.96,50.46,1668.90,223.53,66.63,98.65,252.23,1071.95,75.09,267.66,34.20,558.32,64.76,92.33,51.45,140.68,128.89,8.65,188.27,110.72,92.68,58.04,37.33,192.27,851.36,139.56,34.27,149.72,247.52,34.88,254.68,55.09,476.12,237.46,65.43,70.65,207.86,161.44,116.44,150.53,538.18,32.51,72.75,84.51,300.01,121.07,84.37,52.33,73.52,227.12,379.72,31.90,258.59,67.82,179.35,144.17,78.02,176.57
2024-08-01,109.16,216.68,411.55,184.07,216.86,494.88,68.64,169.55,171.24,144.53,810.46,62.49,100.89,26.08,132.54,45.36,193.29,81.68,182.06,443.17,28.87,164.09,745.32,317.94,184.82,72.69,450.94,212.95,185.83,157.74,144.58,157.81,75.09,629.47,872.17,505.78,35.26,71.82,175.74,546.41,224.22,45.56,1606.06,215.15,62.73,95.60,250.96,1085.80,75.56,260.81,33.88,540.67,64.72,95.26,51.38,140.44,127.82,8.38,187.77,108.20,90.46,57.20,36.30,188.39,774.28,135.09,32.65,147.20,241.78,35.87,235.77,55.87,477.84,268.61,64.96,71.05,200.96,151.18,113.10,145.96,537.83,32.77,75.33,80.31,299.63,119.62,83.15,52.23,74.13,222.58,376.97,32.07,258.22,70.32,174.44,121.51,77.14,173.24
2024-08-02,107.22,218.17,403.04,167.90,207.67,485.33,67.33,165.48,167.22,141.39,815.61,61.36,92.13,24.74,132.50,44.66,179.02,75.06,183.71,443.81,21.34,166.98,686.21,316.48,179.21,72.96,449.73,202.29,185.02,153.23,131.32,152.80,68.72,615.75,798.78,494.46,34.94,72.55,165.36,526.17,217.89,43.07,1776.14,210.12,58.94,91.31,253.10,1074.93,75.80,249.63,33.21,505.78,66.96,95.78,51.61,137.74,127.41,8.27,186.51,117.23,88.64,56.51,34.46,179.68,784.94,128.23,32.60,147.62,231.37,36.35,230.09,56.48,468.63,272.05,61.65,71.89,192.97,144.80,107.25,143.68,529.56,33.25,71.81,71.80,292.36,120.37,83.19,51.73,71.89,214.86,373.16,32.67,263.45,72.30,169.52,113.45,75.27,143.68
2024-08-05,100.40,207.66,389.88,161.02,198.88,473.00,66.47,158.13,159.51,139.68,795.52,59.85,89.87,24.09,134.82,42.82,179.10,75.78,181.87,433.55,19.98,163.23,693.42,308.17,173.21,71.12,438.00,195.09,181.41,151.92,133.50,147.09,67.14,595.07,809.64,476.91,34.31,70.62,168.22,509.32,222.05,42.89,1776.00,207.84,57.37,89.35,247.93,1064.09,73.70,246.84,32.15,487.84,65.38,92.27,50.47,133.64,126.19,7.88,182.33,121.30,86.36,55.39,33.27,175.99,759.97,125.31,32.16,144.32,225.72,35.18,227.83,54.81,455.08,265.00,60.14,70.10,192.12,130.90,104.97,139.49,511.29,32.52,71.19,70.31,286.16,117.93,81.27,50.93,69.68,207.75,363.50,31.89,259.12,72.43,165.23,110.45,72.70,142.85
2024-08-06,104.20,205.64,394.28,161.93,200.64,491.25,66.62,157.17,159.41,141.49,810.45,60.96,88.46,26.59,130.18,43.22,180.50,75.76,184.78,435.66,19.70,161.77,705.97,311.71,178.72,70.51,447.66,199.30,180.58,152.66,134.83,150.96,69.00,604.27,832.00,474.29,34.09,72.07,179.18,514.20,231.69,43.18,1810.39,211.68,57.92,90.45,249.21,1059.04,74.09,259.80,32.99,499.39,64.86,92.49,50.80,134.54,132.62,7.57,183.71,122.64,86.69,55.81,33.18,180.29,779.42,130.47,31.76,144.55,234.23,35.24,229.13,54.69,469.37,262.56,62.42,70.37,195.68,136.92,105.47,140.11,511.89,32.70,72.68,71.08,295.00,118.42,81.30,49.66,70.57,211.25,356.78,31.55,257.79,75.25,165.75,113.39,73.56,139.85
2024-08-07,98.86,208.21,393.11,162.77,191.76,486.11,65.81,157.82,159.62,133.97,803.93,61.15,86.27,26.32,128.67,43.19,175.77,73.59,185.49,431.95,18.99,161.12,687.74,296.12,175.97,70.33,449.26,195.82,179.78,150.16,130.43,152.10,67.19,601.47,825.43,465.89,33.73,71.99,177.81,513.62,230.67,42.33,1859.70,211.20,55.86,88.93,248.67,1060.63,73.94,250.31,32.76,489.97,65.77,93.69,50.53,133.90,133.15,7.71,182.42,121.49,86.09,69.93,33.21,181.88,746.75,113.01,31.48,143.24,232.57,35.48,221.91,55.16,467.07,260.17,62.41,70.16,191.02,124.68,108.04,135.67,509.03,32.79,70.99,68.54,349.24,116.53,79.10,49.19,71.08,210.21,353.94,31.41,257.17,69.32,166.20,107.09,73.94,137.41
2024-08-08,104.92,211.67,397.32,165.80,198.84,506.70,66.54,160.89,162.69,143.28,832.83,63.03,91.51,29.28,136.32,43.87,187.62,78.61,188.43,437.50,20.49,161.66,741.53,307.67,184.79,71.84,463.61,207.82,181.51,158.66,133.95,158.68,76.73,617.92,865.20,465.96,34.46,72.43,185.10,530.24,240.52,44.39,1869.40,212.22,60.84,92.16,252.39,1105.88,74.73,268.68,33.37,515.03,66.59,92.25,45.01,136.74,138.02,7.02,184.95,124.76,87.63,68.68,34.14,187.69,832.05,114.64,32.05,145.83,239.29,35.20,237.34,54.96,483.91,270.46,63.94,70.20,193.84,135.99,114.06,138.78,516.71,32.74,71.81,73.56,368.46,118.56,82.07,50.09,71.62,212.18,363.94,31.90,261.41,71.50,171.71,118.43,73.95,138.79
2024-08-09,104.70,214.58,400.60,166.94,200.00,514.79,66.83,162.51,164.23,145.75,848.20,63.39,92.51,30.01,134.27,43.52,188.25,79.47,189.00,436.99,19.71,161.68,736.10,305.59,183.75,70.00,463.43,205.55,180.06,158.20,135.85,165.74,77.38,621.94,849.31,468.45,34.23,71.80,187.91,536.30,240.90,44.92,1883.62,214.35,60.25,92.96,251.81,1123.65,74.96,270.13,33.13,524.73,66.05,92.60,46.06,137.15,138.04,7.03,186.23,123.81,87.23,69.69,34.02,189.86,811.81,115.08,32.16,145.41,240.44,35.14,234.23,54.78,482.84,269.52,64.38,70.55,191.10,135.37,112.28,144.82,520.43,32.77,73.98,72.43,365.00,118.65,83.15,50.99,72.29,211.95,364.41,31.95,260.94,69.76,174.36,117.00,73.88,141.43
2024-08-12,108.97,216.11,401.38,166.80,197.49,512.98,67.57,161.14,162.80,146.11,856.78,63.31,94.06,29.38,136.77,42.94,190.13,79.77,189.73,436.76,19.36,160.77,746.70,303.23,183.61,69.37,465.53,206.30,178.75,156.67,135.70,165.55,74.76,619.19,841.72,464.51,33.74,73.65,185.75,530.93,239.34,45.44,1901.82,211.12,60.20,92.53,248.87,1113.57,74.74,266.64,32.64,520.84,65.64,92.23,45.89,138.17,142.47,6.71,187.21,124.04,86.58,70.36,34.09,191.30,812.75,113.62,31.83,144.73,239.57,34.95,232.43,54.84,479.93,270.18,63.12,70.11,188.52,131.46,112.16,147.29,513.80,33.00,74.09,72.74,368.03,117.97,82.12,50.26,71.05,210.57,350.76,30.96,259.20,71.27,172.55,117.13,72.03,140.55
2024-08-13,116.08,219.83,408.49,170.23,207.83,525.50,67.01,163.00,164.77,153.52,858.02,64.80,96.85,30.39,141.13,43.43,197.72,82.71,190.10,439.61,20.47,161.66,782.47,306.50,188.57,70.31,469.23,212.07,178.70,163.00,140.78,166.62,79.79,637.37,858.13,467.59,34.26,91.70,187.81,535.22,248.11,46.35,1916.20,212.84,63.72,94.82,251.55,1150.56,74.31,271.41,32.37,528.64,66.64,93.17,46.50,139.13,144.02,7.06,187.09,127.94,87.06,71.50,33.77,186.41,856.01,116.90,32.15,145.71,244.61,35.17,240.02,56.39,487.82,267.63,64.76,71.91,192.87,135.38,114.37,144.88,518.69,33.33,76.38,75.33,368.97,119.55,83.91,50.97,72.15,216.39,357.00,31.32,262.44,71.02,178.49,123.79,73.17,143.20
2024-08-14,118.02,220.27,411.30,170.10,201.38,523.73,67.53,159.24,160.89,155.02,855.92,66.17,99.80,31.00,140.75,43.49,198.53,83.16,191.23,441.06,19.92,162.92,782.53,305.81,187.00,70.46,471.21,209.45,179.49,160.77,140.97,169.96,84.64,628.40,868.09,471.44,34.17,89.78,184.58,539.79,256.22,46.29,1898.57,213.50,63.46,93.72,252.42,1149.10,75.28,271.78,32.50,530.80,67.46,92.33,46.24,138.82,141.98,6.96,188.08,126.93,88.01,72.79,33.71,186.70,850.89,116.24,32.10,145.27,246.22,35.07,235.79,55.73,474.94,262.89,65.79,72.45,190.87,130.37,114.15,144.91,521.63,33.48,74.87,74.34,370.57,119.26,83.22,50.99,72.26,222.84,351.22,31.25,265.35,70.05,183.98,125.92,73.54,143.50
2024-08-15,122.80,223.25,416.16,177.59,214.14,534.24,71.97,160.16,162.03,163.32,870.45,66.32,106.30,31.22,147.36,46.45,208.58,87.56,189.42,445.91,20.69,161.80,825.74,308.33,193.04,70.65,480.17,217.57,180.27,166.72,143.42,171.63,85.58,643.60,916.13,472.00,34.61,90.72,188.78,554.16,260.49,47.79,1996.44,218.22,68.97,96.18,253.23,1167.44,74.39,280.12,32.77,548.28,66.59,91.68,46.99,145.17,145.08,7.24,189.60,130.29,89.54,73.40,34.03,189.08,908.17,118.88,32.28,145.85,250.21,35.52,245.09,55.67,485.52,262.70,67.58,73.53,194.97,131.93,116.33,146.38,539.98,33.50,74.14,77.39,373.69,119.94,85.04,51.60,73.31,231.56,352.01,30.97,262.93,72.36,190.34,130.44,74.55,146.83
2024-08-16,124.52,224.57,413.63,177.06,216.12,524.39,72.44,161.81,163.58,162.92,863.74,67.41,107.33,32.08,148.56,47.34,204.71,85.70,191.30,446.57,20.87,161.90,809.32,306.71,191.70,70.12,478.98,217.11,181.29,165.61,142.79,167.05,86.35,644.97,906.66,477.37,34.70,91.20,188.37,553.46,262.54,48.20,1977.97,217.52,68.96,98.22,253.64,1171.40,74.63,281.00,32.56,549.00,66.43,92.04,46.74,144.78,149.29,7.41,188.89,129.03,89.69,74.72,33.89,187.39,902.22,116.31,32.67,147.16,248.23,35.62,246.25,56.69,492.26,268.24,67.60,73.19,197.96,133.04,114.98,149.94,541.88,33.56,76.20,76.96,373.69,119.35,84.54,51.31,73.69,231.74,353.31,31.36,263.42,74.65,192.90,130.30,74.04,154.21
2024-08-19,129.94,224.42,416.66,178.22,222.72,526.24,72.71,165.49,167.22,164.87,865.49,68.85,107.97,32.50,155.28,47.84,207.70,86.69,192.29,448.29,21.52,163.02,810.19,312.94,191.83,70.75,482.16,219.79,181.79,167.61,146.07,171.68,85.82,654.61,920.96,488.05,35.26,88.79,191.15,563.12,266.78,48.99,2028.00,222.04,70.67,100.38,254.18,1188.85,74.77,281.96,32.78,558.22,67.16,92.61,46.60,144.78,151.11,7.63,190.89,129.56,90.44,74.77,34.10,188.37,904.74,119.14,32.24,148.46,251.11,35.62,249.92,56.85,496.99,274.48,69.06,73.89,197.95,135.35,117.21,150.50,543.25,33.78,77.59,78.08,373.07,119.36,85.33,51.59,73.82,232.63,355.06,32.03,265.94,77.69,195.50,132.31,74.91,159.00
2024-08-20,127.19,225.03,419.89,178.88,221.10,523.70,73.52,166.00,167.77,163.14,869.31,69.85,107.33,32.32,156.40,48.09,203.00,84.88,190.97,447.79,20.99,164.92,801.42,313.50,193.62,71.04,483.21,217.40,182.73,165.54,146.09,184.01,86.58,658.54,914.08,487.37,35.06,89.47,189.11,562.25,266.53,48.48,2005.66,220.05,69.05,99.98,254.08,1184.23,75.10,281.37,32.72,557.03,67.25,92.71,46.71,145.07,144.22,7.77,191.31,127.54,90.18,75.57,33.18,182.51,892.39,117.38,32.41,147.84,250.13,35.56,245.84,56.70,494.01,280.76,71.51,74.00,196.56,133.69,116.10,154.81,540.85,33.88,76.19,76.42,373.05,119.40,83.68,51.98,73.59,232.46,347.32,31.97,265.45,72.85,197.15,129.95,74.84,156.29
2024-08-21,128.44,224.92,419.24,180.11,223.27,532.08,74.21,164.68,166.45,162.98,874.49,69.71,107.67,32.54,157.81,48.29,205.91,85.91,190.23,451.39,21.41,164.32,816.80,314.07,199.20,71.40,487.42,221.30,183.96,167.57,147.49,179.88,90.89,661.71,931.29,486.11,34.98,89.25,195.08,565.79,273.21,48.94,2007.46,221.41,70.97,100.84,257.25,1177.39,75.88,284.56,32.92,564.68,67.36,93.06,47.01,151.21,145.93,7.68,193.36,129.45,90.49,75.42,33.42,183.83,934.28,117.68,33.01,148.53,252.06,35.87,246.12,56.68,494.99,279.17,71.08,74.68,200.66,141.42,117.74,160.07,544.83,33.64,77.01,78.83,375.10,121.10,84.22,52.45,74.73,233.51,345.19,32.11,266.13,73.20,200.47,131.20,75.59,158.34
2024-08-22,123.68,223.06,410.75,176.13,210.66,528.87,74.54,162.64,164.33,159.60,870.66,68.90,103.62,31.92,151.70,48.07,197.50,82.21,191.18,451.35,20.10,164.82,788.54,309.66,194.80,72.13,490.43,215.86,182.79,162.55,148.68,174.74,89.00,656.58,895.85,479.89,34.52,88.91,193.30,557.44,267.64,48.20,1988.83,221.03,68.31,99.67,258.72,1179.69,75.18,275.58,32.38,548.06,67.11,93.33,46.48,149.81,147.19,7.50,193.77,128.80,89.79,74.49,33.58,184.41,896.18,115.45,32.70,145.94,249.91,35.88,237.46,56.64,491.73,277.33,71.14,75.00,198.68,133.81,115.62,158.70,539.38,33.82,79.01,76.36,372.69,121.92,84.11,52.24,74.38,231.08,340.32,32.18,266.68,72.28,197.78,129.72,75.55,155.87
2024-08-23,129.31,225.36,411.97,177.04,220.32,524.97,74.66,164.45,166.26,163.55,872.29,68.67,102.22,31.78,154.98,48.56,199.94,83.36,193.26,455.29,20.54,164.94,807.62,313.73,200.64,72.91,486.55,222.17,184.93,166.88,151.15,175.38,90.20,611.73,895.41,481.24,34.87,90.44,193.34,558.30,271.54,48.43,2000.31,222.15,71.47,100.81,258.94,1191.07,74.44,273.90,32.83,539.39,67.49,93.29,46.65,152.45,139.87,8.05,194.73,128.81,90.90,74.73,34.16,187.77,923.56,116.85,32.99,146.42,255.26,35.79,244.49,56.83,488.13,272.64,71.32,75.40,201.52,150.01,117.23,159.39,541.21,33.88,78.84,78.28,370.70,123.93,84.52,52.76,74.78,259.95,348.73,32.53,264.92,74.07,199.43,135.63,76.99,160.00
2024-08-26,126.40,225.70,408.71,175.50,213.21,518.12,74.99,164.99,166.75,156.92,885.49,68.84,98.31,30.85,149.99,48.61,193.59,80.56,195.07,457.95,20.13,165.04,788.98,311.81,199.08,73.14,479.19,219.46,186.18,163.02,149.86,173.56,89.89,609.04,871.77,482.64,35.25,91.99,193.24,559.44,265.87,47.18,2004.70,221.57,68.47,101.15,260.62,1191.32,74.69,268.25,32.81,525.91,67.64,94.02,47.28,151.47,100.00,8.23,196.00,128.62,90.35,75.18,34.37,189.75,899.85,115.71,32.90,147.35,256.21,35.96,241.79,58.09,484.07,269.14,71.66,75.68,196.92,146.90,116.74,160.38,540.13,34.26,75.21,76.86,360.49,124.11,84.23,52.56,74.91,260.37,355.37,32.55,264.75,73.67,197.82,128.90,77.85,165.02
2024-08-27,128.24,226.54,409.06,173.12,209.21,516.12,75.09,163.52,165.21,158.66,901.75,69.57,97.26,30.84,150.50,48.54,193.13,80.71,198.57,461.74,20.07,164.41,802.63,311.95,201.42,73.18,482.35,225.52,188.24,167.29,153.15,175.10,90.30,618.12,878.26,480.30,35.24,94.85,194.48,567.82,269.83,47.30,2036.21,224.48,69.35,97.24,263.81,1193.70,75.18,268.93,32.72,521.78,67.50,93.56,47.59,150.60,95.91,8.11,197.46,128.48,88.93,75.97,34.34,187.28,932.61,116.74,32.78,148.00,256.99,35.69,244.59,57.55,482.56,280.26,71.21,76.61,190.73,140.01,116.02,160.78,544.55,34.49,77.11,77.47,363.43,124.02,84.15,52.59,75.24,264.68,360.77,32.38,265.68,72.24,197.22,131.20,77.17,164.32
2024-08-28,125.55,225.01,405.85,170.80,205.75,513.81,75.04,161.70,163.35,155.51,881.06,68.38,94.28,30.36,146.36,47.71,190.29,79.20,196.02,462.23,19.61,163.11,794.22,314.39,198.60,74.66,482.21,220.98,187.23,165.29,153.82,175.22,88.00,608.96,876.53,489.73,34.97,91.67,192.13,560.54,264.20,46.99,1995.17,224.18,68.09,95.83,261.89,1191.24,75.91,263.09,32.85,509.98,67.50,93.56,47.05,147.23,89.17,7.97,197.02,127.16,89.09,75.61,33.91,187.15,916.67,117.53,32.65,148.30,254.62,35.89,238.96,57.36,481.48,280.70,70.06,76.74,192.06,132.09,113.42,159.00,543.69,34.35,76.53,76.00,362.45,123.91,83.67,53.21,74.97,260.30,355.80,32.06,268.20,70.48,193.97,125.32,76.53,161.94
2024-08-29,117.53,228.29,408.34,172.12,206.28,515.24,75.37,160.64,162.25,154.28,879.66,69.25,94.99,31.00,145.49,48.23,190.38,78.43,194.72,462.12,20.13,161.40,785.80,315.84,201.80,75.51,487.17,224.60,189.52,163.02,153.52,179.10,91.61,614.64,876.12,493.35,34.56,91.25,192.80,569.63,271.67,47.44,2015.79,228.18,69.48,94.18,262.55,1171.02,75.90,265.63,33.07,517.02,67.01,94.71,47.00,149.10,93.42,7.73,197.38,126.53,89.20,76.27,34.20,189.28,917.96,116.60,32.70,149.22,258.23,36.02,240.77,58.03,487.28,287.01,72.77,76.62,190.00,132.56,115.18,160.50,547.14,34.30,76.33,77.51,362.00,123.50,83.82,52.40,75.23,262.36,351.53,31.94,268.43,69.62,197.25,131.93,77.11,167.45
2024-08-30,119.31,227.51,412.32,178.50,214.11,518.31,76.17,162.23,163.95,160.07,885.36,70.14,95.65,31.48,148.56,48.37,194.60,80.76,194.03,467.52,22.04,162.14,809.19,318.53,204.90,75.08,492.63,228.44,189.89,168.61,154.25,181.36,92.87,622.00,892.06,495.89,34.66,90.97,195.04,574.41,277.28,49.36,2061.66,231.45,75.85,96.12,265.00,1176.74,75.33,268.93,33.51,519.58,68.04,95.21,47.13,147.93,96.11,7.84,198.83,128.71,90.64,76.71,34.11,187.66,921.97,117.31,33.07,150.78,258.40,36.08,248.10,57.88,481.33,262.69,72.04,77.09,190.67,132.42,116.26,161.71,547.72,34.72,76.47,78.64,364.97,125.07,84.56,52.96,75.85,263.19,347.54,32.47,269.53,69.34,199.98,132.88,77.30,165.60
2024-09-03,107.95,221.32,404.71,176.25,210.60,508.82,76.11,156.25,157.50,150.21,871.66,67.53,88.04,30.51,136.94,47.91,180.90,75.33,195.80,463.41,20.10,166.51,732.16,315.37,192.95,75.74,483.44,213.59,187.10,157.01,150.48,177.54,88.13,616.63,834.35,475.70,34.59,89.63,176.28,571.04,266.60,47.46,1990.17,227.54,69.66,93.44,264.65,1160.97,75.79,256.28,33.81,481.22,68.45,96.44,48.30,148.98,97.75,7.36,197.42,125.05,90.06,77.13,32.97,180.33,827.23,114.98,32.49,145.23,257.83,36.46,228.53,59.09,469.01,253.78,71.62,77.10,192.63,122.32,111.48,155.90,545.70,35.23,73.31,73.13,355.16,125.77,84.54,53.52,74.87,260.32,346.42,32.61,271.05,72.36,193.19,123.74,75.93,163.80
2024-09-04,106.16,219.41,404.17,173.33,219.41,509.79,76.18,155.35,156.70,151.51,883.02,67.97,88.75,30.59,140.87,47.57,179.92,75.20,194.11,462.89,19.43,167.43,735.80,315.49,195.02,75.20,481.73,216.60,187.72,159.02,149.91,173.07,87.88,614.94,800.88,478.57,33.87,88.82,176.02,575.25,259.32,47.38,1991.59,226.29,70.50,97.26,264.33,1171.46,75.85,254.13,34.09,477.53,71.31,97.26,48.38,149.06,92.75,7.32,198.75,125.42,89.53,76.87,33.04,177.25,838.95,115.21,31.74,146.07,255.79,36.84,231.17,59.70,471.29,253.14,72.22,77.86,193.74,124.85,108.65,158.04,551.77,35.30,75.25,73.59,355.35,125.87,87.28,53.05,75.41,258.60,331.64,33.05,270.79,69.82,157.13,120.95,77.20,162.30
2024-09-05,107.16,220.93,403.67,177.89,230.17,513.89,75.91,156.13,157.49,150.24,879.01,68.36,88.84,30.16,139.44,47.02,177.81,74.36,192.53,456.41,19.40,168.16,718.96,309.50,192.68,74.86,476.69,213.93,185.38,158.27,149.22,171.87,88.19,613.34,785.21,468.57,34.86,88.08,174.58,567.93,256.43,47.12,2038.18,225.90,69.53,97.34,259.48,1142.84,75.84,250.85,33.26,476.03,71.12,97.89,48.22,150.41,92.68,7.42,197.30,126.35,87.24,75.80,33.09,176.99,830.05,116.16,31.57,144.91,251.77,36.39,229.08,59.98,469.18,251.48,71.65,77.99,184.25,119.57,110.09,157.06,548.22,35.06,72.91,73.46,354.86,123.99,87.02,49.51,74.86,255.79,330.78,33.11,270.20,69.05,162.25,123.09,77.36,161.90
2024-09-06,102.78,219.38,397.06,171.39,210.73,497.39,75.59,149.85,151.06,134.68,869.78,66.58,85.85,30.33,134.35,46.42,172.40,72.19,188.45,447.91,18.89,167.59,694.01,305.87,188.76,74.81,471.82,208.63,180.96,152.94,147.57,167.91,84.57,607.06,742.96,468.00,34.69,87.68,171.65,563.41,246.39,45.74,1986.05,224.46,65.86,94.60,258.90,1123.91,74.61,247.52,32.63,463.97,71.35,96.90,48.65,147.85,93.30,7.22,193.10,123.56,87.88,75.16,32.92,172.87,795.35,114.28,31.92,143.02,250.37,36.18,219.40,59.46,472.35,246.78,68.52,77.34,183.03,114.30,107.20,156.61,541.15,34.95,71.04,70.91,354.62,123.34,84.83,49.46,73.97,254.60,327.43,32.84,268.39,68.61,156.78,117.29,77.45,161.31
2024-09-09,106.42,219.47,401.03,175.40,216.27,501.89,76.28,147.86,148.69,138.44,889.44,67.54,85.74,34.60,138.15,46.61,175.16,72.24,190.69,454.02,19.07,168.39,701.02,310.99,192.31,75.24,479.39,213.44,183.72,155.43,150.40,172.02,86.31,618.78,740.03,471.11,34.79,88.70,173.44,569.88,246.58,47.12,2029.91,225.44,68.57,97.85,264.69,1137.09,74.93,252.81,33.01,464.16,71.73,98.42,50.74,148.11,92.46,7.30,198.73,124.61,89.50,75.10,32.68,172.37,824.64,116.36,32.98,143.31,255.67,36.68,223.17,60.01,480.34,253.16,68.98,78.09,187.94,124.82,107.70,156.32,546.71,35.34,71.82,72.18,364.39,126.04,84.86,49.42,74.25,253.52,324.84,33.03,269.96,69.71,159.16,125.54,79.53,162.69
2024-09-10,108.05,218.67,409.41,179.55,226.17,501.89,77.73,147.81,149.15,145.70,887.25,67.36,86.32,34.76,142.84,46.70,175.65,71.96,191.86,454.65,18.98,168.03,704.54,313.86,191.00,77.40,484.24,213.60,183.53,156.31,151.66,173.79,86.23,625.32,741.57,470.78,34.28,89.79,178.73,574.48,247.74,47.26,2017.58,222.56,71.23,98.74,268.21,1128.72,75.30,255.85,32.77,465.50,71.18,98.02,50.33,148.47,93.06,7.02,201.62,125.81,89.12,76.07,32.17,164.95,836.17,115.12,33.26,142.81,257.61,36.99,217.94,60.34,495.95,256.21,68.48,76.29,189.30,129.64,108.12,154.85,545.67,35.27,71.57,71.97,359.35,127.85,85.29,49.51,74.66,255.58,323.39,32.55,270.30,68.55,155.90,127.22,79.20,162.25
2024-09-11,116.85,221.21,418.15,184.52,228.13,508.89,77.76,150.29,151.28,155.59,893.32,68.15,90.10,34.85,149.86,47.00,183.44,75.44,193.86,456.01,19.64,166.11,739.46,314.86,193.50,76.92,490.93,219.80,186.35,161.03,151.37,170.88,97.57,635.49,789.69,474.74,33.88,94.46,185.67,580.38,253.53,47.65,2045.88,224.19,74.50,99.00,266.50,1133.79,74.18,264.72,32.56,481.50,70.44,97.84,49.65,148.80,95.28,6.94,202.46,130.02,88.82,76.64,31.94,162.07,882.99,115.96,33.52,142.72,258.98,37.22,223.43,60.35,490.26,261.91,68.98,76.16,187.02,129.28,109.52,152.34,543.21,35.12,72.76,74.13,361.71,126.78,86.92,49.38,74.41,255.62,327.42,32.22,268.36,68.47,161.71,140.32,79.61,166.10
2024-09-12,119.09,221.32,422.06,187.00,229.81,522.58,78.57,153.80,154.65,161.78,907.83,68.68,86.68,34.91,150.77,47.48,180.74,73.56,197.63,458.20,19.36,167.50,724.11,314.94,187.35,79.03,494.01,216.34,186.93,159.50,153.08,172.58,105.61,637.90,789.72,478.65,34.43,95.50,188.32,586.55,257.10,47.60,2140.10,227.52,73.92,97.15,267.39,1156.65,74.66,269.90,32.71,488.95,70.47,97.79,49.91,150.33,97.33,7.66,203.51,130.19,89.59,74.49,32.29,164.34,883.73,117.36,33.82,143.76,259.47,37.75,218.85,60.39,497.04,261.73,69.99,77.22,189.40,130.77,109.63,153.61,544.66,35.13,73.91,72.82,384.51,127.92,87.19,49.47,74.42,251.19,339.03,32.26,266.12,68.82,166.71,139.18,77.97,165.69
2024-09-13,119.05,221.05,425.61,186.49,230.29,521.60,79.50,156.56,157.47,164.85,908.79,69.71,90.66,35.59,152.31,47.67,185.93,75.72,198.04,459.64,19.66,167.61,742.11,317.22,191.13,79.44,489.86,220.14,186.45,162.16,155.53,173.45,112.58,646.73,805.70,485.37,34.64,94.82,194.32,536.87,259.13,48.93,2122.37,228.54,74.10,98.61,267.88,1145.61,75.03,268.72,32.78,490.07,71.30,98.91,50.83,152.86,94.99,8.49,205.24,131.35,89.64,75.01,32.40,165.84,901.67,117.75,33.82,144.83,263.96,38.11,223.51,60.86,500.55,265.27,69.73,78.09,190.74,141.47,109.26,152.18,545.18,35.66,74.66,74.29,379.61,128.78,86.64,50.23,75.30,250.05,340.17,32.61,265.94,69.51,170.06,147.37,78.87,163.74
2024-09-16,116.73,214.91,426.35,184.89,226.78,530.72,79.46,157.15,158.08,161.25,900.73,69.65,86.65,36.31,152.08,48.84,185.05,74.61,200.99,465.62,20.91,167.47,727.19,319.90,189.73,79.77,491.39,218.05,186.94,161.08,157.37,173.05,116.25,637.78,792.55,489.43,34.47,92.64,197.56,521.50,267.81,48.23,2105.51,229.25,73.02,97.94,268.93,1145.34,75.38,273.13,33.06,498.57,71.56,99.65,50.75,150.81,97.20,8.56,202.46,130.87,90.19,76.34,32.96,168.14,873.19,117.55,33.95,145.52,267.73,38.29,223.58,61.55,511.38,270.37,70.69,78.42,190.06,134.53,111.40,152.45,549.85,35.42,73.23,73.70,385.77,128.87,86.38,49.75,75.95,249.21,343.37,32.65,266.54,70.09,171.78,138.40,77.90,165.15
2024-09-17,115.54,215.38,430.12,186.88,227.87,533.75,77.52,158.41,159.37,159.72,890.21,70.69,88.19,36.45,150.82,48.44,186.05,75.59,197.92,462.43,21.47,167.14,730.35,317.55,192.52,79.67,483.32,220.07,186.54,163.10,159.87,168.96,123.64,636.37,795.17,481.26,34.40,92.77,199.53,515.03,268.72,49.59,2074.26,232.36,72.39,98.55,269.71,1139.05,75.19,274.79,33.31,502.25,71.15,98.95,51.07,148.01,98.38,8.45,201.29,129.88,92.35,75.61,33.69,172.91,855.52,122.12,34.19,141.61,266.89,38.08,226.07,61.49,512.27,274.46,71.39,77.61,192.77,131.27,111.93,152.71,545.17,35.56,73.26,73.70,382.57,128.63,86.53,50.72,74.34,248.12,339.35,32.11,264.18,68.94,170.32,136.84,75.73,155.82
2024-09-18,113.33,219.25,425.83,186.43,227.20,535.37,77.95,158.89,159.89,158.94,885.50,69.05,86.82,36.38,148.29,48.40,183.63,74.58,192.04,457.89,20.77,165.58,721.90,317.67,191.87,80.47,482.09,217.42,184.16,162.71,159.32,164.88,123.16,624.78,777.55,474.16,34.87,92.46,198.64,508.13,267.12,48.48,2102.64,235.45,71.18,97.45,266.34,1131.17,75.55,269.69,33.29,495.95,71.10,98.01,52.35,148.41,98.23,8.42,198.93,132.48,90.77,74.68,33.63,171.32,848.96,122.42,34.14,139.49,264.21,37.41,225.04,61.36,511.30,273.15,72.73,77.38,194.84,132.67,113.18,153.33,543.30,35.56,72.87,73.09,383.01,126.31,88.26,51.00,73.49,248.47,339.64,32.20,261.95,69.46,168.52,138.36,76.85,159.84
2024-09-19,117.82,227.38,433.62,189.87,243.92,556.42,76.97,161.21,162.31,165.13,893.65,70.43,88.71,36.83,156.74,49.23,194.06,77.86,194.93,459.99,21.14,165.06,762.77,320.56,198.46,80.48,490.01,227.98,186.04,168.15,158.89,166.80,124.00,645.67,817.34,477.90,35.27,93.21,206.74,526.44,277.38,49.65,2109.40,241.09,74.49,100.53,268.05,1142.47,74.38,280.35,34.03,514.12,70.85,96.60,51.83,152.06,99.98,8.40,201.26,137.29,93.79,75.66,35.27,174.70,898.73,128.75,34.58,139.78,269.76,37.21,232.05,61.07,517.06,276.33,77.16,77.80,202.53,144.66,115.52,153.66,554.09,35.56,74.97,75.45,389.74,126.95,90.34,51.80,73.34,247.43,331.34,32.06,263.14,71.92,172.58,140.59,79.29,163.10
2024-09-20,115.95,226.71,430.24,191.60,238.25,558.66,77.98,162.65,163.70,168.76,899.85,70.10,90.35,37.20,155.95,49.74,189.57,76.29,194.73,462.68,21.84,161.77,749.36,321.92,194.35,80.52,486.20,221.47,185.72,163.31,160.73,170.06,126.09,636.54,784.89,464.92,35.13,92.39,252.82,522.30,299.85,50.24,2103.75,241.02,73.49,101.13,266.82,1137.35,73.94,273.76,34.15,506.65,70.38,96.99,51.18,151.93,99.90,8.24,201.68,139.72,93.21,76.78,34.96,174.09,879.20,131.18,34.27,138.59,267.29,38.14,225.40,61.14,506.74,273.88,76.35,77.66,192.09,144.78,114.76,148.78,551.31,35.52,74.21,73.71,393.29,127.04,90.00,51.44,73.77,248.29,330.40,32.04,262.04,70.43,172.71,138.90,77.37,163.08
2024-09-23,116.21,224.99,428.50,193.88,250.00,561.70,79.23,160.92,162.14,170.58,909.87,70.54,93.00,37.95,156.75,49.95,191.43,77.37,197.68,468.02,22.56,162.65,751.75,320.23,194.88,80.57,489.07,220.71,186.11,160.45,162.04,172.09,126.12,633.56,793.01,460.00,35.67,91.85,254.95,527.87,293.14,49.89,2102.63,238.34,71.44,102.92,267.95,1084.65,74.66,274.08,33.26,505.79,70.65,97.35,52.33,147.67,102.30,8.16,201.51,139.51,93.10,77.44,35.36,178.18,881.15,129.03,34.79,140.10,268.46,38.27,225.38,60.98,507.66,271.83,77.26,77.16,194.27,149.97,116.22,149.73,551.02,36.04,71.82,73.76,393.94,127.80,90.60,51.69,74.24,245.03,331.62,31.78,262.45,69.70,174.79,141.72,77.37,161.98
2024-09-24,120.82,225.89,424.21,193.96,254.27,560.63,79.57,161.36,162.71,172.45,894.45,72.23,93.43,36.90,158.32,50.27,194.13,78.05,196.69,469.97,22.81,160.58,760.71,315.76,195.92,80.38,484.40,222.00,187.48,161.41,165.22,171.76,129.08,629.84,803.37,462.99,36.21,90.86,251.35,524.07,288.54,50.02,2111.00,243.97,70.83,103.65,267.04,1038.96,75.28,273.32,33.38,506.83,70.26,96.29,52.45,149.93,113.80,8.32,202.36,141.68,93.46,77.46,35.25,178.35,898.61,131.48,34.78,140.67,269.65,37.88,227.22,61.18,506.38,271.00,77.92,76.20,196.49,153.88,117.31,150.90,545.32,35.87,72.63,74.18,393.66,127.39,91.93,52.45,74.16,246.95,323.36,31.80,261.98,68.66,174.15,143.30,76.34,162.62
2024-09-25,123.46,224.89,427.11,192.53,257.02,565.58,80.29,160.56,162.06,173.12,901.27,72.16,95.19,37.12,162.02,50.39,194.65,79.31,198.51,467.68,23.54,160.09,762.41,298.52,196.03,78.86,484.39,221.33,188.86,162.68,165.15,170.26,130.71,626.43,807.49,461.76,35.55,91.98,260.64,517.90,286.47,49.67,2131.29,242.11,70.81,104.75,265.70,1024.23,76.19,271.80,32.78,510.36,70.17,96.04,51.67,150.72,113.94,8.19,204.69,143.93,92.47,76.61,34.97,173.64,902.30,130.71,34.25,140.51,268.00,37.88,227.43,61.20,497.76,272.73,76.95,75.57,197.52,151.94,116.01,150.77,541.74,35.63,72.74,72.85,395.26,126.27,92.73,52.05,73.66,243.37,314.49,31.63,262.34,66.73,171.75,146.43,73.70,161.90
2024-09-26,123.99,226.04,426.32,191.16,254.22,565.11,78.83,161.80,162.89,175.66,894.35,71.14,109.21,37.10,167.49,50.58,206.79,83.62,198.45,472.26,23.92,160.36,794.49,304.48,200.05,79.66,486.33,227.01,189.08,166.93,168.83,169.37,128.13,628.49,841.31,463.15,35.93,93.76,254.60,515.38,281.48,53.03,2100.21,247.25,73.07,107.66,264.91,1032.98,77.31,274.23,33.15,515.40,70.41,95.65,52.01,150.47,129.40,8.30,204.49,143.02,92.18,77.21,33.73,162.42,931.55,129.25,34.71,142.63,273.36,37.82,235.47,61.00,509.03,274.57,79.65,75.71,193.43,165.98,114.21,151.69,545.83,35.59,72.87,76.87,393.25,126.78,92.21,52.11,75.29,245.43,317.01,31.89,262.18,67.53,170.93,149.16,74.73,163.14
2024-09-27,121.35,226.30,423.07,187.97,260.46,564.64,78.69,163.01,164.35,170.33,878.65,70.74,106.84,36.84,164.35,50.75,202.16,81.61,200.34,470.13,23.91,160.65,772.62,307.89,199.93,80.20,479.18,226.61,189.63,164.48,168.01,167.88,127.75,610.92,830.55,462.88,36.47,93.66,254.83,515.48,285.86,52.25,2064.71,249.55,70.62,105.70,263.41,1035.69,76.40,274.13,33.76,513.31,70.30,96.70,52.46,149.23,135.38,8.38,199.89,142.23,92.48,77.45,35.09,164.12,912.41,128.25,34.64,143.66,271.90,38.25,238.09,61.56,511.78,274.91,77.47,75.83,194.80,176.22,114.20,153.05,547.12,35.70,72.48,77.14,395.34,126.78,91.71,52.06,74.99,243.62,326.22,32.41,261.44,67.29,171.77,145.58,75.01,161.22
2024-09-30,121.39,231.48,425.32,186.33,261.63,569.69,79.64,164.90,166.24,170.14,879.55,70.93,103.08,37.20,164.08,50.94,199.33,80.52,201.49,467.53,23.46,160.70,764.73,307.45,197.48,80.42,491.27,224.78,188.79,164.41,166.59,170.90,130.55,612.87,822.37,465.08,36.58,93.78,257.82,517.78,280.47,51.40,2051.96,245.17,71.75,106.47,267.13,1044.19,76.77,271.03,33.76,506.39,70.24,97.42,52.17,148.19,134.81,8.25,203.37,142.73,93.00,77.55,35.06,165.82,913.16,126.81,34.60,142.46,275.48,38.41,233.30,62.26,505.22,275.03,77.62,75.42,196.71,168.60,115.06,153.71,549.73,35.76,73.00,76.85,399.60,127.92,93.56,52.40,75.27,244.41,324.08,32.17,265.11,67.04,170.94,143.01,75.44,158.81
2024-10-01,116.95,224.73,415.83,185.13,258.02,573.70,80.16,166.03,167.46,165.18,870.48,70.61,99.70,36.46,159.75,50.48,194.54,78.68,201.24,465.73,22.69,161.96,744.27,305.64,192.73,80.52,484.76,218.43,188.21,160.28,162.19,164.65,130.65,598.34,811.61,469.76,36.52,93.72,263.36,502.80,275.15,50.24,2066.12,242.68,69.95,104.80,270.36,1039.88,77.47,263.32,33.75,495.56,69.59,97.06,51.59,145.91,145.64,8.16,201.38,141.93,92.40,76.49,35.65,170.75,880.88,125.47,34.44,141.28,267.47,38.62,225.73,62.28,495.42,276.06,77.06,74.16,192.86,162.69,113.98,150.48,541.66,35.48,72.88,74.17,399.22,134.21,91.39,52.48,74.21,240.66,328.95,32.23,265.77,66.00,166.99,136.08,74.65,161.42
2024-10-02,118.80,225.30,412.31,184.76,249.02,570.06,79.33,164.91,166.36,168.33,871.62,71.11,99.24,37.49,159.78,50.75,198.44,80.33,203.17,466.53,22.39,160.23,767.64,305.08,194.47,81.29,486.62,222.39,186.21,162.73,163.14,166.07,131.36,599.33,821.32,462.14,36.44,92.83,263.14,505.81,280.24,50.06,1970.72,245.39,71.67,105.52,273.71,1033.29,76.99,267.01,33.41,496.82,68.92,96.67,50.94,145.46,152.71,7.97,202.80,143.58,92.28,77.59,36.10,174.37,907.63,126.18,34.58,142.22,270.17,38.79,228.78,62.11,485.97,271.55,77.03,74.55,191.62,164.64,116.22,151.37,544.72,35.32,73.02,74.87,404.51,134.18,90.76,52.65,74.86,237.15,329.24,31.49,265.11,67.10,169.69,137.03,75.11,160.24
2024-10-03,122.80,224.20,411.72,181.96,240.66,579.97,79.33,164.91,166.26,169.54,868.78,70.68,101.20,39.24,162.85,50.57,196.90,80.03,203.12,460.56,22.26,159.26,764.88,302.93,192.79,80.74,479.63,221.25,185.29,163.31,162.31,167.97,135.25,595.90,821.54,453.55,36.01,91.92,275.02,503.80,283.75,50.11,1959.20,246.04,71.87,105.76,274.74,1007.78,76.62,265.79,33.36,495.41,67.85,96.25,50.31,144.52,152.62,7.74,202.06,142.12,95.42,76.98,36.42,181.11,911.44,125.29,34.25,139.73,268.59,38.63,226.72,61.40,483.52,269.53,76.90,73.53,189.08,163.41,117.53,147.66,542.31,34.96,71.40,74.02,415.05,132.85,89.61,52.19,74.64,240.94,322.39,31.31,267.80,65.68,169.63,138.24,73.90,160.44
2024-10-04,124.87,225.32,411.25,186.51,250.08,593.08,79.83,166.10,167.60,174.22,876.16,71.97,101.63,40.01,170.90,50.87,199.25,80.46,203.37,459.02,22.59,158.73,777.55,305.01,193.79,81.14,481.95,222.88,186.12,163.29,165.62,171.18,139.66,602.67,822.12,455.31,36.34,92.90,283.11,507.22,292.24,49.94,1960.00,251.10,73.03,104.24,275.26,1006.02,76.99,268.65,33.72,499.12,68.18,95.21,50.95,143.34,154.27,7.78,202.42,144.86,97.45,78.01,36.79,187.18,924.14,129.85,33.99,141.72,271.16,38.09,227.70,60.76,477.67,267.99,78.94,74.71,190.00,176.51,122.69,151.69,538.29,34.72,72.27,74.35,421.80,132.17,91.14,52.90,75.23,242.35,326.32,31.70,262.85,68.11,173.93,140.55,74.10,171.00
2024-10-07,127.67,220.24,404.80,180.80,240.83,581.97,78.02,162.04,163.45,172.69,866.72,70.19,102.40,38.89,170.97,50.64,197.44,79.54,203.41,454.18,22.38,158.02,771.90,302.90,192.41,80.99,471.23,221.20,185.70,161.40,164.91,168.97,139.95,594.54,806.58,448.60,35.79,92.43,276.20,487.30,286.97,50.00,1963.23,251.64,73.34,103.16,272.33,989.37,76.76,262.86,32.90,494.87,67.70,93.11,49.24,137.96,153.09,7.72,201.98,142.08,97.05,77.48,36.82,191.89,918.83,130.23,33.91,141.92,267.23,37.45,227.48,60.07,472.41,266.77,79.83,73.56,186.75,186.09,122.38,152.21,531.38,34.49,70.50,73.17,420.83,131.02,89.79,52.76,74.12,235.47,324.57,31.70,263.12,68.62,172.13,141.34,73.30,167.53
2024-10-08,132.84,224.30,409.92,182.72,244.50,590.04,78.62,163.44,164.75,178.26,883.42,72.18,102.03,41.45,172.80,50.86,198.18,79.93,206.19,460.26,23.32,161.05,774.10,303.12,193.31,81.74,480.79,224.03,189.06,160.82,167.42,177.57,143.51,605.34,813.49,458.94,36.13,92.55,277.03,496.24,293.01,49.80,2014.23,253.04,72.73,105.61,275.52,998.51,77.84,270.15,33.12,517.76,67.55,93.24,49.49,139.64,144.86,7.72,204.50,143.30,96.88,77.78,36.34,186.38,911.82,132.50,33.99,142.35,275.08,37.52,228.40,60.00,475.53,271.19,80.73,73.86,190.29,192.20,123.72,152.94,537.11,34.54,71.37,74.00,426.99,131.71,90.41,54.44,74.25,239.47,327.30,31.76,269.33,69.43,176.93,143.60,75.15,168.02
2024-10-09,132.60,228.04,412.63,185.17,241.05,587.68,79.30,160.93,162.13,183.41,901.95,72.74,101.19,43.13,171.02,51.66,202.30,81.76,207.09,460.38,23.46,163.05,794.57,307.64,195.95,82.63,490.38,227.78,195.18,164.57,169.74,181.43,143.40,613.47,834.85,467.97,36.53,92.23,260.06,494.08,298.34,48.53,2047.99,258.27,72.46,106.23,277.78,1005.40,78.48,279.56,33.50,529.00,67.74,92.78,49.77,140.20,141.47,7.73,206.59,142.65,97.79,80.33,36.46,186.36,924.53,135.49,34.20,142.76,276.88,37.51,231.65,59.66,474.65,270.90,81.22,74.72,192.55,188.91,125.16,153.86,540.10,34.56,69.96,74.84,432.14,133.31,90.49,55.84,74.90,240.77,334.02,31.77,274.12,69.62,185.97,148.43,75.70,177.10
2024-10-10,134.76,227.55,411.03,186.65,238.77,581.03,78.52,161.15,162.25,183.15,886.60,73.03,105.16,43.52,164.18,51.64,201.21,80.97,206.46,460.24,23.22,163.48,788.00,306.30,193.56,81.22,483.84,225.29,195.08,162.93,169.60,184.70,144.84,612.21,823.08,476.15,36.27,90.31,260.09,503.57,314.92,48.20,2040.50,256.94,72.17,105.10,276.95,992.32,78.09,280.64,33.76,533.08,67.83,92.31,50.77,138.86,141.58,7.54,203.62,144.49,97.65,82.48,36.48,186.65,918.67,132.81,33.90,141.00,277.71,37.20,229.57,59.26,473.28,278.62,78.56,74.38,192.70,183.34,130.09,153.49,533.69,34.83,71.70,74.02,428.76,132.78,89.97,55.60,72.66,245.16,328.78,31.92,265.43,69.56,195.50,149.33,74.83,184.00
2024-10-11,134.75,226.06,411.51,188.82,217.80,587.12,79.00,162.30,163.58,179.00,882.04,72.28,106.39,43.51,167.89,52.32,202.30,81.79,208.01,464.77,23.56,165.20,793.68,313.31,196.08,81.49,484.78,227.40,197.27,164.34,169.46,186.60,147.00,609.62,829.71,481.71,36.41,91.91,263.97,495.42,320.21,48.83,2091.16,259.01,73.69,106.74,278.35,1008.85,79.17,282.39,34.18,539.92,67.37,93.29,51.31,141.15,144.76,7.52,205.52,149.44,100.65,82.87,36.57,187.52,926.96,134.40,37.21,142.26,281.67,37.64,231.45,59.41,476.27,284.32,80.08,74.66,197.64,212.59,129.81,155.09,545.66,34.71,74.56,74.64,434.98,132.40,90.75,55.92,74.06,240.90,326.05,32.27,265.38,69.21,198.26,151.46,76.27,187.06
2024-10-14,138.02,229.79,414.29,187.54,219.16,587.59,79.19,164.01,165.40,179.82,882.76,71.30,107.80,43.40,165.27,52.34,211.01,84.56,210.82,468.24,23.44,166.42,819.28,309.75,199.47,81.58,487.61,230.89,198.74,172.13,169.97,186.96,145.30,610.10,860.88,484.82,37.03,91.15,269.44,509.65,310.52,50.30,2079.96,257.95,77.34,107.95,280.90,1007.44,80.17,282.14,34.51,545.46,67.25,93.80,51.68,141.11,136.03,7.54,208.93,150.02,101.99,82.83,36.51,183.42,931.65,134.79,37.15,143.18,285.31,37.82,236.64,60.08,478.00,283.32,80.24,75.05,200.48,201.67,129.12,155.43,547.91,34.97,75.08,75.60,437.98,135.70,91.34,55.25,74.87,242.47,331.80,32.40,266.37,69.18,196.74,161.82,77.34,194.00
2024-10-15,131.55,232.32,413.90,187.69,219.57,583.46,80.53,164.51,165.95,173.57,887.57,70.60,103.80,42.43,156.64,52.16,188.45,75.35,211.91,471.31,22.66,166.23,698.87,310.19,191.04,82.32,478.47,220.58,198.44,168.31,170.37,187.22,143.81,610.82,720.89,484.30,37.16,91.42,263.90,508.03,302.31,50.39,2033.62,256.98,79.07,108.66,279.97,1009.71,79.33,269.47,34.71,517.56,68.46,94.63,52.62,144.00,128.21,7.60,208.14,148.87,100.28,82.64,35.23,172.91,883.72,133.27,37.25,145.42,286.48,38.42,226.34,60.47,473.92,287.36,79.13,73.92,199.50,194.31,126.88,156.05,550.24,35.22,74.66,72.01,434.12,135.65,90.43,54.85,75.47,244.83,331.94,32.73,266.71,67.10,195.16,150.67,78.22,190.89
2024-10-16,135.67,230.27,411.31,186.89,221.33,574.02,80.11,164.21,165.79,174.40,880.40,70.20,108.70,41.93,156.13,54.38,182.10,73.15,214.57,474.51,22.31,164.89,674.06,306.89,191.86,83.21,476.59,222.16,199.98,165.79,171.53,186.62,144.85,602.42,674.59,487.25,37.28,91.83,277.43,502.54,306.24,51.02,2046.47,258.95,81.33,108.61,280.61,1001.20,79.93,262.95,34.68,501.35,68.56,96.20,53.58,145.50,127.40,8.00,210.34,149.86,100.87,82.12,35.64,175.50,893.84,135.15,37.67,144.05,289.19,38.81,226.23,61.03,463.89,300.55,80.39,73.69,201.51,194.09,126.00,154.91,554.87,34.96,76.65,72.64,433.83,135.63,89.94,54.54,75.68,240.22,330.22,32.81,267.73,69.90,191.55,152.50,77.23,189.35
2024-10-17,136.88,230.63,411.90,187.53,220.89,574.16,79.78,161.99,163.57,179.05,878.33,68.76,111.49,42.00,156.25,54.39,180.77,72.17,216.71,476.55,22.44,165.07,661.87,306.61,189.57,83.80,473.73,222.01,200.52,165.42,172.86,188.07,143.00,602.26,691.45,498.73,37.26,91.64,268.91,496.83,310.34,50.69,2065.87,260.92,79.56,109.31,281.83,991.53,80.28,263.03,32.35,504.69,67.81,95.81,53.44,146.89,123.63,7.78,211.22,151.40,101.37,80.86,35.77,176.94,906.87,136.02,37.61,143.21,290.57,38.62,225.79,60.30,460.01,296.75,79.40,73.48,199.56,193.42,126.22,154.79,557.72,34.82,74.27,73.30,434.48,135.67,90.54,53.69,75.82,243.27,327.53,32.94,264.43,69.55,188.76,154.60,78.33,188.50
2024-10-18,137.95,233.47,413.33,188.99,220.70,573.70,80.20,162.48,164.11,177.43,882.56,76.39,110.60,42.97,155.97,54.74,183.85,71.87,217.94,476.93,22.77,165.43,670.04,306.92,189.73,83.19,521.15,222.98,202.77,165.25,172.07,187.41,145.22,606.27,713.81,483.00,37.00,93.15,267.88,494.90,310.15,50.45,2079.79,261.93,79.50,108.98,282.15,984.03,80.73,258.52,33.36,507.03,68.25,95.60,54.05,147.59,124.62,7.82,211.42,151.98,103.75,81.07,35.31,176.97,905.06,136.45,37.73,143.36,292.99,38.79,226.93,61.08,457.74,295.93,80.51,75.39,197.60,215.86,128.12,155.27,551.66,35.24,74.54,74.02,438.05,134.92,91.09,53.88,76.07,244.48,325.61,32.99,264.78,72.38,190.01,153.03,79.25,191.70
2024-10-21,143.65,234.94,413.94,189.07,218.85,572.40,79.70,163.13,164.85,177.53,879.79,77.21,108.54,42.70,157.90,54.58,181.98,71.87,217.51,473.90,22.84,165.39,665.19,302.23,187.15,82.77,518.86,220.38,202.30,163.40,172.58,189.21,158.85,606.90,704.77,478.09,35.76,92.78,271.40,497.71,309.55,50.62,2100.58,261.31,81.48,109.27,280.81,962.00,81.27,253.15,32.91,505.59,67.15,95.10,53.77,145.02,124.86,7.55,208.98,152.89,103.30,82.05,35.36,175.45,872.43,137.19,37.67,144.71,289.78,38.36,223.72,60.47,453.38,292.01,80.13,73.89,196.13,219.05,125.81,156.88,550.85,35.23,72.28,71.96,443.98,134.50,89.56,52.56,74.97,243.75,315.41,32.52,265.24,72.61,187.96,152.35,77.36,192.83
2024-10-22,143.53,234.32,422.57,189.70,217.97,579.22,80.90,164.19,165.87,176.93,886.46,76.42,107.28,42.94,154.09,54.59,180.54,72.03,213.84,472.52,22.40,164.78,661.70,305.01,185.43,84.57,517.50,219.36,203.08,167.43,173.14,188.05,158.95,602.61,711.49,474.91,36.66,93.14,263.75,493.11,308.51,51.00,2067.82,261.84,82.99,109.49,281.23,955.88,80.36,251.51,33.10,502.41,68.03,94.84,53.60,143.51,128.51,7.53,208.97,152.54,98.76,82.44,34.90,177.01,866.06,135.59,37.08,144.72,288.48,38.39,225.05,60.71,461.49,296.48,80.48,73.98,197.61,219.70,124.62,160.02,546.20,35.22,73.68,72.20,449.61,134.74,89.07,52.07,73.95,246.76,329.82,32.66,264.75,73.08,186.16,152.58,76.87,193.87
2024-10-23,139.50,229.25,419.69,184.71,213.65,560.98,82.13,161.85,163.54,171.14,892.10,74.93,104.53,42.59,152.91,54.28,180.24,71.89,215.74,468.09,21.98,163.44,656.32,300.47,192.86,83.68,512.58,221.54,201.24,161.07,170.58,179.10,159.40,595.12,699.36,470.05,36.66,93.93,263.80,485.03,299.30,50.13,2038.70,254.26,81.48,100.63,279.97,935.07,79.95,249.09,32.84,493.41,67.28,95.74,53.56,143.00,122.34,7.33,207.16,150.92,97.82,80.37,35.89,174.21,872.81,131.92,36.78,143.87,286.30,38.59,229.72,61.32,457.90,294.87,80.40,74.21,186.84,213.95,121.52,161.01,537.14,35.01,71.94,72.04,442.69,134.82,89.05,51.36,74.19,242.04,332.22,32.53,263.76,72.48,181.01,142.41,72.82,188.76
2024-10-24,140.35,229.07,419.82,186.38,260.48,565.06,81.90,161.79,163.59,169.01,886.39,75.46,106.32,43.56,153.44,53.97,181.28,75.55,228.05,465.18,22.34,162.69,657.83,301.23,197.51,85.16,511.63,224.30,190.97,162.52,171.59,182.29,159.00,597.07,701.53,471.91,36.75,93.45,262.26,482.87,304.47,49.91,2055.93,257.03,81.57,101.07,279.39,922.67,79.98,251.28,32.36,495.25,66.70,94.37,53.44,142.16,121.38,7.52,206.58,153.19,98.80,80.62,35.68,174.01,888.99,132.75,36.63,144.04,285.77,38.56,232.38,62.08,452.27,293.69,80.96,74.61,189.95,235.89,123.89,161.26,536.31,33.34,71.71,72.61,443.12,135.06,88.66,51.38,73.01,236.82,332.02,32.10,262.16,74.85,183.93,141.04,73.91,189.35
2024-10-25,141.48,229.90,423.20,187.83,269.19,570.50,81.38,164.32,166.04,170.63,884.21,75.47,107.37,44.86,156.23,53.76,184.01,76.65,221.02,464.49,22.68,162.34,664.66,302.46,197.82,85.37,511.27,224.78,189.97,164.62,171.95,183.22,161.63,602.30,702.40,477.70,36.76,93.61,262.17,483.72,300.62,52.27,2047.35,258.50,81.26,100.13,277.97,926.76,79.68,257.30,32.53,501.58,66.01,93.23,53.37,142.00,122.47,7.60,204.89,153.88,99.80,80.34,36.39,177.34,890.24,134.58,36.93,144.21,286.04,37.95,236.37,61.46,451.41,284.86,81.27,74.68,195.87,234.34,126.60,161.79,536.21,32.99,70.96,73.02,444.52,133.77,88.18,51.71,72.97,237.71,336.00,31.83,261.84,73.44,184.96,143.75,74.48,188.73
2024-10-28,140.46,231.88,421.66,188.39,262.51,575.39,81.62,165.76,167.38,169.67,883.95,74.91,105.86,44.97,159.92,53.31,182.84,74.45,222.43,466.69,22.92,160.50,665.92,302.64,196.77,85.14,510.88,224.75,188.23,166.50,171.94,181.18,166.18,605.08,699.39,476.37,36.92,94.29,264.72,481.04,301.32,52.46,2056.09,258.93,83.08,98.49,276.50,922.38,79.81,252.77,32.52,496.18,66.30,94.10,53.10,140.96,125.79,7.61,206.05,153.37,100.90,80.76,36.28,171.39,879.54,135.78,37.33,143.19,286.52,38.11,242.72,61.47,449.44,286.91,83.15,74.21,198.93,255.34,126.37,160.75,539.31,32.31,71.96,73.89,444.77,133.72,85.70,51.85,73.13,234.95,329.67,32.19,260.07,72.10,187.00,150.02,74.31,188.66
2024-10-29,141.19,232.15,426.96,190.83,259.52,590.43,80.58,168.71,170.16,176.79,880.01,75.94,107.64,44.93,166.25,53.70,187.56,77.27,220.72,465.37,22.90,158.29,687.53,301.52,202.05,84.49,516.31,229.72,188.12,170.16,175.11,182.70,172.24,616.56,707.44,470.36,37.12,93.68,262.76,485.39,310.94,51.40,2026.57,260.25,84.50,98.50,277.96,921.11,78.39,284.45,32.51,529.21,65.93,92.47,52.48,136.87,125.25,7.55,206.59,155.20,100.53,79.37,35.98,168.94,921.79,137.78,37.79,144.62,289.66,37.46,248.44,60.39,447.83,284.69,79.85,73.04,199.36,258.24,128.76,162.28,542.95,31.37,70.95,75.66,444.00,135.24,85.04,52.18,73.65,238.63,327.27,31.89,260.85,72.24,189.85,157.17,73.24,191.74
2024-10-30,139.28,228.60,427.53,192.73,257.55,588.96,80.28,173.46,175.13,174.22,872.17,75.37,103.56,43.69,148.60,53.61,182.81,75.43,217.51,464.14,22.30,157.07,683.15,301.08,198.78,84.69,513.77,224.73,186.50,162.06,176.54,179.76,171.65,614.00,676.47,475.08,37.27,93.62,259.57,486.68,307.45,50.44,2020.72,260.61,82.44,97.00,282.62,916.60,77.48,290.00,32.79,536.42,66.54,92.48,52.60,137.44,120.87,7.77,205.32,155.25,98.86,78.74,36.36,169.91,908.53,136.50,38.14,148.12,288.82,37.60,238.47,60.11,451.08,281.49,77.80,73.17,201.84,247.31,128.16,162.89,541.38,31.48,70.30,72.34,439.00,134.79,86.96,52.30,72.51,238.28,331.30,30.91,272.70,71.80,186.78,154.40,73.46,190.44
2024-10-31,132.71,224.44,401.65,186.40,249.85,564.86,80.83,170.13,171.70,167.45,867.30,75.60,99.15,41.56,144.07,52.82,179.14,73.36,217.89,447.23,21.52,156.95,657.90,305.49,195.50,85.20,503.84,217.88,187.85,157.37,184.94,180.16,169.39,603.31,665.31,475.98,38.53,93.98,260.74,478.08,296.87,49.15,2037.18,256.43,79.76,97.56,279.20,832.58,76.88,276.12,32.89,513.61,65.29,93.76,52.68,137.57,120.59,8.13,203.31,156.70,98.27,78.66,36.94,170.02,749.99,134.79,38.07,149.82,283.80,37.22,227.95,63.70,406.92,266.59,78.88,72.79,199.37,244.50,125.44,161.72,531.98,31.44,67.28,70.23,423.50,132.82,87.11,51.47,72.75,233.85,327.61,30.66,271.80,70.48,180.79,141.30,72.79,188.54
2024-11-01,135.35,221.46,405.63,197.93,248.98,564.44,81.06,170.31,171.66,166.61,871.57,75.61,99.23,41.92,141.86,53.53,180.91,73.81,218.01,448.36,23.20,156.48,661.01,304.59,197.19,85.86,506.34,220.20,191.06,159.78,187.82,181.32,163.53,614.62,667.46,471.12,38.44,95.11,255.92,482.80,303.13,49.58,2054.90,256.97,84.40,96.34,278.18,837.94,76.44,282.09,32.65,518.40,65.32,92.34,52.30,137.90,120.56,8.23,203.12,155.66,97.40,78.80,36.71,169.10,750.06,136.46,38.09,150.22,286.57,36.14,231.92,63.58,417.28,273.91,76.84,72.40,199.03,229.71,123.26,163.78,535.13,31.31,68.32,71.60,425.84,132.59,86.71,51.49,72.77,239.12,366.49,30.69,272.55,70.35,182.59,141.48,72.50,224.35
2024-11-04,136.00,220.56,403.74,195.78,242.84,557.99,81.32,168.27,169.71,166.25,880.27,75.55,101.22,41.41,140.71,53.84,179.37,73.18,218.96,449.35,22.52,157.19,655.08,302.39,195.98,86.18,507.42,218.94,189.55,159.70,188.90,180.56,159.11,611.93,663.93,472.80,37.53,93.34,224.04,481.35,298.88,49.09,2063.70,252.89,84.01,97.10,279.80,823.28,77.17,289.34,32.62,524.52,65.18,93.43,54.06,138.49,122.32,8.17,205.03,157.24,98.78,78.84,37.23,172.90,757.17,136.87,37.89,151.84,287.62,35.96,230.28,62.75,414.52,269.95,77.71,72.65,202.01,222.99,125.56,162.93,536.29,31.18,68.09,71.28,431.57,133.16,86.75,52.45,73.05,241.14,375.83,30.59,274.28,69.70,184.90,137.53,73.83,218.96
2024-11-05,139.85,221.99,406.70,199.50,251.44,569.68,82.53,168.77,170.43,171.52,884.34,76.39,104.96,51.13,141.66,54.16,183.97,75.38,221.75,445.99,23.32,158.62,661.95,304.66,194.82,86.54,515.17,212.50,190.68,160.40,194.38,183.15,165.18,611.75,669.17,499.88,37.55,93.40,231.77,486.42,307.58,50.30,2090.01,256.08,86.81,98.81,281.08,823.86,77.49,291.21,33.26,521.98,65.84,95.33,54.11,140.13,122.15,8.21,206.45,159.46,101.85,77.92,37.63,168.93,753.62,137.82,38.02,154.43,291.79,36.44,218.37,63.24,415.98,265.29,78.83,74.56,205.00,227.80,125.05,164.03,536.90,31.11,69.30,71.87,441.09,133.23,87.93,52.89,73.53,241.25,382.38,30.71,276.71,69.00,186.91,140.65,75.34,221.58
2024-11-06,145.55,221.27,415.32,207.09,288.53,569.30,82.30,175.50,177.31,177.10,893.36,78.02,111.27,55.53,145.10,55.81,185.00,75.76,226.71,453.58,25.05,155.65,661.29,307.05,206.86,87.95,515.55,220.95,197.64,167.25,197.79,192.59,168.55,640.97,654.31,493.64,39.83,92.42,233.00,504.83,320.00,52.61,2117.30,272.45,90.24,100.10,294.59,811.17,82.28,296.75,36.06,553.15,63.28,91.39,54.44,136.46,120.57,8.38,214.38,169.64,109.33,80.87,41.69,176.61,775.66,140.91,40.69,156.88,302.33,36.30,224.92,63.39,423.42,273.01,80.98,73.25,227.95,257.81,128.35,166.62,558.64,31.47,72.86,70.59,459.52,141.65,86.54,55.44,77.44,251.80,408.02,30.62,276.17,68.61,193.03,144.68,74.87,225.57
2024-11-07,148.82,226.00,420.51,210.05,296.91,588.86,82.70,179.71,181.24,181.30,907.95,79.65,112.85,55.88,149.82,56.01,191.48,78.16,226.03,456.36,26.23,154.98,677.57,307.16,209.33,93.91,524.28,222.43,198.65,167.17,194.62,193.50,246.53,666.43,669.92,502.45,38.99,92.46,239.55,500.92,330.78,53.01,1774.05,273.85,93.53,102.17,294.27,818.95,80.97,301.72,34.77,573.59,62.66,91.46,54.73,139.85,125.87,9.37,216.85,170.59,106.23,83.68,42.04,174.66,765.71,147.37,40.46,158.90,305.51,36.08,229.52,63.11,433.00,272.22,80.92,73.99,220.75,270.81,129.79,179.17,566.15,31.41,71.69,71.15,468.75,140.64,88.09,55.77,79.35,257.98,393.04,30.07,277.36,68.91,196.71,150.65,76.30,233.96
2024-11-08,147.57,225.73,417.65,208.18,321.22,586.51,83.67,177.33,178.83,181.13,937.62,79.50,111.34,58.39,147.95,56.00,189.44,77.16,229.76,450.49,26.20,156.03,678.82,310.38,211.98,92.63,536.45,220.51,200.46,165.24,195.50,195.70,290.01,676.39,662.26,516.74,38.74,93.84,237.35,494.68,330.03,52.39,1872.01,276.93,93.39,101.85,294.16,822.86,81.18,301.25,35.20,561.55,63.12,92.42,54.14,141.19,117.81,9.18,222.97,171.40,107.79,92.04,41.96,174.94,751.97,134.61,40.57,156.83,305.56,36.46,227.36,64.23,433.28,277.43,82.57,74.60,223.91,270.42,124.45,177.90,561.56,31.37,73.54,69.75,603.18,142.57,85.71,56.12,78.33,256.54,393.71,30.24,281.95,69.96,195.73,147.48,77.39,237.80
2024-11-11,145.20,223.01,413.18,206.84,350.00,580.37,83.06,179.31,180.93,176.46,926.77,80.54,108.11,60.24,147.35,56.55,186.02,75.16,232.70,447.51,25.05,155.23,657.70,307.06,207.73,93.08,535.75,215.30,205.72,162.70,200.33,199.05,286.43,689.37,664.08,501.72,39.00,96.49,235.26,504.48,342.42,50.71,1961.16,281.96,91.85,98.99,296.13,820.14,81.90,300.90,35.71,556.26,63.02,90.61,55.74,140.17,117.15,9.33,221.38,174.95,109.72,97.18,43.02,172.29,639.37,137.40,41.07,158.30,313.89,36.74,220.70,65.45,437.30,279.82,86.48,73.80,229.59,340.00,122.36,179.39,559.10,31.68,71.82,66.88,616.14,142.72,85.16,56.75,79.49,264.15,396.04,29.81,281.98,70.31,199.54,141.96,75.87,245.85
2024-11-12,148.23,223.01,418.14,208.91,328.49,582.01,83.83,180.58,182.27,173.81,926.27,81.95,103.58,59.85,143.63,56.62,184.10,74.69,233.36,446.68,24.16,155.30,656.47,285.15,204.75,90.51,537.07,214.41,213.63,157.99,198.65,199.01,289.03,691.46,661.97,490.00,38.86,95.04,226.77,526.42,343.50,48.14,1977.39,282.07,92.38,97.01,297.22,815.49,82.46,297.77,35.33,553.47,63.42,89.12,56.02,138.15,113.80,9.22,221.99,176.49,110.06,99.15,42.60,173.04,636.20,133.20,40.66,161.75,309.73,36.51,218.51,65.41,426.11,268.95,85.94,73.65,224.12,356.59,123.41,180.55,558.74,31.81,70.14,64.42,595.18,142.02,84.69,57.18,79.72,270.32,392.00,29.32,284.86,74.34,209.04,139.92,75.41,245.28
2024-11-13,146.21,223.90,420.28,214.10,330.24,577.22,84.33,177.85,179.46,171.21,927.62,83.05,99.42,60.70,139.30,57.08,180.33,72.87,235.20,447.31,24.92,155.68,636.49,287.63,197.96,88.86,536.69,207.85,212.87,155.10,197.25,201.18,283.96,698.17,666.16,494.61,38.74,96.00,224.05,532.50,347.88,47.21,1930.95,282.52,89.68,95.52,296.83,798.93,82.59,306.47,35.67,557.96,62.93,89.48,56.38,138.30,113.41,9.72,220.90,175.76,110.36,97.88,42.01,175.29,594.10,132.76,40.71,161.61,313.14,36.49,216.73,65.45,429.82,264.60,86.85,74.66,223.41,328.38,128.45,181.87,565.10,32.02,70.60,63.74,601.29,140.61,83.95,57.93,80.29,276.51,406.22,29.44,286.96,72.53,209.85,135.09,75.77,252.78
2024-11-14,146.70,226.98,421.95,211.48,311.18,574.39,83.31,174.57,176.34,168.05,917.84,83.73,98.69,59.18,138.84,55.86,183.50,73.80,232.14,444.62,25.03,156.07,636.94,282.37,198.23,88.36,537.80,207.27,210.67,158.53,196.60,197.20,284.49,692.74,685.50,483.96,38.37,95.45,223.47,529.87,344.36,47.58,1876.20,278.13,90.31,94.73,291.51,777.26,81.63,303.04,34.84,548.31,62.51,89.89,55.96,140.14,112.33,9.86,214.41,173.80,108.71,94.46,42.12,176.33,569.72,134.56,40.00,163.00,306.65,36.47,217.70,65.70,423.65,257.91,85.33,75.44,221.26,327.67,131.43,181.48,558.74,31.85,71.26,62.79,604.56,139.95,82.69,57.34,78.77,271.49,394.25,29.13,283.09,74.68,208.50,136.35,75.04,249.99
2024-11-15,141.92,223.78,410.20,202.61,320.72,551.42,83.10,171.50,172.90,162.59,901.13,82.40,95.86,65.77,134.90,55.42,166.61,69.12,230.05,440.31,24.35,149.90,606.78,270.62,193.53,84.80,527.61,201.52,210.17,155.17,196.76,193.50,291.09,680.00,651.54,465.70,37.84,95.26,222.73,503.37,336.75,47.26,1880.00,274.93,87.45,94.08,287.31,751.73,80.89,289.71,34.35,520.75,61.49,92.34,52.00,138.52,114.00,9.22,212.96,169.43,106.07,94.20,41.88,170.70,566.35,132.50,39.85,160.25,299.15,37.42,210.98,66.22,420.91,235.56,85.37,73.81,213.48,340.65,126.09,177.62,542.37,30.21,66.29,60.17,599.35,137.19,81.54,56.67,75.20,259.41,389.57,28.53,277.82,75.88,201.47,128.73,71.25,240.04
2024-11-18,140.09,226.78,410.95,201.70,338.74,551.74,82.93,174.29,175.79,163.40,913.49,84.71,97.02,61.26,138.93,55.27,168.43,69.63,231.44,439.79,24.84,149.62,614.21,268.11,199.36,84.86,531.64,204.74,210.04,159.04,198.45,193.41,298.00,671.04,658.07,467.01,37.94,97.18,228.69,499.51,342.97,48.60,1916.12,277.57,88.33,94.31,287.55,756.89,81.11,294.33,34.19,523.98,60.87,92.51,53.27,139.12,117.31,9.47,213.95,172.73,105.71,91.88,42.01,175.83,580.63,132.19,39.83,162.89,302.05,37.53,214.04,66.68,419.83,232.27,84.22,74.08,211.91,384.79,125.97,182.93,543.50,29.81,66.61,62.45,600.00,136.04,82.49,56.63,74.97,259.36,385.02,28.47,277.38,76.27,202.85,128.66,73.35,238.69
2024-11-19,146.95,227.04,412.96,204.61,346.00,558.40,85.41,177.10,178.56,163.09,924.06,87.13,97.24,62.98,139.39,54.98,167.03,69.24,227.70,435.37,24.20,148.10,609.65,269.26,193.48,84.17,538.82,205.50,209.44,159.24,196.84,194.03,321.19,636.80,655.03,448.01,37.34,95.19,232.96,499.61,353.29,49.14,1916.51,275.42,88.95,95.07,287.21,739.60,80.04,299.63,33.83,534.02,60.90,92.71,53.73,137.12,117.68,9.50,215.70,176.18,104.29,90.79,41.81,174.11,578.69,131.44,39.73,164.99,305.20,37.41,213.77,66.33,416.34,234.27,83.64,74.14,209.74,430.54,133.41,186.01,542.11,30.07,73.72,62.10,610.20,134.98,82.30,56.52,74.73,259.90,384.84,28.02,278.65,74.88,204.36,133.06,72.09,247.73
2024-11-20,145.83,227.76,410.69,202.88,342.03,562.81,85.99,174.97,176.32,161.02,922.00,88.39,97.88,62.12,137.60,55.46,168.19,69.12,229.91,441.33,24.01,150.01,610.81,276.88,190.71,85.02,541.82,206.07,208.04,149.15,198.40,196.45,325.22,643.15,651.34,451.23,37.93,95.11,233.80,499.50,350.15,48.05,1931.26,276.31,89.47,95.28,288.23,738.36,79.26,304.01,33.80,541.56,61.42,92.81,53.70,137.17,116.49,9.95,216.48,172.20,103.92,92.45,43.22,175.40,553.19,135.25,39.84,165.57,307.84,37.05,214.18,66.79,418.61,248.79,84.29,74.04,212.25,473.83,135.45,185.50,543.58,30.57,72.67,62.33,609.82,136.10,84.67,55.42,75.95,259.44,389.12,28.30,281.18,75.24,200.94,133.70,76.27,245.45
2024-11-21,146.61,227.28,408.91,198.38,339.64,560.39,87.18,166.67,168.27,161.70,949.39,89.75,102.25,61.36,137.49,55.51,173.79,72.16,231.00,446.17,24.44,151.52,626.98,278.83,190.72,86.10,550.62,208.95,207.51,150.30,206.09,198.85,318.24,670.93,664.92,450.37,38.38,96.85,250.10,504.44,357.55,49.58,1968.15,280.16,92.54,97.13,294.00,739.50,80.32,306.51,34.55,557.94,61.78,94.03,53.98,140.76,104.09,10.23,219.19,173.17,107.76,94.02,43.78,176.60,565.45,133.26,40.10,166.82,315.41,37.61,218.30,68.05,418.55,246.80,84.37,76.10,216.27,397.28,143.86,186.58,548.34,30.76,73.81,63.66,631.27,138.27,81.78,56.90,77.21,268.07,383.84,28.49,284.51,74.46,207.30,133.14,77.00,253.97
2024-11-22,141.89,228.62,413.00,197.12,352.56,556.46,89.20,163.81,165.62,161.98,957.70,89.78,102.13,64.35,138.35,56.47,172.93,71.67,232.66,445.88,24.50,153.09,633.31,283.28,190.53,86.51,547.87,209.56,210.28,151.59,204.75,191.68,333.31,632.79,665.63,450.97,38.36,99.21,248.17,512.15,372.26,50.00,2005.00,281.00,92.11,96.83,294.56,733.05,81.82,311.87,34.99,565.07,61.40,93.56,54.06,143.84,100.07,10.11,219.46,177.24,108.42,92.77,43.16,179.10,573.69,137.34,40.45,165.53,321.27,37.04,220.06,68.02,417.24,244.89,86.31,76.20,218.11,421.88,154.83,188.15,554.16,31.16,73.15,64.27,636.95,138.63,82.22,62.70,77.88,267.75,388.27,29.15,287.64,72.83,210.96,135.99,79.81,260.58
2024-11-25,135.97,231.60,414.78,201.45,338.59,562.40,88.27,166.69,168.46,162.57,954.60,86.56,103.96,64.65,141.13,56.65,172.60,72.73,234.28,446.78,24.87,154.08,638.38,282.77,195.27,86.80,536.55,218.34,211.65,153.55,202.05,193.19,319.59,627.36,677.10,461.71,38.12,98.57,247.21,518.73,363.68,52.25,2099.95,284.67,91.84,98.53,294.10,744.48,82.58,312.39,35.81,561.87,61.92,94.05,54.98,150.93,100.69,10.40,221.57,179.10,110.11,93.12,42.48,173.56,593.49,140.93,40.78,163.02,319.39,37.44,227.32,68.26,428.59,250.98,87.30,76.13,222.92,403.45,156.63,187.62,551.98,31.34,74.09,67.32,619.00,139.39,82.44,63.75,78.95,267.69,384.47,29.34,288.39,77.83,210.42,139.68,80.28,261.00
2024-11-26,136.87,233.78,423.89,207.86,338.23,570.79,90.06,168.15,169.65,162.49,965.14,87.26,101.29,65.74,137.72,57.47,171.27,71.72,239.14,447.67,24.05,153.24,625.31,269.32,193.37,87.63,542.10,213.92,211.46,151.72,206.24,198.20,329.77,631.52,664.73,467.07,37.62,97.45,264.89,525.30,364.30,54.96,2110.00,284.84,92.74,98.82,297.28,747.98,82.95,310.10,35.87,553.95,61.86,95.23,54.83,152.00,99.31,10.11,224.12,179.01,109.43,96.44,42.46,170.10,565.07,139.67,40.95,163.89,317.96,37.78,222.27,68.52,417.32,253.35,86.48,75.94,223.78,353.69,154.39,187.85,555.89,31.15,75.68,65.93,632.16,140.29,82.29,63.80,79.37,270.19,390.29,29.30,291.62,77.94,210.30,136.72,79.92,262.23
2024-11-27,135.29,233.65,418.94,205.74,332.89,566.47,90.62,168.26,169.85,157.49,955.25,87.73,97.71,66.05,136.24,57.18,169.41,70.62,241.26,448.18,23.65,153.77,625.97,269.37,191.68,88.64,538.55,212.08,210.77,151.21,206.57,192.18,328.56,628.89,663.26,464.56,37.55,98.25,251.64,513.68,347.59,53.81,2044.76,282.29,89.71,97.20,296.27,749.80,82.93,304.68,35.77,547.74,62.03,95.77,55.14,152.51,98.80,10.38,221.72,178.44,109.77,94.06,42.54,170.31,553.37,138.28,40.76,162.17,290.64,37.80,220.20,69.52,421.76,253.74,86.11,75.64,221.93,388.84,151.96,185.56,558.32,31.08,75.88,65.41,634.96,139.83,82.77,63.51,79.06,253.40,389.81,29.26,291.43,78.10,204.96,133.37,81.97,262.46
2024-11-29,138.20,236.04,419.40,207.89,345.16,571.56,91.23,167.98,169.52,159.86,965.52,88.68,97.46,67.08,137.18,57.10,172.76,72.90,241.98,451.97,24.05,154.46,640.71,272.07,193.45,88.81,542.00,212.94,213.79,153.27,205.73,193.91,336.75,634.39,679.22,468.13,38.11,99.17,254.79,515.93,345.97,54.93,1985.17,285.74,92.29,98.50,296.28,745.19,82.88,306.81,35.86,558.49,61.93,95.74,55.13,152.49,96.56,10.48,223.44,180.48,110.55,95.05,42.87,171.66,560.68,136.11,40.69,162.74,291.90,37.85,222.96,69.18,421.75,253.07,86.31,75.59,222.95,387.47,152.75,188.38,560.39,31.15,75.16,65.70,646.96,140.36,82.99,63.39,78.81,249.99,396.97,29.67,291.09,77.99,206.59,134.29,81.34,263.58
2024-12-02,138.58,238.29,426.85,210.71,357.09,589.99,91.37,170.51,171.99,164.23,968.62,89.77,98.06,66.39,142.06,57.32,181.23,77.47,239.91,450.70,23.93,154.08,659.53,267.48,194.17,90.19,542.85,217.89,211.05,157.62,206.62,195.09,340.59,626.81,703.81,465.73,38.20,98.25,247.86,516.20,346.80,55.26,1952.44,282.93,96.44,100.28,295.41,757.22,83.12,310.27,35.65,565.93,62.19,94.17,54.98,153.95,98.98,10.56,220.33,176.37,109.83,95.32,42.61,169.96,573.23,137.49,40.25,165.01,296.65,36.71,227.08,67.88,430.77,253.01,86.07,74.44,222.67,380.30,152.88,187.95,562.55,31.05,72.42,67.76,636.39,139.58,82.85,62.02,79.13,251.46,394.43,29.33,289.59,79.31,208.51,140.34,80.07,265.88
2024-12-03,140.20,241.33,427.07,213.44,351.42,610.71,92.23,170.36,172.03,165.85,975.72,90.22,99.34,70.96,141.98,57.37,181.12,77.30,239.93,450.52,22.47,152.81,659.22,267.69,189.79,88.72,541.71,216.35,208.31,157.18,206.22,196.29,366.55,628.74,710.33,456.97,37.82,98.31,245.80,516.26,349.95,53.95,1929.49,281.63,95.49,96.04,293.04,744.54,83.20,313.25,35.32,570.19,61.79,93.02,54.19,151.35,98.45,10.55,220.34,176.09,110.40,95.29,42.60,169.89,575.70,137.46,40.32,166.74,298.96,36.49,221.98,67.69,432.11,251.84,84.69,76.04,216.47,373.43,155.01,188.06,560.80,30.89,72.43,63.02,669.87,138.65,82.35,62.24,78.31,257.06,397.61,29.18,285.98,80.91,198.64,140.38,80.15,268.36
2024-12-04,145.08,241.69,433.23,218.16,357.93,610.83,93.16,173.37,175.09,168.23,984.43,91.11,102.69,69.85,143.99,57.50,179.14,77.22,238.20,451.83,21.96,151.37,659.72,267.63,189.23,87.86,549.95,213.19,210.90,157.92,207.36,202.29,373.70,647.15,712.17,463.98,37.54,97.47,252.45,536.49,364.16,54.44,1987.43,286.28,117.64,94.90,292.96,749.20,82.86,324.54,34.63,588.00,60.33,92.28,53.75,152.10,98.71,10.65,221.28,176.88,111.88,98.19,41.51,165.28,574.50,139.07,40.00,166.46,304.23,36.21,217.41,67.42,434.43,254.72,88.85,75.37,209.23,406.00,165.88,188.20,569.80,31.12,75.36,59.40,687.39,138.17,82.78,62.97,78.90,268.87,402.12,28.77,288.59,81.01,206.36,141.30,79.75,287.50
2024-12-05,145.01,241.72,438.38,220.55,369.49,606.01,93.99,171.65,173.32,168.14,975.83,91.79,100.37,71.87,141.36,57.89,170.11,74.21,239.04,441.14,20.80,151.67,636.34,263.85,185.71,89.58,547.65,209.52,207.69,155.88,209.13,201.51,379.07,641.28,703.84,459.92,37.76,96.04,254.32,538.22,364.84,54.27,1984.95,289.09,112.88,95.43,291.33,762.75,82.32,303.79,33.96,515.29,60.30,93.43,53.10,154.20,99.00,10.68,220.90,175.89,111.13,98.46,41.46,166.91,565.30,136.32,39.81,164.67,305.17,36.34,211.89,67.56,427.49,251.81,88.57,76.38,201.24,386.40,163.35,190.03,551.94,31.47,75.33,56.14,689.78,136.65,81.34,61.91,79.04,262.70,404.14,28.68,285.83,78.92,205.61,137.95,77.03,276.72
2024-12-06,142.39,241.52,439.32,227.03,389.22,620.78,94.39,173.71,175.48,177.08,986.11,93.47,100.67,76.34,138.59,57.76,171.09,75.57,238.89,441.98,20.92,150.38,642.01,262.17,185.81,88.38,550.41,213.09,207.77,155.02,209.97,202.95,401.50,639.07,701.34,462.10,38.07,96.90,251.88,552.96,365.65,53.49,1947.18,289.20,113.02,95.76,293.99,772.78,83.85,307.51,33.80,517.28,59.94,91.90,52.27,154.07,99.89,10.66,221.38,178.48,109.49,99.21,40.29,161.26,582.45,136.92,39.46,166.06,307.71,36.21,213.52,66.49,435.69,256.26,89.40,75.68,201.27,395.01,168.65,189.71,545.31,31.22,75.40,57.14,687.69,137.09,81.02,62.08,79.45,266.42,403.06,28.59,284.01,77.72,211.99,140.89,77.32,278.50
2024-12-09,138.76,245.41,441.75,226.09,389.79,610.63,92.54,174.56,176.29,176.49,981.39,91.37,102.31,72.46,130.87,56.85,169.94,76.42,224.27,435.24,20.81,151.98,646.00,267.03,186.15,86.90,538.86,214.81,206.59,156.22,204.00,194.47,342.54,639.18,698.91,473.98,34.46,96.12,238.19,547.93,353.60,53.24,1844.30,283.65,106.57,96.20,287.23,782.71,83.66,309.75,33.32,508.49,58.58,91.64,53.21,153.83,110.33,10.56,206.14,175.64,108.50,97.04,40.41,161.54,602.19,137.27,39.11,164.67,308.55,35.82,218.35,65.89,450.68,255.89,89.52,76.70,202.19,365.34,161.19,187.90,542.56,32.06,72.77,59.63,642.59,135.26,81.68,61.77,78.95,279.91,365.96,29.44,281.88,78.41,206.13,139.64,78.65,273.14
2024-12-10,135.03,246.42,439.08,225.04,400.99,616.35,93.26,184.32,185.68,169.46,986.89,91.33,97.61,70.89,127.74,56.63,166.30,74.13,228.81,437.43,20.16,152.34,635.60,265.22,183.01,88.58,538.09,211.45,210.25,152.06,205.41,194.88,321.06,639.66,697.67,469.22,34.88,95.01,230.74,547.05,346.77,51.79,1879.18,284.34,106.22,94.86,291.74,773.28,84.42,302.86,33.52,505.32,58.88,91.18,53.01,153.73,104.49,10.89,207.96,173.90,109.01,97.13,40.20,157.70,588.02,138.30,38.84,164.36,303.99,35.71,212.82,65.93,444.72,253.91,88.29,77.20,203.34,377.32,154.91,185.36,543.60,31.98,72.62,59.67,637.45,136.64,82.14,61.52,78.39,270.88,377.96,29.31,283.64,79.41,201.39,137.29,76.43,266.45
2024-12-11,139.26,245.15,444.69,230.26,424.77,629.64,93.66,194.50,195.81,180.70,988.18,93.66,101.55,72.51,130.15,56.51,169.22,77.43,229.64,433.22,20.12,149.41,642.51,262.97,184.47,88.62,543.60,212.93,210.23,155.33,209.68,199.21,338.21,662.89,706.74,468.29,35.04,95.26,234.97,549.93,362.97,52.61,1897.87,288.35,110.88,95.64,290.31,767.81,84.60,308.78,32.97,512.06,60.18,89.77,52.10,151.83,103.42,10.82,208.78,176.41,109.46,98.04,41.42,158.43,616.17,138.84,38.59,162.98,307.46,35.17,214.67,65.17,437.08,254.15,90.27,76.84,203.06,411.40,156.48,190.46,544.51,31.73,74.20,59.29,642.45,135.54,82.52,62.61,79.55,272.36,378.49,29.04,281.99,80.47,207.92,143.16,77.58,274.65
2024-12-12,137.30,246.61,445.25,228.97,418.10,627.76,92.80,191.08,192.74,178.19,981.92,92.56,97.75,73.20,130.60,56.76,167.20,74.80,228.59,431.23,20.78,151.44,640.29,263.59,184.48,88.62,544.72,213.52,208.98,153.79,208.73,200.10,326.21,664.56,705.42,464.12,35.51,94.68,237.37,474.63,365.50,49.66,1870.77,286.63,108.54,94.91,288.38,736.00,84.65,308.22,33.04,511.73,59.72,89.02,52.92,151.87,104.66,12.49,209.39,176.02,106.58,98.60,41.29,156.81,598.03,137.47,38.48,161.66,309.34,35.24,212.61,65.30,437.18,245.26,88.92,77.08,201.31,392.19,156.73,189.64,542.17,32.26,72.05,59.27,636.41,135.49,81.41,62.08,78.69,274.82,388.45,29.28,282.27,78.93,206.36,148.00,78.25,279.18
2024-12-13,134.21,246.78,442.98,227.46,436.23,617.37,93.17,188.95,190.50,221.73,982.87,91.89,101.99,76.07,126.91,56.54,167.46,75.48,227.28,428.08,20.34,150.55,647.38,260.29,184.36,88.86,539.58,212.43,208.91,154.07,207.09,196.56,324.47,648.94,710.84,463.73,35.22,94.29,237.42,465.69,368.02,49.01,1823.86,283.76,120.25,93.76,287.95,726.39,84.71,306.75,32.61,508.28,59.05,88.89,52.76,151.52,102.27,12.07,209.02,175.09,106.78,97.95,41.11,157.89,600.98,130.95,38.21,156.72,303.77,35.27,211.74,64.95,432.10,245.44,90.54,76.83,198.98,408.67,153.03,185.48,537.85,32.01,71.63,57.76,644.91,135.29,80.88,61.23,78.39,273.67,379.78,29.41,280.72,77.19,198.54,151.91,75.07,278.65
2024-12-16,131.96,249.68,447.26,232.93,463.02,621.75,93.78,195.75,197.25,246.58,986.37,92.11,107.72,75.75,126.69,56.28,167.52,77.03,224.86,421.19,20.83,148.70,649.73,256.32,182.31,89.04,541.99,212.14,216.60,153.45,204.10,202.50,343.96,663.81,714.60,468.09,34.29,90.13,237.65,461.53,388.20,49.15,1796.72,287.04,124.24,93.60,287.99,720.01,84.59,313.49,32.31,522.11,58.63,87.98,52.25,147.96,99.61,11.60,209.60,179.50,106.13,98.16,40.77,153.62,620.91,132.20,38.05,155.51,304.89,34.65,213.05,64.51,430.47,243.99,90.81,75.44,197.19,408.50,155.82,187.18,536.25,31.60,73.39,56.94,649.30,135.50,80.07,61.11,79.01,278.35,378.98,28.74,278.75,76.41,204.41,145.00,75.22,278.09
2024-12-17,130.35,252.10,450.10,231.15,479.86,616.96,94.32,194.52,196.22,236.95,975.65,91.91,108.06,74.39,125.02,56.44,168.44,77.01,216.28,423.06,20.44,148.81,648.49,255.79,181.02,89.77,545.16,209.69,213.97,153.48,204.21,201.24,337.89,670.01,727.27,469.24,34.24,89.13,232.62,455.23,376.42,48.65,1809.12,286.09,111.76,92.53,286.79,735.04,83.07,311.35,32.30,511.87,58.49,88.13,51.95,148.88,102.42,11.35,206.21,177.00,105.50,97.62,40.39,154.79,620.52,132.24,37.80,153.91,302.82,34.94,213.87,64.91,427.09,246.58,90.38,75.56,197.28,386.42,156.91,185.93,531.02,31.52,73.85,56.18,635.76,134.61,79.03,60.67,79.34,278.01,371.03,29.00,277.62,77.80,200.45,142.80,73.13,269.79
2024-12-18,128.87,246.70,433.20,220.52,440.13,594.80,92.47,187.53,189.28,220.56,958.42,88.96,103.38,71.51,121.41,55.48,163.61,74.43,216.26,415.26,19.30,147.18,624.61,248.90,178.02,87.73,526.47,203.76,208.21,148.74,195.83,188.76,313.07,642.37,711.74,447.50,33.41,87.01,224.20,441.31,349.18,47.82,1716.38,274.44,104.82,89.70,279.93,709.82,81.68,301.24,31.47,494.43,57.23,87.16,51.54,146.66,101.35,10.63,202.27,165.39,101.83,93.36,39.05,150.87,590.74,127.54,36.35,149.06,292.83,34.98,205.35,63.31,410.76,237.92,85.00,73.55,190.13,349.64,150.20,181.90,521.09,31.04,70.00,54.10,609.96,130.37,76.88,58.97,76.62,268.93,358.26,28.12,273.01,75.26,185.69,136.56,70.77,250.19
2024-12-19,130.64,248.43,432.84,223.29,436.17,593.19,92.32,187.64,188.83,215.33,948.55,90.20,86.66,74.21,118.88,55.58,159.64,70.48,213.62,412.63,19.06,144.36,616.11,251.22,177.51,88.11,523.91,203.77,208.23,146.17,197.30,189.36,318.74,629.66,702.61,396.64,33.00,85.91,223.62,437.39,351.03,44.87,1666.00,275.79,108.64,85.72,282.68,703.50,80.96,299.87,30.98,493.35,56.51,87.48,50.90,145.86,101.00,10.49,180.89,167.65,101.58,94.85,38.82,147.95,581.93,129.35,36.05,147.05,293.63,35.58,202.40,63.54,409.03,238.87,86.32,72.79,186.14,326.46,146.93,181.38,516.18,30.91,69.41,53.96,615.68,132.24,77.22,58.45,77.83,266.83,352.77,27.93,273.03,75.82,183.21,132.10,69.84,251.23
2024-12-20,134.66,253.11,432.42,224.92,421.06,582.91,91.18,190.53,192.08,217.77,947.82,90.90,89.67,80.55,119.21,56.44,161.77,71.05,215.89,417.27,19.52,145.62,623.23,253.32,179.82,89.54,524.43,207.69,209.55,148.59,200.00,186.78,340.99,636.03,698.08,397.27,33.72,85.15,225.45,447.17,362.29,45.34,1720.36,280.67,111.42,85.50,285.29,697.14,81.27,301.47,31.24,492.18,56.63,88.92,51.72,147.20,99.51,10.69,185.00,171.00,102.37,97.19,39.33,149.77,585.95,134.21,36.43,146.96,298.12,35.42,205.30,64.26,412.26,245.44,86.67,73.24,179.82,364.20,149.46,181.97,519.79,30.88,70.44,53.50,631.69,133.90,78.70,58.22,77.57,273.04,351.50,28.32,274.29,80.04,187.38,132.15,71.44,257.26
2024-12-23,139.62,253.88,431.08,225.06,430.60,597.45,89.31,193.73,195.09,229.79,943.69,91.14,89.27,80.69,124.60,56.88,165.59,73.04,217.21,415.32,20.20,144.19,641.66,253.92,182.97,90.35,527.22,210.74,208.47,153.79,200.57,188.22,344.82,630.99,713.27,405.27,33.51,84.63,226.70,446.74,361.50,46.33,1729.85,280.35,113.27,86.69,285.41,710.33,80.48,304.41,31.61,492.58,56.52,89.03,51.86,146.74,100.58,10.44,185.18,169.94,101.76,96.42,39.16,150.89,609.71,134.52,36.26,146.46,297.49,35.71,209.06,64.56,413.16,242.26,86.44,73.83,178.62,332.23,147.46,183.22,519.33,30.77,70.59,55.77,624.14,133.71,79.06,58.36,77.35,265.39,349.47,28.27,274.15,79.54,185.94,126.87,72.74,251.40
2024-12-24,140.17,256.80,435.12,229.05,462.28,605.32,91.61,195.21,196.67,237.04,952.54,93.21,88.84,82.38,126.29,57.72,166.49,73.07,218.53,418.71,20.40,145.64,644.18,254.39,185.18,90.88,537.02,213.88,210.09,154.88,202.94,189.51,341.83,637.90,711.96,408.18,33.88,87.02,228.20,447.94,365.79,46.44,1743.29,283.07,115.45,86.65,287.65,709.68,81.44,308.58,31.95,500.16,57.21,88.56,52.51,148.51,99.72,10.55,186.39,171.81,102.23,97.81,39.79,152.50,611.98,134.99,36.57,148.33,301.23,35.90,210.34,65.03,413.62,243.25,87.78,74.41,180.02,358.18,148.40,185.39,522.50,30.96,70.53,56.44,631.25,135.68,79.14,59.11,77.83,269.04,352.19,28.43,275.97,80.24,187.26,131.79,72.95,257.49
2024-12-26,139.88,257.61,433.91,227.05,454.13,600.94,91.72,194.70,196.20,242.65,949.88,92.41,89.37,82.14,125.06,57.85,165.68,73.23,219.19,417.28,20.44,145.28,642.22,253.13,184.50,91.32,538.83,213.85,212.80,154.07,201.88,188.50,346.73,638.79,708.15,410.65,33.75,88.91,227.06,450.16,365.08,46.44,1732.76,283.24,115.21,86.57,288.40,711.87,80.45,308.69,31.90,495.82,57.07,88.26,52.67,151.86,98.87,10.62,183.21,170.57,102.47,97.29,39.87,152.75,612.23,135.32,36.24,148.22,300.28,35.83,209.98,65.00,417.11,242.50,87.67,74.49,179.89,341.05,147.56,187.16,521.61,30.83,70.67,56.35,623.80,136.88,79.49,59.07,78.22,269.38,351.78,28.35,275.80,80.57,187.63,129.69,73.10,254.24
2024-12-27,136.97,254.20,426.40,223.75,431.66,597.41,90.61,191.87,193.15,239.08,933.55,90.75,88.19,79.08,125.19,57.49,164.97,72.65,218.54,415.96,20.30,145.71,638.52,252.62,183.97,91.03,534.88,212.80,210.65,152.82,199.55,186.18,335.17,631.26,705.90,408.76,33.47,89.29,224.98,446.48,354.99,45.68,1725.47,280.38,113.13,85.58,287.38,707.62,79.82,305.03,31.84,490.91,57.41,88.69,52.55,150.96,97.45,10.61,181.46,169.34,101.64,96.08,39.80,153.05,605.19,133.38,35.55,147.27,297.59,35.81,208.73,64.96,414.93,237.97,86.40,74.52,178.69,330.00,145.99,186.43,518.31,30.79,69.61,56.22,610.98,135.56,79.29,58.46,77.55,266.24,348.65,28.47,274.73,80.24,184.56,129.20,72.22,250.11
2024-12-30,137.44,250.83,420.76,221.30,417.41,588.88,89.53,190.36,191.81,232.98,916.17,90.04,85.00,77.18,122.44,57.09,161.82,71.41,216.23,410.73,19.82,144.60,627.45,249.40,180.87,89.00,526.96,208.46,207.98,150.23,197.71,184.20,335.38,623.09,688.65,399.35,32.99,87.67,224.76,445.80,349.31,44.87,1721.80,277.06,111.18,84.74,284.27,697.88,78.66,301.86,31.54,486.74,56.79,88.26,52.53,149.52,94.39,10.51,181.77,169.60,100.70,95.13,39.93,155.61,596.25,131.81,35.02,145.70,297.53,36.00,202.59,64.44,412.75,236.01,84.98,74.27,175.77,302.96,144.17,184.54,514.32,30.49,68.87,55.05,604.32,134.31,78.39,58.13,75.15,262.00,343.18,28.17,273.18,78.00,183.13,125.91,71.82,247.10
2024-12-31,134.25,249.06,417.46,219.39,403.84,583.17,89.31,188.43,189.57,229.28,910.27,89.13,83.85,75.63,120.79,57.10,160.82,71.49,216.30,411.72,20.05,144.92,623.97,250.69,180.44,89.35,521.96,208.36,207.32,149.30,196.82,181.96,323.83,621.31,685.62,402.70,33.12,88.32,222.17,444.68,342.16,44.88,1700.44,275.71,109.97,84.52,284.04,707.55,79.05,300.46,31.66,485.36,57.40,88.42,52.56,149.29,96.99,10.57,180.80,167.75,101.10,94.48,40.01,158.36,585.66,131.41,35.01,145.47,295.57,36.01,202.96,64.37,413.44,235.31,84.90,74.84,174.90,289.62,142.89,184.08,514.30,30.65,69.04,55.27,594.32,134.56,77.97,57.39,75.29,258.03,342.77,28.50,272.88,77.77,180.41,123.36,71.59,243.38
2025-01-02,138.26,242.53,414.57,220.22,379.28,596.85,88.96,188.56,189.76,229.42,903.85,88.67,87.01,75.19,120.63,57.00,162.04,71.70,215.12,407.30,20.22,143.16,630.41,249.38,179.90,88.88,524.03,207.27,206.99,149.32,195.11,180.74,341.78,615.66,692.88,405.76,33.02,89.21,240.93,441.00,347.34,46.56,1765.00,271.27,113.07,84.60,281.05,710.39,79.18,297.66,31.55,482.75,57.18,88.15,52.31,150.61,96.89,10.66,180.20,170.65,100.52,94.75,40.54,161.21,588.15,131.48,34.62,145.07,293.32,36.03,201.36,63.74,408.85,233.62,85.72,74.58,174.23,300.01,143.63,183.07,508.30,30.30,69.95,54.82,596.49,132.91,78.17,56.32,74.81,251.84,349.35,28.55,270.86,78.50,181.66,128.20,70.83,242.39
2025-01-03,144.42,242.04,419.29,224.19,410.44,602.21,89.74,190.91,192.25,229.98,910.58,88.11,89.54,79.89,125.37,57.15,168.16,74.34,214.71,406.64,20.56,142.63,650.60,251.24,183.32,88.42,535.29,211.21,207.90,153.39,194.26,183.25,350.65,623.02,706.67,407.11,33.24,89.61,250.66,430.57,359.02,48.22,1834.17,272.09,117.67,87.30,283.03,713.33,80.28,303.86,31.73,493.71,57.53,88.25,52.39,152.23,96.82,10.57,183.92,174.96,101.96,97.47,41.61,165.25,613.54,135.71,34.91,145.46,294.06,36.40,203.95,63.58,415.53,234.28,87.13,74.19,179.37,339.66,144.83,188.75,509.96,30.31,69.86,55.58,601.06,134.03,80.30,56.91,74.78,252.84,358.35,28.41,273.72,81.07,185.84,141.08,72.25,250.27
2025-01-06,149.38,243.67,423.75,227.61,411.05,627.68,90.38,195.96,197.05,233.80,916.67,88.18,98.89,75.92,129.55,57.07,175.50,77.18,208.12,406.06,19.87,139.40,683.56,248.71,184.93,88.25,542.37,213.79,203.52,155.35,194.50,179.50,354.93,618.00,760.23,402.49,33.08,90.14,262.46,431.18,366.36,49.41,1799.42,269.46,118.49,87.26,278.60,711.45,80.70,308.14,31.39,501.06,55.95,86.59,51.87,152.92,99.02,10.83,183.18,175.02,104.23,97.94,41.78,163.98,624.66,135.20,35.04,144.42,292.51,36.16,208.39,62.62,429.16,233.15,89.05,73.75,181.11,379.09,146.04,188.98,502.49,29.87,66.62,56.18,570.71,130.57,81.50,56.58,74.32,254.14,349.55,27.89,270.47,79.88,188.71,147.41,71.21,254.63
2025-01-07,140.09,240.89,418.32,222.11,394.36,615.42,89.76,194.59,195.81,226.12,915.34,87.92,101.53,69.99,127.33,57.22,175.84,76.72,208.08,408.07,20.01,138.57,682.57,252.05,184.96,87.67,531.88,211.70,202.50,156.00,190.00,175.51,330.01,608.39,749.42,408.32,32.81,89.86,253.87,422.63,359.93,48.82,1771.22,266.66,115.73,87.74,279.83,725.40,79.98,301.67,31.58,487.62,56.02,86.74,51.55,149.58,100.62,10.51,186.76,170.00,106.49,95.93,42.33,166.66,618.49,131.29,35.21,143.84,290.82,35.91,207.58,63.10,427.26,235.95,87.50,73.89,179.10,341.43,141.40,181.75,502.49,29.48,66.11,55.39,562.03,133.64,83.14,56.24,74.04,249.68,347.63,27.63,270.99,79.35,183.90,144.38,70.36,247.85
2025-01-08,140.06,241.38,420.49,222.13,394.94,608.28,90.74,193.06,194.50,226.78,921.30,87.50,99.04,68.23,121.84,57.48,175.02,76.25,211.19,413.04,19.88,139.66,679.50,254.12,184.43,86.23,544.02,216.19,202.07,154.60,193.02,172.83,329.20,618.88,735.97,412.11,33.07,89.63,242.16,419.58,358.72,48.21,1739.00,270.36,117.72,86.85,283.22,728.67,80.38,302.73,31.59,502.00,56.02,88.45,51.60,152.61,100.32,10.06,190.65,173.72,105.46,96.04,42.37,165.28,614.62,130.80,35.51,143.38,296.37,36.54,204.79,63.82,432.36,240.55,87.47,73.96,178.05,331.70,141.88,183.74,505.66,29.91,65.72,54.34,577.34,134.59,86.03,56.78,74.43,254.69,349.32,27.52,277.82,80.09,187.28,145.20,71.34,244.49
2025-01-10,135.87,235.56,414.94,218.94,394.74,613.40,91.93,191.16,192.29,221.84,930.80,83.77,98.97,67.26,116.04,57.04,169.74,73.88,207.06,407.28,19.15,135.94,676.39,252.22,182.98,86.94,547.47,208.27,200.26,152.56,187.76,173.42,318.48,617.32,731.05,409.56,32.35,89.29,303.08,405.92,348.84,47.28,1758.77,267.63,113.88,87.03,278.33,692.20,79.84,299.00,31.18,492.54,54.06,89.65,49.74,149.76,94.68,9.70,187.33,170.12,103.59,94.56,42.20,168.94,585.19,129.63,34.88,140.05,284.96,35.69,201.89,60.92,418.05,237.98,82.92,71.82,174.91,327.91,140.42,178.61,498.14,29.20,65.25,53.19,570.00,133.44,84.53,55.64,73.75,249.71,334.89,26.46,266.14,77.76,189.98,140.49,69.87,242.39
2025-01-13,133.19,233.13,413.19,218.46,403.31,605.90,90.48,190.13,191.41,222.81,918.64,84.03,94.71,64.98,117.32,57.06,168.96,73.69,209.18,414.44,19.20,137.72,684.24,259.87,183.88,87.00,539.75,208.84,201.09,152.71,188.72,167.82,315.68,607.21,719.58,413.37,32.43,90.51,277.31,408.50,341.46,46.68,1740.00,269.14,114.71,87.09,281.58,712.09,80.68,292.50,31.28,487.43,53.98,90.64,49.99,149.18,95.98,9.84,188.62,168.37,105.13,93.83,43.73,171.68,581.35,128.85,35.49,141.15,284.82,35.93,201.97,61.16,422.62,258.27,83.54,71.86,179.13,328.40,138.00,178.76,503.38,29.58,68.93,53.88,568.68,134.85,85.13,55.63,75.08,246.00,337.84,26.71,272.92,79.84,186.49,137.07,69.29,236.24
2025-01-14,131.72,232.01,411.69,217.76,396.36,591.88,89.75,188.79,190.18,222.22,911.22,82.84,97.00,65.91,116.09,57.61,171.71,74.29,209.88,420.20,19.20,138.15,694.41,256.90,186.20,88.03,538.88,210.51,200.54,155.04,189.31,170.58,321.09,617.69,728.36,411.66,32.37,90.08,286.88,412.71,348.04,47.22,1753.61,273.23,114.76,89.34,283.03,686.23,80.29,294.19,31.53,490.36,54.88,90.60,50.10,147.17,98.13,9.73,190.28,169.33,107.11,92.49,43.96,171.75,583.84,127.60,35.90,140.94,286.87,36.28,205.68,61.60,418.63,240.51,86.72,73.36,182.05,342.17,139.16,180.03,506.05,29.93,68.29,54.82,579.80,135.99,83.94,56.22,75.56,246.03,346.29,26.64,270.96,79.17,184.69,140.06,69.61,246.40
2025-01-15,136.20,236.58,422.22,223.35,428.22,614.65,90.29,194.65,196.08,225.49,917.45,84.83,102.81,68.14,119.96,58.24,176.39,75.37,209.90,420.88,19.72,137.98,709.26,258.67,190.06,89.36,580.11,214.01,201.50,159.78,191.32,174.19,335.03,615.36,718.48,424.26,32.48,90.09,298.69,417.28,362.02,48.64,1838.15,272.85,115.56,92.38,284.66,698.71,80.27,300.72,31.84,507.19,54.43,91.20,49.26,147.06,100.70,9.79,193.67,171.19,106.56,93.06,44.59,173.57,596.26,132.52,36.16,141.32,290.94,36.37,208.54,62.43,422.92,251.01,89.16,73.75,185.27,360.62,140.95,181.32,513.25,29.76,70.20,54.93,580.00,138.44,83.47,56.40,76.15,248.57,348.00,26.66,271.27,80.40,189.99,147.40,73.22,250.03
2025-01-16,133.53,227.02,420.51,220.66,413.82,608.86,90.25,192.02,193.52,226.88,913.73,84.24,102.22,69.24,118.44,58.09,184.40,78.41,211.42,425.32,19.67,139.66,739.97,259.14,180.30,88.65,584.08,210.87,204.39,156.89,192.73,177.17,332.01,601.32,742.20,416.96,32.31,91.40,313.06,426.93,363.38,48.36,1837.18,272.80,117.13,93.10,287.43,688.58,80.31,298.90,32.34,515.81,55.74,92.83,49.65,147.05,100.26,9.47,195.99,170.85,106.41,94.05,45.19,173.14,590.57,132.16,36.41,140.59,290.08,37.64,205.80,63.64,428.62,249.16,88.45,74.01,188.30,367.00,136.79,183.37,514.38,30.06,72.75,54.15,585.84,140.91,84.80,56.40,75.81,250.70,346.68,26.88,275.89,84.84,187.55,147.52,73.42,254.25
2025-01-17,137.66,228.73,424.92,225.94,426.50,610.32,90.88,195.10,196.65,234.82,937.01,85.81,105.36,71.77,121.46,58.48,189.91,79.48,214.57,428.77,21.49,141.29,750.08,261.72,185.16,88.84,592.64,214.93,204.29,159.93,195.17,177.11,342.34,598.21,748.18,422.00,32.55,92.08,314.18,429.99,357.00,48.95,1836.00,273.97,124.28,95.64,287.38,677.01,81.12,305.60,32.11,526.70,55.61,93.24,49.42,147.20,105.57,9.52,196.25,174.48,107.24,94.23,45.39,174.16,619.43,135.12,37.04,141.19,291.45,37.71,210.30,64.14,419.26,246.27,91.32,75.09,187.93,396.50,138.40,186.41,517.57,30.39,72.51,55.87,593.89,140.38,84.54,56.90,76.18,249.64,351.37,27.16,275.97,84.38,187.58,149.26,73.85,252.36
2025-01-21,140.78,221.43,424.39,230.71,424.07,614.00,92.01,197.14,198.72,237.66,941.52,86.97,108.98,73.07,122.28,59.26,190.72,80.66,215.08,435.12,21.77,141.58,759.75,264.32,187.86,89.92,604.12,217.18,206.57,162.56,185.65,183.51,338.39,603.44,754.78,427.89,32.90,94.83,321.41,436.36,366.41,50.75,1834.51,274.50,123.31,99.15,289.29,683.18,82.74,310.97,32.64,529.75,55.36,93.77,49.22,146.99,104.15,9.77,199.14,178.10,107.02,97.20,45.88,171.04,631.97,133.07,37.05,142.46,296.91,38.69,209.83,65.06,427.33,264.99,89.29,75.65,188.81,389.10,138.40,185.14,525.96,30.47,76.75,56.39,605.58,139.78,87.14,57.44,76.81,250.72,350.56,27.36,277.46,86.32,191.81,155.20,74.16,256.19
2025-01-22,147.02,222.61,441.92,235.01,415.11,621.01,92.16,197.46,199.11,238.25,938.51,95.40,108.83,76.87,123.75,59.84,193.33,82.40,213.80,435.26,21.86,141.14,764.37,263.00,189.62,90.00,610.45,219.76,204.75,165.45,182.99,187.70,361.72,605.69,758.45,428.00,33.02,94.59,330.18,437.32,377.98,51.65,1818.49,277.16,124.73,105.94,287.56,675.47,82.76,321.49,32.61,544.70,54.12,93.47,49.21,147.83,103.08,10.05,196.95,177.68,106.76,98.24,44.68,171.66,682.38,132.50,36.81,141.54,301.45,37.52,211.01,64.39,430.59,266.54,89.37,75.08,187.18,377.31,140.12,187.99,529.59,30.27,78.45,56.36,607.60,138.93,87.13,57.66,77.40,253.48,352.80,26.98,276.76,87.09,192.93,179.93,74.01,260.85
2025-01-23,147.17,222.44,442.43,235.42,412.38,633.91,92.73,197.07,198.67,237.63,935.99,98.49,104.45,78.98,123.04,60.43,188.57,80.40,211.70,433.52,21.57,141.64,753.52,267.27,193.04,89.88,608.66,223.94,207.11,169.45,190.87,187.32,362.52,592.44,738.20,439.73,33.34,94.84,343.83,437.28,377.70,51.69,1828.73,281.77,125.58,106.17,287.01,689.98,84.11,324.52,33.03,551.54,54.74,93.45,48.11,146.67,104.01,10.28,195.74,183.13,106.97,97.45,44.54,170.73,691.65,133.24,36.74,117.90,301.08,37.54,214.71,63.50,432.34,275.54,89.25,74.35,189.91,373.12,140.20,183.82,528.39,29.84,77.84,57.41,613.38,138.90,87.96,57.61,78.02,255.30,359.96,26.98,275.40,87.70,192.70,166.56,74.38,265.70
2025-01-24,142.57,221.57,439.80,234.85,406.58,644.90,93.67,199.29,200.98,242.00,933.53,97.76,102.81,78.98,122.84,60.43,184.67,78.86,214.18,431.96,20.83,142.12,742.50,264.90,178.52,90.03,584.05,213.18,203.30,167.27,188.76,187.70,363.10,592.09,724.36,439.62,33.47,95.64,345.04,435.38,374.92,50.73,1843.45,280.82,123.55,105.95,288.28,671.26,83.60,320.48,32.07,546.19,55.18,94.13,48.28,147.33,111.34,10.25,195.34,183.32,106.82,96.90,44.43,167.48,671.50,127.09,36.78,115.89,300.83,37.68,208.41,64.03,435.33,278.76,88.64,74.81,189.18,353.67,140.99,185.49,526.54,29.94,78.48,54.34,610.32,140.21,88.47,57.70,78.38,258.28,367.58,27.20,276.35,88.75,193.47,162.52,74.16,264.81
2025-01-27,118.38,228.61,430.40,235.42,397.15,657.24,96.28,190.93,192.88,199.90,958.93,97.19,90.77,75.44,115.01,57.37,172.62,74.85,216.99,432.20,20.29,147.35,695.85,272.14,179.97,92.23,573.48,211.26,207.16,166.36,185.21,189.30,343.02,600.67,682.72,443.88,34.02,96.81,273.10,438.60,373.75,48.47,1846.00,284.72,99.95,101.33,291.24,680.12,85.50,289.87,33.00,510.73,56.06,98.40,49.34,144.10,110.88,10.49,200.45,182.48,106.83,96.77,42.48,165.87,594.66,128.96,37.14,117.24,299.07,38.94,210.02,65.36,427.52,276.73,89.76,76.22,193.05,347.92,142.16,187.87,536.41,30.59,77.63,55.15,604.68,142.06,88.78,57.63,79.42,264.20,367.49,28.02,282.81,87.53,191.24,145.96,76.44,268.00
2025-01-28,128.95,236.97,442.91,238.15,398.09,671.64,96.17,194.40,196.17,205.07,952.39,97.18,87.92,80.23,114.17,57.71,170.92,73.75,216.70,428.29,19.80,143.20,696.06,269.60,173.76,90.78,574.14,205.48,202.56,166.72,185.58,192.94,360.75,594.77,675.99,440.68,33.41,97.19,276.88,442.84,408.68,47.32,1895.53,285.30,103.48,98.19,289.45,681.72,85.22,299.30,32.06,526.12,54.69,95.87,48.65,145.99,112.18,10.25,198.35,184.49,104.24,99.83,42.21,163.60,611.26,131.05,36.42,115.87,309.93,38.09,208.41,63.86,417.86,279.19,87.72,75.57,188.37,335.93,151.89,187.14,544.62,30.12,78.46,54.24,637.53,141.52,87.58,57.31,79.27,270.43,365.38,27.46,279.24,88.35,204.68,149.47,76.12,274.71
2025-01-29,123.66,238.06,438.09,237.07,389.10,673.79,96.38,194.51,196.28,204.07,957.71,97.82,88.68,79.76,117.35,57.82,173.33,74.38,230.43,431.05,19.75,143.31,706.01,270.92,173.47,92.47,572.71,205.86,202.88,166.88,187.05,185.42,366.34,587.18,704.97,441.52,33.24,105.09,289.88,441.68,397.07,47.26,1889.76,286.31,106.38,97.32,291.64,682.66,85.87,289.88,32.35,512.71,54.91,94.00,49.10,148.19,112.04,10.43,196.50,185.78,107.78,99.33,42.01,165.16,612.44,132.58,36.07,116.43,304.17,37.86,208.00,63.51,418.75,273.99,88.29,76.17,184.25,341.25,145.72,190.09,538.08,30.62,78.00,54.00,639.97,140.96,87.65,57.32,79.49,265.40,359.33,27.52,279.97,86.43,201.63,147.60,75.65,271.33
2025-01-30,124.61,236.30,411.01,234.64,400.28,684.25,97.51,199.95,201.70,213.28,972.60,97.32,92.16,81.22,118.86,58.72,179.69,79.90,229.67,438.97,20.01,144.77,735.18,273.17,178.28,93.78,580.18,208.30,205.65,167.09,189.13,187.42,365.51,598.67,729.05,438.40,29.59,105.50,306.42,446.00,396.87,49.51,1947.32,289.15,109.91,96.24,294.25,678.50,87.34,297.76,32.24,526.36,56.14,93.99,49.36,150.92,115.40,10.62,200.08,188.57,109.36,100.93,43.50,164.72,630.28,131.79,36.51,118.00,309.95,38.29,206.42,64.27,423.99,277.16,89.09,77.28,185.19,340.09,142.61,191.23,565.41,30.98,76.29,53.16,653.43,142.07,89.34,58.56,81.03,260.07,336.62,28.09,285.41,87.62,202.83,153.23,76.52,266.95
2025-01-31,120.03,234.72,411.08,237.68,404.60,686.43,97.03,203.08,204.66,218.83,973.46,97.68,90.90,82.49,115.95,58.84,178.34,80.22,228.29,438.72,19.43,143.62,731.03,274.52,178.96,94.02,571.88,207.80,205.33,168.06,187.68,184.42,369.59,595.61,731.35,461.68,29.95,104.22,297.91,437.45,398.07,49.02,1922.19,287.23,112.43,94.36,294.01,668.46,86.29,297.62,32.25,525.48,55.73,94.30,48.71,148.59,111.91,10.44,198.49,188.83,107.77,100.88,45.04,158.87,630.86,131.17,35.87,122.21,311.34,38.27,203.65,64.60,422.05,271.31,88.11,76.53,184.03,334.79,142.71,185.51,570.42,30.85,76.58,52.33,652.18,141.71,88.10,57.93,80.88,262.06,345.49,27.69,284.78,86.83,202.59,159.55,76.60,306.78
2025-02-03,116.62,226.77,406.98,237.42,383.68,694.67,98.39,200.30,201.71,215.33,999.24,97.89,89.59,83.74,114.27,59.27,176.81,79.37,233.32,446.67,19.38,143.22,732.98,277.84,175.40,95.16,578.55,201.28,204.13,165.45,185.91,182.79,365.44,594.87,723.19,470.37,29.53,104.69,304.20,438.60,397.57,48.48,1908.90,287.10,113.13,91.54,298.19,662.38,87.74,298.30,31.89,520.25,55.17,95.26,47.50,145.15,105.24,10.16,200.11,190.80,106.07,100.90,46.23,158.99,622.36,129.78,36.10,122.21,306.23,38.81,199.92,65.13,469.04,274.55,89.03,76.15,180.50,347.09,143.15,186.07,571.79,31.27,77.88,50.36,658.11,142.62,87.31,57.76,81.17,259.77,341.50,27.17,288.24,87.05,200.00,155.65,76.80,311.40
2025-02-04,118.61,231.54,408.42,242.06,392.21,701.38,99.61,205.43,206.76,219.98,1015.17,99.49,90.33,103.83,119.50,59.56,176.57,79.09,232.49,447.26,19.29,136.75,742.01,277.98,175.03,94.79,579.65,202.04,205.18,168.17,185.35,183.40,380.26,585.92,723.53,482.28,29.85,107.05,304.22,440.23,407.52,48.02,1966.41,287.38,109.27,92.55,295.62,692.37,88.95,299.67,32.25,523.88,53.93,93.84,46.61,145.03,114.05,10.06,198.53,194.57,105.44,102.78,46.78,160.75,649.59,130.74,35.84,120.56,306.85,38.79,197.64,64.71,465.03,271.00,77.31,75.87,182.09,348.31,145.83,183.54,572.42,30.06,81.01,50.69,662.91,143.47,86.73,57.86,81.79,259.73,340.26,26.63,286.52,87.46,203.73,162.20,77.46,316.73
2025-02-05,124.79,231.21,409.33,236.17,378.17,702.05,101.28,190.45,192.41,229.44,1036.05,101.11,93.26,101.36,112.01,60.76,178.66,81.10,237.56,446.17,19.65,138.82,751.74,296.06,176.03,96.39,590.90,205.75,204.08,170.91,186.16,186.85,368.27,582.49,734.59,488.44,30.20,108.65,311.66,437.63,417.22,48.71,1975.19,289.00,116.01,93.45,299.00,711.91,89.88,302.65,32.26,528.42,55.19,95.29,46.16,145.51,110.14,10.19,199.50,195.99,103.99,105.07,47.65,159.26,647.19,129.60,36.01,129.73,311.36,39.26,208.23,65.32,468.55,276.31,78.78,77.09,192.00,336.70,144.85,184.92,576.13,29.92,81.44,51.56,680.52,144.78,86.97,58.72,81.85,276.17,345.05,26.55,288.94,88.78,204.99,173.26,77.72,320.80
2025-02-06,128.64,231.95,411.84,238.83,374.32,709.14,101.67,190.72,192.42,228.81,1044.11,101.57,94.19,111.28,110.16,60.47,180.76,81.98,242.21,453.04,19.38,138.53,754.38,286.41,177.67,94.84,588.50,203.82,192.58,164.56,189.35,187.37,380.63,584.42,731.17,481.16,30.67,108.11,309.65,435.40,420.51,48.53,2012.80,299.44,118.78,94.54,299.79,717.22,88.72,302.91,32.12,533.18,55.58,96.04,46.30,143.12,112.72,10.20,202.17,196.45,104.66,104.72,45.82,154.69,654.15,132.57,36.56,131.25,307.70,39.34,211.72,64.52,460.56,278.25,78.15,78.05,194.21,325.46,144.85,183.08,578.12,29.79,80.78,51.18,677.40,143.95,88.35,59.19,85.27,277.82,353.31,26.92,292.22,88.32,204.23,167.47,78.19,319.00
2025-02-07,129.80,226.39,405.82,229.15,361.62,711.66,99.99,184.49,186.28,222.39,1038.12,101.39,91.96,110.85,107.56,60.47,177.99,81.49,241.30,447.50,19.10,137.79,740.40,282.33,174.49,92.90,582.98,201.25,188.63,163.23,193.62,193.94,375.72,573.18,719.86,469.32,30.58,108.60,307.65,433.07,421.59,48.51,1996.65,300.45,110.20,94.16,296.88,705.24,87.78,299.68,31.97,525.82,56.17,96.21,46.57,140.73,114.27,10.16,199.96,195.54,103.05,107.66,45.06,152.85,712.90,134.98,36.16,127.87,301.15,39.52,207.92,64.02,459.78,276.19,76.90,77.97,195.52,327.56,142.65,208.77,567.55,29.83,79.95,50.01,679.24,141.74,87.44,58.21,84.40,271.89,347.84,27.19,291.01,88.08,205.53,162.51,77.25,314.28
2025-02-10,133.53,226.66,408.27,233.14,350.73,714.53,101.74,185.61,187.34,232.45,1056.13,102.76,95.58,116.65,110.48,60.99,181.61,82.87,250.69,453.21,19.77,137.57,744.12,283.53,174.79,92.36,595.70,200.91,191.38,166.54,194.65,196.40,384.40,581.09,736.07,469.97,30.67,107.87,319.61,451.10,428.92,51.96,2042.22,300.93,112.37,95.77,297.81,685.73,87.33,305.63,32.45,531.33,56.25,97.57,47.81,140.27,116.34,9.98,201.85,192.63,103.13,109.55,46.24,156.26,698.16,135.24,36.10,131.34,304.99,39.99,205.11,64.29,464.91,274.06,77.82,78.35,200.06,334.62,147.10,212.51,569.30,29.70,78.12,50.16,677.85,142.00,87.30,58.63,85.14,269.88,343.73,26.87,291.28,88.27,212.53,160.84,76.97,322.94
2025-02-11,132.76,231.61,407.50,232.76,328.50,716.92,101.29,184.47,186.21,232.45,1052.57,100.81,93.73,112.62,111.10,60.62,181.16,82.41,253.51,453.10,20.97,138.80,751.21,285.33,173.76,93.00,591.65,199.53,189.93,167.15,194.01,195.49,375.25,580.14,746.45,455.22,31.35,107.47,311.42,458.82,431.64,51.87,2035.18,284.67,108.70,95.80,296.70,660.99,88.26,303.87,32.48,529.14,58.10,98.59,48.06,139.42,117.48,9.85,203.27,193.09,103.12,108.33,46.17,156.60,691.89,134.52,36.40,132.59,299.72,40.53,206.01,64.59,463.74,268.99,75.80,79.44,204.01,319.46,145.42,209.94,576.06,30.33,79.89,50.67,669.26,141.12,86.83,59.23,86.03,263.00,350.92,27.45,291.57,86.38,209.24,157.74,76.00,315.00
2025-02-12,131.10,235.84,405.12,228.93,336.51,722.48,102.42,182.77,184.58,233.74,1059.31,102.73,91.34,117.39,111.72,60.72,178.87,80.73,250.16,450.95,22.48,137.23,743.22,283.79,174.48,99.93,589.61,201.17,188.16,165.50,198.79,196.73,380.32,570.89,749.61,453.20,31.05,109.41,311.63,462.76,434.63,50.64,2016.73,287.09,105.02,97.15,297.54,659.41,88.29,294.05,32.29,509.71,58.24,99.05,48.17,137.73,118.83,9.82,202.48,200.89,100.53,107.70,45.49,150.27,692.32,140.52,36.08,130.42,297.28,41.03,214.62,64.79,457.35,265.96,75.86,79.30,201.29,326.82,148.09,209.18,561.61,30.44,79.60,51.90,665.08,141.94,85.70,59.02,86.24,257.92,354.56,26.56,290.34,83.87,211.14,155.41,73.27,318.45
2025-02-13,135.25,240.48,406.61,230.37,355.94,725.65,103.84,185.28,187.02,233.20,1070.99,104.37,95.31,117.91,111.81,61.99,182.22,82.45,259.76,453.40,24.13,137.79,756.82,285.63,175.27,102.50,591.39,205.30,188.40,167.31,198.42,201.88,471.67,578.18,770.25,462.58,31.48,109.37,309.34,459.22,453.77,50.85,2066.15,284.90,103.10,99.37,301.01,669.75,89.05,296.16,32.47,528.29,58.78,97.73,49.52,138.60,121.54,10.21,203.85,205.64,102.63,109.98,45.23,150.96,692.84,141.04,36.63,129.08,303.48,41.11,214.43,65.75,459.76,264.89,76.18,80.58,204.63,324.92,135.89,210.09,568.22,30.63,78.67,52.29,664.70,143.57,93.26,59.83,87.71,260.13,360.77,27.14,292.76,84.09,214.84,164.83,73.56,316.00
2025-02-14,138.80,243.54,404.52,228.68,355.84,733.73,102.84,184.38,186.01,230.47,1066.01,105.86,99.15,119.16,113.10,62.99,167.31,81.90,265.38,449.42,23.60,136.66,743.41,282.30,177.43,100.68,595.55,210.47,186.09,167.38,199.83,200.03,510.13,581.62,745.03,459.00,31.49,109.53,315.11,460.16,451.74,51.47,2109.99,280.24,106.10,99.37,299.00,669.08,87.92,295.19,32.74,522.53,58.45,98.54,49.25,136.95,124.16,10.34,202.48,213.38,103.31,111.64,45.48,151.75,677.94,161.42,36.62,128.66,302.72,41.00,218.87,65.95,444.53,256.45,77.56,82.72,204.58,337.73,131.01,208.76,568.36,30.42,79.31,53.74,683.41,142.23,92.00,59.39,88.80,258.05,360.27,26.84,290.76,89.07,212.70,159.54,74.06,313.10
2025-02-18,139.35,243.41,405.71,226.65,354.11,713.51,102.59,182.92,184.95,226.01,1050.27,103.58,106.40,124.62,114.28,62.72,170.08,85.69,257.93,458.10,27.39,137.34,750.85,283.89,180.75,101.81,600.89,215.97,190.94,168.75,203.69,208.28,496.00,574.26,737.76,462.11,32.34,110.00,323.35,464.11,455.36,54.21,2098.75,285.08,106.88,100.96,300.74,675.44,86.39,300.43,33.00,525.00,58.80,98.90,51.05,137.27,128.46,10.62,202.00,211.97,103.88,114.26,46.05,151.53,683.72,160.60,36.64,127.62,295.66,40.85,223.48,65.89,449.06,250.00,78.20,84.51,207.50,333.97,130.63,216.38,567.32,31.19,81.36,55.76,710.01,143.34,92.46,59.59,87.21,265.72,361.74,27.21,290.58,90.53,216.87,160.32,75.46,315.44
2025-02-19,139.18,243.81,410.80,226.63,360.56,700.96,102.80,184.42,186.27,226.21,1056.75,104.33,103.98,112.06,114.69,62.96,172.12,86.76,258.06,454.40,25.72,138.97,767.19,285.32,190.31,104.13,608.48,237.00,193.48,170.29,202.45,205.19,494.17,576.48,738.34,471.76,32.46,109.47,319.44,456.99,450.14,53.81,2075.79,284.23,110.61,100.86,303.92,681.06,86.39,274.04,31.79,500.98,59.52,99.76,51.69,137.90,124.43,10.89,206.37,213.24,104.53,114.57,45.96,154.91,685.44,157.98,37.01,128.60,299.06,40.80,239.81,66.40,450.99,250.51,77.94,84.62,203.36,318.67,128.85,215.18,571.79,31.50,83.83,61.28,593.42,144.93,92.31,59.74,86.88,261.10,361.58,27.64,293.12,89.68,214.67,154.36,79.21,303.72
2025-02-20,140.06,244.76,412.97,222.88,354.40,692.06,96.09,183.71,185.79,224.24,1029.19,102.45,102.80,106.27,114.17,62.80,174.45,88.11,260.07,454.24,26.09,142.10,770.04,288.87,197.72,106.43,606.57,239.12,193.98,168.81,198.80,198.81,450.01,573.40,736.64,480.33,32.40,110.30,307.28,454.69,436.14,53.65,2110.47,283.88,108.29,100.51,302.70,692.24,87.50,270.23,31.84,493.97,59.75,100.98,51.21,137.27,124.41,11.04,204.18,202.25,103.80,114.21,45.98,156.68,682.77,155.31,36.80,129.25,291.02,41.30,240.08,66.64,452.86,251.00,77.22,84.33,195.57,323.92,126.24,215.24,576.13,31.85,83.61,61.97,541.81,145.14,91.88,58.22,86.00,261.63,363.01,27.99,289.99,89.34,206.97,150.85,78.33,298.49
2025-02-21,134.39,244.48,405.11,216.58,337.80,680.82,93.69,178.83,180.75,216.25,1029.39,100.32,98.48,101.35,110.84,62.13,170.46,85.14,259.85,450.40,24.87,146.29,746.94,293.79,195.82,106.36,591.79,234.30,194.52,160.78,197.70,191.03,415.31,559.93,730.81,484.24,32.25,108.75,282.48,444.32,406.68,51.71,2260.00,274.26,103.41,98.76,301.53,696.52,86.89,258.34,31.69,474.84,62.15,101.93,53.00,134.82,131.34,10.78,202.69,199.94,101.85,110.02,44.71,150.91,654.33,146.07,36.62,130.20,285.00,41.51,230.96,67.23,452.77,250.59,74.55,85.05,178.86,299.69,119.64,211.65,568.83,32.71,81.06,58.85,513.22,143.45,90.88,56.59,83.38,256.39,361.00,28.89,292.38,88.78,198.56,144.84,76.79,285.99
2025-02-24,130.24,246.03,400.93,212.71,330.53,665.46,92.59,178.43,180.36,205.64,1029.96,98.85,95.06,90.68,108.11,61.41,167.08,82.48,262.75,450.92,24.27,146.63,732.02,300.30,194.60,107.40,591.01,232.42,192.66,156.57,200.02,190.39,410.45,561.68,729.57,481.65,32.30,110.15,265.87,444.42,391.72,48.81,2223.35,273.56,97.54,98.00,302.93,709.37,87.66,252.95,31.21,470.08,62.81,102.86,52.56,134.15,119.77,11.09,201.62,195.87,103.59,108.69,43.73,150.05,646.07,144.82,36.62,133.29,285.26,41.86,227.67,68.04,463.66,248.94,74.85,84.96,180.42,282.76,117.51,212.02,571.34,32.79,80.03,59.06,499.73,144.78,90.36,56.75,83.07,261.81,365.80,29.10,294.26,90.75,197.05,140.53,77.49,284.06
2025-02-25,126.59,245.97,394.88,212.80,302.80,654.87,96.57,174.61,176.56,200.31,1049.91,97.72,92.88,87.84,103.96,62.41,164.07,79.47,265.11,459.73,22.99,149.08,719.51,306.03,193.86,107.88,573.74,230.76,194.58,156.68,199.41,188.01,377.06,550.18,723.85,480.35,31.90,111.51,262.49,443.41,379.75,48.86,2168.60,274.25,92.64,97.65,304.06,719.54,89.77,248.90,31.48,457.95,63.31,104.16,52.13,134.67,119.17,10.69,204.07,191.27,103.91,108.06,43.17,146.85,644.67,141.55,36.53,130.98,283.72,42.53,223.19,67.72,459.86,245.20,73.68,85.30,178.35,250.51,114.98,207.91,582.00,33.58,77.50,58.42,496.65,145.85,90.60,56.77,83.35,255.22,358.73,29.44,296.94,88.32,193.04,136.70,77.60,284.26
2025-02-26,131.24,239.32,396.69,214.35,290.80,671.01,95.09,171.94,173.90,210.59,1026.35,99.01,97.35,89.31,104.74,62.22,167.02,80.47,258.29,453.89,23.52,144.40,732.96,297.06,192.17,106.85,580.93,229.22,193.96,157.54,199.44,189.55,331.00,619.38,740.45,479.10,31.23,109.97,268.28,441.50,394.56,49.94,2197.64,278.89,94.54,98.19,302.13,703.10,88.69,253.94,31.37,470.46,60.98,103.44,51.65,136.97,119.77,10.50,202.57,198.60,103.38,109.02,42.65,147.34,664.72,144.03,36.18,130.63,285.67,42.55,223.99,67.26,457.81,243.86,71.67,83.87,174.19,263.27,113.37,209.11,569.92,32.43,78.10,58.03,572.40,144.17,90.50,56.27,82.67,271.09,353.48,28.41,285.36,89.91,195.82,138.97,76.92,288.76
2025-02-27,120.11,236.27,389.55,208.74,281.95,655.61,95.68,167.72,169.43,195.62,1016.14,96.31,91.48,84.77,99.51,61.96,155.25,75.39,258.87,452.64,23.09,144.88,693.90,296.52,185.44,108.33,563.77,219.53,194.82,150.09,194.83,187.50,320.49,594.54,691.65,474.50,31.49,111.42,248.02,437.19,380.24,47.99,2129.80,274.61,87.31,98.58,302.05,698.96,90.23,248.56,31.40,454.71,61.49,101.76,51.92,136.22,118.68,11.00,201.64,195.84,102.86,107.09,42.71,150.40,603.16,139.45,36.28,129.90,282.35,42.29,211.77,68.02,441.03,237.10,70.35,83.91,173.28,240.05,113.53,208.21,567.29,32.30,79.05,55.46,525.44,143.69,89.19,55.23,82.52,260.57,359.04,28.44,287.42,87.81,192.03,130.34,74.36,278.48
2025-02-28,124.88,240.79,393.97,212.28,292.98,665.53,97.48,169.50,171.43,197.23,1042.89,98.06,93.28,84.92,99.86,62.25,156.67,75.95,265.16,459.30,23.73,146.27,703.51,298.69,189.99,110.57,573.15,225.62,196.44,152.75,198.71,190.43,325.74,607.82,702.93,479.79,31.93,112.70,248.82,438.56,389.66,48.72,2121.87,277.82,91.47,99.80,305.82,694.94,91.58,250.50,31.53,457.28,61.73,102.63,54.65,138.49,113.69,11.46,205.73,198.44,104.56,108.01,43.70,153.65,604.77,138.87,37.09,128.57,274.21,42.68,210.52,69.31,437.11,246.75,70.67,84.04,174.99,255.43,116.55,211.98,579.19,32.21,81.55,57.15,528.45,146.50,87.15,54.80,81.87,263.34,363.57,28.50,294.16,88.37,196.23,131.69,76.25,284.26
2025-03-03,114.02,237.00,385.54,205.02,284.65,652.43,96.47,166.24,167.89,185.30,1041.14,97.37,90.21,83.42,98.23,61.64,150.78,75.00,268.25,454.58,22.74,148.67,685.95,301.33,188.44,112.20,566.98,224.12,195.64,149.30,195.94,183.68,337.34,595.20,693.79,483.31,32.01,112.31,230.69,440.72,382.73,46.81,2070.41,275.12,85.50,97.98,309.18,681.15,91.73,241.74,31.45,443.26,63.22,104.22,55.17,135.02,112.60,11.02,205.66,198.10,102.39,106.54,42.73,143.06,573.01,140.98,36.42,128.68,272.03,43.02,211.44,69.12,437.15,243.53,69.38,84.69,170.81,250.92,113.17,208.05,580.48,32.80,76.29,56.27,525.75,148.14,86.25,54.65,82.05,254.57,370.66,29.06,298.54,85.99,188.79,121.10,75.39,274.22
2025-03-04,115.95,234.91,385.66,203.80,272.04,637.44,93.88,170.13,171.82,185.41,1031.22,97.26,90.86,84.40,100.75,61.43,151.51,75.66,260.20,453.70,21.33,146.95,693.74,302.69,188.88,110.99,557.96,222.78,191.93,150.11,194.05,184.38,327.23,592.21,702.07,486.22,31.59,109.05,230.05,446.03,390.16,44.44,2059.87,268.26,87.99,92.13,304.13,671.82,90.45,241.29,30.73,445.47,62.75,101.84,54.82,134.19,113.41,11.32,202.82,193.41,98.94,106.48,42.01,140.20,582.14,141.42,36.35,131.26,267.43,42.18,206.20,67.32,441.61,242.93,67.12,83.62,173.51,275.15,115.46,208.55,579.51,32.29,77.21,56.45,528.28,146.82,84.12,54.26,82.27,253.63,368.36,28.75,296.76,82.42,193.82,122.49,75.58,273.62
2025-03-05,117.26,234.72,397.97,208.36,279.10,653.85,94.88,172.22,174.19,189.47,1042.04,99.09,93.99,90.13,101.67,62.11,153.94,78.48,258.33,460.48,20.81,146.66,710.42,306.94,189.58,111.67,568.02,226.02,193.42,154.03,194.80,184.28,318.00,611.46,733.33,491.64,31.64,108.69,227.74,451.24,365.44,44.01,2112.77,268.56,89.79,90.51,301.21,683.42,89.31,244.70,30.46,447.96,63.72,100.05,55.35,136.83,120.21,11.43,203.54,195.08,100.39,106.80,41.48,137.94,605.94,142.58,36.48,133.48,267.24,41.87,211.67,66.07,437.23,249.23,69.13,82.51,175.29,308.55,115.09,214.81,588.41,32.00,77.55,57.91,534.96,146.92,84.56,54.41,82.81,259.61,378.42,28.76,294.14,81.96,196.45,124.78,77.81,276.73
2025-03-06,110.53,234.31,393.87,200.70,263.45,625.42,93.55,171.56,173.41,177.47,1021.02,90.64,88.94,80.46,98.85,61.57,150.20,75.91,258.53,458.43,20.75,147.35,686.92,308.15,183.54,112.25,538.57,219.42,194.93,152.47,186.03,179.33,259.63,600.43,708.64,485.72,32.27,102.64,206.26,444.78,347.73,41.27,2045.25,260.17,72.00,84.84,293.48,694.64,88.74,243.16,30.47,445.73,64.16,99.28,55.69,136.09,119.82,10.70,198.89,180.11,104.22,101.72,41.07,136.18,559.92,134.77,38.12,136.21,260.39,41.41,209.43,65.04,429.03,248.13,67.72,82.28,176.35,304.11,111.46,207.87,582.94,32.22,75.02,56.57,499.31,144.78,85.21,53.73,82.09,253.76,382.94,29.03,292.62,79.51,202.16,117.92,76.86,250.66
2025-03-07,112.65,238.03,390.32,199.25,262.67,623.16,90.66,173.06,174.95,192.81,959.05,89.11,92.62,84.91,100.31,62.09,154.30,78.44,260.78,460.99,20.64,148.49,705.94,314.98,184.69,113.57,518.26,222.47,197.94,157.53,185.51,180.93,270.48,603.64,725.87,488.29,33.45,103.62,211.47,449.40,333.50,41.52,2009.34,260.29,70.57,86.17,297.35,703.67,87.93,243.21,30.79,450.88,65.10,101.24,55.07,134.18,119.92,11.07,201.33,178.08,107.31,101.28,42.04,136.39,590.70,134.39,39.17,139.44,259.75,41.63,217.33,65.37,430.12,244.52,70.11,80.28,178.30,287.18,109.63,204.33,583.03,32.04,74.89,58.03,526.40,148.25,86.38,53.74,81.77,252.38,379.52,30.25,297.70,77.84,208.76,125.55,79.39,238.86
2025-03-10,106.94,226.49,377.27,194.54,222.15,595.60,86.81,165.30,167.23,182.42,929.32,86.67,86.76,76.38,96.63,60.26,148.66,73.27,262.15,454.39,19.93,150.23,673.26,317.40,180.78,113.38,482.61,213.01,197.30,151.43,176.69,173.83,238.08,574.10,677.18,500.01,32.13,98.41,201.19,435.08,308.86,40.37,1944.61,254.81,65.42,84.62,293.99,740.78,89.77,233.96,30.19,429.85,65.50,103.85,55.77,130.39,115.63,10.59,198.90,177.86,107.80,96.04,40.34,136.85,575.65,132.15,39.08,139.83,248.40,42.26,203.93,66.67,436.48,233.07,67.80,78.87,176.73,239.27,101.65,201.93,571.21,31.27,73.07,51.90,515.45,149.25,85.16,52.82,82.53,243.00,373.52,30.29,295.24,70.72,194.69,116.38,79.91,215.89
2025-03-11,108.72,219.88,377.56,196.59,230.58,603.29,86.43,163.47,165.41,187.99,925.42,89.51,88.72,78.05,96.76,58.91,145.69,72.83,252.36,446.54,19.78,146.46,659.22,309.19,171.91,110.69,493.72,205.94,192.47,149.59,172.81,178.93,257.76,580.96,684.22,488.34,31.99,96.91,207.53,433.66,329.75,41.62,1990.11,244.00,66.90,85.17,283.75,714.26,88.27,234.25,29.08,430.68,65.21,101.06,55.23,126.97,117.98,10.37,194.89,183.73,102.10,98.28,41.02,140.81,564.53,125.44,37.88,137.29,250.85,41.91,200.96,66.07,426.69,238.74,67.62,81.23,165.87,260.59,101.96,203.80,560.61,31.95,73.70,50.72,526.64,141.51,85.39,52.91,81.02,242.93,355.87,29.23,287.84,70.26,199.36,111.49,76.87,224.10
2025-03-12,115.71,216.04,380.36,198.89,248.09,617.08,84.22,166.53,168.42,192.09,922.03,91.97,95.29,83.65,100.79,58.71,147.74,76.03,251.32,443.69,20.68,142.46,675.27,302.99,170.32,110.26,497.30,203.51,190.40,149.30,174.68,179.48,272.59,585.35,697.27,495.42,31.31,96.04,214.26,438.60,346.76,42.78,2004.83,241.53,69.58,84.93,285.44,685.75,87.29,239.22,29.11,432.46,62.45,99.64,54.40,124.87,117.86,10.42,190.57,187.70,99.77,97.93,41.64,142.66,577.04,126.55,37.21,135.54,251.85,41.15,199.64,66.19,412.40,242.43,68.26,80.79,163.40,262.55,102.03,205.33,561.27,31.53,74.04,50.39,557.89,140.07,83.60,53.04,78.11,241.67,349.75,28.48,285.36,70.76,197.79,112.70,76.86,226.44
2025-03-13,115.55,208.77,375.89,193.89,240.68,588.28,83.53,162.20,164.16,189.25,885.77,89.02,94.53,79.62,98.11,57.94,148.62,74.71,254.75,447.23,23.70,142.63,676.37,303.13,168.29,109.64,476.78,200.74,190.72,148.46,170.51,176.32,272.00,575.62,688.56,502.92,30.88,93.46,208.81,377.84,332.53,41.85,1989.70,235.07,68.50,83.84,281.92,676.91,85.97,241.56,28.69,428.58,62.17,100.87,54.34,121.69,118.76,9.89,188.96,178.29,95.96,93.42,40.91,141.93,565.38,119.38,36.09,137.13,246.93,41.98,196.29,66.01,406.29,241.75,66.55,80.17,161.85,263.26,98.68,203.63,557.76,31.82,75.07,50.38,534.56,138.67,81.26,52.30,76.97,237.22,345.40,28.38,286.82,68.48,189.58,112.05,75.44,208.00
2025-03-14,121.64,212.56,385.61,197.95,249.98,605.71,84.37,164.92,167.04,193.38,898.99,91.80,100.42,86.24,100.97,58.75,154.28,78.12,251.68,449.44,24.05,142.87,707.63,304.17,171.02,108.55,484.44,205.61,193.28,153.00,177.26,182.34,292.89,592.93,707.80,504.77,31.53,95.48,215.37,394.74,353.73,44.34,2021.37,240.83,68.48,86.08,284.60,663.25,88.49,247.43,29.56,446.23,61.81,102.15,55.09,122.59,122.54,10.19,191.20,183.50,96.73,96.25,41.99,146.21,599.87,122.86,36.86,138.12,254.43,42.67,201.31,67.61,415.30,241.76,68.58,81.26,161.37,297.49,101.80,204.57,564.11,32.28,76.55,51.95,556.26,140.48,81.78,52.65,77.73,244.17,351.50,28.42,286.35,70.69,197.81,117.94,78.73,218.44
2025-03-17,119.50,213.07,385.75,195.74,238.01,603.02,86.45,163.72,166.00,192.35,911.61,95.00,102.73,87.35,104.59,59.13,154.08,77.74,255.80,454.18,25.69,145.51,712.88,307.52,174.48,109.35,488.80,208.50,194.16,154.33,181.15,185.00,306.85,596.21,723.99,513.76,31.81,96.42,217.44,399.34,364.83,44.56,2106.46,245.79,70.13,88.63,289.30,674.73,89.87,255.11,29.88,453.51,62.56,102.44,56.21,123.90,128.90,10.48,193.51,189.86,98.64,96.67,43.01,148.96,634.10,126.94,37.25,142.29,260.62,42.86,204.90,67.81,422.36,253.11,69.28,82.56,164.97,294.27,103.97,206.50,570.36,32.52,77.77,53.66,554.82,142.95,82.28,53.75,78.62,250.62,354.08,28.82,288.76,71.35,202.65,121.37,80.15,220.98
2025-03-18,115.40,211.77,380.61,192.82,225.31,580.55,84.60,160.11,162.11,186.59,893.16,93.00,101.35,83.89,103.51,58.55,152.15,76.80,256.35,454.58,25.92,143.25,704.66,308.96,173.96,107.37,483.95,206.02,193.53,152.71,177.50,183.10,278.84,593.16,724.77,512.23,32.04,95.64,209.79,391.37,363.15,44.15,2002.80,238.14,68.02,86.80,288.67,661.35,89.25,253.88,29.81,447.99,62.13,102.57,56.80,122.49,126.79,10.39,191.76,185.21,97.70,96.91,42.83,150.88,615.94,124.56,37.26,141.26,259.95,42.89,202.23,68.13,419.52,244.30,68.51,83.39,160.95,283.19,102.93,204.32,571.61,32.28,76.99,52.63,539.99,141.98,81.95,52.92,78.18,251.91,354.45,28.57,286.70,70.70,201.59,119.72,78.36,219.45
2025-03-19,117.49,214.31,384.87,195.54,235.86,582.24,85.34,163.32,165.71,193.41,899.12,95.95,101.68,86.10,106.23,59.35,153.09,77.36,254.89,453.63,24.12,142.41,714.19,306.15,176.18,104.73,492.06,206.81,192.53,154.64,182.28,187.54,297.03,597.20,728.53,512.52,32.11,96.53,216.95,387.89,375.05,44.71,2065.94,245.30,69.54,87.80,291.46,668.71,89.34,258.70,29.62,450.28,61.51,102.42,56.82,124.71,125.92,10.92,194.70,190.66,97.10,98.17,43.71,153.41,623.41,126.00,37.44,141.36,268.30,42.91,203.50,68.09,422.15,253.44,69.63,83.48,161.31,304.23,104.43,208.86,572.58,32.17,78.94,52.99,568.11,142.50,82.21,53.88,78.26,252.50,353.02,28.10,287.50,73.38,203.95,117.91,79.40,229.86
2025-03-20,118.50,213.17,383.90,194.95,236.26,584.18,84.82,162.24,164.48,189.01,890.52,95.08,102.62,87.39,107.14,58.86,153.01,76.99,252.71,451.66,23.96,141.48,711.07,305.46,175.15,103.13,491.81,202.81,194.59,154.33,182.17,184.01,306.74,594.54,727.69,510.18,32.48,96.61,218.33,389.61,369.03,44.32,2067.57,242.55,70.22,87.26,290.21,659.02,89.54,258.50,29.53,449.99,61.46,102.78,56.87,123.37,130.92,10.65,192.80,192.93,95.86,98.45,43.80,154.27,602.80,126.15,36.98,142.64,267.82,43.06,198.85,67.94,420.62,253.55,69.30,83.36,160.01,302.07,103.17,209.63,570.22,32.13,78.77,49.52,558.41,140.28,81.62,53.85,75.86,250.47,362.58,27.93,285.46,75.11,203.55,119.07,79.02,226.16
2025-03-21,117.67,217.32,388.29,196.21,248.71,594.40,85.22,163.42,165.68,190.12,904.30,96.03,94.37,90.96,106.44,58.55,150.77,75.29,251.54,452.23,24.26,139.85,701.17,306.43,173.52,104.31,492.49,201.33,193.88,153.23,183.29,182.32,314.03,598.12,710.00,503.20,32.70,94.46,221.36,387.26,362.24,43.47,2095.27,235.27,70.12,87.15,288.08,654.90,89.27,262.42,29.13,448.60,62.00,101.72,57.31,122.32,126.64,10.74,189.54,190.62,94.68,98.65,43.23,154.29,584.95,128.80,36.60,143.68,267.25,42.29,196.89,66.99,420.99,283.34,69.82,82.74,164.07,304.00,105.03,213.47,566.98,32.24,79.92,50.22,560.00,138.15,81.30,53.63,75.08,249.49,363.81,27.75,282.96,73.80,205.20,119.07,78.46,227.34
2025-03-24,121.38,219.77,390.09,203.26,278.39,616.93,86.72,167.10,169.34,189.71,920.99,97.20,96.58,96.75,113.85,59.20,153.58,77.42,254.61,452.98,24.22,140.81,722.25,304.82,179.83,103.98,508.58,209.15,195.48,156.42,186.96,184.79,339.72,607.08,721.52,511.74,32.57,93.15,227.47,394.47,372.64,44.12,2134.31,240.64,72.48,87.66,291.56,657.41,90.85,267.15,29.40,457.77,62.42,100.82,57.83,127.90,128.12,10.97,192.91,198.98,96.17,99.79,43.71,156.73,621.52,129.82,37.68,143.93,269.19,42.08,207.17,66.75,423.60,290.70,70.59,81.64,168.87,335.72,110.17,213.51,571.41,32.53,79.38,52.33,572.52,139.90,81.51,55.06,76.57,249.91,367.50,27.37,283.20,75.32,209.87,124.85,80.14,234.62
2025-03-25,120.66,222.78,392.16,205.71,288.14,624.36,84.01,169.97,172.19,186.75,925.19,99.73,93.83,96.50,114.81,59.22,152.28,77.11,254.40,451.36,24.20,139.93,716.42,297.53,178.34,105.10,519.81,210.37,195.73,156.48,189.66,189.95,346.29,612.66,720.43,509.04,32.87,93.31,225.73,403.64,384.95,43.20,2191.30,244.17,71.40,86.84,292.04,630.69,91.70,269.11,29.09,457.23,62.17,99.19,57.84,126.86,125.25,10.98,191.81,199.72,96.76,102.09,44.28,157.31,626.51,129.88,37.75,143.88,273.08,41.29,207.38,65.85,417.66,280.96,70.48,81.98,166.44,341.81,110.58,217.95,573.80,32.51,78.54,50.84,577.18,139.22,82.27,55.59,77.44,252.83,375.01,27.35,285.54,73.55,215.73,124.28,80.23,236.22
2025-03-26,113.73,220.57,387.01,201.13,272.06,609.08,84.46,164.49,166.56,177.83,924.68,97.07,91.79,92.28,110.19,60.01,149.34,75.59,258.10,455.29,23.42,142.92,700.23,296.41,178.84,106.44,509.03,207.37,196.65,154.76,189.12,184.96,327.62,608.83,699.64,500.28,33.25,95.34,215.88,397.81,371.41,42.44,2074.97,244.41,66.50,86.51,294.99,636.66,92.07,263.41,29.45,449.90,63.75,100.55,57.76,126.44,122.47,11.03,202.97,192.87,97.04,101.01,43.15,158.76,594.34,128.64,37.75,144.57,271.21,42.51,201.90,66.81,417.71,269.21,69.60,83.18,167.50,329.31,107.97,215.89,577.41,32.73,76.57,50.66,559.06,145.07,80.81,55.07,76.48,250.79,384.77,27.91,289.77,72.13,211.55,114.93,80.37,229.65
2025-03-27,111.40,222.88,387.61,201.36,273.13,600.71,84.88,161.68,163.51,170.61,933.63,97.67,90.82,90.09,106.65,59.62,146.37,74.27,263.77,458.54,23.62,143.91,694.73,296.47,175.23,108.28,507.90,205.80,197.62,154.35,188.67,174.44,261.70,609.27,684.64,502.55,33.25,96.20,208.14,396.15,366.56,41.73,2095.85,242.16,64.61,86.39,297.94,632.38,94.91,262.54,29.47,446.23,64.87,101.75,58.58,127.81,124.36,11.01,204.49,194.02,95.73,99.54,42.76,155.97,595.30,125.65,38.07,144.68,269.81,42.73,196.32,67.19,422.54,271.02,68.49,84.04,169.05,324.59,104.85,214.29,587.16,32.93,77.69,49.32,550.65,146.66,81.47,55.64,76.22,244.55,382.02,28.27,294.60,69.47,209.45,112.47,80.13,222.64
2025-03-28,109.64,216.95,375.92,192.72,263.55,574.95,84.40,153.80,155.52,167.76,924.59,93.39,88.11,85.85,103.22,59.10,143.77,72.08,260.48,453.00,22.71,143.52,668.53,297.61,170.93,108.89,491.84,198.53,194.09,149.22,183.96,172.76,272.38,593.05,668.73,492.69,32.58,95.11,204.35,385.71,357.11,40.45,2048.07,234.79,61.80,83.84,293.45,633.90,93.90,256.69,28.67,437.95,65.08,103.51,57.86,124.18,120.45,10.37,201.49,182.61,94.49,96.60,42.22,153.36,573.97,120.69,37.30,143.63,261.63,43.17,186.44,67.58,415.87,268.46,64.80,84.08,163.71,289.41,101.10,210.47,577.34,32.64,77.99,47.29,534.95,145.88,79.83,55.15,74.57,238.49,369.02,28.43,292.30,67.74,207.14,107.80,79.31,217.99
2025-03-31,108.35,221.17,372.54,190.26,259.16,574.57,87.02,154.11,155.69,166.08,940.62,93.25,86.68,84.40,102.74,59.92,143.83,72.17,262.23,459.44,22.71,144.17,674.68,302.07,174.20,109.15,495.27,198.64,195.39,150.09,182.87,170.64,264.97,607.97,656.88,484.82,32.83,95.46,200.61,383.53,352.58,40.26,1950.87,235.97,61.33,83.87,298.04,630.78,95.51,254.33,28.99,428.85,65.66,105.74,58.52,126.53,118.35,10.73,203.78,182.77,94.93,96.26,43.08,155.63,575.61,119.46,37.98,143.90,261.80,44.50,186.50,68.62,419.95,270.02,64.90,84.79,164.30,288.27,99.21,207.25,584.22,33.11,76.29,47.00,525.95,149.02,80.52,56.59,75.16,233.53,368.53,28.60,295.32,68.29,198.42,106.79,79.23,212.21
2025-04-01,110.12,222.22,379.29,192.17,268.46,584.18,88.05,156.53,158.33,167.17,949.20,92.84,88.50,84.68,102.78,60.01,144.37,72.30,264.03,460.87,22.05,143.91,677.32,297.58,172.54,108.40,496.36,196.19,196.96,149.55,186.00,171.31,282.70,607.76,661.55,484.74,32.67,95.59,205.90,383.20,362.38,40.71,1915.00,236.01,62.43,83.46,299.02,613.65,95.45,258.79,29.10,435.94,65.47,104.87,59.04,127.83,122.19,10.21,206.10,182.42,95.83,96.67,43.91,156.60,577.09,121.18,38.01,145.05,264.61,44.34,186.45,68.55,418.57,255.76,65.75,84.94,165.93,306.02,101.06,210.13,585.41,33.83,72.00,47.09,541.20,149.32,79.39,57.21,75.11,234.53,370.91,28.52,296.30,67.32,201.07,106.98,79.18,216.41
2025-04-02,110.39,222.92,379.24,196.01,282.76,582.11,88.97,156.50,158.31,170.71,959.82,93.55,88.39,87.45,102.96,60.03,146.44,73.24,260.12,463.49,21.98,143.38,681.03,296.40,172.74,108.99,507.05,196.59,199.30,150.55,186.15,173.18,290.39,614.82,663.20,483.49,32.87,96.74,213.38,385.78,371.49,41.60,1934.03,240.29,62.99,84.43,299.69,622.20,94.47,264.94,29.29,438.55,64.00,104.27,59.36,131.06,119.07,10.56,206.89,189.25,96.61,98.08,44.03,157.20,586.20,122.80,38.20,144.25,267.93,44.39,190.05,68.73,426.25,266.83,66.79,85.16,168.92,312.54,101.71,211.10,584.99,34.00,73.44,47.51,558.42,149.66,79.18,57.47,75.38,235.39,379.27,28.32,297.39,68.14,207.04,108.14,79.92,223.96
2025-04-03,101.78,202.31,370.28,178.41,267.28,529.97,86.49,150.20,152.10,152.77,961.81,91.71,74.16,83.60,93.80,56.02,134.31,64.75,263.39,461.00,22.43,145.54,616.15,300.42,159.17,109.48,494.61,178.16,190.71,136.23,176.67,165.17,261.98,592.66,617.81,484.01,32.07,85.89,189.28,367.25,347.39,34.00,1945.55,222.52,55.43,70.62,297.90,607.32,96.13,248.91,27.57,417.76,65.71,105.59,59.65,129.91,113.67,9.16,203.11,173.99,90.05,89.44,40.05,137.53,494.92,113.97,38.20,144.23,257.15,45.61,168.66,69.93,410.76,262.16,61.38,87.51,154.67,282.28,94.47,208.93,574.43,34.47,73.33,39.53,539.69,148.30,71.83,56.64,71.99,228.33,368.40,28.96,302.73,61.80,192.21,97.72,76.35,198.35
2025-04-04,94.29,187.56,357.11,171.00,239.43,503.16,82.46,145.10,147.23,145.11,911.48,85.59,64.57,74.01,85.76,53.31,125.82,58.66,243.94,432.13,19.85,140.96,572.19,285.44,146.76,104.47,451.58,162.13,176.23,124.54,170.06,153.57,219.37,556.03,600.29,474.62,29.97,79.90,170.10,349.07,321.63,30.41,1841.29,212.57,49.24,65.88,279.11,570.33,92.66,232.88,26.80,388.13,64.17,101.11,57.08,129.02,104.21,8.07,188.71,163.16,88.61,84.71,34.71,120.09,473.79,106.66,36.44,134.76,245.51,43.79,157.80,65.81,393.73,235.74,58.06,81.77,151.00,293.61,87.93,194.58,537.64,32.71,69.18,35.17,497.13,138.44,60.37,54.51,67.53,217.14,338.29,27.90,282.79,59.83,174.67,87.71,72.62,187.67
2025-04-07,97.62,180.67,355.14,175.26,233.29,514.64,83.09,146.24,148.73,152.90,903.18,86.78,68.21,77.84,83.64,53.19,131.67,61.75,242.53,420.19,19.57,137.68,600.07,280.88,149.29,102.79,463.62,168.77,172.97,126.75,168.50,152.44,232.22,550.79,610.50,474.56,30.05,77.85,178.88,340.70,324.36,31.03,1794.73,211.36,50.80,67.79,274.32,569.67,88.92,233.82,26.68,380.90,63.13,98.29,57.11,126.62,100.01,8.09,188.92,166.30,85.94,88.00,35.00,121.22,484.94,106.30,35.34,134.05,243.62,43.15,160.24,65.00,378.99,232.95,58.22,80.86,150.36,268.14,88.20,197.53,528.45,32.51,68.09,36.98,502.55,135.70,60.85,54.22,66.20,215.32,332.89,26.82,275.94,61.63,180.05,88.63,75.75,186.61
2025-04-08,96.28,171.67,351.87,170.66,221.86,508.86,81.07,144.20,146.07,154.78,903.80,87.04,65.38,77.32,78.21,51.99,127.82,59.81,242.16,407.83,18.13,134.90,595.00,271.73,141.54,100.52,457.63,163.59,168.73,121.81,165.30,152.53,235.28,538.74,590.20,472.37,29.49,77.55,184.01,340.00,325.04,31.41,1826.11,209.14,49.84,65.69,269.97,553.78,87.68,231.64,26.29,381.59,62.00,98.01,55.01,125.65,93.98,7.69,188.49,165.75,84.24,88.15,34.31,116.08,451.76,105.69,34.87,131.96,238.84,42.96,150.63,64.98,361.04,224.32,57.10,79.74,147.31,237.95,87.00,196.25,515.20,32.48,64.97,34.31,504.03,132.34,58.61,54.59,65.30,210.47,321.68,26.03,274.89,60.69,177.04,85.82,73.23,183.84
2025-04-09,114.30,197.99,387.52,191.10,272.20,583.95,88.81,158.16,160.51,183.66,959.93,94.55,77.68,92.01,96.84,56.82,148.40,70.59,250.62,440.03,21.53,139.98,698.02,282.24,164.31,102.52,522.95,193.68,183.71,140.30,183.25,173.02,274.96,590.63,681.30,482.30,31.59,86.30,214.36,364.64,378.01,36.14,1980.66,231.20,60.73,73.34,287.46,573.59,89.90,264.65,28.23,428.70,64.06,99.05,58.25,135.65,94.15,9.26,202.25,188.58,91.58,99.93,37.98,131.35,557.60,121.32,37.45,136.00,263.53,42.78,182.39,66.48,397.10,243.27,63.61,82.90,164.34,296.86,97.44,208.13,549.51,33.56,67.55,43.60,559.84,141.17,64.83,58.52,71.61,231.42,346.98,27.35,287.10,66.84,202.12,106.59,78.70,209.62
2025-04-10,107.54,189.59,378.45,181.22,252.40,544.59,89.81,152.29,154.83,170.92,959.05,92.12,69.88,88.59,88.70,55.32,137.01,65.95,251.82,426.13,19.88,138.59,651.82,272.85,151.81,98.77,489.52,175.68,178.45,131.32,178.42,168.27,263.83,572.81,643.91,475.49,30.24,82.33,203.46,350.05,368.61,34.72,1933.99,220.83,52.67,68.85,285.04,543.42,91.56,254.02,27.40,406.89,63.85,99.87,57.77,137.52,88.35,8.10,201.00,178.52,86.55,96.32,35.93,119.89,481.05,113.91,37.12,138.79,256.92,43.57,162.49,66.31,381.83,226.28,60.24,82.81,155.66,272.34,93.18,204.41,545.38,33.62,64.81,37.68,551.25,139.49,62.14,58.66,68.28,224.74,335.47,27.11,283.57,67.30,195.36,100.46,75.42,198.03
2025-04-11,110.90,197.29,385.50,184.87,252.31,541.88,91.98,156.60,158.85,180.48,958.16,91.83,69.38,88.55,93.40,56.04,143.65,66.99,254.32,435.95,19.74,138.87,665.18,277.28,143.08,100.95,493.60,176.47,183.21,136.06,182.07,168.34,249.95,582.30,663.01,484.22,30.28,83.14,207.20,352.47,377.90,34.25,1996.95,223.11,53.25,69.26,292.19,551.17,92.65,259.47,27.59,421.21,64.89,101.25,58.15,140.11,90.50,7.97,204.29,180.49,88.21,97.73,37.18,125.58,529.11,114.54,39.49,142.32,258.45,44.42,165.63,67.43,390.94,237.77,62.26,84.38,151.17,299.98,92.02,212.07,555.86,34.02,68.57,37.59,567.98,141.75,62.66,59.84,68.94,226.51,334.38,27.57,289.63,66.14,198.08,103.99,77.39,198.37
2025-04-14,110.68,201.64,384.86,182.12,252.35,529.83,93.90,158.52,160.91,176.93,973.98,93.13,70.85,92.62,94.50,56.12,143.25,67.37,258.23,440.09,20.31,141.10,664.93,284.98,146.36,103.74,490.13,175.92,184.78,136.00,180.89,169.98,236.07,588.76,667.03,495.83,30.66,83.19,205.66,350.91,378.66,35.67,2037.12,221.40,52.12,71.75,294.16,567.96,94.28,260.56,27.85,421.98,66.10,103.14,58.58,142.24,94.78,8.02,207.83,181.85,87.31,96.85,37.06,124.25,534.74,113.22,39.81,144.88,260.71,45.25,167.36,68.56,404.65,240.01,61.94,85.70,154.03,311.45,91.88,212.95,561.53,34.55,71.03,37.75,574.83,143.99,64.24,59.83,69.57,232.34,340.40,28.01,292.82,67.39,199.44,105.06,79.53,200.99
2025-04-15,112.17,201.26,382.80,179.59,254.11,519.90,93.14,155.77,158.13,177.51,971.60,97.63,70.87,98.40,95.29,55.91,144.16,67.94,262.23,444.97,19.85,137.34,671.12,286.32,146.55,102.94,488.27,176.84,183.45,135.43,183.09,173.55,245.47,589.29,677.23,500.49,30.89,81.46,207.37,350.38,392.80,35.78,2118.32,220.50,53.18,71.08,290.75,554.88,93.20,264.31,27.48,425.65,64.87,103.24,58.64,139.64,94.07,8.25,206.43,181.55,86.60,99.20,37.40,123.76,540.15,114.64,39.99,144.99,265.34,45.13,168.42,68.12,404.02,230.93,61.67,86.05,151.79,310.72,92.55,214.60,562.72,34.24,71.07,37.61,578.42,142.59,62.95,60.45,70.01,233.32,343.18,27.65,292.77,69.23,204.64,103.80,80.51,207.25
2025-04-16,104.47,193.43,368.79,174.33,241.55,500.75,90.39,152.80,154.96,173.21,962.48,96.16,69.16,92.71,88.29,54.51,136.96,64.67,255.28,442.03,19.23,134.69,637.36,274.04,142.06,102.16,481.34,173.29,178.34,132.63,180.25,169.76,229.81,583.33,629.42,485.89,30.12,78.59,203.16,344.19,379.84,35.47,2064.37,216.74,51.79,71.89,286.92,546.30,90.96,259.26,26.94,415.65,64.34,102.50,57.95,137.31,92.35,7.92,202.98,179.39,84.64,96.07,37.37,126.76,520.90,112.64,39.40,142.36,260.16,44.91,165.44,66.98,402.38,230.50,59.92,85.64,146.82,311.66,91.88,211.40,552.00,33.97,70.20,36.85,571.85,140.61,61.34,59.44,68.78,227.71,332.50,27.08,289.97,68.73,202.87,101.00,79.02,205.31
2025-04-17,101.47,196.13,364.99,172.61,241.37,499.92,92.40,150.64,152.83,169.62,989.08,97.30,68.64,93.78,87.50,54.51,136.24,63.30,257.64,446.10,18.93,137.34,629.66,268.86,143.90,101.83,482.74,173.62,181.41,133.53,181.54,167.69,238.22,580.66,634.60,489.10,30.54,79.31,205.64,348.80,375.62,36.35,2099.37,218.35,51.56,74.82,286.09,560.10,92.73,260.22,27.26,413.32,65.15,104.23,58.41,138.25,93.69,8.11,204.01,181.24,85.97,96.13,38.14,133.98,519.63,112.70,39.95,144.99,259.47,45.64,167.55,67.98,411.49,234.56,60.68,87.02,152.68,317.20,91.18,212.77,552.96,34.25,72.65,37.44,559.53,139.96,62.23,59.68,68.22,221.02,338.96,27.69,290.76,68.57,201.09,100.73,79.70,202.75
2025-04-21,96.89,192.32,356.39,167.32,227.50,483.15,91.60,147.16,149.34,164.87,952.55,98.79,66.58,90.80,85.56,53.15,134.36,61.94,249.22,437.94,18.84,136.27,616.13,265.36,141.15,101.63,468.32,172.36,179.22,133.02,176.16,160.05,228.13,564.25,619.27,477.52,30.17,78.51,191.64,343.22,362.69,35.81,2056.43,213.67,49.25,72.99,277.86,558.44,91.23,251.56,27.05,402.36,65.58,102.12,58.01,134.15,94.36,7.94,198.70,171.82,85.11,92.72,37.05,128.83,504.36,111.61,39.32,141.32,254.27,44.64,168.29,66.86,406.65,232.75,59.96,86.20,148.83,317.76,88.92,205.16,535.13,34.16,69.51,38.29,541.93,135.61,60.34,58.73,66.87,214.10,322.43,28.14,282.15,66.11,193.70,96.83,77.81,192.84
2025-04-22,98.87,198.87,364.03,173.18,237.97,498.72,94.02,150.95,153.37,168.22,973.89,104.03,70.04,93.99,86.26,53.80,137.07,63.02,253.96,448.56,19.51,137.93,631.57,269.93,142.27,102.78,478.74,175.82,183.04,135.56,182.52,163.63,237.71,578.85,633.15,490.47,30.71,79.55,199.87,349.91,368.45,36.52,2128.33,218.52,50.48,74.40,285.71,582.31,92.90,258.15,27.36,413.40,66.09,104.66,59.28,136.53,98.34,7.95,204.09,176.61,86.35,94.37,37.60,132.91,507.96,114.91,39.88,145.25,261.14,45.74,171.39,69.20,421.59,236.75,61.09,88.38,151.01,343.03,91.42,209.97,547.07,34.33,71.24,39.12,555.52,138.41,61.51,60.41,68.51,220.99,331.34,28.39,290.44,66.33,196.52,100.55,80.87,200.30
2025-04-23,102.69,203.71,371.55,180.60,250.74,518.65,94.12,154.81,157.18,175.49,970.52,104.96,72.76,100.82,90.39,54.38,142.31,66.24,254.99,442.24,20.59,136.78,652.17,269.45,147.49,103.62,487.93,180.36,182.06,137.24,187.80,168.32,252.35,591.24,652.27,492.42,30.95,80.59,208.74,351.96,385.75,37.54,2139.92,227.64,53.63,77.10,286.34,584.66,92.03,265.42,27.18,422.23,65.21,103.56,59.09,136.85,100.43,8.33,205.92,181.19,86.85,97.00,35.18,131.94,532.92,118.28,39.27,143.12,264.44,45.19,177.49,69.36,426.63,241.97,62.13,86.56,152.17,345.73,94.58,213.30,546.85,34.05,70.80,40.71,576.90,138.34,64.74,61.05,69.78,224.87,337.51,28.28,287.81,66.86,200.59,105.16,81.83,208.27
2025-04-24,106.40,207.47,384.36,186.54,259.51,531.49,95.00,158.73,160.91,186.64,970.16,109.69,77.24,107.78,94.47,55.02,148.84,70.38,257.78,443.55,21.49,130.10,684.23,271.33,157.17,103.40,508.13,192.30,185.23,143.84,191.65,176.04,267.88,609.87,669.14,492.47,29.80,81.61,216.97,360.91,414.05,40.00,2204.81,234.05,57.18,81.98,287.32,596.50,90.14,281.78,27.72,438.90,63.41,103.25,58.59,138.55,103.27,8.50,207.96,187.22,90.36,100.72,35.66,132.54,576.37,121.71,40.21,145.57,271.71,44.74,189.95,68.13,440.98,242.61,64.43,85.89,157.80,350.34,99.60,222.69,555.36,33.34,68.96,45.75,590.67,139.30,66.92,61.97,70.86,236.87,335.33,27.86,286.01,70.78,210.14,112.01,83.22,225.08
2025-04-25,110.98,208.37,388.87,188.99,284.95,545.57,94.25,161.40,163.29,190.76,971.83,110.15,79.59,112.78,96.65,55.43,150.21,70.90,228.86,442.43,20.05,128.24,689.38,272.30,157.87,100.50,514.59,191.67,183.77,145.16,192.07,178.98,276.83,619.08,671.39,493.84,30.44,81.56,221.87,367.72,424.88,40.60,2225.85,233.99,58.76,81.65,284.60,599.37,89.80,289.63,27.42,446.62,63.48,103.29,58.67,138.33,104.01,8.59,206.63,187.76,89.59,101.80,35.73,133.13,579.32,122.51,39.75,145.97,269.93,44.63,189.93,66.88,437.44,251.56,64.99,85.62,145.72,368.71,101.52,225.38,553.42,33.28,69.69,45.53,603.78,138.33,68.30,60.90,70.90,239.53,373.65,27.72,283.84,71.66,215.58,113.34,82.82,228.68
2025-04-28,108.70,209.23,388.19,187.70,285.88,548.03,94.38,160.05,161.86,190.92,973.21,111.04,78.37,114.65,96.39,55.56,149.45,71.05,232.79,442.04,20.51,128.61,688.50,274.48,157.47,103.59,514.01,190.81,185.15,144.24,194.11,181.54,284.98,613.24,668.99,496.49,30.32,81.65,223.69,368.62,423.08,40.73,2208.40,234.71,58.54,81.11,286.37,607.54,91.34,285.74,27.45,443.97,63.00,103.60,58.49,137.99,103.09,8.70,206.51,187.88,89.74,102.64,35.49,134.16,580.80,123.30,39.44,146.09,271.47,44.88,192.57,67.45,433.99,254.85,64.58,85.76,147.97,369.25,101.74,225.55,547.71,32.94,69.86,45.64,602.46,139.25,67.95,59.81,71.31,239.82,376.87,27.08,286.18,71.18,219.86,112.08,81.74,229.83
2025-04-29,108.99,210.29,391.05,187.39,292.03,552.72,95.20,159.61,161.50,189.63,986.29,112.56,76.70,116.08,96.06,56.05,148.22,70.38,237.53,444.58,20.34,129.14,682.77,279.78,155.85,101.51,514.89,189.77,195.15,143.52,194.88,186.65,288.88,618.12,662.37,503.50,30.47,82.57,225.31,370.98,430.99,40.45,2280.86,237.43,58.52,80.56,288.51,565.82,93.28,302.22,27.63,460.77,63.53,105.00,59.25,139.39,104.15,8.77,207.48,191.23,88.03,104.21,35.21,133.02,582.32,125.49,39.53,145.35,272.89,45.24,179.20,68.50,436.97,257.19,65.97,86.65,148.61,381.45,102.31,230.71,551.90,33.12,71.40,44.59,611.13,141.42,67.97,60.51,72.00,243.39,386.33,27.14,290.11,71.30,223.85,111.65,82.70,228.49
2025-04-30,108.89,211.58,392.26,184.42,282.16,547.29,96.39,158.25,160.34,190.92,989.08,113.17,76.77,118.44,97.35,56.43,149.37,71.15,242.80,447.20,20.10,130.36,697.40,282.07,156.47,103.78,515.80,191.99,194.23,145.06,202.42,186.93,269.31,622.41,664.33,509.50,30.71,77.90,222.31,374.98,428.87,43.67,2330.85,236.35,58.21,89.87,293.23,595.51,94.35,297.74,27.65,459.01,65.93,104.84,60.12,137.63,105.57,8.67,209.88,192.89,87.95,103.76,34.70,128.50,588.63,121.92,39.87,144.47,274.25,45.29,180.86,68.53,432.65,263.24,65.49,88.41,152.22,380.11,102.16,233.32,555.78,33.47,72.00,44.74,613.30,142.11,70.20,61.03,72.28,245.00,391.86,27.35,294.14,71.38,226.17,114.05,74.17,228.31
2025-05-01,111.58,212.39,422.17,190.20,280.52,570.43,96.55,160.74,162.23,195.74,993.59,113.35,77.58,116.20,96.65,56.81,147.64,71.21,242.85,442.09,19.98,128.41,671.22,275.15,154.72,100.58,517.18,190.83,194.45,132.11,202.51,186.27,279.49,618.16,662.98,498.86,30.37,79.81,239.40,374.63,431.88,43.76,2294.52,241.67,60.79,88.86,291.36,586.79,93.85,299.73,27.69,459.36,65.68,104.07,59.52,137.56,105.97,8.43,207.77,196.20,87.53,104.21,35.47,131.25,597.09,124.01,39.74,144.48,273.49,45.00,178.44,68.24,471.38,255.13,65.06,87.24,149.51,381.60,106.32,235.17,553.31,32.94,72.64,44.64,621.10,141.61,67.55,60.50,73.91,246.61,383.00,26.79,292.23,70.26,227.06,115.40,76.58,229.07
2025-05-02,114.47,204.46,431.97,189.98,287.21,595.16,97.88,163.46,165.24,202.00,1004.11,115.65,80.53,124.28,98.80,58.00,153.72,73.98,244.70,448.90,20.62,128.60,692.91,272.67,160.83,100.99,529.42,195.61,197.58,136.61,206.53,187.70,307.58,626.58,686.46,501.15,30.94,82.42,246.01,380.87,440.58,44.50,2280.69,247.13,62.16,91.89,296.12,602.32,93.76,308.15,28.27,472.28,65.57,104.21,60.05,139.10,110.92,8.54,209.75,205.09,87.65,106.18,36.36,133.18,632.09,125.26,40.43,150.45,279.99,44.88,184.62,68.60,471.90,259.39,66.88,87.41,156.91,394.37,105.00,219.50,561.69,33.29,72.30,46.52,628.16,144.71,70.40,61.22,76.34,248.68,385.00,26.92,291.63,81.62,230.47,123.27,77.96,208.48
2025-05-05,113.79,198.03,432.86,186.35,280.26,597.41,98.46,163.64,165.48,199.11,1010.67,113.41,80.23,123.77,100.59,57.99,153.24,73.37,244.13,446.47,20.27,126.91,688.07,271.54,158.79,100.15,531.82,194.75,197.69,136.25,206.07,188.13,301.84,627.08,679.53,500.19,30.93,79.47,247.02,381.06,443.47,44.84,2246.54,244.95,61.81,92.39,296.50,600.30,92.48,308.83,28.04,477.41,65.61,103.97,60.91,140.07,110.85,8.37,210.02,205.40,87.21,108.69,36.02,129.54,622.67,124.89,40.58,154.08,280.07,44.42,181.49,68.72,475.07,273.55,68.18,87.55,155.15,386.53,105.70,225.32,566.74,33.33,72.58,46.39,621.40,144.36,69.25,61.05,76.54,248.34,394.24,26.87,292.47,80.27,232.98,121.95,77.10,207.78
2025-05-06,113.51,197.65,430.02,185.01,275.35,585.48,97.68,162.67,164.63,198.48,1006.30,113.77,80.32,108.86,98.62,57.89,151.67,72.63,249.54,441.10,19.94,125.70,674.31,262.21,157.49,95.34,530.46,192.66,193.71,136.70,204.92,188.69,304.62,621.49,676.18,450.03,30.97,80.56,272.44,382.98,443.21,44.10,2229.00,249.60,61.05,92.71,295.89,555.49,92.44,305.78,27.67,473.55,65.33,103.97,60.02,140.21,111.32,8.43,211.49,190.11,86.75,107.14,35.90,128.47,618.29,121.67,38.65,153.88,278.64,44.70,179.00,68.88,473.71,269.81,67.69,88.18,152.29,385.60,106.06,231.84,565.32,33.01,67.87,45.87,601.67,143.94,66.97,60.80,76.28,247.79,402.01,26.70,293.90,81.53,233.10,122.44,74.59,207.89
2025-05-07,117.03,195.40,430.06,188.71,276.22,594.95,97.96,150.86,152.27,203.16,1002.97,115.54,82.42,110.48,100.36,58.23,154.43,74.51,247.04,443.68,20.31,126.84,689.13,267.45,161.11,96.34,536.15,196.86,198.03,141.00,206.27,188.14,303.46,635.97,696.46,434.82,30.88,80.49,266.77,384.97,422.52,44.11,2262.09,253.59,56.16,94.24,297.69,557.88,91.87,308.34,27.94,480.54,65.01,104.01,60.56,141.62,109.39,8.56,213.28,176.99,86.50,106.72,35.81,126.13,631.91,123.12,38.65,154.84,283.36,44.75,183.37,69.17,486.61,276.55,68.32,88.71,154.51,392.48,106.02,226.34,569.88,32.94,68.28,46.68,601.82,145.20,68.70,61.24,76.56,250.58,404.14,26.54,307.51,83.35,233.54,124.19,75.34,205.71
2025-05-08,117.34,196.63,434.84,192.08,284.82,596.15,96.57,153.75,155.21,206.10,1003.52,114.44,84.95,119.15,101.70,58.37,154.62,74.36,243.33,447.20,21.00,126.37,698.04,263.77,161.94,95.62,538.16,199.73,197.96,141.78,205.04,188.53,339.51,650.78,704.06,429.60,30.72,79.98,269.23,383.99,428.63,44.11,2410.00,256.87,57.47,95.07,299.56,544.69,90.68,307.96,28.53,484.50,65.05,101.79,60.14,141.95,109.90,9.01,213.13,182.96,89.27,97.74,35.75,132.56,635.10,126.39,39.04,155.00,289.62,43.55,185.04,68.02,489.98,258.35,70.11,87.47,159.01,414.38,109.22,225.45,570.56,33.03,65.63,47.71,686.83,146.17,70.37,61.78,77.82,257.98,404.41,26.78,305.47,85.34,233.15,116.52,75.85,208.22
2025-05-09,116.62,197.67,435.40,193.06,298.26,590.65,96.10,152.22,153.85,206.53,1003.90,114.02,85.65,117.30,102.84,58.43,154.23,74.81,239.71,446.64,21.42,125.42,695.92,257.77,168.42,94.40,536.51,204.39,196.57,141.86,201.36,186.93,328.54,648.60,702.25,424.99,30.75,78.14,270.00,383.28,410.57,43.91,2450.00,255.55,59.49,94.49,300.17,524.91,90.62,305.78,28.31,482.90,64.23,102.20,61.00,140.87,109.65,9.07,212.91,183.52,88.39,97.42,35.99,134.23,632.96,127.04,38.70,152.65,287.48,43.66,188.29,68.45,491.70,251.15,69.89,87.20,157.18,416.03,107.88,226.55,566.10,32.45,65.08,53.72,684.59,146.48,69.74,61.52,77.78,259.18,401.73,26.39,307.11,84.67,233.06,115.80,74.57,207.52
2025-05-12,122.97,210.15,445.85,208.64,318.38,637.44,96.13,157.91,159.03,219.80,1011.93,111.00,92.07,118.46,108.12,60.28,166.50,81.65,236.28,448.37,22.18,126.61,754.75,266.40,183.10,101.13,561.43,219.80,202.39,148.64,206.22,193.50,347.90,656.95,745.99,439.37,31.17,83.37,283.84,395.94,429.44,46.37,2504.61,269.41,64.33,100.65,301.79,572.50,89.31,311.77,29.86,505.59,63.71,98.60,61.36,147.79,116.38,9.23,215.14,192.10,93.35,102.04,37.11,139.12,703.88,134.21,39.46,148.63,293.20,42.49,203.16,65.70,509.53,270.19,71.93,85.42,174.85,404.90,113.42,226.25,571.42,32.42,67.75,59.19,693.10,147.57,73.98,62.16,80.38,266.57,402.52,26.46,301.30,85.05,241.48,124.81,75.38,223.75
2025-05-13,129.90,212.28,445.73,211.37,334.07,653.99,95.27,158.98,160.34,230.55,994.88,113.84,96.70,128.10,112.46,60.39,171.50,84.63,233.35,444.67,22.56,125.29,789.91,262.22,184.00,98.80,563.95,223.27,201.36,147.88,208.90,192.00,370.10,651.50,759.62,432.00,31.24,84.55,290.05,397.40,440.20,48.80,2515.12,271.57,65.30,104.13,300.63,571.04,88.05,318.66,30.08,515.71,62.07,97.20,60.23,147.85,119.45,9.18,213.50,197.80,93.85,105.05,37.66,142.29,732.17,138.05,39.37,148.42,297.01,41.86,208.43,66.22,509.13,266.86,71.91,85.14,170.15,421.61,117.31,226.16,572.64,32.01,65.71,60.49,724.77,147.15,73.70,62.39,79.84,270.02,411.13,25.93,299.24,84.11,245.00,126.68,75.18,229.52
2025-05-14,135.31,211.69,449.50,210.25,347.68,657.31,96.21,164.80,166.24,230.25,987.42,115.10,95.09,130.18,117.72,59.91,172.60,84.35,231.34,440.03,21.52,123.50,798.94,254.30,183.15,95.83,565.94,223.41,200.40,149.48,207.07,190.90,376.54,647.56,764.60,421.16,31.03,84.22,286.70,399.47,435.94,48.99,2564.00,270.04,65.72,103.85,301.82,568.26,88.38,319.39,30.56,517.66,61.49,96.26,61.00,149.17,118.89,9.21,212.37,196.84,92.60,103.23,37.32,140.97,728.74,137.45,39.64,146.60,295.54,41.16,207.38,66.69,509.42,267.55,72.29,84.39,170.46,416.75,119.09,229.50,561.59,31.66,65.61,58.89,728.53,147.88,72.71,62.42,78.95,271.17,413.86,25.54,298.94,86.52,244.45,133.45,75.69,224.88
2025-05-15,134.80,210.81,450.51,205.17,342.82,641.88,95.73,163.39,164.83,230.77,1006.27,117.80,95.22,128.12,114.99,62.81,173.20,84.17,236.13,448.17,21.55,126.44,799.93,263.43,183.63,97.74,560.28,223.71,205.11,149.12,207.92,192.90,366.61,655.97,754.11,434.38,31.72,84.92,282.97,404.69,431.84,49.54,2586.49,268.93,65.02,106.06,308.10,581.81,91.34,318.77,30.83,514.48,63.04,99.21,62.33,150.39,117.84,9.14,217.02,197.10,93.89,102.56,37.21,139.14,704.96,136.79,40.31,148.93,295.78,42.31,206.79,69.08,511.99,283.40,71.19,85.55,168.75,397.03,117.14,232.34,569.99,32.45,67.22,59.03,728.39,150.24,72.78,62.97,79.93,274.71,419.57,25.84,304.99,85.67,245.92,133.07,76.05,220.88
2025-05-16,135.37,210.62,451.65,205.59,349.98,638.35,97.61,165.62,166.85,226.77,1021.57,119.15,97.77,129.52,117.17,62.19,164.10,83.82,238.58,451.68,21.66,126.90,785.22,266.46,184.29,99.85,563.60,223.70,206.71,149.01,211.07,192.98,362.34,664.87,743.90,438.65,31.86,83.86,290.05,417.13,439.26,49.78,2584.92,270.67,63.59,106.42,311.54,591.09,92.11,321.56,30.85,514.43,63.21,100.60,62.86,151.41,117.61,9.16,219.37,202.00,94.62,104.59,37.27,138.34,710.00,138.00,40.88,150.89,298.08,42.95,208.58,70.16,518.10,285.31,71.80,86.92,170.09,399.80,117.67,226.74,578.40,32.72,68.12,59.43,733.18,151.75,73.00,63.84,80.01,273.05,427.25,26.08,307.18,85.48,251.50,135.96,76.99,220.79
2025-05-19,135.54,208.15,456.22,206.16,342.09,638.44,97.49,165.96,167.29,228.78,1030.04,119.16,98.41,126.33,114.74,62.48,164.47,83.21,240.15,454.20,21.38,126.71,782.97,269.82,184.13,103.41,561.63,221.17,208.62,150.18,213.48,194.30,370.63,665.45,744.93,440.66,31.82,82.92,292.94,420.68,444.35,50.50,2578.35,270.63,62.39,107.65,315.04,593.30,92.93,320.30,30.74,516.01,63.60,101.32,62.90,152.74,118.45,9.05,221.53,202.18,94.91,104.75,37.39,136.59,697.09,136.60,40.94,149.84,295.90,43.25,206.43,70.00,521.68,291.86,71.94,87.31,170.42,413.42,116.46,234.66,576.01,32.73,67.88,58.81,742.32,153.90,72.97,63.43,80.45,273.30,418.63,26.21,311.92,86.96,252.57,132.05,76.91,214.47
2025-05-20,134.35,206.23,455.52,204.07,343.82,635.12,97.17,163.41,164.75,229.82,1032.51,119.20,97.87,125.59,113.51,61.99,164.26,83.68,237.16,453.73,21.27,126.72,786.23,269.00,184.49,106.28,557.16,221.12,208.73,150.30,210.81,194.48,363.05,665.74,744.56,447.18,31.95,83.88,291.32,417.61,442.25,50.41,2579.21,264.84,61.25,105.61,314.88,612.35,92.41,320.55,30.76,515.61,63.75,101.28,62.99,152.72,117.38,9.23,221.38,205.18,94.41,104.79,36.83,135.61,694.89,132.13,40.33,151.27,295.84,43.12,206.15,70.10,517.16,291.68,72.22,87.18,168.42,416.92,116.29,237.50,573.77,32.77,68.51,59.03,742.75,153.39,71.72,61.62,79.87,273.84,423.49,26.23,310.68,87.34,251.95,131.04,76.37,214.49
2025-05-21,131.77,201.48,449.96,201.12,334.62,633.52,95.81,167.98,169.47,227.88,1021.04,119.46,95.61,120.58,112.06,61.78,160.79,82.19,236.72,449.44,20.69,125.14,774.94,265.41,181.28,104.93,547.07,218.88,205.77,147.85,210.12,181.26,358.35,654.65,733.04,435.32,31.51,81.32,286.05,414.03,434.74,49.28,2601.97,258.25,59.95,103.10,314.72,602.22,91.37,317.55,30.03,501.46,63.16,100.50,63.10,151.17,116.20,8.95,219.57,204.77,92.29,102.84,36.15,133.61,673.50,127.52,40.11,149.86,292.93,43.05,201.51,67.78,500.87,292.58,71.27,87.55,163.05,402.69,113.69,226.76,568.41,32.50,66.02,57.53,735.38,151.98,69.46,61.09,78.89,268.54,415.44,25.03,309.92,84.89,248.72,130.45,73.96,209.17
2025-05-22,132.80,200.75,452.23,203.10,341.04,634.59,95.32,170.28,171.39,228.68,1013.90,118.80,94.60,122.29,110.71,61.93,159.55,81.96,236.77,452.89,20.55,125.11,763.57,265.96,176.18,103.98,542.67,208.75,207.40,144.00,212.05,186.14,351.47,660.69,736.55,434.03,31.06,82.29,290.40,414.33,444.07,49.63,2606.01,258.25,61.68,107.47,313.76,594.48,90.99,316.63,30.18,503.48,63.38,99.39,62.87,150.75,119.80,9.02,220.17,200.87,92.29,103.62,36.09,133.59,667.13,127.65,40.10,146.00,295.00,42.30,192.83,67.09,504.83,289.00,71.07,87.21,162.46,399.46,115.67,226.01,564.70,31.94,66.16,56.80,723.75,151.94,69.32,60.66,78.80,272.07,409.93,24.91,311.91,84.83,252.82,129.28,74.14,208.37
2025-05-23,131.26,194.68,447.58,200.99,339.34,625.11,95.72,167.89,169.01,226.88,1004.31,118.54,93.15,123.31,110.31,61.69,156.56,80.47,238.80,452.79,20.05,124.36,753.28,265.72,172.36,104.59,539.54,207.31,205.92,142.05,211.69,186.75,354.29,714.32,728.38,436.00,30.99,82.71,296.39,407.69,455.59,49.96,2507.83,255.94,60.53,111.31,313.21,586.01,91.62,315.51,30.36,498.85,64.01,100.45,63.36,135.90,119.24,9.00,220.80,206.15,91.22,103.16,36.24,133.17,657.19,126.72,40.03,146.26,295.35,42.55,188.56,67.59,501.57,289.96,69.48,88.05,160.44,369.51,114.46,224.99,562.67,31.85,67.53,54.98,731.37,151.85,69.04,53.67,78.03,238.01,406.36,24.72,311.35,84.51,254.10,127.18,73.99,206.82
2025-05-27,135.47,199.60,458.03,206.02,362.89,640.32,96.96,172.30,173.38,233.76,1013.56,121.16,96.15,123.39,114.56,62.32,160.85,83.33,239.27,461.72,20.55,126.31,785.01,273.34,179.15,106.26,550.19,213.63,210.03,145.23,216.41,187.46,380.91,745.89,752.55,446.00,31.38,85.27,307.92,413.10,472.22,51.60,2555.17,264.29,63.65,115.56,317.72,600.87,90.76,323.08,30.96,511.79,64.74,100.48,64.24,139.89,102.98,9.55,224.36,204.89,92.91,104.74,36.72,134.77,680.35,129.40,41.00,146.28,300.36,42.78,195.18,67.67,516.50,290.10,71.10,87.40,163.07,372.20,117.60,226.27,569.41,31.80,68.02,57.42,746.08,154.65,70.88,52.82,79.53,239.30,411.13,25.22,313.72,85.33,257.30,133.96,74.61,211.08
2025-05-28,134.78,199.81,454.72,204.72,356.90,641.58,96.62,171.76,172.78,237.51,1008.93,120.86,95.95,123.76,112.86,61.91,160.61,83.39,237.45,456.35,20.37,125.64,773.51,272.32,180.04,105.63,552.41,212.38,208.31,144.22,217.34,187.80,390.26,748.36,742.32,445.10,31.09,84.28,306.92,412.23,468.83,52.13,2550.71,262.73,64.42,115.85,316.19,589.50,90.50,288.61,30.87,462.43,64.47,99.27,63.77,138.32,97.88,10.02,223.57,206.59,92.01,104.51,36.18,133.58,672.37,128.67,40.84,146.44,299.23,42.17,192.54,66.82,514.33,285.56,71.06,88.02,161.30,364.25,116.30,228.33,564.76,31.67,66.36,56.22,751.00,152.73,71.02,52.05,79.35,239.90,407.38,24.95,313.52,86.98,253.65,135.54,74.24,213.03
2025-05-29,139.16,199.34,456.03,205.70,358.43,643.04,96.48,171.27,172.36,240.03,1004.55,118.49,96.57,122.32,113.03,61.63,158.52,83.55,235.28,457.90,20.25,126.84,770.00,277.34,180.86,108.23,555.75,212.51,208.85,144.94,218.41,185.82,384.23,751.11,742.88,447.09,30.78,82.37,302.25,413.36,458.81,52.32,2545.49,261.81,63.56,116.64,316.17,602.99,90.14,284.50,30.95,454.99,65.30,100.10,63.64,137.56,98.29,10.04,223.24,204.58,92.25,102.04,36.85,135.08,675.59,128.36,40.57,142.41,297.00,42.57,192.23,67.34,515.55,292.90,70.55,89.24,160.89,370.63,117.00,225.39,559.94,32.36,69.21,56.86,730.29,153.15,71.40,51.42,79.54,241.76,395.81,25.40,311.89,84.86,251.11,128.10,74.07,203.93
2025-05-30,135.10,200.24,457.70,205.01,346.46,645.48,98.09,171.15,172.25,240.12,1035.86,120.72,94.23,131.78,110.73,61.62,155.80,80.20,239.01,461.36,19.55,126.39,752.99,281.88,178.76,107.23,552.34,210.76,210.22,141.88,219.08,192.42,393.00,747.39,732.64,442.05,31.04,82.27,305.02,415.09,471.37,51.33,2563.29,262.03,60.03,116.44,317.54,488.34,91.17,287.07,31.25,463.98,65.31,101.04,63.95,138.71,96.51,9.97,224.98,208.65,91.82,101.78,36.54,131.89,656.91,129.00,40.71,143.35,296.12,42.69,187.55,67.95,513.36,304.56,69.91,90.36,159.06,369.06,117.88,226.28,565.89,32.58,69.73,56.79,750.36,153.62,70.41,51.48,79.87,247.71,396.27,25.50,311.71,85.80,275.70,124.54,73.56,207.63
2025-06-02,137.35,201.09,459.30,206.65,342.69,668.81,99.13,168.45,169.78,246.71,1052.46,121.90,97.95,132.04,114.63,62.41,156.32,81.88,239.86,458.39,19.74,125.87,758.52,282.17,180.09,106.09,553.29,212.21,209.16,143.27,219.87,194.86,401.91,758.82,742.34,445.43,30.82,83.49,312.28,403.40,479.17,51.97,2593.44,259.43,61.30,117.63,317.81,488.86,91.38,292.53,30.90,466.15,65.33,100.74,63.83,141.01,96.44,10.00,225.17,212.79,89.78,102.47,36.81,134.87,663.62,129.62,40.28,145.45,295.26,42.66,189.20,67.59,514.80,306.09,70.55,90.13,158.89,372.27,117.74,227.60,562.34,32.17,71.68,58.71,758.57,153.22,70.02,50.80,79.16,247.75,394.78,25.41,314.54,85.51,293.18,126.06,73.27,205.63
2025-06-03,141.19,202.65,460.30,205.71,344.27,664.78,99.34,165.61,167.13,254.79,1051.20,121.79,102.01,133.17,117.31,62.91,160.76,83.05,240.67,465.54,20.29,126.77,771.81,283.24,183.88,106.50,551.85,215.15,210.32,145.53,217.34,197.12,398.51,758.49,743.06,446.48,31.12,84.87,311.88,412.49,488.76,53.54,2602.26,262.60,62.19,121.66,318.52,485.93,91.47,293.33,31.51,466.26,64.88,100.40,63.99,142.61,98.33,9.94,226.05,213.70,91.53,102.88,37.03,139.46,680.59,132.90,40.56,145.80,299.52,42.34,195.24,67.20,525.83,303.77,70.95,89.42,161.90,387.43,118.66,229.65,563.51,31.75,73.08,62.47,759.07,153.95,71.03,51.01,79.21,251.12,390.80,25.56,315.06,86.79,295.03,128.78,75.69,210.89
2025-06-04,141.89,202.20,461.19,207.23,332.05,685.81,98.71,167.47,168.81,258.98,1047.32,123.97,103.00,130.01,118.58,62.94,160.95,84.15,238.77,468.96,20.25,126.67,778.07,280.74,186.46,106.20,557.95,216.20,210.95,145.64,220.59,194.07,416.52,760.62,738.61,445.85,30.92,86.35,298.44,413.91,460.56,54.30,2573.96,260.15,66.12,126.02,318.21,483.01,91.11,294.40,31.58,473.19,64.48,99.44,63.16,141.10,99.65,9.79,225.84,220.23,90.59,101.62,36.78,136.59,689.51,133.51,40.25,148.02,298.36,41.65,206.09,66.40,524.86,305.31,72.41,89.55,160.64,378.10,119.70,229.18,563.65,31.74,73.69,63.28,780.00,155.00,71.00,50.38,78.64,249.48,388.77,25.47,318.85,85.61,296.85,130.36,77.06,210.92
2025-06-05,139.96,200.02,464.98,207.91,284.70,682.49,97.33,167.63,169.22,257.84,1006.61,125.05,106.04,119.91,115.69,63.17,163.20,84.29,241.67,465.48,19.99,126.06,787.82,280.83,186.23,107.60,558.06,215.74,210.22,145.05,221.13,197.11,414.14,760.45,743.57,443.82,30.72,85.25,288.81,415.20,462.94,54.92,2581.74,258.04,64.98,126.08,318.23,481.15,91.45,296.29,31.39,482.20,64.23,99.36,63.00,140.83,99.33,9.65,225.38,215.84,90.45,103.50,36.64,134.73,675.92,137.29,40.71,147.44,298.22,41.76,203.03,66.47,522.21,308.00,72.08,90.58,158.84,368.79,121.75,231.03,565.12,31.50,72.74,62.98,788.36,154.99,71.42,50.14,78.23,250.10,391.27,25.40,318.11,85.74,300.88,129.55,78.20,218.60
2025-06-06,141.69,203.30,467.66,213.57,295.14,695.54,96.85,173.08,174.32,244.95,1010.72,124.15,108.30,127.72,116.19,64.57,165.73,85.72,242.62,467.91,20.06,126.39,803.85,283.99,188.12,109.55,557.08,219.92,212.18,146.70,223.26,199.60,417.89,765.35,748.80,450.50,31.16,87.85,297.70,416.92,468.41,55.31,2482.39,263.82,68.17,125.35,318.79,491.26,91.85,296.95,31.88,486.00,64.02,99.38,63.41,142.38,100.60,9.82,226.13,218.45,91.48,104.94,37.38,137.78,681.90,140.64,41.42,149.12,297.86,41.52,203.80,66.41,524.91,300.83,73.04,91.85,159.49,374.47,122.16,232.72,568.47,31.71,73.62,63.85,791.85,155.44,71.49,50.13,79.17,252.72,396.45,25.50,317.13,86.67,303.03,133.11,78.52,214.51
2025-06-09,142.60,200.84,470.02,216.98,308.58,691.90,96.83,175.69,177.23,242.32,1002.00,122.45,110.69,132.06,121.73,64.42,168.76,87.66,234.82,467.37,20.48,126.33,825.03,283.64,194.76,110.07,526.15,225.26,210.65,152.76,220.27,196.33,383.60,758.21,765.88,446.15,31.07,88.86,298.56,416.26,464.39,56.88,2448.60,264.12,68.95,128.51,310.76,515.55,89.87,301.66,31.63,495.77,64.55,99.01,63.00,140.76,101.62,9.53,223.09,217.49,92.39,102.08,37.81,139.32,700.95,139.01,41.49,146.48,297.21,41.11,209.09,66.28,518.60,304.00,73.16,90.62,161.36,392.12,121.17,233.50,568.68,31.90,70.68,66.59,783.80,152.71,71.54,50.15,79.36,252.90,394.56,25.26,310.85,85.68,299.90,138.61,78.92,214.99
2025-06-10,143.93,202.06,468.20,217.61,326.09,700.22,96.70,178.20,179.61,242.66,1003.09,120.36,113.87,132.81,123.24,63.68,172.72,90.34,233.86,470.73,22.08,128.14,852.19,287.02,197.77,107.24,529.60,230.88,209.84,156.42,218.23,195.95,383.61,755.95,780.57,451.52,31.98,89.60,289.95,416.06,467.65,55.81,2396.44,266.21,68.65,126.36,306.80,521.45,91.71,305.69,32.25,504.40,65.07,99.46,63.04,139.09,102.39,10.01,220.73,214.97,92.73,101.63,38.55,142.69,726.32,138.56,42.07,146.72,297.54,41.81,214.63,66.85,525.93,302.46,74.36,91.44,167.01,391.18,119.91,234.91,567.79,31.88,90.93,68.09,762.66,151.09,73.79,50.28,79.93,252.73,406.77,25.37,309.87,84.82,297.97,140.63,81.07,213.05
2025-06-11,142.81,198.18,469.89,213.20,326.43,691.98,95.19,176.95,178.39,250.88,992.64,121.99,115.75,136.39,121.14,62.75,171.74,90.29,227.90,463.78,20.68,126.27,867.52,285.43,195.23,106.47,522.41,230.09,209.43,156.76,217.36,194.39,383.43,758.58,779.69,452.44,31.59,93.48,291.11,412.84,476.98,55.53,2387.00,264.25,68.06,124.88,304.71,516.54,90.01,307.20,31.97,500.73,64.79,99.53,62.59,135.43,103.16,10.51,220.23,217.80,91.85,102.02,38.50,145.97,715.39,138.06,42.00,147.24,296.77,41.78,213.34,66.16,524.18,298.58,74.21,91.41,161.26,387.11,118.63,234.74,565.19,31.79,97.98,68.10,778.36,149.86,73.27,50.50,79.54,251.36,399.79,25.21,309.08,82.99,299.86,140.38,81.79,201.50
2025-06-12,144.98,198.60,476.10,213.24,319.11,691.20,94.22,175.30,176.57,254.01,998.54,121.50,115.90,135.19,118.50,63.64,173.94,90.99,225.69,465.75,20.77,128.60,870.51,290.79,195.20,109.15,513.00,229.67,209.65,156.00,217.19,197.67,380.58,760.03,781.80,460.06,31.67,92.43,299.27,413.68,481.73,55.64,2368.82,261.44,69.45,124.47,302.15,519.77,91.05,307.85,32.04,494.99,65.92,100.58,63.69,132.53,103.43,10.16,222.07,216.60,91.61,101.66,38.10,146.37,713.15,138.81,42.20,149.60,298.57,42.52,213.33,66.95,526.92,304.67,74.41,92.07,161.56,379.76,122.68,234.46,567.64,32.06,96.88,66.47,775.20,149.32,72.98,49.99,79.35,250.69,396.90,25.25,311.49,82.85,301.43,138.62,82.37,199.32
2025-06-13,141.95,195.85,472.22,212.10,325.31,680.75,93.84,174.28,175.48,246.70,986.10,121.21,115.32,137.40,116.16,62.65,169.56,88.87,225.00,461.24,20.14,127.19,863.21,288.77,190.64,107.89,512.18,222.66,208.02,152.09,210.69,196.27,364.49,747.89,756.73,455.45,31.43,91.39,295.80,391.68,480.62,55.56,2371.98,253.25,67.01,125.65,300.79,527.14,89.91,300.00,31.77,478.86,64.77,100.47,63.06,130.92,100.58,10.03,220.49,218.96,89.89,100.83,38.51,151.84,667.93,135.54,41.52,148.04,292.16,42.14,206.95,66.09,522.70,307.99,70.45,91.40,159.34,382.87,120.45,230.23,556.44,31.95,98.73,64.32,780.63,149.06,72.12,48.59,77.86,244.54,388.72,24.88,308.45,81.99,301.95,135.55,81.16,196.82
2025-06-16,144.67,197.82,476.37,216.10,329.13,700.47,93.69,176.37,177.54,250.07,980.27,122.54,119.55,141.41,126.39,64.04,175.48,92.73,227.95,461.86,20.74,127.74,887.80,289.10,194.77,108.73,519.04,229.36,207.83,154.20,213.50,198.11,370.68,761.88,770.88,450.91,31.52,91.61,306.88,401.73,479.39,57.27,2454.76,256.15,70.23,129.37,301.86,520.61,88.12,300.81,32.20,479.41,65.04,99.50,63.88,130.23,102.79,10.76,220.98,221.73,90.69,101.95,38.46,148.04,701.26,137.21,41.59,150.65,299.30,41.58,213.46,65.28,528.77,308.78,71.88,91.34,158.62,382.25,121.93,238.60,561.32,32.03,101.59,66.72,780.61,149.51,72.73,48.39,79.05,245.65,375.23,24.61,307.52,83.00,305.02,142.04,81.94,200.32
2025-06-17,144.10,195.05,475.28,214.82,316.35,695.60,93.65,175.55,176.83,247.37,973.66,122.07,120.05,138.20,127.10,63.86,173.04,91.99,218.51,456.22,20.80,125.67,888.41,283.71,193.27,105.95,512.11,225.04,205.70,151.83,210.79,202.05,360.45,758.73,755.60,441.99,31.00,89.76,304.57,382.68,492.03,58.43,2389.48,254.45,69.80,129.20,301.57,506.84,88.80,299.00,31.77,475.40,64.21,99.22,62.78,128.14,102.53,10.58,219.84,219.39,89.13,102.88,39.06,149.90,685.66,133.37,40.91,149.88,296.85,41.30,208.85,64.17,520.59,308.71,70.29,90.76,155.85,375.18,124.84,237.52,558.26,31.80,100.28,66.23,777.54,148.38,71.01,48.00,78.61,242.70,373.62,24.57,305.29,81.83,307.31,144.72,79.89,198.20
2025-06-18,145.46,195.98,477.47,212.52,322.05,694.14,94.48,172.93,173.59,249.24,970.85,122.23,121.53,139.96,126.79,64.36,171.79,91.80,218.08,454.04,21.49,125.46,866.69,283.30,193.92,105.95,509.49,227.23,205.77,151.01,210.20,199.78,344.37,748.74,757.37,448.40,30.76,90.43,305.30,378.04,485.16,59.05,2402.75,255.78,74.75,129.63,300.74,511.54,88.32,296.84,31.89,473.62,64.21,98.81,63.19,127.15,102.25,10.57,218.94,220.58,88.76,100.82,38.45,145.83,688.01,132.17,40.86,150.55,295.19,41.28,207.49,64.78,519.85,312.32,68.21,91.26,155.21,369.03,130.04,238.50,551.48,32.13,99.46,66.56,770.79,146.24,71.76,47.88,78.05,236.88,377.43,24.50,304.34,81.01,305.41,146.05,79.57,196.14
2025-06-20,143.83,200.39,474.64,209.69,322.16,680.75,95.50,166.27,167.35,248.56,976.22,123.14,123.30,137.30,128.24,64.83,168.44,90.06,218.60,451.23,21.08,125.46,845.63,283.01,193.77,106.44,509.36,225.94,205.71,148.74,210.91,199.24,324.70,755.00,752.29,440.87,31.00,91.26,303.80,376.92,476.30,59.15,2403.81,258.42,73.31,129.29,300.24,507.70,89.69,295.40,31.71,470.53,66.11,99.34,63.09,126.77,101.21,10.52,217.18,220.46,89.02,99.85,38.47,145.90,680.73,131.73,40.31,150.11,297.21,41.50,205.09,65.13,523.92,309.70,69.68,91.13,155.64,369.70,127.50,238.37,557.67,32.49,102.68,67.49,777.32,145.07,71.15,47.97,74.43,238.19,386.37,24.62,304.09,80.00,302.94,145.04,79.65,189.53
2025-06-23,144.15,200.89,483.19,208.47,348.68,696.89,97.24,164.82,165.64,252.32,1000.31,125.35,121.79,139.92,129.58,65.86,170.92,91.17,223.99,455.08,21.19,125.48,851.88,266.49,196.89,104.17,515.09,228.54,208.43,150.53,212.08,203.32,335.40,756.40,775.35,443.54,31.06,90.49,314.05,380.12,491.81,60.23,2452.89,262.31,70.59,131.39,304.14,509.89,91.26,293.56,32.07,470.98,66.29,100.87,63.21,126.97,101.95,10.68,219.42,230.32,89.76,103.15,37.31,138.36,687.40,130.53,40.67,153.95,300.95,42.09,206.92,66.38,524.65,313.13,71.63,91.54,160.52,367.18,129.52,241.59,561.83,32.18,105.42,67.10,783.24,147.14,71.03,47.72,75.66,236.58,392.58,24.73,306.47,79.84,310.46,149.33,80.04,192.74
2025-06-24,147.88,199.69,487.28,212.77,340.47,710.53,97.37,166.39,167.36,262.27,997.76,127.91,127.60,143.23,138.43,66.36,179.09,95.17,226.79,458.45,22.55,127.39,884.46,271.43,201.21,105.16,523.08,232.50,208.30,153.06,218.00,201.69,349.48,752.90,808.80,450.27,31.61,89.67,319.48,382.34,485.38,61.92,2528.95,266.90,75.01,134.58,305.28,520.20,89.18,296.80,32.13,478.98,66.22,100.84,63.57,127.43,107.16,10.90,221.70,236.17,91.97,104.42,37.45,136.59,711.18,132.15,40.89,157.48,304.19,41.99,214.42,66.69,530.50,325.00,73.19,91.22,161.12,377.02,130.83,243.05,566.63,32.46,105.90,68.91,794.25,148.12,71.85,48.65,76.52,239.19,403.50,24.84,307.98,87.57,308.46,156.41,81.00,200.67
2025-06-25,154.28,200.95,489.43,211.99,327.55,707.02,96.64,170.30,171.10,263.14,982.44,127.53,126.95,142.90,143.40,66.66,181.96,95.56,227.86,455.52,22.20,124.44,888.87,274.22,200.79,103.92,521.63,232.21,205.70,153.28,218.12,204.30,338.80,751.74,810.67,445.82,31.28,89.28,313.98,387.55,494.09,62.40,2540.50,264.18,75.73,137.50,292.33,518.23,87.84,297.53,32.14,487.27,65.11,99.01,62.20,126.38,107.14,10.87,217.77,232.68,92.10,103.69,37.07,135.31,717.37,129.67,40.49,157.35,302.37,41.20,213.22,65.80,530.40,321.94,72.68,90.13,159.51,388.67,130.24,241.64,562.59,31.91,104.85,70.06,785.07,134.20,72.62,48.14,75.92,233.46,398.85,24.55,302.25,84.68,311.98,157.31,81.26,198.36
2025-06-26,154.99,200.39,494.58,217.12,325.78,724.39,95.41,173.15,174.04,268.63,978.83,130.67,125.70,144.25,143.68,67.40,182.41,96.37,228.37,459.74,22.50,124.63,898.30,273.01,201.70,105.58,534.19,234.80,209.95,155.50,222.52,202.34,347.45,766.62,793.61,443.40,31.61,90.00,321.32,384.95,505.22,63.35,2560.20,267.78,79.75,139.64,297.02,518.93,88.23,303.69,32.21,495.70,65.57,99.93,62.19,125.73,105.75,11.15,218.96,239.64,92.83,103.86,37.80,138.08,729.63,133.72,40.67,157.26,304.93,41.42,215.22,66.22,527.78,318.25,72.78,89.85,160.15,386.44,131.12,239.33,560.97,31.97,101.74,69.26,803.95,137.18,74.73,48.24,76.52,237.21,394.01,24.61,303.21,85.04,313.85,158.15,81.50,198.50
2025-06-27,157.72,200.47,493.08,223.30,323.63,731.91,96.65,178.13,177.87,267.81,981.05,132.31,124.46,130.74,143.81,67.11,182.10,96.73,232.15,459.08,22.69,127.38,885.30,271.07,202.45,108.57,533.71,234.46,212.24,155.84,226.38,200.57,333.78,770.30,791.49,441.30,31.71,90.27,318.99,385.83,499.33,63.14,2560.05,271.61,76.95,140.38,297.49,518.93,89.16,305.20,32.55,502.63,65.60,100.04,61.71,127.00,105.14,11.30,219.27,242.32,92.84,103.11,37.54,137.00,730.48,134.52,41.32,157.27,305.13,41.81,213.97,66.25,531.32,322.83,73.25,89.68,162.82,383.88,132.08,241.44,559.18,32.01,99.49,68.97,818.60,140.03,74.25,48.18,76.67,237.37,400.97,24.43,306.72,86.33,315.32,165.46,80.76,202.32
2025-06-30,157.96,204.55,494.54,219.39,317.66,736.36,97.15,175.83,176.99,274.08,985.83,133.91,122.96,136.32,141.90,67.82,181.96,96.87,235.12,464.41,22.40,128.35,891.14,273.11,202.98,108.77,543.41,235.51,215.98,156.55,230.21,204.64,350.08,781.27,796.90,445.20,32.04,89.80,321.57,386.88,509.31,63.83,2613.63,271.35,77.19,143.25,302.34,522.92,90.13,308.15,32.27,512.68,65.72,101.31,62.64,126.68,104.66,11.46,221.38,246.51,93.00,105.72,37.82,134.68,727.41,132.34,41.36,159.22,309.57,42.30,215.40,66.56,536.34,326.09,73.92,91.27,161.45,404.23,134.33,242.85,562.49,32.21,100.64,68.86,827.94,141.51,73.94,49.07,76.95,240.00,408.81,24.64,309.54,87.29,313.94,161.74,80.40,203.09
2025-07-01,153.27,207.19,489.21,220.46,300.71,717.53,97.61,175.44,176.51,263.23,981.86,129.36,120.60,130.68,136.11,67.55,182.65,96.34,238.33,471.91,22.85,131.48,894.23,284.17,205.75,109.61,537.99,238.10,221.44,156.69,227.88,197.58,336.69,773.32,786.04,452.16,32.62,93.02,306.79,392.10,492.07,63.68,2501.40,276.18,76.03,143.95,304.03,532.79,90.50,309.46,33.10,521.78,67.20,101.92,63.54,129.05,105.49,10.94,222.81,238.01,96.07,102.43,38.16,137.42,742.91,135.41,42.20,158.59,311.67,42.29,218.08,67.16,542.65,322.06,74.89,91.72,167.57,373.30,132.33,240.10,568.31,32.71,97.62,70.14,775.38,143.42,75.81,49.64,79.33,239.23,418.22,25.39,310.98,83.58,307.32,156.33,81.91,207.71
2025-07-02,157.22,211.80,488.25,219.92,315.65,711.90,96.99,178.24,179.36,268.36,978.28,128.49,121.45,132.12,138.52,67.05,188.86,98.36,234.29,472.32,21.88,132.66,916.37,290.36,210.77,109.39,540.60,242.57,221.90,159.56,226.73,196.97,336.00,767.46,795.11,457.03,32.46,92.30,305.50,378.47,496.10,65.62,2472.05,275.63,74.05,150.80,299.05,545.57,89.32,310.95,33.24,523.11,67.79,100.82,63.04,130.59,103.97,11.12,214.21,238.80,97.19,102.21,39.29,139.16,760.25,135.39,42.03,156.56,310.34,41.81,227.88,66.03,542.71,329.77,75.90,92.12,168.96,402.28,135.01,239.51,561.73,32.97,98.24,71.59,774.55,142.00,75.98,49.08,79.14,237.74,412.26,25.82,299.31,83.58,309.33,154.63,81.42,206.78
2025-07-03,159.31,212.90,495.96,223.41,315.35,717.33,97.73,179.13,180.14,273.61,982.92,129.72,122.00,134.36,137.91,68.22,189.89,98.34,237.58,470.75,22.49,131.59,919.83,291.72,211.19,109.63,544.47,243.09,222.96,159.45,227.32,201.82,341.64,774.34,790.04,459.62,32.61,92.55,310.73,379.31,514.10,65.92,2514.05,278.12,74.98,148.32,303.12,545.19,91.33,326.81,33.23,548.74,67.23,101.40,63.08,130.62,103.59,11.22,217.89,238.79,95.55,105.66,39.10,138.11,754.52,136.49,42.47,154.91,316.66,42.02,228.82,66.65,547.01,331.91,76.18,95.01,170.14,403.99,155.15,240.11,568.60,32.92,97.80,71.49,795.48,143.14,75.93,49.32,79.86,241.76,416.97,25.44,302.14,82.93,314.77,155.09,82.12,213.53
2025-07-07,158.21,209.31,494.85,223.47,293.94,716.67,98.71,176.39,177.16,272.62,988.06,128.96,119.75,139.12,134.80,67.78,189.63,97.67,234.50,464.82,22.00,130.69,907.93,286.55,208.64,109.66,534.71,239.26,221.98,155.40,231.27,201.42,345.00,777.29,780.69,459.41,32.11,91.77,317.08,376.93,505.46,65.06,2501.08,276.50,71.36,147.28,302.34,535.98,92.67,320.30,32.69,536.52,67.07,101.71,62.85,129.85,105.25,11.02,216.08,246.89,94.55,106.65,38.56,135.19,737.14,137.00,41.82,153.07,315.31,42.06,222.81,66.35,545.56,324.13,75.77,95.31,163.45,395.67,152.41,242.53,561.65,32.91,96.95,69.94,802.16,141.72,74.48,48.83,79.35,241.21,408.32,24.88,306.23,82.94,315.45,146.88,81.60,216.05
2025-07-08,159.97,209.37,493.75,219.36,297.81,718.98,96.47,173.97,174.77,270.25,981.74,127.53,124.24,139.71,137.82,67.45,193.81,99.35,232.86,465.17,23.59,131.26,914.50,290.51,211.79,108.95,527.30,242.57,222.40,156.74,227.19,203.99,344.75,775.17,789.65,466.36,32.62,93.04,311.69,382.24,507.71,63.86,2476.60,278.05,71.76,143.39,300.87,545.58,91.64,323.28,33.03,551.51,66.45,101.50,61.59,130.63,106.31,11.41,213.85,241.47,96.56,107.54,39.56,140.91,757.17,136.99,42.18,152.19,314.91,41.89,229.06,66.03,538.84,317.50,74.63,94.50,166.50,396.94,145.94,240.56,561.07,33.16,96.14,72.96,790.22,140.98,75.07,48.51,79.60,240.47,411.66,25.22,300.63,83.76,312.44,147.79,82.83,219.36
2025-07-09,162.85,210.50,500.60,222.54,295.88,731.06,96.19,176.22,177.26,276.32,978.01,128.83,122.06,143.13,138.41,68.12,194.21,99.33,229.25,466.48,23.44,130.72,918.44,290.04,211.56,111.09,528.13,240.16,221.40,156.64,225.39,206.06,352.74,763.38,795.34,478.97,32.27,93.34,315.94,373.38,513.51,64.48,2477.08,277.29,72.07,140.95,302.35,550.39,92.58,322.91,32.97,550.95,65.15,102.26,59.57,130.29,105.00,11.49,215.19,246.06,96.53,107.65,38.79,139.31,747.06,136.85,42.74,152.22,307.27,42.03,227.16,66.31,540.64,320.87,74.43,94.36,167.13,415.41,142.75,242.23,555.16,32.79,96.47,73.07,805.86,141.98,75.37,47.64,78.85,240.17,403.56,25.24,301.81,84.87,316.50,148.02,84.50,220.89
2025-07-10,164.07,211.77,498.58,222.26,309.87,725.54,94.25,177.22,178.30,273.83,966.14,125.06,122.93,142.50,144.16,67.62,196.83,100.57,225.15,465.56,23.82,132.27,923.85,293.81,214.75,112.37,526.05,242.55,219.59,156.38,227.39,192.07,346.32,742.87,797.59,479.53,32.09,93.25,312.46,371.43,487.11,64.90,2402.10,280.38,73.16,143.42,299.81,557.54,92.38,322.66,33.17,566.19,65.44,103.53,59.17,129.94,104.97,11.65,215.11,238.24,97.07,100.20,39.17,140.20,736.43,137.00,42.89,150.85,286.11,42.51,229.89,66.90,541.09,322.64,75.30,93.96,170.22,421.74,137.49,235.33,546.37,32.79,96.66,73.46,732.99,141.37,76.36,47.99,75.67,229.30,401.58,25.26,300.99,85.46,296.18,148.55,86.05,200.05
2025-07-11,164.89,210.52,500.41,225.02,313.51,715.83,93.80,179.78,180.90,272.82,966.30,124.51,124.35,142.10,146.42,66.82,196.73,101.24,224.76,464.05,23.43,131.48,919.83,288.82,216.31,107.56,512.06,242.10,218.81,154.78,227.34,187.39,335.10,742.87,797.43,468.85,31.70,93.04,320.36,363.35,478.45,65.98,2387.45,279.73,72.57,146.08,296.70,565.49,91.62,320.60,33.73,559.28,65.47,102.85,58.83,130.25,104.91,11.73,213.99,240.44,95.11,99.06,40.14,141.47,732.06,135.35,42.61,148.25,280.39,42.39,225.69,67.07,533.37,314.94,70.98,94.03,166.85,434.58,137.37,233.92,544.05,32.63,98.18,72.96,729.62,139.40,75.00,47.46,74.32,223.37,392.20,25.89,298.62,83.37,289.74,145.94,85.43,187.01
2025-07-14,164.04,207.99,500.11,225.69,316.90,719.23,95.17,181.15,182.40,274.03,976.83,126.19,118.44,149.15,146.24,66.69,195.91,99.14,225.15,464.02,23.30,131.78,917.11,290.54,215.13,109.96,516.44,240.89,220.79,151.66,229.28,190.72,355.90,747.68,802.21,472.35,32.29,91.55,324.79,366.99,476.18,66.77,2380.25,280.94,72.37,147.96,297.40,568.33,93.12,317.49,33.61,549.53,65.92,102.54,59.67,130.25,102.41,12.01,215.45,242.85,93.81,102.97,39.32,139.15,717.22,138.57,44.38,148.39,294.55,42.31,221.44,67.61,531.42,315.75,73.50,94.00,164.86,451.02,138.80,238.46,544.91,32.41,101.89,72.46,750.26,140.39,74.32,47.13,74.35,224.76,399.61,26.52,303.69,85.33,291.14,144.54,85.64,191.61
2025-07-15,170.67,208.48,502.90,226.35,310.78,708.73,94.78,181.59,182.69,279.34,963.66,126.03,119.94,148.58,155.61,66.06,198.08,100.58,223.04,455.88,22.92,130.07,931.72,286.12,213.48,106.99,512.23,237.89,218.23,151.67,225.68,192.25,352.96,740.93,818.40,464.20,31.46,90.63,316.82,364.18,473.28,67.37,2390.00,273.03,72.27,147.93,292.32,545.79,91.19,318.04,33.11,569.10,65.04,101.93,58.94,126.69,105.06,12.03,211.81,236.77,93.07,104.93,38.46,135.15,713.72,136.54,44.44,148.30,288.96,41.84,217.94,66.79,526.66,311.12,72.57,92.09,160.51,442.31,140.56,237.70,541.42,31.90,102.87,71.54,745.87,136.86,74.26,45.90,73.29,224.92,383.33,25.88,298.25,84.78,288.90,147.11,84.09,187.69
2025-07-16,171.34,209.52,502.70,223.19,321.67,701.26,94.54,182.56,183.36,279.21,947.42,125.03,116.26,150.91,160.08,66.25,193.63,99.89,225.73,455.00,22.69,131.57,928.70,292.49,211.80,107.76,512.64,238.07,219.69,151.45,224.99,192.59,355.50,745.67,750.22,469.55,31.17,90.66,307.06,361.77,470.45,66.37,2405.15,271.74,70.72,146.02,294.37,545.76,91.24,314.58,32.90,571.20,65.75,102.99,58.65,128.19,105.13,12.58,212.58,234.50,93.32,103.44,38.15,133.77,710.15,136.71,44.90,148.90,289.47,41.75,217.46,67.61,520.57,322.81,72.58,93.96,159.99,455.90,139.36,238.73,541.83,32.36,104.59,72.83,742.77,138.39,75.31,45.98,73.80,226.73,379.62,26.31,299.58,84.13,287.76,153.90,85.14,190.45
2025-07-17,172.97,209.38,508.74,223.88,319.41,699.77,94.48,183.17,184.28,284.82,949.95,127.42,113.10,153.99,160.41,67.16,191.36,100.31,224.04,456.60,22.80,141.37,932.27,291.73,211.75,106.73,516.16,238.43,221.07,150.01,226.02,196.28,363.78,750.29,740.73,463.27,31.44,91.33,306.95,366.45,469.83,66.86,2351.14,269.75,71.87,145.62,296.18,547.82,91.59,320.86,34.12,589.01,68.02,103.42,59.09,129.56,107.95,12.84,220.43,235.02,92.01,104.92,38.64,138.14,709.69,139.30,45.18,149.38,292.16,41.84,221.33,68.08,518.71,324.69,73.47,94.63,161.38,451.34,143.15,233.92,542.95,33.02,104.17,72.70,745.86,139.40,76.10,45.89,74.52,230.89,383.56,26.84,300.69,84.10,286.29,157.18,84.95,190.62
2025-07-18,172.38,210.54,507.10,226.13,329.65,702.63,94.44,184.64,185.52,281.72,947.00,120.92,114.22,153.52,156.99,66.92,189.29,100.18,224.22,460.28,23.10,139.23,926.34,288.32,211.78,106.17,518.62,239.30,219.38,152.16,226.77,195.78,364.46,747.57,730.46,459.81,31.30,91.92,320.24,365.79,475.96,67.83,2413.57,270.72,74.51,147.95,295.86,540.37,92.34,315.57,34.01,584.76,68.03,104.86,59.00,129.02,109.00,12.75,220.45,239.17,91.65,105.42,39.18,138.57,721.30,139.34,45.36,149.66,297.03,42.28,222.71,68.79,514.61,320.53,73.78,95.33,161.24,423.22,145.02,231.18,541.39,32.68,102.56,73.17,756.09,139.57,75.82,45.98,74.64,233.06,382.08,26.54,300.00,83.89,288.72,156.74,84.70,194.86
2025-07-21,171.35,211.84,507.11,229.30,328.49,711.30,95.06,189.67,190.72,286.57,943.62,123.33,113.07,151.79,157.00,67.20,191.45,101.25,229.56,465.65,23.26,137.74,932.94,289.41,209.78,106.22,516.12,237.94,218.15,156.26,225.75,199.88,366.17,758.55,715.64,458.49,31.72,90.81,316.71,367.68,481.58,68.57,2379.06,269.71,72.92,148.51,294.99,543.37,94.15,316.32,33.99,591.46,67.65,105.97,59.43,133.08,111.66,12.80,219.84,240.53,90.90,106.94,39.30,137.07,720.83,138.07,45.32,152.93,295.16,42.60,225.04,69.95,520.87,320.52,74.42,96.09,162.40,426.28,145.27,231.63,548.47,32.46,102.78,72.26,751.55,139.84,74.03,46.03,74.38,233.71,388.89,26.22,297.67,84.03,288.43,161.92,85.01,194.36
2025-07-22,167.00,213.75,502.35,227.47,332.11,703.16,95.24,190.91,191.68,277.00,937.70,119.01,109.06,149.07,154.72,67.03,186.01,97.22,230.18,467.22,23.24,141.96,887.64,299.01,210.12,108.08,511.00,233.02,219.41,155.30,229.66,196.73,350.00,761.62,701.52,470.13,31.96,95.00,316.62,372.87,471.23,66.90,2384.72,271.12,71.85,145.49,297.02,558.71,95.35,319.60,34.85,615.13,68.95,107.55,59.59,134.80,115.04,12.85,218.21,239.82,96.45,104.81,39.47,139.01,716.07,139.43,46.36,156.55,299.43,43.31,224.78,71.41,532.00,325.28,75.60,97.62,166.02,426.40,144.89,231.07,560.33,32.91,102.92,73.64,720.74,141.72,76.35,46.39,75.74,239.11,395.85,27.46,296.24,85.12,285.71,156.50,85.16,198.44
2025-07-23,170.75,213.50,502.95,228.29,332.56,711.91,95.07,189.80,191.08,282.07,937.28,117.68,109.67,154.63,158.65,67.48,185.88,96.63,230.85,465.21,23.49,141.59,892.48,302.46,182.09,111.40,501.95,225.68,221.91,157.16,228.10,199.22,362.12,770.78,712.91,476.95,32.43,94.00,322.51,372.46,461.52,69.15,2394.43,271.65,73.13,151.62,298.25,570.12,95.42,326.46,34.59,614.42,68.38,106.31,59.19,136.20,118.46,13.31,219.72,240.56,98.92,105.06,44.07,140.85,716.10,139.83,46.70,153.27,300.98,42.37,221.53,70.86,540.68,325.64,76.25,98.29,165.12,412.67,144.00,228.73,553.55,32.64,103.44,68.74,705.22,142.37,77.11,46.83,76.13,241.03,398.11,27.61,295.42,86.43,283.37,159.28,91.00,202.57
2025-07-24,173.71,213.11,507.93,232.23,305.30,713.13,95.98,191.74,192.77,287.06,929.92,118.08,111.57,154.86,162.12,67.15,186.98,97.31,244.24,466.70,22.63,140.47,899.54,301.81,181.54,111.05,488.61,223.98,208.19,156.14,224.67,201.16,359.94,775.95,721.01,472.27,32.05,91.83,320.48,371.69,462.03,68.85,2391.05,271.02,73.90,151.59,300.22,562.40,98.16,324.64,34.62,609.68,68.39,106.39,60.18,135.48,118.21,13.50,221.39,243.69,99.23,104.77,45.09,142.42,709.13,141.62,47.20,152.19,301.10,42.61,221.26,71.14,549.97,328.00,77.41,98.61,166.91,414.92,146.56,225.75,556.88,32.71,103.52,66.35,709.26,143.51,76.63,46.27,75.67,237.20,380.00,27.46,294.22,86.74,284.30,159.99,92.96,199.83
2025-07-25,173.47,213.23,510.74,231.44,316.06,711.01,96.85,192.75,193.64,288.53,931.59,118.05,111.10,158.80,166.47,67.55,184.57,96.49,240.34,468.08,20.70,139.44,897.46,299.88,180.86,113.99,495.86,225.42,207.97,155.70,223.96,203.27,364.14,780.66,707.26,469.65,30.52,92.53,326.14,370.74,467.92,68.65,2362.56,277.21,74.07,149.76,302.56,560.87,97.66,332.19,35.37,601.55,68.78,107.19,60.66,137.35,118.45,13.49,222.06,249.92,99.37,104.82,45.42,141.75,710.80,141.31,47.02,151.23,303.28,42.86,220.13,71.02,565.19,328.81,77.57,98.48,166.22,405.89,149.84,224.75,559.52,32.42,103.95,67.72,735.01,145.06,77.51,46.69,75.61,241.74,309.75,27.36,296.08,88.99,286.18,163.17,92.97,203.00
2025-07-28,176.72,213.40,509.54,232.79,325.59,715.95,96.99,192.15,192.99,292.62,930.11,117.46,111.09,157.88,173.66,66.79,189.12,98.15,235.05,462.71,20.68,137.61,918.41,294.71,185.02,110.88,493.95,228.34,208.75,158.31,225.81,204.50,370.96,793.36,725.90,460.83,30.38,91.80,327.45,369.47,472.18,68.82,2354.11,273.91,75.77,149.33,300.86,556.42,97.33,333.76,35.32,592.63,67.81,105.40,60.21,139.83,116.76,13.70,218.90,246.44,98.46,104.88,45.91,147.54,734.54,142.16,46.08,151.54,304.47,42.29,225.26,69.53,566.50,324.79,77.80,96.63,163.46,403.80,150.77,226.10,555.55,32.12,101.75,69.01,736.29,143.37,77.64,46.08,74.38,238.04,298.27,26.95,292.58,89.53,289.04,164.37,93.36,201.84
2025-07-29,175.48,210.63,509.61,231.01,321.20,698.36,97.70,195.31,195.99,295.72,930.69,116.87,111.80,156.24,177.44,66.83,187.27,98.46,236.10,466.72,20.41,139.87,911.39,296.93,187.10,112.06,496.87,228.32,205.63,159.32,222.31,193.84,361.63,800.91,716.27,468.41,29.75,91.10,329.30,370.70,465.51,70.44,2384.90,271.61,76.20,151.54,302.57,555.94,98.90,366.26,35.03,635.81,67.93,106.64,61.39,138.58,115.42,13.12,221.19,243.20,97.33,104.77,45.12,149.48,720.43,136.84,46.10,147.35,306.61,43.16,223.54,70.71,573.07,330.55,71.07,97.70,161.27,394.66,150.27,223.98,559.55,32.98,105.00,69.16,728.74,144.38,77.62,46.45,73.88,239.63,280.68,27.25,292.20,89.35,290.07,163.47,95.59,200.06
2025-07-30,179.24,208.42,510.28,230.19,319.04,693.58,96.97,196.09,197.00,300.89,923.66,118.42,114.57,158.61,179.51,67.15,188.24,98.61,238.40,461.49,20.34,138.87,920.24,294.79,185.29,112.58,500.51,228.67,206.04,156.35,223.19,183.03,363.31,801.96,719.22,469.16,29.45,90.90,344.00,364.00,463.15,71.26,2381.39,268.20,81.59,146.32,304.83,552.38,99.38,371.03,34.91,645.35,63.44,110.57,61.04,137.50,112.92,13.26,221.63,248.00,96.86,101.71,44.91,148.01,726.57,134.75,45.92,155.79,308.14,43.12,217.82,70.75,572.09,339.80,69.34,97.70,145.69,395.04,148.88,223.81,548.90,32.95,105.18,68.78,748.60,143.03,71.54,46.28,72.52,237.68,279.89,27.18,273.73,89.06,287.73,163.32,96.25,197.19
2025-07-31,177.84,206.94,530.42,234.11,308.27,771.63,97.35,191.47,192.43,292.03,935.74,115.94,108.98,158.35,176.31,66.95,178.97,94.38,235.27,455.58,19.80,134.06,874.52,288.65,178.29,110.16,481.09,222.26,206.22,144.26,218.87,173.60,390.70,779.85,692.57,456.87,30.11,87.38,346.56,357.69,454.57,78.50,2373.89,262.03,80.22,155.84,303.42,543.30,98.32,364.57,35.15,633.47,63.04,110.46,58.75,135.58,113.45,13.17,221.06,250.25,96.62,99.90,44.43,145.72,707.38,132.41,45.64,152.04,303.11,43.78,210.75,71.78,534.31,392.24,68.39,95.41,148.47,401.86,139.98,222.73,546.97,31.81,107.28,66.14,755.49,141.48,71.22,45.33,70.77,229.38,269.36,26.20,276.95,80.77,285.56,141.38,95.19,191.78
2025-08-01,173.69,201.77,521.08,214.75,302.63,748.25,97.86,188.70,189.52,286.99,949.88,115.86,104.73,154.27,171.70,65.99,178.90,95.91,234.08,454.74,19.31,135.39,882.09,290.39,178.10,111.03,483.12,219.37,201.91,145.67,214.18,172.88,379.17,770.93,687.69,462.13,29.47,85.12,339.51,347.80,446.66,76.36,2375.92,253.61,74.31,153.65,294.53,556.65,99.12,356.97,34.63,618.65,62.30,110.89,59.02,136.04,110.06,12.87,220.01,248.35,94.39,97.36,42.91,143.25,781.35,128.02,44.96,156.61,297.02,43.52,206.95,71.81,535.54,401.80,66.75,95.75,141.11,366.63,135.60,220.58,538.73,32.46,108.69,64.93,742.47,136.59,69.76,45.51,69.62,222.22,264.69,26.15,270.18,79.28,280.27,137.58,94.60,182.96
2025-08-04,179.97,202.73,532.55,211.65,309.26,774.55,98.95,194.60,195.31,296.02,952.72,117.10,107.61,160.66,176.78,67.35,181.71,97.94,237.84,462.65,19.50,135.66,910.92,295.34,179.94,112.34,483.36,220.06,204.77,145.00,217.75,171.00,395.01,779.59,697.20,472.27,29.50,87.98,353.58,338.85,454.86,77.10,2395.83,257.36,76.39,153.65,296.32,569.27,101.37,364.88,35.07,636.02,61.91,112.28,60.35,140.97,112.04,12.80,223.58,258.02,94.25,98.55,43.15,144.85,826.12,130.96,44.89,159.29,302.50,44.01,208.99,72.56,682.78,419.56,67.65,96.35,143.60,389.24,139.13,225.99,543.01,32.43,111.24,65.16,744.88,136.67,70.55,45.74,70.28,225.12,261.75,25.57,266.31,76.25,285.86,140.05,96.83,185.69
2025-08-05,178.23,202.30,524.70,213.75,308.72,761.67,98.67,194.23,194.88,291.26,941.01,114.79,108.90,173.27,174.31,66.40,178.07,96.22,235.78,465.07,20.19,135.55,878.87,293.52,182.57,110.33,477.00,218.35,205.02,144.21,217.03,169.09,377.93,764.09,687.50,374.98,29.46,88.40,342.30,338.74,441.75,75.65,2408.02,257.95,76.49,150.60,293.55,567.64,102.23,360.50,35.26,628.50,60.71,110.56,59.04,140.79,112.62,12.72,221.37,255.28,96.07,96.21,43.45,142.80,798.42,129.96,44.96,160.51,299.20,43.54,205.52,72.06,641.94,418.91,67.47,96.80,146.38,375.46,132.94,225.92,534.58,32.46,111.61,65.69,867.12,136.43,70.65,46.55,68.94,224.98,265.98,25.80,263.05,75.46,281.96,137.23,96.56,185.44
2025-08-06,179.39,212.60,521.91,222.31,319.91,770.18,102.70,195.65,196.48,299.95,965.87,117.85,108.62,179.54,163.12,68.06,177.06,95.48,236.07,466.69,20.41,136.86,883.72,278.45,183.07,108.19,474.06,218.36,203.32,143.36,220.15,172.89,390.57,774.23,688.83,385.65,29.14,87.21,337.21,345.62,451.69,73.60,2317.22,260.92,75.18,146.17,295.71,552.93,104.44,360.16,35.62,625.88,60.49,110.81,59.50,145.52,113.94,12.79,222.78,258.08,95.26,96.58,43.06,141.50,801.47,130.50,46.28,162.51,305.18,43.90,203.01,71.64,624.19,428.14,69.05,89.90,149.15,383.41,136.96,227.21,538.46,32.55,111.26,64.75,863.65,136.33,69.87,47.11,69.91,229.08,262.04,26.01,263.31,76.40,289.32,136.12,96.29,185.50
2025-08-07,180.74,219.36,517.83,223.13,322.27,760.04,102.46,196.08,196.84,302.03,974.74,118.04,111.71,182.20,172.40,68.74,182.04,98.67,239.73,464.66,19.77,139.90,907.38,278.48,183.07,108.19,469.81,220.77,200.86,143.42,216.00,168.10,437.34,756.49,710.92,375.63,28.70,89.20,335.17,338.27,425.00,74.26,2334.82,258.81,75.71,146.99,297.52,557.58,103.47,354.33,34.87,620.33,60.81,111.04,60.80,144.13,114.19,11.86,221.90,270.99,94.67,75.30,42.58,138.33,793.60,120.03,46.97,162.26,292.99,44.37,203.00,71.58,650.06,435.10,67.86,91.77,144.57,402.01,136.38,226.49,533.37,33.03,109.30,64.79,870.97,137.74,71.01,46.11,68.17,220.98,258.78,26.38,262.85,76.40,272.50,135.57,95.34,171.00
2025-08-08,182.67,228.65,519.02,222.69,329.65,767.50,103.07,200.97,201.64,303.23,978.26,121.16,118.72,186.96,172.76,70.60,183.75,101.26,241.75,467.62,19.95,141.15,910.10,281.93,184.36,117.14,470.08,221.59,200.61,145.05,214.96,167.06,455.98,743.96,720.09,366.54,28.70,90.28,334.53,341.05,424.49,74.79,2353.70,258.15,77.19,149.32,299.80,560.77,103.33,352.06,35.04,619.42,60.26,110.74,64.69,144.20,114.26,10.91,224.75,259.19,95.23,74.39,42.92,139.22,799.92,121.02,47.48,167.14,290.68,44.15,204.23,71.67,658.06,438.93,67.29,93.28,143.70,395.13,130.91,217.37,531.05,33.54,109.55,60.54,842.50,138.40,71.90,46.19,68.62,222.07,256.57,26.49,263.37,78.86,269.70,138.50,94.50,168.06
2025-08-11,182.03,226.75,518.76,221.30,339.03,764.08,103.26,200.55,201.18,302.17,986.00,121.83,123.54,182.68,172.28,69.50,183.26,101.51,245.59,465.60,20.65,140.82,905.51,278.86,180.90,118.18,471.85,221.71,200.74,145.45,213.31,168.17,465.58,701.34,719.08,374.46,28.46,89.91,330.27,333.65,426.43,74.46,2292.04,256.21,77.13,150.56,297.75,543.78,103.60,349.09,34.85,616.12,59.99,110.25,63.66,145.46,113.04,10.78,222.38,256.09,95.05,74.57,42.34,134.13,793.18,118.30,47.33,175.59,284.62,43.95,202.26,71.04,652.11,435.00,66.72,93.04,142.27,400.25,128.83,222.67,524.19,33.73,112.89,59.64,818.69,135.86,72.90,46.69,68.20,213.69,258.77,26.17,265.74,77.85,271.18,141.05,92.50,159.28
2025-08-12,183.13,229.21,526.18,221.47,340.84,788.15,102.96,202.88,203.70,311.05,988.50,122.53,127.56,186.97,174.95,70.19,187.31,104.77,248.96,468.42,21.81,142.76,930.73,278.75,190.02,117.74,478.19,229.59,201.26,151.11,217.17,175.40,467.00,708.68,739.50,387.77,29.09,91.50,337.32,338.43,435.80,75.72,2350.83,263.20,77.66,154.43,293.74,554.34,101.89,353.61,35.43,625.80,59.83,110.24,64.03,146.96,116.43,11.22,221.81,264.32,96.81,78.47,42.15,135.75,835.99,121.61,47.93,177.38,283.03,43.85,216.94,70.75,652.27,429.93,67.61,91.77,148.45,394.39,128.96,232.56,516.26,33.92,122.00,63.11,768.57,132.32,74.31,47.20,67.82,214.60,263.10,26.10,258.36,80.17,275.43,142.39,88.46,158.00
2025-08-13,181.56,232.89,517.57,224.56,339.38,778.25,100.34,201.51,202.57,307.33,976.13,120.44,124.09,184.37,184.42,69.23,188.88,106.23,247.54,470.80,22.22,145.17,944.60,283.01,190.34,117.86,482.35,235.12,203.80,153.92,216.63,176.86,446.40,706.92,753.24,395.92,29.85,92.30,326.42,351.07,432.12,75.88,2327.30,267.86,79.17,155.75,298.96,559.32,102.64,349.12,35.69,618.57,60.61,111.34,64.15,149.22,116.63,12.05,223.59,254.20,98.48,79.33,42.49,137.21,857.12,124.55,48.69,177.87,287.01,44.46,227.26,71.27,663.92,432.52,70.25,90.53,152.66,389.90,128.71,236.14,519.27,33.93,122.87,64.33,765.52,135.87,75.23,47.65,69.45,223.07,269.00,26.73,262.53,79.96,277.77,141.60,87.56,163.99
2025-08-14,181.99,232.34,519.46,230.98,335.58,780.30,100.20,202.48,203.36,309.46,972.68,123.06,125.11,181.02,180.95,68.15,187.10,106.86,247.01,472.78,23.86,144.46,950.50,283.95,190.75,116.76,477.08,233.72,202.37,155.40,218.10,173.55,433.34,705.86,752.88,390.30,29.81,91.20,325.01,348.58,424.86,76.05,2319.80,264.73,78.89,154.56,295.75,563.73,101.50,348.92,35.95,616.36,59.89,111.10,64.20,146.34,114.74,11.78,219.88,247.44,97.85,77.25,42.88,138.98,844.20,124.64,48.17,178.48,283.75,43.89,228.27,70.75,653.95,442.73,69.01,89.24,150.32,372.94,124.52,233.16,521.69,33.74,127.75,64.57,749.83,134.77,73.56,46.86,68.41,221.92,263.20,26.38,266.01,79.96,270.99,140.55,87.97,164.39
2025-08-15,180.42,231.15,517.17,231.03,330.56,783.39,99.59,203.44,204.45,304.59,969.34,123.89,120.69,177.17,177.51,65.10,160.78,99.03,251.28,475.20,24.56,146.19,870.45,289.99,191.60,116.12,480.26,229.19,202.09,155.16,216.89,177.09,438.68,711.92,739.87,392.79,30.31,89.37,321.04,354.85,427.90,74.88,2392.30,263.39,76.05,153.27,295.86,578.11,101.54,349.88,35.92,617.91,60.50,110.24,64.64,145.90,118.95,11.85,215.54,248.00,96.41,79.11,42.44,138.43,821.98,125.10,48.36,174.15,286.73,43.82,225.55,70.30,650.84,448.91,68.86,89.28,150.35,366.32,127.25,232.18,526.34,33.89,127.80,64.30,754.24,135.52,73.30,47.08,69.04,226.09,267.80,26.40,266.17,80.95,274.97,138.91,89.66,167.00
2025-08-18,181.98,230.45,514.11,231.49,335.16,765.57,100.29,203.04,203.83,304.02,976.63,124.51,123.37,174.03,176.14,65.84,162.54,98.41,251.82,473.65,23.66,145.37,880.77,286.23,191.36,115.75,481.28,229.11,201.74,156.19,219.98,176.17,438.54,712.38,745.24,389.88,30.29,91.29,321.97,357.24,426.34,76.10,2364.01,264.45,76.60,157.51,296.70,572.50,101.39,356.25,35.60,625.33,60.26,108.97,64.12,145.03,118.34,11.82,213.28,253.34,96.57,80.76,42.51,137.74,845.69,125.49,48.59,168.66,289.65,43.25,228.73,70.58,637.86,456.87,69.16,88.38,149.67,363.60,129.07,232.55,528.96,33.76,127.27,64.15,791.62,134.85,73.07,47.36,69.44,231.85,266.81,26.02,264.02,80.82,277.03,141.06,88.16,169.17
2025-08-19,175.61,230.12,506.83,228.01,329.31,749.72,100.88,201.12,202.03,293.23,978.13,121.42,121.87,157.75,166.55,65.65,161.24,99.85,254.82,475.04,25.31,147.90,873.48,289.09,192.95,115.74,479.20,228.01,202.06,153.59,222.05,181.56,412.60,696.31,741.32,390.76,30.71,89.70,316.45,361.03,418.60,75.67,2342.94,264.96,71.93,156.75,299.71,570.38,103.06,346.88,36.12,612.79,61.06,110.90,63.99,146.84,119.07,11.56,215.42,248.37,97.63,78.09,42.59,137.19,840.21,126.00,49.37,170.17,289.24,43.98,226.03,71.57,636.71,458.28,68.68,88.99,153.99,336.57,128.99,228.36,529.27,34.28,127.21,63.32,758.29,136.26,73.87,47.81,70.19,229.79,267.01,26.40,269.30,80.90,274.92,134.01,88.95,166.21
2025-08-20,175.37,225.58,502.80,223.81,323.90,745.97,102.15,198.87,199.74,289.51,991.81,121.39,117.04,156.01,165.20,65.99,159.99,98.67,255.60,477.46,23.54,146.51,875.83,289.97,197.70,116.48,480.45,242.29,202.30,152.79,224.26,184.43,412.38,694.45,747.18,394.36,30.16,88.30,313.43,353.43,419.17,75.46,2335.98,261.73,71.09,157.21,302.96,589.56,104.00,345.45,35.60,601.13,61.56,111.78,64.39,145.32,118.00,11.54,215.71,243.82,96.37,79.61,42.49,136.11,821.78,124.96,49.01,170.82,288.63,44.11,225.54,71.52,639.85,458.31,67.72,91.06,149.45,344.37,128.46,228.67,537.15,34.28,129.45,65.32,760.89,136.13,73.77,47.61,69.83,227.49,266.62,26.16,269.14,81.67,273.80,131.16,88.25,166.55
2025-08-21,174.95,224.47,502.15,221.95,320.11,737.37,97.56,199.30,200.17,287.95,966.99,120.62,115.62,156.18,163.71,65.91,159.33,97.94,254.76,475.83,23.50,144.81,869.80,289.30,197.64,113.94,469.88,244.35,202.69,151.51,227.08,183.32,418.76,693.06,733.13,397.46,30.44,87.36,311.74,353.43,414.06,74.48,2337.44,261.15,71.08,153.44,298.95,596.69,102.87,347.57,35.48,598.17,61.34,111.37,64.36,144.59,122.96,11.59,215.10,245.18,95.74,77.75,43.09,136.24,816.28,126.43,48.62,171.04,286.06,43.88,220.77,71.51,633.05,467.55,67.19,89.77,148.97,337.58,129.15,227.87,523.66,34.30,132.60,64.68,763.51,135.67,73.05,47.68,70.41,227.58,267.98,26.24,270.20,80.62,270.35,133.28,88.36,164.59
2025-08-22,177.96,227.33,505.13,228.84,340.01,753.02,96.44,205.63,206.26,292.32,955.88,120.46,117.51,158.74,167.76,66.20,161.97,99.60,248.63,476.78,24.80,145.46,867.69,289.63,202.91,112.59,476.16,249.54,207.74,155.32,227.49,185.88,441.68,658.20,752.56,395.12,30.94,87.18,309.39,362.09,420.55,76.78,2430.62,272.65,72.86,158.02,301.90,588.03,102.31,349.63,34.20,606.52,61.79,112.24,62.84,146.21,127.11,12.05,214.58,247.32,99.63,80.02,44.38,141.45,839.41,129.92,49.85,170.89,290.23,44.19,231.51,72.58,645.55,454.38,69.53,88.93,158.30,358.13,131.22,229.03,533.49,34.24,131.88,68.12,766.24,138.03,75.12,48.96,71.69,221.27,277.58,26.77,269.35,82.26,272.52,137.92,91.22,170.79
2025-08-25,179.78,226.73,502.17,227.94,346.60,751.53,95.68,208.02,208.69,292.55,938.97,121.81,116.25,157.17,163.36,66.02,161.47,100.79,248.42,472.99,24.55,144.06,876.94,284.46,202.82,111.98,468.44,251.81,205.67,153.76,226.80,184.55,450.68,652.54,752.13,388.94,30.82,84.65,309.91,363.21,418.83,79.03,2407.74,267.45,72.81,162.77,297.87,570.98,102.47,345.19,32.45,597.00,60.38,111.25,62.30,146.41,128.21,12.04,210.87,245.28,98.66,77.64,44.05,143.42,833.31,128.15,49.73,172.25,285.34,43.84,233.33,71.38,641.35,443.64,69.11,88.25,154.66,343.20,128.38,231.83,526.99,30.30,128.32,67.54,763.52,135.76,74.49,48.39,71.48,223.39,273.44,26.42,265.39,75.96,269.66,137.78,90.51,168.67
2025-08-26,181.74,228.87,499.96,228.71,351.67,752.33,95.66,206.67,207.48,296.31,938.73,122.61,116.33,160.87,166.62,67.25,163.98,103.13,247.89,477.02,24.35,142.89,885.46,285.55,202.83,112.57,474.26,252.93,207.49,156.46,226.88,184.23,469.33,655.10,760.84,387.18,30.52,85.46,315.79,354.91,417.60,79.52,2405.53,266.70,74.12,164.00,297.49,586.21,103.18,344.03,32.06,596.00,60.47,110.87,62.12,147.28,123.91,11.80,211.99,248.79,98.40,77.65,44.07,142.13,846.02,126.89,49.43,171.72,282.45,43.66,234.46,70.90,641.72,451.20,69.81,87.89,153.67,351.36,126.31,230.82,521.18,28.21,132.17,66.62,769.02,135.31,73.99,48.65,71.01,222.88,266.67,26.43,266.62,76.12,267.68,140.26,89.37,164.25
2025-08-27,181.57,230.05,504.64,229.12,349.60,745.63,95.69,207.01,207.74,298.54,946.89,122.35,117.58,156.72,167.13,67.30,163.86,103.17,248.05,477.80,24.85,143.51,886.25,283.96,202.33,111.76,471.15,252.81,206.26,157.05,223.30,187.61,462.94,658.71,767.62,389.08,30.63,86.47,315.16,356.35,422.61,80.47,2413.43,268.52,74.65,165.99,297.13,585.52,104.05,346.88,32.19,603.17,60.19,111.13,61.73,149.23,122.22,12.15,212.20,245.65,99.57,78.13,44.40,145.19,861.61,129.85,49.67,172.28,285.95,43.63,234.31,71.22,640.86,454.18,69.28,87.15,153.02,342.06,131.73,232.03,525.37,28.96,134.53,65.67,769.68,135.91,74.16,48.61,71.63,229.71,269.15,26.61,266.01,76.38,273.07,140.66,89.45,171.88
2025-08-28,180.14,232.12,507.53,231.60,345.98,749.35,95.72,211.16,211.89,306.89,942.34,123.14,121.82,158.12,168.58,68.28,164.74,103.59,247.26,477.25,24.93,142.87,891.34,281.64,200.97,110.42,473.84,251.57,206.36,158.06,224.75,191.02,483.75,663.70,761.10,392.05,30.42,86.83,318.76,353.96,442.00,81.84,2472.29,269.09,77.08,171.09,298.12,578.19,103.99,354.29,32.30,612.17,59.72,110.04,62.02,148.00,122.22,12.06,207.34,247.33,98.82,79.29,45.18,147.27,853.80,130.46,49.65,170.67,288.49,43.01,235.69,70.71,647.03,452.33,69.69,87.44,148.92,338.84,140.96,234.90,523.31,28.54,134.97,64.29,781.90,135.98,73.62,48.75,71.05,228.50,263.63,26.37,264.51,75.08,280.42,142.55,90.33,176.78
2025-08-29,174.15,231.70,504.59,229.00,333.87,736.97,96.58,212.43,213.05,295.69,940.70,120.82,118.84,156.71,162.63,67.94,160.25,99.67,249.55,473.43,24.35,144.49,869.41,283.71,199.39,110.83,473.30,248.66,204.63,157.99,222.64,190.52,478.59,662.51,740.33,391.02,30.78,87.00,307.22,356.70,423.70,80.14,2472.91,266.71,62.75,166.15,298.07,579.28,103.68,350.43,32.28,603.52,59.88,109.29,62.41,146.12,120.22,11.64,209.05,245.25,98.14,78.77,45.02,146.86,831.22,130.53,49.13,171.63,314.70,42.93,231.53,70.75,647.09,446.51,69.82,87.47,150.18,334.41,136.68,233.27,523.03,28.34,136.10,64.04,747.29,136.70,73.63,48.81,71.57,230.82,265.58,27.08,266.43,75.34,277.05,138.31,89.49,177.78
2025-09-02,170.75,229.28,503.03,225.34,329.36,733.39,97.45,210.87,211.51,296.54,936.21,121.41,118.31,157.09,162.32,66.67,157.07,96.56,253.41,469.32,24.21,146.08,843.84,282.93,196.76,110.57,469.07,246.67,202.86,156.08,218.92,190.52,481.73,657.54,723.61,401.00,30.92,88.56,306.43,345.63,413.50,81.71,2379.76,263.35,64.48,169.22,293.88,576.48,103.19,342.81,31.97,592.01,60.22,108.37,62.67,150.18,121.69,11.62,204.55,244.10,97.04,76.93,44.98,147.95,819.17,127.59,48.67,171.13,319.16,42.63,229.37,70.51,639.45,447.00,68.88,86.07,149.12,341.62,134.69,240.95,515.76,28.17,145.30,62.66,743.59,133.27,71.50,48.48,71.11,228.89,264.42,25.19,263.33,74.30,274.57,132.34,88.12,172.68
2025-09-03,170.59,238.02,503.26,225.99,334.09,735.32,99.03,230.14,230.58,300.67,947.14,122.62,118.55,154.90,162.13,66.55,155.75,97.27,250.21,466.99,24.00,144.48,841.39,279.90,192.75,110.84,441.18,242.93,199.51,154.60,222.00,191.53,487.35,664.18,734.55,396.62,30.71,86.07,307.71,348.50,413.20,85.79,2373.12,263.94,62.19,175.00,292.99,562.42,103.84,347.32,32.06,592.12,59.74,108.31,63.51,149.67,124.39,11.92,204.65,248.83,94.45,76.58,44.62,140.48,823.06,124.90,48.99,167.54,317.51,42.64,224.98,70.79,633.95,447.43,69.27,85.32,147.61,330.26,132.60,238.86,520.86,28.34,143.50,62.35,725.29,132.95,72.28,48.12,71.15,233.43,261.22,26.07,266.75,78.92,270.58,131.42,87.86,170.68
2025-09-04,171.63,239.32,505.87,235.68,338.53,746.90,100.52,231.78,232.14,304.35,953.25,125.75,124.03,156.14,161.79,66.86,157.73,99.94,249.68,469.08,24.61,142.78,870.70,276.20,184.43,110.63,454.52,244.48,200.59,157.88,222.12,192.35,499.97,663.79,751.10,396.93,30.76,85.83,308.29,344.31,412.46,90.37,2417.80,267.70,63.98,182.60,295.27,565.83,105.04,349.33,32.43,601.96,59.35,106.94,63.45,151.73,123.87,11.77,205.87,248.78,96.40,76.44,45.93,140.92,843.50,125.37,49.73,167.71,319.93,42.60,222.21,70.61,640.44,453.54,68.10,86.06,148.31,327.59,131.78,240.65,523.83,28.50,142.53,63.48,730.16,134.61,74.02,49.97,70.78,231.13,259.51,26.10,268.35,80.76,268.25,135.48,89.10,168.08
2025-09-05,166.99,239.23,492.95,232.33,350.84,750.69,100.10,234.47,234.64,332.98,960.81,124.38,131.18,153.11,151.14,65.79,162.23,102.46,250.31,466.23,24.49,143.69,902.40,279.69,185.06,112.87,466.86,245.43,199.74,158.01,219.31,194.46,490.24,668.29,779.29,396.12,30.73,84.27,300.83,348.97,417.63,91.92,2417.49,263.57,63.21,186.75,290.15,571.97,104.84,351.01,32.30,598.14,60.17,106.42,62.46,149.89,124.68,12.11,203.54,246.85,97.22,78.83,45.19,136.94,861.16,123.81,47.48,168.30,326.37,42.69,223.54,71.04,642.99,452.00,67.90,87.49,150.20,335.87,136.08,239.68,515.21,27.91,145.10,64.95,728.41,132.76,75.63,48.57,71.15,231.08,261.50,26.42,268.61,80.51,274.20,138.17,89.46,172.43
2025-09-08,168.28,237.43,496.14,235.84,346.40,750.54,101.86,233.72,233.84,343.68,969.15,124.48,131.27,156.10,151.41,65.77,161.53,104.57,240.55,471.31,24.48,139.09,906.28,276.29,182.98,113.68,470.00,247.33,200.20,158.41,221.86,197.38,547.04,667.16,793.79,395.25,30.81,83.03,298.08,358.66,428.06,93.17,2346.96,266.92,65.88,187.82,292.56,557.07,106.40,360.64,32.20,609.08,60.36,105.87,63.02,150.50,125.03,12.35,201.83,250.60,96.44,80.36,45.25,135.53,859.62,124.62,47.68,167.74,326.79,42.29,222.31,70.13,652.83,455.03,68.04,88.70,150.60,329.90,136.44,248.78,520.17,26.92,146.68,64.34,740.61,132.75,78.06,48.75,70.52,231.81,263.88,26.04,271.31,78.00,281.60,139.14,88.06,172.70
2025-09-09,170.73,233.90,496.35,238.24,346.97,763.91,101.87,239.30,239.61,334.75,976.53,126.32,135.04,162.36,155.82,66.22,162.98,105.06,240.37,470.12,24.44,140.46,915.00,276.07,182.20,113.56,467.54,246.53,199.69,156.85,221.94,197.55,558.17,666.38,802.65,396.48,30.51,82.68,300.07,354.06,423.51,94.42,2373.01,262.87,66.71,190.16,291.40,555.17,106.92,361.77,31.98,604.37,60.98,106.67,63.35,148.39,126.06,12.26,201.12,256.53,95.73,79.84,45.07,134.55,853.21,123.81,47.39,165.73,325.19,42.35,220.53,70.39,655.60,482.13,67.32,90.02,147.72,328.53,140.46,247.86,516.43,26.90,147.20,63.81,731.98,131.75,78.60,48.07,70.11,230.73,263.35,25.82,266.97,78.40,282.29,140.80,88.14,182.36
2025-09-10,177.30,226.36,498.30,230.33,347.79,750.22,100.00,238.85,239.24,367.46,953.64,124.77,139.80,166.74,159.54,67.00,162.90,106.84,238.05,469.39,24.77,140.03,929.86,274.63,181.20,113.06,449.98,245.57,197.36,157.13,218.08,197.33,567.12,651.84,790.69,388.55,30.34,81.76,319.21,350.16,424.87,94.90,2348.99,261.30,66.97,191.60,286.64,554.47,105.11,338.53,31.83,387.78,60.68,106.65,62.83,148.59,124.68,12.54,200.46,257.43,96.84,79.48,46.52,137.86,850.53,123.41,47.46,169.95,323.80,42.58,216.18,70.68,637.95,469.31,65.29,87.43,145.82,326.45,139.13,244.04,510.03,26.74,145.93,63.79,747.55,130.44,75.89,48.52,68.51,226.48,263.00,25.80,261.11,76.00,278.79,154.14,86.30,174.32
2025-09-11,177.15,229.59,498.94,229.95,368.81,749.14,102.23,240.04,240.45,357.58,961.64,120.35,150.35,164.36,155.67,66.56,169.61,115.02,239.05,480.20,24.61,141.57,956.43,278.80,181.53,115.62,455.85,246.59,200.73,159.66,219.00,198.33,571.31,656.08,801.68,397.37,30.26,81.25,317.21,350.55,433.38,96.03,2338.20,266.79,66.46,195.34,292.17,566.81,107.82,354.70,32.62,438.10,60.47,107.04,63.80,150.44,125.72,16.17,203.54,260.19,99.88,80.89,46.57,136.66,835.81,123.05,46.83,169.57,324.52,42.76,220.06,71.20,645.16,468.58,66.91,88.65,148.90,326.02,139.15,246.54,514.16,26.88,145.79,64.06,751.11,132.78,77.86,48.90,69.89,226.67,263.92,25.67,264.56,76.00,286.66,154.70,87.06,176.71
2025-09-12,177.80,233.62,507.79,228.15,395.94,753.82,103.07,240.47,241.05,357.82,965.21,118.84,157.00,171.43,158.57,65.42,167.26,116.40,239.38,478.66,24.08,140.88,961.16,272.54,179.81,112.38,449.68,243.58,197.14,159.98,217.42,196.29,582.00,641.68,811.36,394.53,29.96,80.79,322.68,349.36,436.10,97.53,2339.36,265.36,67.22,194.52,289.23,558.63,107.50,343.48,32.24,425.45,60.40,107.75,64.69,147.25,125.44,18.87,201.42,257.98,100.62,79.68,46.10,135.14,829.61,122.55,46.94,172.06,319.05,42.64,215.73,71.69,641.14,465.89,66.53,88.31,144.40,331.44,136.50,246.26,509.34,26.53,145.93,63.75,756.13,132.44,76.34,48.40,68.52,223.39,263.40,25.30,260.55,76.22,283.19,150.64,86.80,174.87
2025-09-15,177.73,236.25,513.23,231.43,410.04,762.91,103.27,251.27,251.42,362.01,957.44,120.23,157.54,171.21,161.16,65.91,170.38,118.64,237.42,473.39,24.77,138.04,985.97,270.58,175.48,111.17,433.99,243.29,197.40,159.38,221.46,201.28,593.14,646.95,864.62,393.21,29.56,81.56,329.60,347.10,444.77,102.26,2335.82,264.00,67.30,209.54,286.63,571.19,106.30,351.52,32.27,419.20,60.03,107.40,64.35,146.40,127.39,19.46,198.77,258.09,100.29,81.00,45.89,132.82,845.09,120.37,47.25,171.45,321.07,42.69,216.17,71.96,643.99,461.14,66.75,87.32,144.76,327.79,138.65,247.25,502.08,26.06,143.14,62.24,760.79,129.36,77.66,47.60,67.95,222.75,260.72,24.81,253.91,75.58,285.66,153.86,88.97,173.87
2025-09-16,174.86,237.70,506.93,234.05,421.62,777.17,103.00,250.82,251.08,357.95,949.43,120.05,158.59,170.26,160.46,65.82,172.98,119.89,235.32,468.17,25.27,137.45,987.63,269.28,174.92,109.51,434.50,242.48,196.66,162.26,218.08,201.34,603.80,646.92,875.71,391.36,29.26,83.23,322.11,352.73,444.98,102.96,2390.14,266.74,68.73,209.55,284.49,573.65,105.39,349.01,32.24,425.97,61.10,105.17,66.16,145.81,129.06,18.25,198.36,263.09,100.96,79.78,46.83,136.66,852.36,121.66,46.75,171.76,318.51,42.00,217.87,71.03,645.65,461.24,66.49,87.38,146.52,335.09,134.59,247.73,499.31,26.27,144.75,63.50,750.67,129.02,77.38,46.57,68.52,219.01,261.08,25.10,250.67,76.55,281.96,153.85,88.13,172.04
2025-09-17,170.27,238.54,507.91,231.62,425.86,773.90,103.84,249.19,249.51,344.20,960.36,122.85,159.76,168.33,159.16,66.59,177.56,121.31,237.13,476.50,24.90,138.62,986.93,270.89,177.55,110.89,433.66,244.69,197.34,163.37,221.22,203.12,606.66,658.22,869.58,387.15,29.38,82.09,320.48,362.07,445.50,100.81,2446.32,260.93,70.85,211.76,284.54,584.06,104.55,347.27,32.54,425.40,61.23,105.84,66.52,146.02,134.86,17.99,199.04,259.25,99.00,80.29,46.09,138.68,872.89,123.20,46.62,173.26,319.28,42.49,219.76,70.97,640.86,451.73,68.26,89.11,141.31,329.71,134.23,250.52,506.47,26.56,144.78,64.81,751.81,129.84,76.53,46.62,69.37,234.88,268.02,24.91,248.54,76.44,279.46,153.37,87.87,172.25
2025-09-18,176.22,237.43,506.34,231.23,416.85,778.42,103.18,251.69,251.99,343.38,949.72,120.78,168.65,176.97,157.92,67.54,189.15,125.71,236.52,472.67,30.57,138.13,1043.58,271.99,178.85,112.24,435.83,247.40,195.96,166.21,216.80,205.68,621.52,670.42,924.94,387.11,28.67,82.29,321.91,367.46,502.63,105.02,2476.37,262.82,74.09,215.02,286.71,597.24,103.69,364.88,33.20,480.11,61.64,104.78,64.64,145.45,132.96,18.70,198.58,268.07,99.55,80.99,46.88,138.85,912.79,125.47,46.72,172.84,323.04,42.37,224.34,71.09,655.51,452.17,68.16,87.72,141.91,349.12,136.81,249.74,505.84,26.50,145.86,65.28,766.47,128.52,73.90,45.46,69.60,233.50,262.17,25.25,244.20,75.78,291.11,146.54,89.26,169.63
2025-09-19,176.65,245.03,515.79,231.48,426.07,776.56,101.91,254.37,254.89,342.97,948.52,122.70,162.49,182.39,157.39,67.08,189.49,126.31,235.86,475.65,29.58,139.14,1041.71,281.44,176.63,112.70,438.72,243.70,195.19,164.94,216.87,208.19,649.59,683.29,929.27,383.12,28.62,83.42,330.08,365.90,502.55,106.49,2452.34,267.37,74.12,219.57,287.75,590.54,103.93,373.35,32.75,495.50,62.09,105.39,64.13,145.54,129.47,19.33,199.19,265.29,97.63,84.21,46.94,137.89,911.38,127.04,47.07,172.76,322.67,42.67,221.90,71.03,656.16,453.56,67.86,88.54,140.37,344.75,138.82,250.85,501.48,26.41,144.76,64.19,774.53,127.43,74.81,45.85,66.31,233.62,262.55,25.58,242.35,67.45,294.27,142.91,87.10,169.05
2025-09-22,183.59,255.59,512.32,227.63,434.21,763.88,102.40,252.19,252.54,337.44,940.64,122.74,164.38,179.33,159.79,66.62,199.88,131.56,235.14,474.41,28.76,138.43,1068.07,282.02,176.88,111.12,444.55,245.70,194.84,167.78,217.37,208.18,643.50,697.37,954.84,383.13,28.53,84.14,346.26,364.08,493.14,112.27,2460.66,262.97,75.39,227.61,289.38,594.22,103.45,373.37,32.97,514.79,61.88,105.38,63.98,144.04,128.57,19.61,201.64,262.75,95.28,85.01,47.27,137.06,917.80,125.44,46.62,173.09,324.39,42.66,223.57,71.27,644.10,458.92,67.32,87.17,138.46,335.93,138.35,251.64,506.45,25.28,145.03,64.44,775.92,127.82,74.67,45.38,67.52,242.66,266.13,25.54,243.06,69.51,291.57,144.48,86.31,170.63
2025-09-23,178.41,253.95,507.12,220.71,425.85,754.14,102.10,251.32,252.00,337.58,940.98,121.85,166.17,182.55,160.90,66.42,200.23,131.30,237.17,476.58,29.34,139.28,1068.02,282.82,179.26,113.01,447.75,245.14,195.13,167.59,219.44,203.25,651.18,694.48,960.54,379.72,28.65,84.53,335.81,361.78,484.10,110.11,2494.35,260.72,74.48,226.42,285.00,566.50,103.73,366.30,33.83,490.32,62.19,106.45,64.48,145.04,128.52,19.56,199.65,265.75,95.95,85.27,48.52,140.37,909.30,123.50,47.48,173.74,324.86,43.47,223.46,71.95,648.38,454.41,66.95,87.99,138.87,327.78,137.49,251.28,500.85,25.82,145.38,63.76,777.58,126.74,74.50,45.28,67.03,240.32,267.04,25.71,241.19,68.20,289.29,140.99,85.31,165.68
2025-09-24,176.95,251.83,508.04,220.21,442.79,759.39,102.31,246.80,247.49,337.95,942.65,120.39,161.48,179.56,160.88,66.20,200.80,127.96,236.09,470.81,31.22,139.55,1065.50,275.33,181.62,112.29,443.99,246.96,194.47,171.57,220.10,200.70,641.92,690.11,944.02,376.62,28.64,83.13,338.29,353.27,476.33,109.55,2510.97,261.02,79.94,222.03,287.25,575.57,103.47,356.96,33.58,468.09,62.75,107.18,64.93,148.77,130.96,19.82,199.10,260.74,95.10,83.60,49.45,142.77,903.51,123.08,47.03,167.04,323.52,43.47,225.48,76.77,627.17,458.37,67.50,88.36,140.58,323.31,136.57,244.12,502.53,25.58,141.00,64.88,698.02,125.73,73.88,45.39,67.72,241.51,263.39,25.89,241.83,67.50,284.42,144.30,84.05,163.83
2025-09-25,177.67,256.38,504.93,218.15,423.39,747.66,102.63,245.46,246.24,334.76,940.69,120.82,156.60,179.12,161.27,66.72,198.96,127.77,235.63,470.46,33.99,137.34,1055.95,267.41,179.26,109.64,438.12,245.89,193.63,167.74,222.10,202.21,639.91,688.02,946.62,381.87,28.65,82.70,325.52,354.16,473.09,107.07,2492.25,259.78,83.65,218.21,284.68,554.15,104.58,351.06,33.55,487.20,60.97,106.18,64.59,148.80,131.01,19.78,201.10,262.08,93.81,83.21,49.68,143.93,886.55,121.75,47.34,168.00,320.17,43.03,224.64,76.10,618.17,449.58,66.39,88.03,139.96,300.70,136.60,245.11,491.94,25.09,135.59,63.88,712.15,124.19,71.40,44.89,66.04,242.75,270.57,24.99,242.94,68.30,286.66,140.65,83.09,162.42
2025-09-26,178.17,254.97,509.34,219.78,440.40,742.51,102.74,246.21,246.84,333.19,913.41,121.06,157.04,177.57,159.46,66.10,203.27,127.97,235.17,471.09,35.50,137.85,1061.13,269.18,181.73,110.74,441.12,245.92,194.09,167.27,220.99,202.37,669.86,693.56,948.58,385.74,28.74,82.26,330.44,360.37,481.42,106.74,2468.42,263.08,83.01,215.88,287.29,562.52,106.10,350.11,33.77,487.76,61.75,107.44,65.34,150.86,129.99,19.51,203.28,262.47,98.65,84.32,50.09,146.36,882.73,123.70,48.18,192.99,322.88,43.34,223.87,78.10,632.22,446.40,66.94,88.12,138.12,309.06,139.07,256.12,496.20,25.07,137.03,63.47,708.84,125.68,72.36,44.87,66.35,246.67,273.40,25.22,245.94,67.10,294.65,139.62,83.99,166.65
2025-09-29,181.83,253.95,512.47,222.17,443.21,742.16,102.66,243.72,244.03,326.59,914.33,120.64,163.66,178.86,161.36,66.59,204.29,130.72,235.65,473.15,34.48,137.58,1060.97,270.16,180.43,111.25,439.22,243.17,195.10,163.41,217.28,203.96,712.36,690.02,959.64,395.31,28.53,84.48,333.44,359.42,488.45,116.59,2501.31,265.68,82.24,227.43,288.40,559.37,107.55,348.52,35.58,481.61,61.03,108.07,66.96,151.19,130.67,18.86,202.95,272.50,98.01,84.65,50.12,141.75,881.77,122.92,48.35,201.67,322.03,43.51,223.94,78.85,630.56,447.49,69.31,88.19,140.56,326.42,145.26,259.96,497.84,25.24,141.65,63.13,716.02,125.99,72.99,44.60,66.45,247.69,276.12,24.88,247.64,66.46,296.90,139.80,84.23,165.31
2025-09-30,186.56,254.15,515.81,219.57,444.72,733.15,102.64,242.77,243.22,328.59,923.06,119.89,167.08,182.42,161.79,67.28,204.08,133.52,237.06,471.67,33.55,137.85,1075.40,278.27,180.92,109.65,447.23,244.07,196.24,164.46,215.07,203.62,718.54,678.31,965.10,391.64,28.47,83.46,328.25,352.75,490.38,119.91,2336.94,259.32,83.91,235.03,289.23,560.89,107.81,351.26,35.26,493.39,61.37,110.74,67.31,151.72,132.17,19.53,204.30,271.99,96.51,84.08,48.31,141.28,917.25,121.42,48.52,201.32,317.67,44.24,225.55,79.45,638.89,456.00,66.70,89.00,140.31,322.21,142.40,258.36,495.58,25.08,144.01,63.27,717.64,124.25,75.00,44.97,66.44,240.73,275.11,25.21,250.36,67.29,299.66,141.49,84.37,159.70
2025-10-01,187.22,254.96,517.56,220.63,459.46,716.14,101.54,244.57,245.21,332.06,914.79,117.09,181.89,184.95,164.01,67.61,217.04,142.38,231.00,463.54,35.94,140.50,1125.52,294.35,177.63,109.80,438.04,237.69,195.94,164.59,213.13,206.80,704.09,674.93,1000.17,404.21,28.33,83.26,350.03,343.72,499.96,130.42,2176.91,260.54,83.73,255.72,287.36,598.47,105.68,351.97,34.76,488.78,62.06,110.99,67.43,152.53,134.40,19.35,202.69,267.64,95.91,85.18,47.95,141.71,912.50,122.32,47.21,201.25,315.73,44.29,222.75,79.11,620.11,460.65,66.31,88.62,138.77,338.41,152.70,255.40,494.87,25.17,147.28,63.16,711.34,121.56,75.41,45.09,65.90,232.21,275.10,25.44,248.40,66.08,304.53,150.38,83.48,149.57
2025-10-02,188.87,256.64,513.60,222.41,436.00,725.84,101.29,245.36,246.10,336.83,914.23,116.25,183.48,187.05,169.73,67.17,222.87,146.57,227.91,466.19,37.30,139.68,1135.88,293.26,179.54,109.21,443.01,240.07,196.72,166.92,216.07,209.30,683.64,677.27,1026.99,408.85,27.84,85.55,356.57,351.48,496.80,131.09,2246.60,265.26,86.04,253.63,285.65,598.53,104.97,347.24,35.32,471.15,60.69,111.69,67.58,155.48,135.24,19.24,201.96,270.09,97.25,86.29,47.99,141.37,927.09,121.49,47.66,200.62,320.91,44.20,225.53,78.41,633.84,460.99,68.56,86.46,140.13,352.33,151.57,256.94,494.49,25.31,152.80,65.16,720.53,120.98,76.72,44.57,66.37,232.10,269.61,25.24,246.29,66.44,307.58,152.15,83.90,151.05
2025-10-03,187.60,257.53,515.21,219.51,429.83,709.37,101.65,245.02,246.12,337.02,912.84,115.33,187.68,173.07,164.67,67.19,216.83,145.40,228.04,463.46,36.83,139.36,1098.28,293.74,177.57,111.32,452.35,240.39,194.89,167.25,215.82,207.19,682.76,675.36,1029.03,403.30,28.30,85.25,359.11,346.74,489.88,131.14,2172.75,266.42,86.06,251.69,287.07,598.53,104.79,347.27,35.76,469.17,61.57,112.28,67.17,151.97,134.25,18.99,201.66,271.22,96.28,85.79,48.09,145.59,915.45,120.22,47.37,200.31,318.90,44.57,226.70,79.06,631.19,456.35,68.88,86.40,140.85,351.63,151.82,257.68,497.66,25.40,157.16,65.56,715.51,122.15,76.46,45.11,67.02,236.48,280.01,25.23,247.90,67.05,305.41,152.64,84.80,150.49
2025-10-06,185.52,256.20,526.38,220.90,453.25,714.47,102.28,250.09,251.17,334.15,908.41,116.33,190.80,179.53,203.71,68.17,223.19,148.73,222.78,465.27,36.59,137.12,1136.32,290.03,179.03,112.20,449.69,240.89,194.84,166.69,215.89,212.58,587.00,665.58,1040.08,402.90,28.47,81.00,363.20,350.14,495.95,125.12,2154.22,270.78,88.75,241.77,286.32,584.04,103.30,353.36,36.00,478.22,60.69,113.85,67.09,151.59,134.33,19.08,198.11,281.74,96.70,86.38,48.66,147.20,964.54,120.35,47.27,200.08,323.43,44.91,229.20,79.79,627.78,452.00,70.91,86.28,142.34,359.69,157.36,256.98,504.67,24.87,158.28,65.61,721.59,121.91,76.31,44.45,67.16,238.36,282.74,24.46,243.94,66.36,305.24,156.22,81.15,150.19
2025-10-07,185.02,255.99,521.81,221.78,433.09,711.89,102.82,245.43,246.79,335.06,912.26,119.11,185.54,182.17,211.51,68.25,210.88,139.95,225.47,467.08,37.17,138.19,1081.52,291.43,174.35,115.36,440.94,232.20,194.83,163.57,208.80,211.04,631.85,653.56,999.21,410.28,28.02,80.19,357.27,348.31,484.62,119.78,2187.57,266.30,86.81,224.03,288.67,581.81,101.85,345.48,35.74,477.83,61.50,116.32,68.15,149.68,133.48,18.60,198.24,276.78,94.90,84.92,48.17,147.01,942.01,119.85,46.94,199.64,314.19,45.99,217.48,80.63,627.28,459.58,74.21,86.78,140.88,328.40,154.52,260.50,508.23,24.90,162.32,64.00,714.60,124.51,74.39,44.23,67.30,233.17,276.48,24.61,244.96,66.03,292.75,159.35,80.60,150.12
2025-10-08,189.09,257.57,522.68,225.22,438.69,716.64,102.48,244.29,245.13,344.12,912.26,121.43,196.38,183.56,235.56,69.58,216.81,142.14,224.38,464.55,37.43,136.28,1059.43,290.52,178.83,116.81,448.09,236.35,195.64,165.85,204.39,217.79,629.70,653.37,984.76,421.15,28.18,78.96,370.08,348.77,509.95,121.02,2179.89,266.83,92.33,223.37,286.47,562.48,100.76,350.00,35.70,489.36,60.57,116.35,68.73,151.35,133.77,17.89,197.88,281.05,93.97,86.46,47.44,147.17,977.29,119.99,47.04,199.63,311.41,45.82,223.48,80.63,629.91,450.68,75.73,85.85,144.29,330.80,164.12,258.07,517.62,25.15,161.81,65.93,727.41,124.09,75.03,44.93,67.76,238.25,274.37,24.28,242.36,67.78,313.89,166.77,79.00,149.52
2025-10-09,192.55,253.56,520.24,227.74,435.54,732.29,101.35,241.20,241.88,343.64,940.27,123.11,192.17,185.47,232.89,69.21,219.60,140.60,224.02,454.95,37.80,142.04,1050.34,291.32,176.23,115.32,443.76,236.30,190.40,163.77,206.81,215.17,600.32,641.75,977.51,414.86,27.54,78.70,382.28,347.47,509.13,119.55,2275.00,265.00,90.51,220.73,281.73,568.50,99.72,348.67,35.80,484.41,59.92,115.09,69.03,149.32,131.25,17.67,190.85,275.44,93.46,86.19,47.48,142.37,975.65,120.15,46.21,199.67,310.32,45.86,219.30,80.05,628.75,456.95,75.35,86.26,140.80,320.29,164.07,256.69,515.70,25.41,164.40,64.89,734.04,122.74,74.12,44.04,67.97,238.22,265.00,24.24,240.16,68.08,315.21,170.66,77.53,147.74
2025-10-10,183.14,244.80,508.84,216.37,413.49,704.12,101.42,236.25,237.17,323.33,927.43,122.01,181.45,175.44,214.90,67.21,209.28,131.00,226.57,450.64,36.37,147.31,979.83,286.09,169.08,115.75,429.59,223.83,187.30,151.83,205.73,208.55,569.89,638.64,933.30,407.79,26.98,77.40,367.58,337.51,493.66,115.27,2133.67,259.09,85.51,213.45,281.04,563.25,102.15,327.00,35.24,438.92,60.37,115.21,69.62,147.06,124.27,17.10,187.08,266.02,91.29,83.04,44.66,138.04,901.11,118.19,45.29,199.64,303.50,46.27,203.40,79.72,616.15,460.46,69.47,86.53,133.86,304.79,158.74,251.97,506.67,25.38,162.33,59.52,703.03,123.07,70.92,43.88,65.18,233.18,259.49,24.35,241.94,65.12,309.88,154.81,75.58,144.56
2025-10-13,188.30,247.19,511.92,220.07,435.90,714.51,101.70,243.82,244.31,355.27,932.96,121.90,192.61,177.21,216.42,66.74,218.78,137.42,222.88,453.44,37.22,146.14,1021.96,288.33,172.44,116.77,435.73,233.11,189.17,159.93,209.28,213.28,590.11,652.46,981.62,407.37,26.93,78.95,379.96,339.32,508.61,118.71,2175.91,262.13,89.28,218.55,280.21,556.36,102.88,332.23,35.32,448.00,60.09,114.98,67.15,154.09,127.55,17.78,187.06,273.52,91.51,84.20,45.10,140.30,978.06,118.86,41.88,199.91,307.97,46.05,214.62,78.96,633.32,464.95,68.49,86.52,135.72,315.47,164.20,256.68,510.38,25.97,163.94,63.44,710.00,124.90,71.74,44.07,65.72,236.60,258.73,24.31,240.97,65.20,313.04,171.94,75.18,149.39
2025-10-14,180.01,247.30,511.44,216.39,429.24,707.47,106.77,245.12,245.86,342.75,943.88,121.54,186.91,179.74,218.09,67.93,217.49,137.92,227.20,456.03,35.63,148.74,1022.66,289.76,171.28,117.04,436.39,233.84,194.48,159.89,210.32,207.56,590.03,653.93,980.15,412.22,27.46,80.05,388.59,335.94,488.94,112.99,2157.82,266.82,86.11,210.71,281.76,571.20,103.05,325.75,35.88,443.76,61.03,116.53,68.61,154.58,127.10,17.98,187.35,270.54,93.36,83.08,44.45,140.02,964.69,122.89,42.29,199.82,306.59,46.57,214.04,79.64,636.91,469.36,68.78,88.40,134.97,300.67,160.88,257.72,511.47,26.24,161.38,63.65,704.67,126.05,72.24,44.77,66.64,237.18,266.25,24.63,242.24,66.21,301.80,168.16,75.73,156.37
2025-10-15,179.81,248.87,511.30,215.57,435.15,716.35,108.59,250.69,251.37,349.92,952.34,120.33,191.78,179.62,238.60,68.78,226.85,144.37,224.45,448.26,37.15,148.37,1083.78,293.18,172.59,116.86,435.61,236.57,188.78,161.11,202.38,206.70,602.30,649.48,1006.69,407.90,27.21,81.74,402.95,330.63,489.02,120.29,2048.35,265.05,88.78,218.42,280.07,575.01,102.12,324.10,35.99,435.90,60.57,116.68,68.65,156.30,127.58,18.45,186.57,272.61,93.47,83.58,44.09,140.13,1004.22,124.26,41.79,200.37,305.08,47.01,215.15,80.58,639.15,470.27,67.62,87.39,134.58,296.76,160.02,261.50,497.44,26.48,163.54,64.25,644.99,125.00,73.12,44.56,66.12,234.76,264.56,24.39,242.86,65.41,302.35,170.67,75.19,149.84
2025-10-16,181.79,246.98,509.49,214.47,428.75,710.88,106.04,251.12,251.54,352.73,923.05,118.36,202.36,178.12,234.56,68.35,226.99,141.97,224.26,441.13,36.84,149.85,1095.54,291.69,172.80,116.42,434.62,240.01,189.41,162.20,197.26,205.51,605.68,643.81,1016.44,408.61,26.79,83.20,395.55,329.23,482.23,125.76,2043.06,257.93,88.12,225.05,276.08,567.77,101.17,324.25,35.74,440.20,60.51,115.70,70.16,154.53,127.35,18.29,183.50,266.67,93.41,83.14,44.26,137.66,1023.05,122.89,41.51,199.97,299.82,46.55,215.33,79.89,637.34,481.07,65.70,87.89,137.63,283.84,151.17,259.23,497.79,27.25,163.19,64.39,652.17,123.99,73.28,44.06,64.85,227.60,255.34,24.33,228.01,66.33,299.24,171.19,74.35,150.13
2025-10-17,183.20,251.81,511.45,213.04,439.31,715.72,107.29,252.96,253.45,347.93,933.73,119.94,202.21,178.15,233.08,69.38,224.27,141.11,227.11,447.73,37.01,150.87,1103.37,294.65,173.88,121.32,446.13,241.26,189.21,161.58,201.95,207.89,599.31,658.14,1026.09,416.81,27.05,84.20,385.54,333.26,484.65,126.04,2024.98,259.73,87.84,224.42,277.17,576.63,101.60,326.12,36.35,447.64,61.36,115.70,70.22,155.62,128.48,18.19,187.22,263.06,92.94,83.44,44.80,137.32,1000.95,125.91,42.01,199.92,303.66,46.96,212.30,79.95,635.40,481.67,67.05,89.13,137.57,289.87,152.87,261.35,502.21,27.56,165.76,64.18,670.68,124.06,73.95,44.34,65.46,234.25,253.16,24.71,231.27,66.60,300.25,165.61,73.99,151.95
2025-10-20,182.62,261.74,514.65,216.48,447.43,730.95,106.61,256.20,256.67,347.84,933.51,123.86,206.60,181.59,240.56,69.90,227.40,143.64,227.86,448.40,38.10,150.80,1149.47,299.11,176.85,121.61,458.47,244.59,192.07,165.13,204.82,211.82,565.94,661.50,1038.93,419.10,27.08,83.39,369.08,343.40,503.61,121.37,2102.11,258.89,85.74,213.47,278.91,575.36,100.97,329.64,36.42,453.35,61.70,115.98,69.76,156.76,131.56,18.32,191.43,265.37,95.68,84.86,45.89,139.39,1027.79,127.21,42.53,200.21,307.95,47.42,217.71,80.07,643.41,491.22,68.83,89.36,140.24,296.61,156.29,262.29,503.57,27.28,167.91,66.08,683.13,124.09,75.38,44.76,66.07,241.20,251.51,24.89,234.21,68.43,305.90,171.50,74.96,158.79
2025-10-21,181.14,262.27,515.52,222.03,442.60,732.05,105.79,250.12,251.00,341.29,934.90,124.14,202.12,181.51,238.03,69.96,225.28,144.63,226.86,446.93,38.12,150.35,1144.02,296.95,178.08,122.57,462.74,244.74,194.92,166.90,210.56,214.40,552.64,671.72,1021.86,426.27,27.44,84.74,357.90,357.55,503.95,121.25,2142.05,267.28,84.16,213.64,279.84,577.92,101.31,333.45,35.48,459.04,60.66,115.60,68.90,155.72,130.71,20.33,195.57,261.97,98.01,84.78,46.35,139.73,1024.88,128.56,42.86,200.17,310.57,47.18,220.21,79.44,637.13,474.00,69.68,90.35,143.87,301.91,156.25,260.28,512.16,27.20,165.31,66.52,707.04,125.02,76.00,45.76,68.12,245.67,252.52,24.76,235.94,69.75,310.37,169.38,76.85,168.71
2025-10-22,180.26,257.96,518.38,217.95,438.97,732.19,106.70,251.35,252.19,338.94,942.06,111.64,198.31,175.49,230.23,69.91,219.85,140.85,225.20,446.77,36.92,150.21,1111.01,291.86,168.10,119.98,527.03,238.77,192.62,167.34,208.35,212.42,564.82,667.47,1008.45,426.44,26.92,84.34,349.19,354.09,500.11,120.32,2095.21,270.91,80.95,214.11,279.81,583.31,101.21,330.51,35.67,454.30,60.88,115.44,69.72,155.37,130.06,20.53,192.63,252.31,97.96,84.66,46.90,140.47,997.71,127.50,42.15,200.37,308.15,47.29,215.08,79.48,633.78,464.90,67.71,91.08,140.54,280.81,154.21,255.56,506.62,26.93,160.40,63.55,701.09,124.11,76.04,44.93,67.72,242.83,244.94,24.82,236.38,70.70,307.92,165.71,77.19,167.89
2025-10-23,182.14,259.09,518.40,221.09,448.98,732.77,106.42,252.74,253.39,342.91,939.44,111.36,206.54,180.48,234.99,69.52,227.74,147.12,217.86,446.93,38.16,148.71,1155.56,288.81,169.56,119.27,551.30,241.68,205.72,168.09,202.89,215.02,589.70,674.39,1033.21,422.63,26.83,84.28,364.89,354.12,521.98,125.56,2148.32,268.55,82.67,225.42,277.45,574.28,98.27,337.27,35.28,456.09,59.93,114.37,69.89,155.97,133.29,21.25,191.44,254.59,97.55,84.93,48.48,145.29,1066.86,127.35,42.53,200.24,309.84,46.79,218.61,79.21,638.60,464.00,69.29,89.87,135.40,284.92,156.59,254.53,477.76,27.08,160.12,64.13,716.39,122.28,77.16,44.67,67.39,243.28,243.92,24.60,233.71,71.06,318.77,166.60,77.66,165.01
2025-10-24,186.24,262.32,521.44,224.21,433.72,737.13,105.74,259.57,260.16,352.71,929.55,109.47,218.84,184.63,252.92,69.88,228.02,151.25,215.66,442.88,38.28,148.75,1179.31,287.70,166.55,119.47,546.51,236.43,201.50,167.01,204.99,217.11,620.00,679.73,1029.91,421.39,26.81,84.92,388.22,353.52,527.32,129.26,2161.11,270.16,84.03,233.10,276.85,576.53,97.27,345.10,35.88,464.18,59.70,114.17,69.69,156.06,133.96,21.15,189.94,258.15,98.28,85.56,46.90,144.00,1070.95,127.99,42.41,200.46,312.88,47.22,217.06,79.19,640.85,463.43,69.40,90.02,135.66,289.08,156.47,255.12,476.61,26.70,159.66,62.24,735.95,122.14,78.07,44.66,67.22,242.75,244.20,24.45,233.86,70.33,323.00,170.68,77.89,162.64
2025-10-27,191.47,268.30,529.32,226.97,452.42,749.57,104.04,268.90,269.56,360.60,927.27,109.46,219.92,189.18,259.67,70.63,230.59,156.45,218.54,441.70,39.54,149.81,1211.52,287.11,166.82,119.00,551.25,241.40,200.50,185.53,209.30,220.29,643.10,680.03,1056.71,420.17,26.94,86.04,390.18,357.80,529.70,126.51,2282.32,270.05,88.60,229.32,276.44,583.87,95.79,351.40,35.75,465.41,60.57,114.57,69.68,160.02,137.76,21.04,187.80,263.35,99.22,85.29,46.21,142.56,1100.98,129.07,42.09,200.12,313.53,47.25,219.44,79.48,647.40,478.58,69.88,90.10,136.27,295.63,157.62,254.27,461.61,28.74,164.02,63.60,749.00,122.54,78.28,44.16,67.41,238.91,245.44,24.77,232.61,70.63,326.33,178.62,78.12,164.26
2025-10-28,201.01,268.49,539.83,229.25,460.55,750.19,102.75,267.11,268.07,371.48,921.60,110.25,221.73,189.60,258.01,71.84,226.91,155.18,217.86,439.62,41.53,147.35,1202.46,288.03,164.36,116.45,545.39,237.76,199.89,178.96,203.97,221.38,626.82,675.59,1049.23,422.39,26.81,84.27,383.99,359.91,546.94,124.76,2290.14,264.32,88.35,222.03,275.56,652.88,96.30,341.30,35.43,456.83,59.15,113.31,69.32,159.99,138.03,20.99,189.00,261.42,97.34,85.87,47.45,139.34,1082.36,128.01,41.40,199.92,311.08,46.89,210.92,78.63,634.36,475.91,72.63,90.46,135.63,284.64,157.27,251.57,454.07,28.36,165.29,62.70,755.00,121.60,79.33,44.07,67.18,236.93,248.88,24.71,231.06,69.23,328.98,173.09,78.23,163.96
2025-10-29,207.02,269.19,539.31,230.30,461.51,750.41,102.04,274.20,274.80,384.44,909.89,110.04,226.44,198.81,264.33,70.57,235.00,160.21,212.93,428.98,41.34,143.46,1231.61,287.71,157.81,117.06,537.59,233.48,198.47,176.63,202.19,217.16,631.20,652.82,1069.43,417.21,26.12,83.03,400.43,337.86,545.50,141.20,2295.92,261.99,90.04,264.46,257.42,651.31,94.52,341.43,35.05,455.34,56.83,120.20,66.56,157.65,138.08,21.34,183.04,266.06,96.40,84.22,47.91,141.80,1090.05,126.48,40.86,199.82,297.08,46.39,202.75,78.50,627.66,481.59,69.31,87.24,135.67,275.36,156.00,251.73,444.24,26.69,166.95,61.62,759.44,115.08,77.31,42.50,71.02,231.36,241.56,23.60,207.04,68.18,320.96,170.39,70.51,159.28
2025-10-30,202.87,270.88,523.58,222.86,440.10,665.36,101.81,281.10,281.52,374.96,917.63,108.90,223.83,194.55,254.84,72.13,231.81,160.55,208.61,426.90,40.16,144.83,1210.80,287.94,158.06,117.00,530.02,231.36,197.94,175.23,202.36,218.27,620.62,652.96,1074.03,419.89,25.02,82.02,381.53,339.24,538.68,137.95,2360.76,261.15,88.46,267.17,257.72,652.44,95.15,336.09,35.39,442.93,56.76,119.99,66.57,157.38,136.01,21.62,183.12,254.07,97.00,84.20,48.17,140.34,1083.56,126.34,41.32,199.54,300.77,46.27,204.40,80.37,628.54,449.56,67.57,87.56,136.79,254.57,157.07,252.78,441.37,27.21,194.22,61.16,738.88,114.91,74.93,42.48,71.51,232.87,230.92,23.80,216.60,68.20,322.04,165.45,69.64,160.67
2025-10-31,202.47,269.86,515.67,244.22,456.56,647.27,100.77,280.81,281.44,368.15,910.21,111.89,223.59,200.47,256.12,72.33,232.35,157.01,208.01,415.37,39.99,143.39,1205.15,294.28,160.41,118.33,534.28,232.58,199.14,178.83,202.26,220.24,637.33,664.27,1057.83,425.57,25.49,79.78,376.06,340.31,543.01,150.02,2327.26,259.46,93.63,254.77,256.51,650.20,94.44,338.69,35.77,453.82,56.45,118.38,66.83,158.22,134.87,22.45,182.41,254.37,96.59,86.43,48.00,141.37,1001.30,126.54,40.92,199.68,301.34,45.33,207.12,79.96,629.51,456.04,68.90,87.44,139.95,269.51,162.81,256.37,444.11,26.70,189.60,61.50,732.23,114.72,74.88,43.01,72.20,239.92,233.84,23.94,217.76,58.22,331.14,169.82,68.81,169.42
2025-11-03,206.86,268.54,514.89,254.00,468.37,636.65,101.18,283.34,283.73,361.10,926.77,110.01,234.51,207.18,259.65,73.65,236.95,160.78,201.35,409.29,39.50,140.95,1215.52,292.18,160.41,120.56,544.21,232.06,195.62,178.65,200.38,219.23,632.14,672.87,1065.41,426.00,24.71,79.86,376.77,337.47,551.92,157.82,2316.40,262.76,90.26,264.39,253.42,640.68,91.70,335.41,35.58,445.72,55.65,118.05,66.51,160.49,134.68,22.29,181.19,242.05,95.66,87.52,48.23,139.47,1000.24,126.80,40.81,199.51,303.64,45.41,208.37,80.05,722.94,434.07,67.98,84.86,137.05,264.67,162.08,255.65,446.48,26.19,186.23,61.49,724.10,112.83,74.40,43.00,72.05,237.68,222.20,23.55,214.41,60.43,336.27,168.68,69.38,176.08
2025-11-04,198.67,269.53,512.20,249.32,444.26,626.27,101.85,277.16,277.68,350.53,939.46,109.30,217.85,190.74,250.05,71.55,229.45,155.34,204.29,415.01,37.03,140.26,1189.94,292.57,158.33,121.50,538.82,227.86,194.33,170.86,198.84,214.52,608.68,657.17,1028.78,421.67,25.13,78.52,361.92,335.35,533.92,151.98,2305.69,271.07,87.48,249.29,255.44,626.46,93.83,333.22,35.59,416.35,55.09,118.42,66.87,161.52,133.84,22.60,183.25,239.93,95.13,85.22,45.80,137.64,954.34,122.35,41.07,200.40,300.86,45.59,202.46,80.37,722.12,423.47,65.73,85.60,140.88,246.99,157.51,252.43,447.25,26.01,182.77,58.62,706.13,112.86,74.23,42.85,72.13,233.47,220.91,23.40,218.99,61.18,328.30,160.73,69.79,165.00
2025-11-05,195.19,269.63,505.06,250.20,462.07,634.89,101.06,283.92,284.36,357.54,933.75,109.85,237.30,187.90,256.33,71.33,240.12,164.58,202.76,415.30,38.38,140.22,1223.45,315.41,162.51,121.09,548.55,234.44,194.91,177.67,195.62,213.18,617.05,652.11,1042.38,417.00,25.58,81.76,362.35,335.53,534.14,159.89,2301.88,281.86,92.79,274.57,255.79,642.61,94.94,327.63,35.07,409.11,55.03,117.89,67.87,161.52,136.34,22.76,184.94,238.00,98.88,85.99,46.86,135.54,996.47,122.50,41.45,200.36,300.96,45.36,208.42,79.98,720.21,434.56,67.70,86.81,140.31,255.00,154.98,254.76,443.79,26.27,186.88,59.90,639.53,114.20,75.54,41.93,73.96,232.10,225.15,23.37,213.07,59.28,323.90,160.19,70.44,161.46
2025-11-06,188.06,269.26,495.04,243.04,445.91,617.91,101.27,284.36,284.95,354.17,922.32,109.70,238.13,175.05,237.70,70.28,232.78,161.73,199.06,412.41,37.24,138.97,1202.82,311.20,160.33,121.90,547.78,231.34,193.78,171.22,195.14,211.37,621.36,650.43,1027.84,416.25,25.01,81.11,350.43,327.35,532.52,163.39,2128.33,279.94,93.22,277.26,248.68,645.28,95.00,324.45,34.92,396.14,55.20,117.66,66.31,159.53,136.74,22.42,184.02,196.46,96.47,80.54,47.11,138.98,954.54,120.53,40.55,200.00,294.86,44.93,204.47,79.34,713.74,440.49,65.91,87.43,137.23,237.20,190.82,252.40,442.44,25.91,185.68,58.48,587.14,110.59,74.10,39.98,72.15,224.50,217.86,22.96,211.89,58.02,317.92,158.25,67.36,156.13
2025-11-07,188.13,267.96,494.76,244.41,429.52,620.67,102.17,278.45,279.32,348.03,921.48,110.37,237.72,177.93,233.54,70.31,229.33,158.90,204.99,417.56,38.13,140.31,1189.83,315.74,159.51,117.39,560.00,226.97,191.96,168.94,196.77,212.29,619.93,645.66,1015.62,409.47,25.04,84.41,357.50,326.95,539.81,162.75,2108.60,289.91,90.81,278.13,250.46,655.92,97.09,325.05,35.09,393.43,56.17,119.53,69.73,160.37,135.78,22.67,184.20,204.31,96.87,81.79,47.69,141.82,954.73,120.88,40.63,200.22,297.18,45.42,202.60,79.70,708.45,442.70,65.87,89.98,139.43,241.93,191.24,232.00,445.00,25.52,189.70,55.45,602.51,110.81,72.99,40.51,72.51,225.17,219.86,23.51,213.67,55.00,320.01,152.38,67.52,157.83
2025-11-10,199.03,269.18,503.90,248.40,445.23,630.71,102.00,289.71,290.20,356.96,914.31,112.01,253.09,193.61,243.98,71.32,234.33,165.90,203.87,417.72,38.45,139.99,1214.33,319.16,159.54,116.71,576.20,230.46,193.94,169.61,197.51,216.54,651.32,650.06,1037.42,421.20,24.83,83.46,360.03,328.85,557.53,174.00,2092.04,289.23,93.12,292.71,250.36,653.13,98.10,328.94,34.88,400.77,55.26,121.60,70.03,161.21,138.13,22.98,184.38,204.08,97.16,82.28,48.62,142.89,972.72,120.20,41.12,201.02,298.72,45.07,203.16,79.20,709.59,441.70,65.90,89.83,137.30,238.88,199.72,234.06,447.76,25.68,191.92,54.59,584.69,110.33,73.42,41.41,72.20,227.97,210.45,23.60,211.96,54.84,328.90,154.84,67.23,159.13
2025-11-11,193.14,274.99,506.57,249.10,439.62,626.03,103.02,290.91,291.34,350.55,912.61,113.64,240.91,190.96,237.52,70.94,227.94,158.73,209.93,423.66,37.88,142.40,1187.36,333.74,158.69,121.07,572.17,231.86,198.23,171.99,201.18,218.27,594.91,651.11,1021.07,429.22,25.14,85.25,350.80,333.22,556.73,169.77,2099.57,290.65,89.22,286.75,251.48,672.90,99.22,318.51,34.74,395.60,56.11,121.77,71.91,162.02,137.11,23.05,184.89,200.63,96.21,83.66,48.77,146.26,951.20,122.53,41.03,201.55,301.86,45.05,200.92,79.95,712.47,451.95,67.04,91.71,139.04,231.35,197.86,240.70,441.24,26.28,193.69,53.90,572.18,110.49,73.35,41.34,72.44,226.98,209.22,23.88,214.28,58.13,331.29,149.74,68.41,157.54
2025-11-12,193.78,273.21,509.02,244.20,430.60,607.99,103.02,286.32,287.04,353.80,912.75,115.75,244.70,184.17,258.89,73.17,229.99,160.96,210.62,425.96,37.89,141.73,1195.41,331.60,162.03,121.90,572.45,239.84,199.40,174.65,206.16,210.04,584.86,656.06,1035.96,434.19,25.54,86.08,353.14,337.05,545.86,165.90,2103.91,290.42,89.22,282.03,250.84,680.05,98.09,315.54,35.14,398.81,56.01,121.72,70.48,162.14,136.04,22.19,184.41,196.51,96.98,82.14,47.35,144.31,954.82,121.69,40.74,201.62,301.74,45.54,202.12,79.51,713.56,452.74,66.84,91.84,138.38,224.61,190.89,240.34,453.11,26.45,194.39,54.81,569.51,109.94,74.91,41.28,73.50,225.93,213.07,23.96,211.93,59.61,317.08,148.75,69.02,155.50
2025-11-13,186.84,272.69,501.21,237.58,401.99,608.87,102.12,278.19,278.74,338.62,923.82,115.42,236.75,172.14,247.96,76.55,222.52,152.88,212.49,425.64,35.91,142.34,1158.27,331.32,161.18,123.68,565.51,235.96,197.70,172.51,202.18,204.77,556.15,646.92,1018.52,434.52,25.61,85.27,334.91,333.60,529.78,156.96,2031.05,286.20,87.41,261.42,250.90,693.29,98.35,315.99,34.64,393.93,55.97,120.53,71.08,161.12,134.47,22.14,187.03,195.21,95.09,81.03,47.33,143.52,920.89,121.19,40.53,200.96,297.17,45.06,199.29,78.94,701.48,453.97,64.98,90.22,134.99,208.54,185.97,237.55,445.70,26.54,190.96,54.00,557.29,110.65,73.90,41.62,72.87,223.49,204.80,24.16,216.68,59.72,308.60,140.31,68.53,152.05
2025-11-14,190.15,272.16,508.07,234.69,404.35,608.44,102.06,276.04,276.60,341.09,921.72,111.22,246.63,174.01,246.81,77.17,225.29,147.84,213.99,420.42,35.52,143.16,1130.95,332.05,158.30,123.50,549.51,233.33,198.06,171.99,201.08,205.25,557.70,659.16,1005.65,437.15,25.19,84.24,337.68,331.11,537.55,157.63,2048.89,284.50,86.34,257.09,249.40,691.80,98.80,314.93,34.66,389.83,55.86,120.35,71.31,159.88,130.95,23.03,186.29,206.96,94.14,82.31,48.55,148.31,916.80,122.02,40.23,200.68,299.39,45.55,195.21,79.38,689.93,449.16,62.48,90.36,131.84,199.75,185.01,235.03,447.44,26.67,193.22,52.69,554.37,110.95,73.09,41.08,71.94,230.82,203.10,24.06,214.85,58.06,299.45,139.77,68.05,151.79
2025-11-17,186.58,267.21,505.39,232.87,408.92,601.00,102.53,284.63,285.21,341.28,911.34,110.29,241.75,171.25,240.52,76.95,227.98,147.04,213.75,414.92,34.71,145.10,1132.23,336.96,153.98,122.58,546.71,228.42,195.11,164.84,191.36,202.90,539.27,642.81,1018.66,434.02,24.93,83.15,338.22,325.07,529.78,162.24,2057.72,281.68,83.35,260.24,247.25,702.58,99.56,311.29,33.77,390.24,54.59,122.75,71.84,158.71,129.04,22.74,183.34,210.65,92.73,81.94,47.70,145.50,893.71,117.60,39.48,200.39,291.96,46.20,188.68,80.10,669.00,460.54,61.56,90.00,129.45,195.42,180.26,233.58,441.85,26.50,197.40,50.94,543.23,109.34,70.57,41.33,70.50,224.95,201.84,23.71,218.09,58.49,294.92,140.26,67.00,146.02
2025-11-18,181.34,267.19,491.75,222.55,401.25,596.69,100.98,283.89,284.57,339.14,893.86,114.09,228.31,167.33,230.29,76.54,224.40,142.83,211.01,411.81,34.33,146.02,1121.63,339.20,156.30,125.63,546.77,228.60,190.50,163.17,190.52,201.00,526.01,646.54,1002.74,435.52,25.05,82.80,338.90,324.47,513.67,152.66,2058.81,281.69,78.58,252.75,246.05,723.56,98.33,303.21,33.75,383.82,54.80,122.54,72.90,159.20,119.58,23.69,183.49,212.08,95.53,80.15,47.88,148.69,853.81,115.42,39.74,201.43,292.23,45.99,186.78,79.79,670.21,462.30,60.38,90.25,130.22,206.80,176.46,239.09,442.37,26.96,201.62,50.12,533.77,108.83,70.96,41.32,71.39,225.64,200.69,24.17,221.94,60.17,293.11,136.04,66.81,148.75
2025-11-19,186.50,268.31,485.10,222.69,403.99,589.33,100.20,292.41,292.59,353.00,889.38,110.00,225.73,165.42,223.55,77.55,234.38,148.38,209.22,410.31,35.11,144.40,1165.94,337.64,156.07,126.51,564.64,230.66,189.63,164.21,186.85,199.90,530.05,647.42,1037.96,421.03,24.60,83.14,357.00,318.11,520.59,153.77,2077.18,282.98,81.22,258.01,246.76,701.03,98.70,306.76,33.72,386.30,55.09,120.76,72.30,159.75,118.02,23.09,183.05,202.32,95.03,79.73,48.30,147.81,881.39,114.44,39.33,201.20,291.19,45.17,188.24,78.48,697.10,460.76,59.93,89.44,127.08,186.50,176.31,240.46,442.74,26.44,203.56,50.05,531.09,108.42,72.25,41.37,71.92,223.86,194.22,24.12,223.84,59.73,291.81,136.99,66.02,146.51
2025-11-20,180.62,266.00,477.34,217.14,395.23,588.17,106.67,289.06,289.59,345.43,892.07,105.67,201.20,155.74,206.02,74.63,219.96,139.19,208.47,405.65,33.62,143.40,1101.02,331.39,152.34,123.47,552.23,223.71,187.21,157.77,182.56,185.07,520.82,634.31,979.75,422.32,24.39,82.09,345.32,312.40,501.31,140.05,1899.75,281.84,76.59,239.45,245.43,736.11,99.01,302.14,33.45,385.60,54.77,119.95,72.22,159.80,112.93,22.88,182.78,187.73,96.12,78.04,47.89,145.38,854.04,111.54,38.93,200.74,286.95,45.02,182.42,78.30,689.35,445.79,57.93,89.19,125.86,177.13,159.57,235.37,438.84,26.75,199.64,48.30,519.61,107.34,74.68,41.02,71.98,216.81,194.71,24.18,220.86,58.42,279.73,132.53,65.52,144.04
2025-11-21,178.86,271.24,471.04,220.69,391.09,593.26,104.89,299.25,299.24,338.84,897.78,104.31,207.20,154.85,203.78,75.29,223.73,142.25,207.45,409.85,34.50,143.63,1095.70,335.22,158.37,125.10,561.61,230.78,189.08,161.43,189.92,182.90,520.26,659.89,965.30,426.76,25.04,84.80,337.66,324.19,490.67,139.01,1951.78,295.27,77.36,236.46,249.43,754.99,100.43,300.58,34.04,388.36,56.00,119.89,72.04,173.24,113.24,23.17,185.37,189.63,101.43,78.86,48.70,145.57,869.14,114.26,39.69,200.31,290.80,45.36,189.52,78.48,725.91,436.38,60.39,90.93,133.83,170.50,157.55,235.47,441.72,27.27,198.76,50.15,521.99,110.31,76.38,40.73,75.60,225.14,203.00,24.48,222.14,60.23,275.01,131.57,67.25,146.28
2025-11-24,182.53,275.66,472.92,226.28,417.78,612.03,103.64,318.15,318.04,376.45,884.91,106.97,223.75,162.25,215.05,75.43,230.62,149.95,205.33,404.81,35.79,142.81,1135.25,332.00,160.21,123.75,568.48,237.81,187.73,163.17,194.20,183.89,559.80,650.02,986.52,424.00,24.23,82.81,353.63,318.73,506.82,150.74,2008.92,295.66,83.69,252.28,246.46,760.54,99.00,304.47,34.15,404.63,55.20,121.08,73.24,173.37,113.49,22.86,181.74,188.08,100.91,79.77,49.17,146.76,889.68,114.41,39.37,200.67,289.85,45.84,189.72,79.06,752.14,434.23,60.38,89.78,131.88,179.04,158.44,239.07,437.63,26.90,206.93,50.95,524.60,108.78,78.17,38.91,74.54,226.64,199.08,24.43,218.83,62.21,280.35,134.71,67.55,146.45
2025-11-25,177.80,276.71,475.90,229.67,419.40,635.16,106.56,323.00,323.20,383.49,893.11,104.40,224.35,163.55,206.13,75.50,242.16,151.50,204.89,404.99,35.83,143.41,1144.40,338.76,160.72,125.57,578.87,250.35,190.08,161.43,195.43,186.27,556.03,644.89,1001.90,429.82,24.43,85.36,351.12,319.55,512.34,155.21,2055.00,303.53,83.33,260.75,252.58,786.37,101.38,303.66,34.66,401.61,55.53,120.63,74.82,175.73,114.00,22.96,183.25,195.49,103.33,80.87,49.24,146.15,905.27,118.56,39.87,201.28,294.43,45.39,189.19,79.19,766.68,429.80,61.04,91.26,133.88,172.19,158.99,241.84,444.36,26.59,209.02,51.53,528.89,110.96,79.89,39.06,76.06,233.69,200.76,24.63,222.00,61.69,289.73,131.44,69.20,149.04
2025-11-26,180.24,277.29,484.39,229.16,426.58,632.55,108.66,319.52,319.85,395.98,907.02,106.14,230.07,165.77,214.24,75.26,249.66,154.70,205.74,405.04,36.81,145.25,1157.57,342.20,164.28,125.96,574.23,256.21,189.05,163.25,195.65,185.35,586.37,626.04,1039.60,432.17,24.33,86.14,358.61,317.52,501.54,157.54,2033.32,304.06,87.61,271.09,250.63,783.67,101.51,306.35,35.05,409.68,56.20,121.76,75.04,176.91,115.80,23.88,184.18,195.98,103.36,80.55,49.34,148.42,921.55,116.74,40.08,201.54,301.38,46.17,191.90,80.04,755.96,445.12,61.64,91.28,134.46,175.64,158.40,243.63,444.04,27.21,204.51,52.26,533.17,110.26,80.56,38.75,76.66,215.34,199.81,24.78,222.86,62.53,251.97,132.61,67.82,148.03
2025-11-28,176.98,278.59,490.89,233.22,430.17,646.87,110.06,319.75,319.69,401.35,912.34,107.58,236.29,168.45,217.53,76.12,251.94,155.56,208.01,407.45,40.56,145.99,1173.94,343.08,167.18,124.31,573.48,263.58,191.24,166.17,195.77,190.13,599.48,630.96,1058.60,433.61,24.44,86.55,363.87,320.13,509.16,163.12,2071.78,304.20,89.29,275.49,251.58,779.25,101.70,311.84,35.24,418.01,56.56,122.80,74.99,175.59,116.08,24.00,185.59,198.37,103.83,81.13,50.01,151.68,924.75,116.99,40.18,201.65,303.34,46.72,193.07,80.88,752.88,451.23,62.50,91.69,134.83,177.18,160.01,246.07,444.18,27.43,207.77,53.27,540.14,110.54,79.92,38.98,77.32,215.62,200.12,25.09,224.04,63.47,251.50,135.56,68.80,149.52
2025-12-01,179.90,282.84,485.63,233.88,430.14,639.80,111.08,314.46,314.69,384.54,910.72,109.13,240.26,167.49,219.76,75.23,254.43,154.35,205.64,404.29,40.01,146.75,1155.68,335.17,167.07,122.82,567.37,264.74,189.28,166.12,194.85,187.73,623.59,628.52,1086.56,425.60,24.34,84.37,358.57,322.85,504.13,163.33,2064.55,302.85,90.99,268.92,252.11,749.21,101.24,309.62,34.74,438.29,55.41,119.56,75.95,176.72,118.27,23.87,185.00,205.58,102.40,81.82,49.97,155.23,924.93,118.80,39.93,202.24,305.12,45.30,197.58,78.54,728.97,454.56,62.39,92.33,139.20,171.42,157.90,249.34,441.55,27.69,211.41,53.12,533.21,109.40,79.17,39.15,77.04,213.35,196.94,24.95,222.98,63.52,243.28,135.01,68.02,151.58
2025-12-02,181.44,285.92,488.88,234.42,429.24,646.02,111.95,315.38,315.59,380.04,920.77,109.35,239.29,170.69,215.24,76.05,265.00,157.74,209.12,405.93,43.47,145.87,1188.32,336.03,174.12,122.40,567.72,271.16,192.20,168.75,204.54,189.88,653.00,632.51,1107.32,433.15,24.74,84.65,363.18,322.81,516.55,159.78,2115.91,304.06,92.78,265.71,253.43,741.11,99.84,317.94,34.86,449.35,55.00,118.29,74.71,176.79,118.90,24.53,183.77,216.98,104.29,82.94,49.29,155.05,948.68,118.50,40.25,202.86,310.25,44.62,213.29,77.86,732.73,464.93,62.71,92.45,140.98,181.33,156.48,246.83,442.11,27.65,206.60,56.38,537.75,109.64,80.15,38.96,77.30,213.06,197.72,24.55,223.82,64.45,241.68,136.48,68.20,153.91
2025-12-03,179.57,283.88,476.64,232.38,446.74,638.53,113.94,319.20,320.19,379.09,921.00,103.96,233.97,176.08,217.60,76.92,268.30,159.56,207.51,407.78,43.76,145.33,1210.18,343.04,181.42,123.48,569.71,276.40,192.51,173.07,201.04,193.63,662.21,644.50,1139.42,463.13,25.12,86.55,360.78,326.78,524.17,155.39,2119.83,306.06,100.08,257.54,256.43,722.80,98.61,336.11,35.83,466.44,55.04,117.13,73.99,177.22,117.20,24.57,184.29,222.48,106.90,82.76,50.30,157.44,954.49,120.13,40.99,203.02,307.24,44.16,225.38,77.22,725.93,473.29,61.06,91.64,150.74,188.39,155.83,244.95,443.85,27.85,206.78,63.24,543.55,112.22,83.52,38.85,78.84,214.84,199.96,24.62,223.45,64.85,243.66,139.19,69.02,156.76
2025-12-04,183.37,280.44,479.74,229.11,454.53,660.43,114.37,317.19,317.96,379.51,894.64,103.22,226.46,177.92,215.98,76.93,269.10,156.90,207.01,402.38,40.50,144.20,1206.51,337.82,178.95,121.13,568.63,275.42,191.28,173.24,200.25,195.68,683.78,659.82,1108.62,457.36,24.91,84.46,368.13,328.73,513.12,160.92,2139.56,295.43,98.07,264.47,255.62,721.93,99.51,337.30,36.06,463.74,54.82,117.11,73.26,176.31,116.82,24.54,183.61,221.19,106.86,85.18,50.42,158.56,949.23,120.82,41.52,203.25,305.85,43.54,223.99,76.61,717.47,465.34,61.54,90.77,153.30,186.01,153.00,247.51,442.74,28.10,205.04,64.34,550.61,110.62,82.45,38.80,79.79,216.62,199.98,24.18,221.07,65.25,241.85,140.49,68.19,156.54
2025-12-05,182.40,278.52,482.06,229.53,455.00,672.30,114.64,320.83,321.65,388.68,893.46,100.24,237.02,181.76,217.97,77.14,267.67,158.51,208.63,398.23,41.41,143.74,1212.88,327.62,181.36,119.74,575.34,279.43,190.38,173.69,207.41,198.84,691.94,670.32,1098.02,455.48,25.01,84.57,359.34,346.26,512.03,168.81,2066.42,292.03,98.79,277.58,257.82,717.50,98.89,337.53,36.18,466.76,53.94,116.62,73.74,177.09,117.62,26.08,186.32,225.00,108.66,86.92,49.02,157.66,959.73,124.32,41.27,203.73,306.74,43.44,225.76,76.03,714.10,458.12,62.09,90.65,154.93,178.99,151.41,247.88,445.51,28.21,204.00,65.42,550.95,110.91,85.38,38.72,80.31,219.96,205.10,23.94,220.22,65.49,242.68,141.31,68.01,159.33
2025-12-08,185.54,277.63,489.90,226.89,439.58,665.69,113.10,313.50,314.23,399.50,886.31,96.79,246.72,181.49,221.11,78.02,267.83,162.55,203.46,388.08,40.30,144.34,1223.00,319.02,179.77,119.71,566.89,278.26,191.04,174.19,206.62,195.35,689.76,653.02,1118.21,442.04,24.40,82.88,357.19,339.12,515.19,169.70,2088.36,287.26,91.89,284.17,254.92,702.42,98.11,337.29,36.23,465.75,53.79,114.82,73.94,177.41,117.62,27.23,182.56,225.43,108.06,83.53,47.21,156.58,979.96,122.01,40.58,203.34,301.39,42.96,226.81,74.60,706.65,430.02,60.94,89.86,151.47,183.69,154.28,247.28,444.66,28.51,196.55,66.96,553.12,111.29,83.02,38.41,80.30,221.00,204.65,24.11,217.95,65.62,244.88,139.78,66.33,160.74
2025-12-09,184.96,276.92,490.90,227.92,445.17,655.86,114.59,316.86,317.53,404.67,887.23,96.71,252.21,181.84,221.62,78.66,266.81,165.61,200.39,389.07,40.50,143.36,1224.02,311.69,178.36,117.91,558.13,275.38,189.23,174.88,207.36,195.00,724.62,652.53,1109.98,437.01,24.53,81.75,358.67,344.32,517.98,169.46,2074.48,283.29,88.79,281.63,254.47,691.75,94.25,335.07,36.25,465.85,53.16,115.16,73.57,176.64,117.14,28.26,182.73,229.99,107.26,83.50,47.51,157.23,959.41,125.39,40.12,203.63,300.75,43.39,225.86,74.59,699.06,415.21,60.60,89.95,148.68,188.99,152.57,248.73,438.62,28.57,194.17,66.46,546.65,111.58,82.96,38.44,80.54,222.25,205.13,23.83,215.04,66.33,243.01,141.93,67.93,161.41
2025-12-10,183.77,278.52,477.47,231.78,451.45,649.04,112.72,319.98,320.77,411.32,873.22,92.71,263.49,187.91,221.42,79.39,274.81,168.06,194.39,391.37,40.78,148.37,1237.30,313.21,180.49,119.86,555.92,280.69,191.11,181.05,210.61,192.96,703.28,659.18,1117.85,444.64,25.26,83.31,361.59,343.13,519.54,181.86,1970.73,286.41,92.36,297.62,255.56,725.34,93.63,338.06,36.97,475.83,52.94,113.26,73.86,181.43,115.28,29.53,185.11,220.30,111.76,81.60,47.86,159.33,975.42,127.57,40.70,203.32,300.10,42.91,229.59,73.51,701.83,404.46,60.98,90.00,157.10,184.64,151.20,246.02,440.25,29.03,189.85,67.50,568.39,111.72,84.40,39.19,82.80,222.75,213.29,23.95,213.50,67.56,243.29,141.52,67.87,161.73
2025-12-11,180.92,277.77,482.37,230.28,446.89,651.62,115.05,312.21,313.48,404.74,883.27,94.09,258.25,187.54,221.43,78.42,269.77,168.51,194.40,401.95,39.51,147.72,1244.56,315.20,180.49,121.71,547.36,282.51,192.89,180.11,210.71,190.36,716.98,672.69,1121.36,445.93,25.27,84.20,378.09,350.43,517.65,187.11,2019.81,295.89,89.32,306.51,260.83,745.90,93.96,335.43,37.03,477.26,52.84,113.36,72.49,182.74,111.97,29.49,188.40,224.52,111.08,82.47,47.28,156.11,977.87,128.00,41.52,203.47,300.93,42.72,230.63,73.56,707.50,412.63,61.50,89.13,158.70,183.30,149.90,242.41,443.80,28.97,195.24,68.69,581.03,113.45,85.97,38.69,83.40,224.04,212.06,23.99,215.30,68.94,242.08,136.14,67.47,163.26
2025-12-12,175.01,278.02,477.44,226.19,458.96,643.15,116.46,309.07,310.30,358.49,883.26,95.19,240.94,183.57,210.78,76.97,258.89,160.33,194.23,414.85,37.81,149.32,1192.37,315.55,178.26,118.93,542.32,278.45,192.70,177.15,211.58,191.69,670.67,667.63,1079.43,452.04,24.93,84.80,351.51,356.43,504.78,176.26,2015.89,298.14,84.33,286.39,263.92,740.40,94.11,323.22,37.27,452.95,53.09,113.23,73.97,181.70,111.96,29.98,187.10,227.49,109.87,82.22,46.68,155.75,943.03,128.39,41.78,203.54,297.64,43.20,226.98,74.03,704.20,397.55,61.47,90.80,159.27,176.45,146.00,241.47,443.82,29.01,197.01,66.79,564.28,114.26,83.89,38.67,83.52,224.49,206.60,24.05,216.14,66.96,236.28,130.89,68.23,162.04
2025-12-15,176.28,273.85,473.74,222.54,475.31,646.96,116.55,308.00,309.10,338.45,859.39,93.77,237.30,183.25,207.58,77.41,260.94,164.10,195.22,415.59,37.51,149.88,1223.52,323.07,176.82,119.10,559.52,279.56,196.47,178.12,217.81,185.88,675.16,651.38,1086.39,455.71,25.83,84.85,356.66,351.15,487.47,171.96,1966.76,307.90,84.16,284.34,262.78,751.72,95.14,318.43,37.06,454.67,53.30,114.86,74.85,183.89,110.40,29.71,188.02,226.98,111.25,81.52,46.71,153.14,945.91,131.81,42.35,204.01,294.31,43.50,230.63,74.59,700.55,391.50,60.56,91.94,157.24,162.08,142.05,244.56,441.57,28.74,196.92,66.79,551.79,114.19,84.38,38.67,83.62,214.90,209.52,24.10,217.68,65.73,230.31,124.37,63.75,159.17
2025-12-16,177.71,274.35,475.31,222.56,489.88,656.59,115.18,306.35,307.51,339.94,859.22,94.57,232.32,187.75,209.17,76.72,258.52,163.06,197.05,422.09,37.31,149.04,1221.78,324.49,176.41,118.11,554.58,277.53,197.28,175.00,216.98,187.09,677.30,666.06,1074.63,454.96,27.22,84.53,365.14,347.89,488.53,174.50,1933.72,305.38,83.97,286.88,260.02,745.46,92.90,319.53,36.68,463.34,53.02,113.67,75.34,182.01,109.02,28.90,187.19,227.94,110.46,82.47,44.85,148.17,947.86,132.01,42.11,204.01,293.98,43.39,228.56,72.63,693.18,391.17,61.14,92.11,156.72,167.50,140.05,244.53,441.75,28.11,200.67,65.51,555.06,114.03,82.18,39.15,83.21,216.11,211.29,24.27,217.09,66.37,232.78,121.10,63.62,159.56
2025-12-17,170.93,271.59,475.04,221.27,467.26,648.94,115.42,296.51,297.85,324.72,861.47,94.79,225.33,177.29,198.11,75.19,247.96,154.79,198.43,420.93,36.05,148.75,1170.50,323.77,173.36,120.67,556.86,270.19,198.90,171.24,213.15,183.44,657.13,657.53,1014.09,449.52,27.76,84.66,340.51,354.66,470.02,166.18,1916.28,309.47,81.60,276.44,263.29,748.89,92.85,313.02,36.38,453.07,52.87,113.81,74.34,182.35,105.00,28.21,186.94,221.30,109.94,79.38,45.12,153.15,908.89,133.78,41.64,203.44,292.97,43.84,222.08,72.05,695.60,392.10,60.00,92.17,155.51,160.38,136.71,240.55,450.17,27.58,198.46,63.62,550.00,115.50,82.31,39.11,83.21,216.00,209.66,24.34,218.62,65.75,226.43,114.58,64.83,161.98
2025-12-18,174.13,271.94,482.88,226.76,483.37,663.88,114.59,302.25,303.54,328.56,856.42,94.00,248.35,185.69,201.06,76.13,253.18,164.50,199.31,417.59,36.28,148.05,1220.80,322.19,175.05,120.78,561.89,274.06,197.10,173.08,213.33,185.88,694.37,665.59,1034.94,447.38,27.72,88.85,360.57,355.81,477.26,174.93,1964.46,306.23,84.37,290.73,258.83,747.81,91.79,315.10,36.49,458.13,53.81,114.67,75.46,182.18,105.79,27.61,189.45,230.94,109.81,79.75,44.30,146.13,926.06,133.99,42.11,203.71,299.24,43.90,220.93,72.51,697.10,396.04,59.26,91.67,158.33,158.24,138.29,246.65,448.45,27.63,166.55,63.69,563.28,113.06,82.45,39.22,83.34,218.08,206.50,24.34,218.02,65.91,231.09,113.51,64.88,165.00
2025-12-19,180.98,273.41,484.81,227.35,481.20,658.21,114.13,306.94,308.39,339.00,854.45,94.39,265.70,193.38,213.43,77.58,256.09,172.06,195.79,420.02,36.82,146.85,1244.05,325.13,175.15,123.59,572.47,273.58,198.13,174.13,215.26,186.88,721.37,668.00,1054.63,456.20,27.08,87.76,354.92,355.86,481.28,180.99,1997.61,309.56,83.99,295.07,255.83,767.04,91.00,314.91,36.38,463.73,53.54,113.59,76.26,182.02,109.51,27.77,187.14,234.25,111.28,80.24,44.54,147.25,933.66,135.28,42.12,203.73,300.08,43.29,225.10,71.58,700.34,400.23,59.63,92.14,157.17,164.82,140.39,247.40,442.95,27.42,174.84,64.53,594.20,111.12,82.82,39.07,84.98,218.63,205.00,24.11,217.48,66.06,232.55,114.03,65.23,161.07
2025-12-22,183.68,270.72,483.82,228.43,488.73,660.93,112.37,309.56,311.11,340.74,848.84,93.23,276.36,193.98,214.95,77.28,258.69,175.05,194.82,422.09,36.37,145.75,1264.02,329.11,177.66,123.46,579.83,274.96,194.99,173.11,215.79,189.49,733.60,671.89,1055.59,460.31,26.79,85.62,357.33,357.53,483.14,176.68,1993.65,313.14,84.70,281.62,257.61,778.42,91.75,317.57,36.42,481.24,53.35,113.72,77.66,180.30,111.91,28.75,191.55,234.89,112.52,81.74,45.39,147.58,941.68,136.95,41.52,203.60,300.47,43.18,227.76,72.75,702.12,407.73,59.68,91.37,159.08,164.32,141.84,248.58,447.19,27.76,175.76,65.85,600.19,113.70,83.87,39.36,84.78,217.99,206.02,23.75,219.88,67.43,232.05,113.29,66.60,164.45
2025-12-23,189.20,272.11,485.74,232.14,485.56,664.37,110.67,314.13,315.46,348.59,853.62,93.50,276.04,194.13,214.90,77.19,259.91,174.95,196.72,423.68,36.35,142.41,1267.10,329.21,175.93,124.48,577.34,275.87,194.53,173.64,217.08,188.12,728.45,670.83,1060.44,459.21,26.90,83.32,360.85,352.42,478.84,178.16,1995.07,313.46,87.57,281.57,254.90,784.23,92.07,316.93,36.47,475.47,53.20,114.25,77.67,180.23,112.06,29.15,190.22,232.70,111.43,80.66,45.02,147.28,940.08,136.49,41.49,204.08,297.58,43.09,224.81,72.90,682.31,398.70,59.23,91.57,158.40,157.88,141.23,249.23,447.28,27.43,176.77,64.97,591.02,112.93,83.25,39.15,84.75,215.44,205.28,23.31,217.91,66.86,229.32,112.02,66.64,162.39
2025-12-24,188.60,273.55,486.91,232.38,485.40,666.98,111.38,313.87,315.45,349.49,870.67,93.64,286.44,194.17,215.04,77.19,260.46,177.12,198.07,423.48,36.16,142.47,1275.33,331.66,175.98,124.96,577.15,276.69,195.96,173.66,217.36,187.22,727.50,671.51,1064.12,462.99,27.27,84.03,363.46,352.98,477.11,179.47,1998.21,314.55,86.38,284.77,255.98,782.77,92.40,317.76,36.66,475.75,53.66,114.41,77.42,181.29,113.44,29.23,190.74,232.06,111.22,81.18,45.13,146.04,949.74,136.78,41.60,204.59,298.21,43.15,224.10,72.98,688.18,400.69,59.86,91.53,159.14,158.71,138.04,251.60,449.11,27.53,177.42,64.98,591.15,113.40,83.32,39.10,84.99,216.85,208.46,23.62,218.30,67.42,229.60,111.55,66.89,161.12
2025-12-26,190.52,273.14,486.60,232.52,475.19,662.72,111.51,313.29,314.74,351.39,872.16,94.47,284.56,188.71,214.99,77.32,261.57,177.86,200.04,423.35,36.20,142.51,1277.94,330.64,175.73,124.00,577.81,275.98,196.39,173.69,217.11,188.45,714.23,673.23,1071.34,462.90,27.16,84.53,359.98,353.80,481.19,181.45,2005.71,314.97,86.23,285.72,256.72,784.03,92.25,318.89,36.50,477.14,53.68,114.76,77.31,180.76,115.01,28.80,190.70,233.95,111.50,81.56,45.08,145.44,942.84,136.82,41.33,204.60,300.71,43.19,221.72,73.31,688.48,400.59,59.79,91.69,159.27,158.81,138.32,256.09,448.76,27.63,177.88,64.56,583.84,113.01,83.54,39.30,85.14,220.70,207.16,23.73,219.78,67.57,230.52,110.27,67.01,163.15
2025-12-29,188.21,273.50,485.99,232.07,459.64,658.13,112.30,313.34,314.17,348.66,866.66,94.15,294.25,184.18,215.61,76.96,262.72,175.66,202.18,425.11,36.68,142.96,1258.75,327.36,174.55,124.20,575.40,274.77,196.12,172.32,217.16,186.85,698.82,670.84,1064.60,459.78,27.35,85.02,357.85,353.16,475.91,179.59,2014.97,313.80,85.66,280.81,257.48,779.56,91.78,317.71,36.60,478.97,54.07,114.86,77.63,180.34,114.15,28.79,190.60,231.01,111.15,80.82,45.21,147.69,926.62,136.62,41.06,204.08,301.23,43.26,219.32,73.58,687.89,398.82,59.31,91.73,159.34,155.39,137.94,255.70,448.77,27.68,176.34,64.27,580.55,112.83,83.08,39.49,84.57,218.99,209.04,23.85,224.17,67.47,228.02,110.51,67.60,163.99
2025-12-30,187.53,272.82,486.37,232.53,454.43,665.38,111.69,313.63,314.33,349.12,864.47,93.78,292.51,180.84,215.34,76.58,259.65,173.57,202.82,426.93,37.30,142.88,1242.04,326.43,174.28,122.48,572.63,273.96,195.39,172.54,216.59,186.85,693.71,666.59,1070.73,453.74,27.44,84.70,356.64,352.51,475.63,175.98,2020.88,313.33,86.65,279.59,257.40,773.01,91.47,315.60,36.30,474.49,53.84,115.08,77.41,181.07,113.83,28.94,189.91,228.13,110.67,80.31,45.92,150.35,920.51,136.91,40.65,204.16,299.54,43.55,218.84,73.65,682.32,397.25,58.92,91.60,159.09,155.61,137.48,257.91,448.02,27.67,174.09,64.30,572.11,112.22,83.26,39.50,83.71,216.93,209.60,24.03,223.79,67.06,227.42,110.86,67.86,162.93
2025-12-31,186.49,271.61,482.52,230.82,449.72,659.53,111.18,312.78,313.58,345.38,861.16,93.76,285.29,177.75,214.16,76.21,256.67,170.98,202.07,424.96,36.90,142.25,1213.50,325.06,172.36,122.05,566.36,270.35,194.13,169.96,213.73,184.20,673.82,659.17,1068.45,453.36,27.37,83.67,352.80,349.99,468.76,172.19,2014.26,309.64,84.88,274.91,255.12,770.94,91.21,312.58,36.13,469.72,53.37,114.41,76.67,179.76,113.39,28.82,187.64,226.48,109.23,79.41,45.37,149.44,904.55,135.72,39.91,204.14,296.01,43.22,215.94,73.32,676.53,397.65,58.20,90.70,156.58,151.95,135.99,256.03,443.09,27.54,174.04,63.35,567.93,111.03,81.95,39.15,82.58,214.78,208.75,23.85,223.13,66.37,224.92,109.31,67.24,162.14
2026-01-02,188.84,270.76,471.86,226.50,438.07,649.85,112.53,314.93,315.10,346.89,853.33,90.99,315.29,167.86,223.47,75.63,268.54,184.84,198.62,427.67,39.38,140.97,1272.82,325.39,176.37,120.91,561.98,272.89,194.91,171.88,212.44,179.37,618.32,626.37,1162.25,452.13,27.05,83.43,365.76,333.30,453.58,187.61,1973.70,312.81,89.28,287.04,250.81,775.38,90.34,310.40,36.15,480.42,53.19,114.90,76.16,182.35,115.75,28.51,184.46,219.79,111.27,77.88,46.96,151.43,934.44,133.01,40.22,204.22,286.73,43.55,220.14,74.13,669.99,400.17,57.96,88.21,158.97,157.16,133.77,251.60,433.44,27.49,177.12,64.65,563.45,107.48,82.75,37.77,80.87,205.79,209.28,23.99,220.46,66.54,220.57,114.73,65.69,154.76
2026-01-05,188.11,267.01,471.77,233.06,451.67,658.23,112.48,316.32,317.10,342.70,874.55,91.46,312.02,174.04,221.08,75.17,283.97,194.53,199.90,431.65,39.37,138.68,1350.69,318.51,176.02,117.63,566.38,276.42,200.10,175.19,214.21,182.12,632.91,630.73,1226.57,448.80,27.48,86.01,354.46,331.56,456.55,187.79,2148.62,310.43,90.12,289.33,255.21,762.31,90.58,301.22,35.79,494.19,53.28,113.18,75.67,186.28,119.12,28.53,185.03,226.72,112.63,77.94,48.89,146.12,953.12,135.87,40.92,204.17,288.66,43.17,222.72,73.53,682.23,397.83,59.11,87.56,163.50,164.72,133.64,257.31,430.56,27.08,175.20,66.67,591.16,108.35,84.96,38.54,81.22,208.90,210.01,23.38,220.14,67.65,222.76,116.11,66.42,153.88
2026-01-06,187.23,262.11,477.42,240.93,432.96,660.05,114.11,314.12,314.33,343.05,887.89,90.65,343.29,179.71,214.35,74.82,295.64,206.71,197.65,435.70,40.04,137.73,1393.19,327.90,190.85,120.67,592.85,292.03,203.93,181.29,213.45,185.86,617.24,644.02,1240.55,468.38,26.79,88.89,354.11,335.99,458.32,219.28,2187.04,321.24,88.12,329.84,258.98,775.61,90.39,314.64,35.95,508.77,52.28,114.14,75.72,187.13,122.66,28.47,186.95,229.38,116.78,78.44,49.19,143.61,1003.37,138.02,41.31,204.09,293.17,43.47,244.68,73.88,706.83,406.40,59.63,85.71,168.64,157.97,137.10,254.35,435.43,27.10,175.07,74.43,626.65,110.08,86.65,38.96,84.19,210.30,210.62,23.12,220.67,69.89,222.03,115.53,67.20,158.36
2026-01-07,189.10,260.09,482.37,241.56,431.41,648.14,112.49,321.75,322.20,342.78,881.38,90.73,339.41,181.68,210.02,74.32,291.84,202.84,196.35,432.69,42.63,135.80,1357.93,339.29,184.51,123.65,592.27,291.98,198.52,179.04,217.33,193.90,632.92,647.95,1226.85,484.15,27.26,86.13,338.18,338.10,478.91,199.78,2162.61,318.64,84.54,307.72,259.12,811.29,90.85,320.54,34.93,519.70,51.07,112.81,76.15,186.59,120.97,28.59,186.27,230.52,115.00,80.02,48.66,139.62,957.17,137.04,40.39,204.31,293.79,42.63,238.10,72.68,714.55,422.50,58.33,85.43,165.49,161.83,141.45,256.67,436.49,27.01,176.00,73.51,620.91,110.48,85.68,38.19,83.68,211.14,206.36,22.63,219.06,70.10,231.16,115.68,61.66,160.87
2026-01-08,185.03,258.80,477.02,246.29,435.80,645.51,112.84,325.21,325.78,331.78,914.06,90.53,326.88,176.86,204.68,73.56,281.29,200.72,196.96,438.22,41.11,138.14,1322.88,327.84,187.23,119.99,585.08,298.23,204.23,180.71,217.30,190.80,616.53,649.54,1192.75,469.68,27.56,87.61,322.11,339.04,463.87,187.59,2179.80,324.28,83.35,283.97,263.49,800.05,91.63,318.80,35.20,514.49,53.53,115.02,76.60,188.87,121.60,28.32,189.82,224.10,117.89,78.05,50.01,146.78,957.18,138.66,41.57,204.03,276.58,43.08,236.66,72.84,712.39,399.40,58.09,88.14,170.83,166.97,130.68,252.38,433.37,27.37,170.27,73.10,612.98,113.07,88.08,39.04,85.34,209.79,209.71,23.04,222.29,68.43,220.32,113.08,61.36,149.43
2026-01-09,184.85,259.13,478.19,247.38,445.01,652.50,114.30,328.34,328.91,344.25,923.62,89.46,344.95,177.49,203.17,73.48,300.80,218.10,199.60,442.59,45.55,138.67,1398.18,323.86,189.08,120.42,586.24,299.99,206.36,176.65,219.18,189.02,647.72,644.91,1272.20,463.86,27.72,88.31,342.06,333.95,470.61,200.36,2178.41,327.55,83.18,303.48,263.84,795.59,93.80,327.31,35.08,525.18,54.62,115.99,77.34,191.03,120.55,28.89,192.68,215.56,118.49,79.22,49.78,146.53,957.06,139.27,41.75,203.91,276.02,42.93,239.90,73.72,713.35,398.29,57.49,88.74,172.89,157.33,125.49,250.71,433.70,27.55,175.97,74.78,631.69,112.60,87.24,39.83,84.83,207.19,210.59,23.03,224.30,67.40,216.73,111.79,58.49,146.42
2026-01-12,184.93,260.01,476.09,246.47,448.96,641.42,117.73,331.63,332.50,351.47,941.79,89.41,345.72,179.41,207.69,73.61,306.86,220.14,196.56,442.14,44.06,140.11,1426.32,323.30,187.84,121.91,572.75,292.94,207.57,168.19,215.17,188.88,658.65,633.48,1279.54,460.59,28.39,89.38,335.41,327.65,466.99,212.04,2149.90,322.73,82.85,320.92,260.65,767.08,95.60,325.51,35.10,533.42,54.45,115.66,77.50,191.85,118.73,28.40,192.59,214.87,118.15,78.66,47.77,146.68,965.23,138.51,41.47,204.06,277.89,42.54,237.10,73.46,724.76,370.91,57.12,87.89,173.33,162.23,126.57,248.92,431.29,27.46,167.72,72.96,631.73,111.53,86.86,39.92,84.80,207.91,206.67,23.00,224.25,70.98,216.63,111.14,59.30,146.44
2026-01-13,185.80,260.81,469.60,242.60,447.20,630.55,120.11,335.73,336.19,353.87,940.64,90.32,337.99,178.96,220.97,75.06,304.49,214.12,188.76,441.42,47.29,142.21,1439.95,322.07,187.31,121.07,561.82,295.29,209.24,164.24,212.10,190.85,668.63,603.42,1268.49,454.67,27.83,89.98,333.08,309.93,468.02,213.90,2073.57,322.34,83.01,317.89,254.96,758.00,94.63,323.06,35.51,511.80,55.46,115.71,78.43,192.82,112.32,28.86,192.28,217.40,119.12,78.33,48.79,150.31,981.32,140.07,42.19,204.14,270.63,42.95,237.86,74.39,714.04,369.96,56.39,89.47,171.41,172.99,125.50,247.49,425.28,27.48,163.72,73.64,641.51,108.53,84.73,39.87,84.04,199.55,197.89,23.12,221.53,70.25,216.85,107.84,61.82,137.89
2026-01-14,183.13,259.72,458.33,236.65,439.20,614.99,119.79,335.60,336.07,339.18,949.68,88.55,333.21,178.40,223.60,74.01,301.51,208.54,191.10,438.51,48.72,144.63,1432.64,326.71,192.20,123.37,546.76,297.06,211.99,163.49,207.01,190.93,617.76,564.85,1262.06,449.53,28.09,90.57,329.94,304.44,460.70,214.90,2101.95,319.06,81.17,311.74,256.38,753.23,95.02,313.17,36.06,505.34,56.74,117.18,77.73,191.42,107.85,28.63,193.78,213.13,118.69,76.39,49.79,152.82,981.64,132.79,42.19,204.01,261.28,43.23,239.57,75.64,710.48,366.86,57.49,88.84,173.28,179.33,122.41,245.49,423.12,27.87,163.46,74.24,629.22,109.15,85.26,39.99,86.26,193.99,202.34,23.92,223.59,69.70,214.27,104.99,63.87,131.96
2026-01-15,187.04,257.97,455.62,238.18,438.57,620.27,118.96,332.55,332.93,342.30,955.44,88.05,336.49,177.07,227.92,74.84,318.68,217.21,189.75,438.57,48.32,145.27,1542.96,327.76,187.89,120.58,541.34,301.16,213.96,160.36,207.25,187.73,606.99,552.87,1329.85,438.92,28.02,92.68,340.74,304.09,455.00,221.99,2098.85,325.16,80.34,319.76,258.07,741.03,93.64,320.60,36.18,508.19,56.81,118.46,77.91,193.38,107.46,28.49,195.13,210.11,121.60,76.32,51.80,149.92,1007.53,132.60,43.29,203.96,262.26,43.78,237.37,74.81,712.12,359.26,56.57,89.24,177.96,170.91,120.86,244.34,413.20,27.66,159.27,74.01,637.19,109.37,82.47,41.25,84.39,192.72,194.61,23.84,221.49,69.24,210.58,105.11,63.38,128.45
2026-01-16,186.22,255.29,458.81,239.12,437.50,619.72,119.45,329.77,330.11,350.97,962.30,88.00,362.60,170.96,231.83,74.78,326.60,222.69,185.43,437.49,46.96,145.02,1565.79,328.14,190.34,124.20,535.00,299.31,218.31,158.40,204.17,187.66,568.76,543.61,1356.78,441.36,27.50,92.39,307.30,296.12,453.88,221.40,2075.01,325.25,80.42,325.66,258.31,732.16,94.70,317.45,36.13,516.31,56.75,119.02,78.17,191.95,106.76,28.58,194.97,205.32,121.04,75.38,51.56,150.38,1031.11,130.66,43.50,204.06,265.69,44.35,235.89,75.06,715.37,359.27,56.72,89.29,175.41,173.71,119.02,240.14,415.08,27.17,161.42,74.26,636.04,110.04,81.71,41.04,84.31,186.86,189.76,23.14,219.85,69.54,213.98,105.78,65.34,118.55
2026-01-20,178.06,246.47,453.48,231.00,419.25,603.60,118.47,321.77,321.93,331.90,962.94,87.26,364.85,168.53,231.92,72.95,317.83,222.14,182.77,431.70,48.56,146.35,1484.25,328.72,188.36,123.44,527.44,294.75,214.01,153.09,200.62,184.06,565.52,527.32,1324.32,442.08,27.84,93.06,295.00,290.37,442.73,222.86,2034.82,313.23,79.76,325.42,253.01,732.90,95.24,307.00,35.39,510.97,57.49,118.28,81.47,189.29,104.46,28.24,193.30,205.67,119.07,75.46,51.07,147.82,1032.43,130.73,42.39,203.81,253.87,44.57,229.51,75.65,686.02,355.53,54.91,90.29,169.76,160.23,117.00,240.61,402.73,27.71,163.51,72.74,620.52,106.31,78.79,40.71,81.79,182.99,184.20,23.37,217.94,70.73,206.32,107.17,63.82,118.06
2026-01-21,183.31,247.42,443.10,231.31,431.44,612.44,119.12,328.15,328.15,328.11,981.52,85.36,388.95,165.33,249.80,73.29,324.83,228.12,182.72,437.88,54.25,145.44,1518.03,341.24,193.15,128.38,523.69,304.02,218.09,155.37,206.07,181.47,532.56,523.30,1358.30,461.14,28.56,95.81,293.98,294.23,445.88,241.78,2057.77,319.94,82.51,343.62,254.88,748.43,98.78,313.84,36.41,521.95,56.86,118.05,81.60,191.91,105.92,28.53,194.96,206.48,122.94,75.75,53.39,152.09,1072.79,133.59,44.36,203.96,257.44,44.62,232.51,75.95,696.46,365.46,55.72,89.55,178.15,163.81,123.46,238.23,403.63,27.46,156.32,75.75,610.25,106.09,81.06,41.31,83.60,183.41,187.37,22.03,216.04,72.11,208.66,113.92,64.77,122.41
2026-01-22,184.83,248.12,450.11,234.34,449.36,647.08,117.59,330.31,330.61,324.81,974.84,83.54,397.41,165.90,253.73,73.93,318.39,220.44,184.50,444.15,54.32,143.12,1498.05,344.68,193.73,130.40,525.81,307.56,221.44,156.79,205.57,182.27,521.94,546.00,1393.16,467.35,28.89,95.22,286.97,299.73,453.77,243.17,2153.75,321.05,83.06,345.93,257.73,754.60,98.88,317.09,35.66,509.47,57.09,116.26,80.89,186.61,106.02,28.36,192.63,207.65,123.24,77.62,54.26,150.95,1074.52,133.80,44.53,204.19,269.77,44.22,235.53,75.30,691.05,370.00,56.98,89.65,178.00,160.98,131.25,241.10,406.44,27.31,160.39,75.03,607.29,106.09,81.85,41.27,84.18,188.18,192.67,22.34,217.95,73.92,208.31,119.20,66.26,128.44
2026-01-23,187.66,247.81,464.89,239.16,449.06,658.20,117.49,327.70,328.20,319.38,981.91,86.12,399.48,169.60,259.68,74.19,321.98,217.68,185.14,450.06,45.07,143.30,1510.82,342.38,192.06,135.16,523.99,304.65,220.37,154.83,203.48,180.18,524.41,562.23,1387.21,468.41,28.96,96.99,288.67,301.07,452.49,236.28,2137.29,319.08,80.19,345.50,255.76,752.64,99.23,318.32,36.52,501.39,57.90,115.72,82.00,188.15,106.38,28.58,192.52,207.23,121.68,81.64,53.72,153.10,1061.62,132.15,43.65,203.81,270.00,43.69,231.28,74.46,693.85,357.98,56.45,89.85,174.06,163.11,130.13,245.73,406.57,27.52,156.21,74.27,613.14,105.53,79.73,41.40,83.75,189.26,191.69,22.82,217.49,72.86,209.62,116.07,65.60,131.75
2026-01-26,186.46,255.17,469.21,238.42,435.20,671.78,117.40,333.03,333.36,324.17,976.34,85.70,388.93,167.47,251.31,76.59,319.06,222.60,187.06,453.51,42.49,144.58,1541.03,347.28,195.32,137.00,528.81,303.06,220.07,153.53,203.83,184.22,535.44,560.04,1411.49,476.84,29.09,95.71,284.89,304.72,468.33,240.73,2212.62,316.09,81.73,357.67,256.05,761.73,100.24,322.02,37.35,503.01,58.03,117.09,81.16,187.17,106.86,28.24,193.45,209.41,121.79,83.07,56.08,152.61,1066.01,133.39,43.49,204.21,272.34,44.17,229.86,75.17,697.82,361.35,56.43,89.55,173.75,160.58,136.64,245.63,407.63,27.46,159.72,74.35,605.07,105.10,80.23,41.54,85.18,190.85,193.79,23.19,219.19,73.34,214.55,114.73,65.81,138.44
2026-01-27,188.51,258.03,479.49,244.68,430.90,672.39,116.70,334.31,334.76,332.09,968.96,85.58,410.07,165.70,252.03,78.26,332.30,238.17,183.61,451.51,43.93,147.46,1614.23,348.90,195.35,140.17,525.04,302.88,219.82,152.06,205.67,183.50,543.56,543.72,1452.67,474.17,28.37,95.11,288.37,297.42,476.66,252.54,2295.00,313.34,82.89,371.11,252.42,770.32,100.62,318.37,37.55,502.70,58.51,118.49,81.41,185.61,106.91,28.07,190.77,207.36,120.50,81.71,56.29,158.17,1093.30,132.22,43.71,204.18,268.09,44.45,228.24,75.77,694.75,354.75,55.34,90.77,174.20,161.58,138.21,245.52,368.33,27.35,162.64,74.72,610.22,103.86,80.28,40.37,84.22,188.58,182.99,23.31,215.73,73.67,219.67,114.88,66.22,133.86
2026-01-28,191.51,256.20,480.53,243.01,431.46,668.16,116.33,335.77,336.04,332.54,959.47,84.64,435.10,157.35,252.74,78.53,336.33,239.29,185.36,449.99,48.78,147.19,1625.09,339.87,214.77,138.93,522.04,316.64,215.57,151.73,202.95,183.74,542.36,537.04,1421.05,477.91,28.08,94.55,287.56,299.58,469.19,279.57,2268.60,311.47,83.58,442.16,248.64,750.23,101.37,320.49,37.26,511.35,57.23,118.19,80.92,185.65,102.81,27.98,188.73,206.66,122.74,82.08,56.42,159.32,1159.46,131.55,43.38,203.75,268.33,44.38,238.79,75.45,687.74,349.58,53.92,91.03,172.48,158.45,140.56,243.18,359.45,26.48,155.89,79.81,549.86,102.45,79.22,40.62,82.88,189.12,182.81,22.81,218.48,73.36,213.95,109.96,65.20,134.76
2026-01-29,192.50,258.04,432.51,241.73,416.56,737.68,117.17,338.01,338.42,330.04,951.59,83.16,435.61,151.86,252.18,78.01,340.91,247.87,188.37,453.48,48.66,147.37,1682.52,340.58,217.55,138.76,507.55,317.71,226.12,151.25,204.07,176.20,569.24,501.43,1453.24,475.68,28.90,93.28,287.07,291.65,444.62,278.28,2218.14,319.15,81.30,445.79,243.95,748.54,98.85,302.67,37.75,480.00,56.82,118.27,80.04,186.10,102.70,27.60,189.21,207.68,123.00,81.51,56.52,162.10,1180.79,131.77,43.32,203.76,255.68,44.03,232.29,75.41,676.71,346.79,52.95,91.22,172.35,143.19,128.18,239.27,364.07,26.59,157.82,78.90,509.58,102.23,78.74,40.28,82.03,174.66,191.52,22.76,216.04,74.00,200.63,108.43,61.93,120.38
2026-01-30,191.12,259.24,429.31,239.30,430.41,715.89,118.90,337.76,338.29,330.61,940.25,83.49,414.71,146.59,236.73,77.90,321.92,233.18,196.27,455.44,46.47,152.27,1426.09,339.53,215.55,141.15,504.22,309.91,226.40,150.62,199.62,176.97,473.11,497.38,1421.13,469.90,29.41,91.36,280.30,293.25,441.40,250.11,2147.79,314.69,78.88,406.98,244.80,740.56,98.41,296.36,37.64,465.12,57.97,118.84,80.76,188.25,101.05,27.54,190.95,204.62,122.59,81.26,55.83,162.98,1121.91,129.37,43.36,203.73,252.87,44.40,224.97,75.50,670.46,338.06,52.53,91.70,172.96,149.71,129.32,220.30,370.29,27.20,156.87,75.48,483.58,103.13,78.93,40.58,81.64,175.63,206.12,23.35,216.91,73.04,200.01,105.36,61.50,118.18
2026-02-02,185.60,269.76,422.41,242.96,421.81,705.81,123.81,343.45,344.66,330.42,968.36,82.76,437.62,147.76,246.27,80.21,327.99,237.22,194.06,458.62,48.81,153.83,1408.62,342.31,225.01,142.08,496.73,315.87,226.44,151.65,204.42,175.42,483.00,485.62,1439.49,472.01,29.25,91.10,270.52,293.38,438.85,270.10,2147.22,318.67,78.62,432.20,245.53,754.11,98.01,289.19,38.26,457.89,58.19,117.40,81.10,189.71,103.45,27.52,190.47,207.67,124.29,81.29,56.24,157.70,1170.88,131.31,44.80,203.41,255.57,43.54,229.89,73.95,639.60,339.11,52.17,92.20,185.87,139.63,129.05,221.81,371.66,27.23,153.98,77.62,459.99,102.47,80.07,39.68,82.49,173.38,213.61,23.11,213.61,72.53,200.61,106.93,61.18,113.70
2026-02-03,180.33,269.23,410.27,238.62,421.96,691.11,127.45,339.47,340.46,319.66,977.92,79.94,419.26,157.88,242.11,82.66,318.27,229.82,196.73,462.02,49.25,161.41,1353.78,336.26,225.21,142.47,478.88,310.32,229.77,146.24,185.36,166.24,461.79,432.75,1394.04,465.61,29.42,92.44,268.09,271.93,421.73,290.10,2099.90,317.81,75.50,443.68,233.15,758.27,97.10,268.50,39.02,419.14,58.96,119.72,81.97,190.71,103.32,27.19,190.29,202.00,127.57,79.30,57.78,161.91,1162.51,122.07,46.34,201.20,240.79,43.64,219.52,75.39,632.56,351.80,41.57,92.38,189.51,133.26,119.66,212.17,347.93,27.73,157.16,76.21,451.29,97.15,78.74,38.94,74.12,161.17,212.74,23.48,192.00,71.63,188.05,104.55,51.73,105.00
2026-02-04,174.18,276.23,413.25,232.99,406.01,668.42,127.74,332.81,333.11,307.41,978.35,80.16,379.24,139.54,200.19,80.72,297.23,209.53,200.82,471.75,48.60,164.71,1305.52,363.68,222.92,145.40,478.49,319.44,234.19,147.94,183.87,166.72,387.34,444.27,1337.37,470.52,30.15,96.35,250.12,279.71,415.36,269.28,2052.78,323.93,73.69,417.90,232.75,774.13,96.74,271.42,39.72,418.98,58.89,119.04,81.44,188.87,102.13,27.03,192.17,195.83,128.45,81.12,58.95,167.99,1134.56,124.61,48.28,196.65,243.41,43.06,225.69,75.64,642.94,351.96,40.91,94.85,208.25,129.09,115.71,200.76,358.80,28.20,152.44,77.77,430.65,98.48,82.59,40.16,76.32,170.15,224.18,24.08,189.03,70.82,185.79,104.90,52.34,105.04
2026-02-05,171.87,275.65,392.77,222.69,397.21,669.64,126.68,331.02,331.10,309.86,989.29,80.87,382.73,130.01,192.50,81.92,303.61,213.05,200.89,458.15,48.24,166.05,1329.30,365.27,223.98,148.53,476.32,321.11,232.69,135.43,177.33,154.77,375.23,433.57,1348.38,458.81,30.50,95.45,246.73,269.39,377.16,260.07,2034.76,325.82,74.17,404.74,232.07,765.71,92.86,270.14,39.74,410.44,59.79,119.66,81.75,188.83,101.52,26.76,193.66,183.86,127.09,78.93,57.14,163.80,1153.68,121.27,47.33,197.74,238.06,43.69,220.98,75.56,643.59,331.24,39.78,95.92,201.86,106.99,106.73,193.24,350.11,27.76,151.03,77.58,399.65,98.17,82.27,39.88,76.45,158.76,223.53,24.04,184.21,69.89,169.39,110.88,50.99,98.41
2026-02-06,185.40,277.86,400.23,210.32,411.11,660.89,130.91,322.63,322.87,332.22,1001.16,82.20,394.52,135.90,208.44,84.36,322.11,230.73,196.45,446.74,50.59,168.98,1441.08,381.68,221.44,151.64,488.15,319.45,237.20,136.46,177.88,159.32,406.72,442.40,1411.15,477.92,31.01,98.81,261.07,268.38,395.50,282.44,1970.15,332.60,80.24,428.57,229.46,784.57,94.22,283.52,40.48,426.88,59.50,119.85,82.54,190.34,105.23,27.36,195.42,182.47,127.02,82.76,58.70,165.94,1227.37,122.18,47.73,199.81,240.40,43.95,223.16,75.34,644.61,328.16,40.30,97.56,202.19,134.93,111.69,195.59,361.50,28.16,149.86,75.57,414.20,98.53,80.61,40.36,76.69,162.92,231.14,24.23,178.65,69.97,167.33,123.70,50.28,94.72
2026-02-09,190.03,274.62,412.66,208.72,417.32,676.64,128.76,324.09,324.17,343.22,997.59,81.47,383.34,142.91,216.00,86.31,330.16,229.01,196.71,454.81,50.24,165.00,1438.29,373.23,218.77,150.82,492.84,321.96,238.66,138.04,169.10,166.00,460.38,436.15,1427.61,470.87,31.25,98.35,271.79,266.90,408.04,285.85,2035.59,330.57,82.31,424.26,224.76,779.34,92.72,291.00,40.59,438.90,60.21,120.15,80.90,194.09,105.57,27.21,194.31,186.24,126.93,85.93,59.33,164.97,1203.77,121.31,46.52,200.68,242.53,43.60,227.73,75.87,639.79,320.00,41.03,96.65,195.84,138.44,114.01,205.03,350.82,28.26,149.54,73.97,433.77,98.09,79.04,40.30,74.22,154.56,238.25,24.17,177.75,70.16,170.18,124.61,50.96,91.23
2026-02-10,188.53,273.68,412.33,206.96,425.21,670.15,126.44,318.36,318.41,339.73,971.23,82.21,373.09,139.51,213.57,85.82,328.66,226.34,198.48,458.97,47.13,165.49,1428.98,362.14,220.92,146.40,495.15,324.15,242.14,139.20,170.86,165.51,472.92,420.09,1413.62,463.48,31.94,96.91,270.78,264.67,413.39,262.43,2025.32,358.66,81.97,395.54,223.68,754.00,93.44,299.00,40.77,437.45,60.13,121.23,80.17,191.92,105.43,27.80,198.85,185.64,126.74,85.53,58.93,163.91,1139.74,120.32,46.66,202.39,243.58,44.26,235.40,76.93,646.53,322.98,41.36,96.18,194.22,133.00,129.67,210.71,347.95,28.46,148.55,76.41,446.97,99.03,79.18,40.35,74.19,153.23,248.19,24.49,169.04,68.16,174.34,125.95,50.85,92.92
2026-02-11,190.04,275.50,403.45,204.08,428.27,668.12,128.51,310.74,311.11,342.04,978.14,79.62,410.17,135.68,213.58,85.08,339.46,234.84,208.54,465.94,48.29,167.65,1477.58,364.06,226.56,154.92,496.12,335.95,241.50,140.14,172.10,165.30,456.81,398.46,1435.63,461.24,32.11,98.48,276.48,257.16,415.81,273.61,2018.18,358.06,81.30,406.54,215.79,778.03,94.11,299.65,41.20,438.21,60.94,122.25,80.79,192.13,104.57,27.99,199.90,175.47,129.48,87.82,61.02,168.01,1194.34,119.55,47.02,202.05,232.59,44.07,248.46,77.35,648.73,322.28,40.34,97.63,194.19,126.07,127.33,203.89,332.95,29.63,148.43,80.28,434.45,94.84,79.16,39.51,70.55,144.55,241.07,24.58,173.33,68.15,171.00,125.28,47.87,86.97
2026-02-12,186.93,261.73,400.92,199.60,417.07,649.25,133.37,308.78,309.15,330.48,998.86,75.86,413.80,129.13,205.94,74.60,327.98,231.01,213.65,471.28,46.48,165.72,1448.97,363.68,223.00,150.95,478.60,330.33,238.65,137.59,165.99,162.81,366.91,396.73,1406.87,465.02,31.45,96.14,275.75,262.50,411.54,283.96,2007.00,354.40,78.19,430.42,208.24,782.71,95.21,288.33,40.57,423.35,61.33,126.43,81.17,194.44,100.22,28.11,195.65,161.14,124.84,84.26,61.16,166.43,1153.62,115.96,45.54,200.27,223.49,47.15,240.94,78.40,617.20,308.48,38.96,99.05,185.25,123.00,126.13,190.36,319.01,29.65,146.17,78.46,435.81,92.47,78.61,36.72,65.50,144.04,238.08,23.92,178.55,65.08,170.90,122.19,45.03,86.48
2026-02-13,182.80,255.78,400.41,198.79,417.44,639.22,133.62,305.50,305.80,324.49,1018.48,76.87,411.49,131.41,207.32,76.44,354.47,235.25,218.45,479.39,46.79,164.47,1462.23,369.19,226.16,154.10,485.84,336.05,240.19,139.80,165.25,166.95,390.55,398.17,1406.61,491.47,31.21,93.79,288.04,263.97,429.64,281.45,1988.26,353.21,78.57,425.25,210.37,802.21,96.66,299.46,40.74,437.09,62.05,129.94,81.48,196.12,100.28,27.99,193.44,160.34,127.00,85.56,60.97,168.13,1169.13,121.35,46.41,200.43,231.22,48.07,243.17,80.99,629.35,314.40,40.17,99.51,192.94,133.88,125.20,193.67,320.59,29.43,148.75,78.10,429.67,94.38,80.30,37.49,66.21,144.42,239.09,24.39,180.75,70.02,177.72,125.28,44.99,84.38
2026-02-17,184.96,263.88,395.96,201.15,410.63,638.74,128.59,301.81,302.61,331.84,1012.05,77.00,399.61,133.02,203.08,76.44,358.68,235.30,218.56,480.61,46.18,160.49,1470.19,373.36,225.69,154.39,493.35,336.46,241.45,141.72,165.23,163.50,376.38,378.00,1419.78,477.32,31.19,95.39,302.60,260.45,414.29,283.97,1975.51,359.25,78.97,415.22,211.33,792.58,92.60,283.46,40.90,421.95,59.35,130.24,82.90,197.79,101.83,28.75,194.92,162.34,126.52,81.69,59.86,167.59,1170.84,124.23,45.69,199.34,225.32,47.63,243.82,80.16,626.17,332.61,40.69,104.47,193.05,128.67,122.56,193.87,314.73,28.87,150.52,78.48,431.94,93.27,81.57,37.52,64.85,143.12,237.01,23.39,176.85,70.43,172.59,126.89,45.74,82.15
2026-02-18,187.97,264.35,398.69,204.79,411.32,642.67,126.36,303.12,303.73,332.81,996.08,77.99,420.77,135.38,200.12,77.76,368.84,239.80,212.23,483.66,45.46,162.93,1480.30,379.73,223.32,151.88,500.76,345.29,239.95,142.33,170.41,152.35,404.39,388.37,1468.72,470.31,31.24,95.76,293.66,263.17,415.76,296.42,2009.05,355.31,79.05,423.40,215.43,791.21,92.75,305.01,41.22,442.31,59.56,127.27,83.18,199.96,102.92,28.79,196.41,173.38,125.17,80.69,61.54,172.98,1185.95,124.27,45.98,200.04,229.74,46.84,236.10,79.10,634.90,332.68,41.32,104.67,193.54,125.20,121.78,199.13,326.77,28.88,151.11,78.65,430.12,94.29,82.91,37.75,66.81,142.63,239.14,23.55,183.61,72.80,172.13,127.24,48.94,83.61
2026-02-19,187.89,260.58,398.46,204.86,411.71,644.23,124.61,302.64,303.35,333.29,987.82,77.00,417.17,134.89,203.37,78.14,369.83,237.11,214.27,488.47,44.62,163.13,1469.90,375.50,218.05,150.27,499.53,344.22,239.58,140.37,159.93,150.99,412.00,380.36,1458.93,469.27,31.02,95.80,291.27,259.21,422.14,284.53,1996.55,349.22,79.57,408.26,214.20,781.44,94.17,296.59,41.54,442.44,58.14,128.42,81.99,199.96,101.95,28.53,197.97,176.19,124.90,81.67,62.56,173.68,1172.88,125.81,46.21,199.69,229.10,46.96,230.91,80.23,630.73,339.37,41.60,104.70,194.90,129.45,120.60,201.37,331.16,28.85,161.00,76.71,441.12,92.34,82.97,37.65,64.99,140.02,231.54,23.59,183.43,72.27,168.99,126.93,49.07,80.26
2026-02-20,189.81,264.58,397.23,210.11,411.82,655.10,122.74,314.76,314.68,331.95,985.27,78.67,427.99,135.24,200.15,78.77,375.38,244.63,214.43,494.85,44.11,163.48,1496.00,374.75,219.73,150.55,504.05,353.92,242.76,141.97,162.70,148.70,418.68,379.38,1469.59,476.90,30.98,97.49,294.45,258.61,388.60,285.38,1996.87,347.26,79.44,410.39,212.71,779.67,93.50,296.28,42.17,439.94,58.30,129.37,83.76,201.02,104.94,28.75,200.02,176.29,128.46,80.00,62.21,174.96,1201.70,127.89,46.22,200.21,226.98,47.38,231.07,80.95,635.66,336.19,41.52,105.70,201.11,131.05,115.66,199.72,334.94,29.28,164.91,77.28,433.91,91.24,84.19,36.48,65.03,137.81,230.16,24.00,182.04,73.08,159.75,125.58,49.87,75.98
2026-02-23,191.54,266.18,384.47,205.27,399.83,636.70,125.55,311.27,311.47,329.65,986.02,76.02,420.79,130.60,196.60,77.32,373.55,241.98,218.90,496.52,43.63,166.83,1487.66,379.42,219.86,148.98,492.10,354.04,241.86,139.51,154.48,144.14,380.62,358.44,1485.99,481.01,31.27,94.78,293.41,246.68,350.33,280.29,1864.46,341.96,77.75,406.69,204.04,787.04,95.35,279.80,41.83,420.82,59.86,132.03,84.69,201.46,105.76,28.92,198.33,164.66,126.06,75.60,63.67,172.79,1187.69,122.96,45.05,200.29,218.64,47.79,229.97,82.74,623.13,329.35,43.92,107.49,193.61,123.71,102.61,195.59,334.85,29.51,159.03,76.60,423.44,87.39,83.82,35.36,61.13,129.21,227.52,24.13,181.14,73.26,143.28,123.78,47.87,68.81
2026-02-24,192.84,272.14,389.00,208.56,409.38,638.75,126.49,310.68,310.70,324.81,998.43,78.04,417.83,128.84,213.84,77.72,377.93,243.96,220.92,502.31,46.12,168.04,1506.65,382.87,213.35,146.81,494.02,354.98,242.41,143.86,162.37,141.67,393.22,357.60,1497.80,487.43,31.25,96.51,312.22,255.17,350.25,270.44,1922.56,342.49,78.35,395.33,203.99,772.19,94.33,290.63,42.33,440.72,60.61,132.39,85.54,200.12,106.88,29.15,198.55,164.38,126.25,75.23,64.72,171.49,1211.25,125.66,45.46,200.81,220.91,48.18,233.42,83.29,649.23,332.85,46.88,107.75,196.43,124.61,104.43,204.19,336.84,30.76,158.62,75.93,442.51,88.48,84.01,35.28,61.06,130.23,231.85,24.37,190.69,73.09,149.36,128.14,49.15,71.18
2026-02-25,195.55,274.23,400.60,210.64,417.40,653.13,125.49,312.68,312.81,331.61,994.76,82.70,428.82,134.19,210.86,78.69,394.95,249.18,217.61,506.57,46.88,167.67,1546.68,384.33,213.90,146.29,506.17,359.67,241.00,144.89,166.14,144.84,421.63,380.06,1526.51,483.05,30.44,97.93,325.40,257.81,363.31,290.81,1767.71,346.77,80.88,421.12,212.49,784.28,91.44,301.84,42.08,449.17,59.60,132.46,85.41,201.10,106.90,28.90,196.78,173.06,124.58,77.35,64.81,166.77,1229.49,132.02,44.63,201.98,224.81,48.29,233.86,82.94,657.38,327.36,47.18,108.24,191.43,135.65,110.33,207.31,343.36,29.89,148.61,75.47,520.18,91.23,83.99,35.84,61.33,133.15,225.75,24.15,195.33,73.16,155.70,131.74,44.78,73.19
2026-02-26,184.88,272.95,401.72,207.92,408.58,656.45,124.17,307.16,306.93,321.03,986.74,84.59,415.39,135.94,203.68,77.68,375.72,238.78,212.13,496.84,45.46,166.10,1524.31,379.33,212.63,142.96,506.88,353.24,239.69,144.66,169.62,149.40,444.93,393.20,1463.80,480.13,30.50,98.08,323.13,259.04,381.10,282.11,1740.88,350.57,79.25,408.96,216.57,770.79,91.33,297.60,42.51,426.00,59.43,132.10,86.66,203.07,105.39,28.80,198.28,180.41,124.08,79.20,64.90,165.99,1177.78,136.97,45.68,201.07,233.45,48.39,231.03,82.86,660.71,331.24,45.39,108.35,198.09,133.40,116.46,213.29,351.25,30.06,150.00,74.97,550.19,94.48,83.88,37.15,64.97,139.11,228.38,24.16,202.13,74.38,167.36,129.26,45.00,79.43
2026-02-27,177.18,264.18,392.74,210.00,402.51,647.63,127.69,311.54,311.21,318.88,1010.79,96.24,412.20,137.19,200.21,79.03,372.30,233.61,217.09,506.38,45.61,168.24,1524.55,388.16,212.11,148.11,503.51,354.68,243.59,141.45,169.19,148.92,434.77,407.77,1450.56,496.83,30.60,98.02,329.44,262.41,371.98,279.57,1757.58,341.73,81.65,407.13,212.60,781.67,93.88,301.40,42.69,414.00,61.05,133.82,85.30,205.20,103.73,28.17,201.13,176.47,126.09,79.03,65.26,173.05,1140.46,135.11,46.04,200.57,245.87,49.05,225.84,82.75,656.73,332.92,46.07,110.43,202.77,129.50,111.96,211.48,348.84,30.01,149.33,74.64,542.40,93.65,84.23,38.09,64.43,133.76,234.63,24.20,207.05,73.43,146.99,127.45,44.63,75.13
2026-03-02,182.47,264.72,398.55,208.39,403.32,653.00,126.84,306.30,306.14,318.15,1002.77,97.09,412.50,145.17,198.62,78.99,372.18,230.72,216.11,507.63,45.50,165.80,1534.95,385.70,209.82,149.18,496.25,351.31,248.04,140.13,166.81,150.15,432.98,417.77,1423.54,486.03,30.47,96.76,326.72,260.88,384.86,269.95,1777.00,330.47,80.82,378.86,213.21,790.81,95.03,303.36,43.17,424.66,59.92,133.29,81.06,201.87,102.82,28.50,201.60,176.41,124.43,79.18,64.83,177.90,1140.30,133.26,46.33,201.06,246.94,49.17,223.60,83.19,636.70,325.07,45.49,108.13,207.46,137.65,111.11,213.88,353.03,29.71,146.32,74.31,572.02,94.25,80.12,38.31,63.50,134.01,232.80,24.11,214.25,73.78,148.58,124.37,45.17,73.80
2026-03-03,180.04,263.75,403.93,208.73,392.43,654.52,127.65,303.37,303.35,313.18,1007.77,97.70,379.52,147.22,190.95,78.53,351.32,217.01,218.53,500.00,43.10,163.45,1441.35,377.00,202.67,147.00,497.42,338.99,243.85,137.25,165.78,156.09,438.89,432.01,1360.94,474.27,30.65,96.68,324.44,270.99,391.42,250.49,1714.01,335.91,77.47,357.00,214.50,766.66,93.87,300.63,42.66,424.32,58.27,131.92,78.99,197.22,100.71,28.20,201.55,175.46,121.19,81.10,62.54,176.48,1072.23,133.04,46.23,201.22,253.40,48.96,214.14,82.56,635.54,318.65,46.24,105.23,207.65,132.68,111.77,217.05,355.09,29.31,147.00,71.39,579.09,95.56,78.09,38.48,64.34,143.61,229.41,23.82,214.21,73.08,154.67,121.72,46.78,78.38
2026-03-04,183.03,262.52,405.20,216.82,405.94,667.16,127.55,302.92,303.24,316.87,1006.74,98.66,400.60,153.19,202.07,80.43,357.76,222.99,219.71,497.52,45.58,162.47,1475.91,379.27,202.39,147.38,501.18,341.51,245.97,138.62,169.76,158.56,482.81,438.78,1399.37,477.89,31.72,97.15,322.42,273.12,407.68,261.17,1769.03,335.94,78.05,374.36,215.38,787.50,94.27,305.43,42.78,430.98,58.19,133.52,78.61,213.07,101.19,27.95,200.12,177.75,124.92,82.79,60.88,175.66,1096.83,135.54,46.43,201.73,257.89,49.25,215.25,82.43,648.70,327.30,46.75,104.53,216.19,146.44,118.33,215.77,360.35,28.62,149.88,69.90,569.81,95.79,78.98,37.94,65.12,143.04,232.00,23.64,215.04,72.90,156.21,124.11,47.60,76.81
2026-03-05,183.33,260.29,410.68,218.94,405.55,660.00,123.06,300.67,300.70,332.07,982.57,99.17,396.88,152.67,199.45,79.58,346.53,214.68,220.54,488.42,45.95,159.28,1429.36,367.60,197.98,144.32,496.70,329.72,238.38,137.00,184.11,163.16,508.56,465.35,1368.36,460.82,31.24,98.69,331.63,281.74,426.16,259.03,1780.36,333.04,75.64,366.70,220.88,764.93,94.36,299.84,41.15,442.30,57.68,132.04,76.70,214.37,100.74,28.00,204.53,183.48,123.34,84.42,60.19,179.04,1076.29,135.85,47.30,200.76,264.12,48.77,209.49,81.78,618.92,320.51,47.64,101.68,210.68,139.81,122.36,212.53,365.09,27.80,143.57,67.81,570.49,98.38,77.07,38.02,65.78,147.18,229.94,23.83,210.69,70.69,161.96,120.62,48.91,82.51
2026-03-06,177.81,257.46,408.96,213.21,396.73,644.31,123.55,298.31,298.09,329.79,998.10,99.02,370.14,157.16,192.43,78.22,324.74,199.33,221.57,483.12,43.42,159.43,1344.55,369.53,193.23,143.12,490.16,315.81,235.29,135.69,182.02,165.05,502.14,479.69,1292.80,456.69,31.54,98.99,318.63,283.62,428.99,245.25,1787.86,323.80,89.53,352.19,224.39,759.86,94.60,296.94,39.95,437.41,57.90,131.87,75.61,211.30,101.97,27.95,203.61,179.17,120.43,83.67,59.81,180.54,1021.12,133.23,46.46,198.00,260.99,49.36,200.70,81.91,608.41,320.66,46.97,100.22,193.97,133.53,125.75,211.50,366.57,28.00,140.13,64.77,574.01,100.85,74.23,37.74,66.26,151.04,232.24,24.54,214.30,68.10,164.06,114.38,48.38,83.62
2026-03-09,182.64,259.88,409.41,213.49,398.68,646.84,124.09,306.36,306.01,345.03,1005.30,98.32,389.16,156.43,202.68,75.80,338.94,211.15,217.50,482.00,45.58,161.53,1429.10,376.97,196.20,145.80,493.56,319.71,237.59,138.11,177.63,165.10,517.23,472.21,1357.42,460.87,30.68,99.77,322.99,282.44,434.13,262.06,1769.52,328.86,92.60,373.68,221.21,781.60,94.61,298.05,40.60,437.22,57.67,131.86,75.73,211.70,102.64,27.75,200.77,176.59,120.67,83.81,60.10,182.86,1059.88,134.03,46.80,199.27,260.75,49.14,204.19,81.50,610.45,323.59,46.16,101.60,197.22,138.95,128.56,214.63,362.14,27.94,143.13,65.00,559.06,98.30,75.59,37.57,64.65,148.14,222.81,24.44,209.75,68.74,162.62,117.63,48.42,82.04
2026-03-10,184.76,260.83,405.76,214.33,399.24,653.51,124.86,307.04,306.93,341.86,997.36,96.94,402.94,151.14,203.23,77.28,345.88,215.23,218.78,476.34,46.78,160.78,1452.94,375.43,197.46,147.72,485.85,318.81,240.61,135.20,174.87,165.58,477.39,452.55,1383.40,499.17,30.71,100.77,317.09,275.13,436.33,266.22,1742.09,326.00,93.25,383.62,215.59,772.03,94.71,293.29,40.91,432.65,56.09,132.31,76.70,212.48,104.86,27.76,196.28,169.93,119.02,84.20,59.34,178.37,1053.71,132.44,46.30,200.07,253.85,49.01,201.98,81.28,598.85,322.38,45.02,101.72,195.02,138.46,123.08,209.08,352.97,27.79,143.85,65.33,529.97,95.12,72.69,36.31,62.98,142.49,219.33,23.66,202.15,67.79,156.61,120.55,46.33,78.01
2026-03-11,186.03,260.81,404.88,212.65,407.82,654.30,123.24,308.70,308.42,340.85,992.23,94.89,418.51,151.60,204.83,77.68,351.07,218.87,213.44,481.55,47.98,160.15,1465.00,377.64,198.67,145.18,492.87,319.22,239.44,134.12,172.90,164.93,461.45,439.09,1386.68,492.38,30.22,101.44,300.69,273.71,442.03,268.81,1766.10,326.38,90.39,385.30,211.25,774.66,94.39,294.16,40.34,432.98,54.88,131.26,77.52,212.42,102.94,27.81,198.34,169.48,118.12,83.48,58.97,176.64,1068.95,133.39,46.59,199.92,251.83,48.84,198.84,80.41,600.52,320.43,45.57,101.13,188.78,138.33,127.49,211.09,351.35,27.41,139.40,65.79,517.57,94.00,72.61,35.55,62.43,137.84,224.36,23.14,202.62,66.31,153.81,120.10,45.34,75.45
2026-03-12,183.14,255.76,401.86,209.53,395.01,637.63,125.07,303.55,303.21,335.27,1003.32,94.31,405.18,153.50,197.74,77.32,337.27,209.49,214.37,490.41,45.25,158.86,1409.57,367.79,190.05,144.39,479.27,307.27,233.40,131.15,168.71,168.12,449.33,433.79,1351.58,478.13,29.81,100.18,301.55,269.78,441.54,261.18,1680.00,316.31,87.63,373.33,205.75,746.61,92.98,290.32,39.22,418.72,53.88,132.22,76.99,209.39,101.62,27.43,193.26,161.75,116.82,84.40,55.90,177.01,1031.82,127.70,45.25,199.08,249.89,49.48,190.23,80.23,571.21,317.23,44.36,101.23,176.24,137.34,127.16,209.20,345.90,26.69,139.52,62.73,499.40,91.67,70.30,33.97,61.18,134.14,215.08,22.33,197.54,65.26,151.61,115.12,43.36,73.34
2026-03-13,180.25,250.12,395.55,207.67,391.20,613.18,126.26,302.28,301.46,321.49,1008.43,95.31,425.95,150.95,193.39,77.91,341.53,212.20,217.39,493.92,45.77,159.88,1418.64,366.21,190.78,144.99,472.16,306.07,234.50,129.82,169.65,167.02,458.67,438.60,1345.69,469.34,29.81,99.15,301.77,249.32,441.78,272.29,1670.00,313.81,87.82,383.04,208.52,745.77,91.54,287.03,39.30,412.63,54.42,133.61,77.11,206.28,102.65,27.14,194.28,161.36,115.34,83.44,54.26,182.37,1050.49,126.30,45.46,199.24,251.17,49.82,189.87,81.91,573.82,313.41,44.90,100.46,180.75,139.67,124.52,208.58,350.11,27.17,139.50,61.94,496.18,92.61,70.74,34.09,60.37,133.09,218.19,22.58,201.22,64.24,153.76,115.75,43.63,75.21
2026-03-16,183.22,252.82,399.95,211.74,395.56,627.45,125.73,305.56,304.42,324.24,1001.74,95.20,441.61,152.72,196.58,78.47,346.18,219.40,214.82,497.41,45.76,157.72,1438.24,366.25,194.13,145.21,483.46,310.92,234.51,129.39,171.72,167.45,453.30,450.92,1375.56,466.10,29.99,97.82,305.58,251.86,423.84,286.21,1732.33,321.84,91.53,398.09,209.11,756.91,90.46,292.72,39.78,425.88,56.67,134.15,77.05,207.96,103.84,27.51,192.74,167.78,115.63,84.49,55.19,182.33,1075.25,128.32,45.68,200.21,249.78,50.29,190.90,81.63,586.37,318.91,45.42,100.61,182.44,147.52,126.57,207.69,351.30,27.31,144.60,63.83,489.64,93.10,72.13,33.88,61.05,133.63,217.65,22.71,204.74,66.34,153.69,121.70,43.62,76.17
2026-03-17,181.93,254.23,399.41,215.20,399.27,622.66,124.82,310.92,309.41,320.64,996.16,94.36,461.50,155.08,196.31,78.84,352.46,226.47,213.35,494.05,44.06,156.50,1481.35,361.13,194.45,144.40,482.76,313.66,231.42,131.59,177.69,169.19,459.09,457.87,1389.16,462.49,29.73,97.57,307.69,254.20,433.20,313.81,1728.14,327.28,90.74,420.36,209.73,759.05,89.39,293.75,40.31,429.29,57.44,133.62,77.59,209.19,104.37,27.64,192.84,169.81,115.43,83.16,57.00,187.22,1064.53,131.95,45.93,200.13,252.92,50.04,193.02,81.41,586.98,320.42,46.13,100.77,184.43,150.28,128.87,206.72,351.99,27.33,143.93,64.59,506.57,92.43,72.30,34.05,61.32,135.17,222.52,22.89,203.79,67.32,156.00,127.31,44.25,74.91
2026-03-18,180.40,249.94,391.79,209.87,392.78,615.68,121.73,307.69,306.30,315.27,979.92,94.70,461.54,152.77,199.46,77.18,349.47,224.71,206.62,488.57,45.03,153.54,1482.36,351.48,190.78,141.29,477.73,308.59,229.92,130.47,175.26,168.91,442.57,445.41,1355.17,451.59,28.24,92.66,317.22,246.00,435.81,304.90,1690.26,322.52,87.58,406.06,208.28,744.12,87.72,289.64,39.64,428.67,55.99,130.97,74.09,207.22,100.72,27.35,185.44,164.99,114.69,83.39,57.48,189.68,1073.14,131.13,45.08,200.61,248.48,49.25,191.70,80.02,577.12,314.80,44.59,96.08,182.57,140.56,131.26,204.22,349.90,26.83,142.70,64.71,508.41,90.64,70.22,33.00,60.29,132.29,209.00,22.08,204.39,67.66,155.99,128.36,43.11,73.47
2026-03-19,178.56,248.96,389.02,208.76,380.30,606.70,120.84,307.13,305.73,319.17,974.78,91.74,444.08,155.68,205.27,78.09,357.21,233.99,206.59,489.80,46.18,152.74,1511.52,349.92,188.29,141.11,479.93,310.44,229.03,131.28,171.77,169.74,439.92,453.84,1366.39,458.05,28.65,95.83,316.47,245.99,428.18,316.93,1666.93,324.89,89.49,433.84,210.66,737.45,87.91,287.40,38.49,428.25,56.01,128.72,73.74,210.66,97.43,27.63,181.83,159.26,112.85,83.12,60.71,190.31,1090.51,130.79,44.49,200.69,247.65,48.01,191.36,79.53,579.85,311.10,44.19,94.71,182.36,138.24,129.94,201.75,352.36,26.91,144.00,63.29,502.18,91.71,70.35,32.52,61.55,133.38,211.63,21.76,201.69,67.27,155.40,129.82,42.82,74.60
2026-03-20,172.70,247.99,381.87,205.37,367.96,593.66,119.02,301.00,298.79,309.86,972.33,91.82,422.72,150.68,201.33,77.23,357.06,228.36,208.47,488.15,43.87,150.04,1498.67,347.80,187.19,137.21,477.97,309.43,221.50,129.90,172.96,162.95,442.39,454.16,1317.25,454.00,28.69,92.55,281.99,248.15,409.00,293.10,1635.76,319.76,87.87,410.51,208.69,732.87,87.30,283.90,38.17,420.32,55.73,125.66,73.69,211.19,96.19,27.42,179.34,156.64,111.26,81.40,60.35,192.54,1066.72,128.52,43.76,200.51,247.99,46.44,190.38,76.77,577.26,312.17,44.01,91.62,183.92,135.66,125.08,200.63,352.78,26.36,136.00,62.97,496.27,92.55,69.62,32.86,62.07,135.96,213.01,21.57,201.75,66.95,151.47,132.35,42.90,73.73
2026-03-23,175.64,251.49,383.00,210.14,380.85,604.06,120.72,302.06,299.02,322.51,965.73,93.38,404.18,160.84,202.68,78.40,361.79,233.31,208.76,478.05,44.01,150.88,1511.43,349.77,188.63,137.34,478.04,312.19,223.01,128.35,175.87,164.05,458.95,455.61,1369.62,451.24,28.68,93.83,289.76,247.64,413.31,294.79,1666.08,326.52,90.11,403.32,209.71,736.53,88.70,292.52,38.94,432.48,56.37,127.92,73.96,213.09,96.25,27.40,181.21,159.98,114.32,82.77,62.53,191.78,1074.20,132.59,44.45,201.13,247.44,47.17,192.39,76.95,578.51,306.66,45.49,92.59,187.70,138.20,129.23,200.84,352.58,26.32,143.98,64.34,507.28,93.50,71.62,33.39,61.94,137.06,216.61,21.21,199.85,65.94,151.80,136.89,42.91,74.41
2026-03-24,175.20,251.64,372.74,207.24,383.03,592.92,122.05,290.44,289.20,318.29,973.82,90.92,395.36,154.78,205.37,80.42,373.99,238.84,211.26,479.84,44.06,150.59,1566.19,348.43,194.63,138.11,471.91,321.83,221.57,128.67,171.63,157.21,435.91,431.12,1399.42,448.62,28.88,91.98,294.85,238.87,392.99,301.05,1612.02,324.29,92.31,424.22,204.89,741.69,87.99,284.32,38.87,415.62,56.69,128.80,73.00,215.80,98.09,27.28,178.13,154.73,115.80,79.34,63.49,197.06,1099.39,130.00,44.89,201.62,239.39,47.29,195.39,77.96,570.21,308.05,44.21,92.25,185.03,136.25,122.57,191.37,345.05,25.98,139.14,65.63,456.60,90.61,70.93,32.84,60.24,129.29,217.60,21.32,194.73,66.60,139.41,134.96,41.46,68.17
2026-03-25,178.68,252.62,371.04,211.71,385.95,594.89,123.06,290.93,289.59,318.81,974.86,92.28,381.93,154.96,220.27,81.39,369.34,233.45,211.36,492.34,47.18,151.73,1543.82,353.93,196.77,138.26,469.98,322.03,225.79,130.35,169.51,153.22,436.69,425.54,1393.89,454.97,28.40,92.70,303.32,237.25,385.86,296.14,1639.47,326.79,98.40,413.22,202.11,749.47,91.16,281.39,39.57,410.13,56.94,128.30,73.21,216.03,102.61,27.22,176.85,152.92,116.34,78.89,62.62,196.02,1116.43,131.81,45.37,202.34,235.42,47.67,197.61,77.70,575.72,328.70,44.85,93.23,189.05,139.13,123.29,193.05,345.84,26.14,148.31,65.16,460.15,93.36,72.16,33.08,59.79,127.07,218.91,21.51,185.05,66.84,139.44,157.07,41.41,66.46
2026-03-26,171.24,252.89,365.97,207.54,372.11,547.54,122.18,280.92,280.74,309.42,979.65,93.32,355.31,147.56,203.77,81.72,338.55,211.62,211.59,495.49,44.10,150.83,1451.13,353.16,193.41,136.88,468.55,313.42,225.17,130.54,168.55,156.36,391.21,431.22,1329.50,453.74,28.39,91.22,295.19,240.88,392.62,273.35,1630.99,325.74,97.63,378.79,204.51,756.73,92.27,280.62,39.55,401.95,57.09,128.85,71.98,214.30,100.62,27.07,168.85,151.96,115.33,81.03,62.36,202.19,1056.17,131.06,45.11,201.91,239.83,48.40,196.92,77.93,573.29,328.16,45.20,92.79,187.93,132.93,124.30,194.72,350.18,26.04,147.60,64.20,450.46,93.59,71.51,33.03,60.76,127.97,218.51,21.56,185.75,66.09,141.50,154.80,41.30,68.13
2026-03-27,167.52,248.80,356.77,199.34,361.83,525.72,122.89,274.34,273.76,300.68,983.86,93.43,357.07,143.06,201.99,79.49,337.17,211.41,210.82,491.12,43.13,153.04,1443.21,348.77,190.33,134.25,452.66,307.44,223.12,127.11,162.49,147.02,381.20,415.16,1302.47,433.07,28.00,86.81,301.49,234.84,369.58,275.34,1599.52,317.54,94.83,380.07,201.25,737.71,90.11,271.77,39.67,380.47,57.77,130.10,71.83,211.69,99.81,27.07,165.71,146.60,112.75,78.20,63.22,201.84,1050.91,122.87,44.95,202.01,229.84,48.32,191.66,78.09,558.32,317.36,43.59,91.64,188.34,126.03,114.48,189.69,343.54,26.23,145.30,62.00,429.94,91.68,69.20,32.43,59.73,124.18,219.14,22.04,182.75,62.25,133.16,144.13,39.77,65.12
2026-03-30,165.17,246.63,358.96,200.95,355.28,536.38,123.50,273.50,273.14,293.41,996.58,92.97,321.80,137.55,196.04,76.62,323.12,199.93,213.94,499.26,41.19,156.82,1382.58,349.00,186.42,136.34,452.78,303.10,223.48,127.07,164.70,154.35,372.08,427.71,1253.96,443.16,28.57,86.72,298.61,241.13,380.06,251.67,1619.20,319.31,87.77,362.43,205.47,749.29,92.11,270.88,39.77,383.14,57.75,131.12,71.32,208.79,98.42,27.09,168.66,148.01,112.47,79.05,60.68,198.65,1000.34,123.10,45.12,202.57,235.68,49.11,187.39,79.17,557.09,316.09,44.67,91.13,189.75,121.44,115.81,193.08,351.07,26.45,153.32,60.06,415.07,93.12,68.74,32.61,61.06,128.77,220.94,22.34,187.36,61.90,137.26,136.96,40.88,66.88
2026-03-31,174.40,253.79,370.17,208.27,371.75,572.13,124.28,287.56,286.86,309.51,996.43,96.15,337.84,146.28,203.43,77.17,341.79,213.66,210.03,495.76,44.13,155.29,1472.41,351.85,194.14,139.37,460.99,318.14,226.03,128.78,168.41,160.32,398.00,431.05,1320.83,446.54,28.38,89.59,279.25,243.08,390.41,270.49,1729.02,327.07,99.00,391.76,203.18,772.64,92.31,277.87,41.05,396.48,57.64,131.08,72.46,216.63,102.18,27.46,169.14,150.15,115.50,81.72,61.05,197.79,1093.35,126.28,46.40,203.87,239.40,49.02,196.86,79.44,561.89,330.87,45.23,90.67,195.40,124.80,118.05,197.50,352.96,26.33,163.52,64.61,424.69,92.12,71.15,33.20,61.35,129.92,215.88,22.49,189.75,62.80,140.29,151.28,40.34,68.25
2026-04-01,175.75,255.63,369.37,210.57,381.26,579.23,124.74,297.39,294.90,313.49,996.56,95.55,367.85,146.49,210.21,77.51,353.80,222.01,204.25,493.83,48.03,154.65,1519.84,353.28,196.30,140.30,464.45,320.58,228.20,127.28,167.38,160.67,387.84,424.56,1359.76,447.26,28.05,90.43,279.46,241.37,393.31,297.73,1718.97,333.46,106.66,423.12,201.28,777.25,92.10,280.19,41.44,396.74,57.07,131.67,72.77,219.95,101.78,27.49,172.04,150.50,117.65,81.15,60.34,190.62,1119.51,125.19,46.63,203.58,237.87,48.88,195.58,79.71,564.66,328.73,44.63,92.48,199.63,122.78,118.67,198.20,354.97,25.69,164.86,65.38,423.57,90.91,71.94,33.02,61.25,129.05,216.27,22.27,183.50,62.37,136.67,155.07,39.63,69.37
2026-04-02,177.39,255.92,373.46,209.77,360.59,574.46,125.79,295.77,294.46,314.55,1014.96,98.66,366.24,148.46,217.50,79.02,348.47,218.44,201.40,502.60,50.38,157.01,1516.84,347.94,194.87,139.71,452.07,318.34,229.45,126.80,167.77,163.21,386.37,421.18,1317.23,438.71,27.93,90.37,272.82,242.92,399.12,294.97,1715.52,331.93,107.06,429.36,204.01,761.85,91.42,278.72,41.22,395.95,57.54,132.68,72.37,219.98,100.87,27.32,174.34,156.45,118.32,82.53,60.38,193.88,1118.49,124.95,46.30,203.60,238.08,49.33,194.55,80.74,569.55,318.85,45.34,92.48,198.00,119.83,120.36,199.87,356.97,25.31,162.43,65.60,412.81,91.70,70.35,33.40,62.54,132.26,219.79,22.79,185.08,62.22,138.56,149.11,39.95,68.29
2026-04-06,177.64,258.86,372.88,212.79,352.82,573.02,126.79,299.99,297.66,314.43,1018.55,98.93,377.76,147.93,220.18,80.44,352.62,220.65,198.61,499.47,50.78,156.73,1540.06,342.57,199.42,140.13,452.58,327.36,228.21,125.73,176.19,161.95,412.68,416.07,1304.01,434.30,27.66,94.78,275.16,244.36,398.61,304.15,1710.37,338.00,109.46,453.30,204.34,763.04,92.13,279.39,41.48,397.07,58.38,132.36,74.16,221.21,100.91,27.41,171.69,155.07,118.32,82.29,60.70,194.27,1180.03,126.81,45.87,204.16,237.72,48.94,197.08,80.39,577.44,330.34,45.48,93.28,202.18,127.69,116.50,196.69,360.19,25.70,163.81,67.22,413.07,91.85,70.40,32.84,62.35,129.72,219.98,23.57,184.71,63.21,139.52,148.77,41.18,68.09
2026-04-07,178.10,253.50,372.29,213.77,346.65,575.05,122.49,305.46,303.93,333.97,1013.21,98.82,377.58,150.07,221.53,80.68,354.31,224.35,200.54,494.59,52.91,153.21,1548.85,340.00,199.74,138.80,452.95,327.41,223.84,124.07,173.41,169.87,410.44,408.98,1306.45,431.86,27.79,95.21,272.58,240.14,423.23,311.96,1742.30,330.93,109.33,468.72,203.61,760.27,91.36,279.48,41.42,397.90,57.51,132.92,72.44,216.34,99.54,27.37,170.28,155.90,118.20,83.72,61.25,195.50,1191.22,124.97,45.64,203.95,234.96,49.05,195.12,80.54,574.80,319.52,44.87,93.12,198.93,123.72,116.54,198.33,358.83,25.47,163.03,67.51,372.87,91.61,69.73,33.11,61.49,127.51,223.80,23.18,181.00,63.11,142.09,143.86,39.48,64.83
2026-04-08,182.08,258.90,374.33,221.25,343.25,612.42,127.26,317.32,314.74,350.63,1030.27,99.39,406.73,140.76,231.82,83.70,385.72,246.49,197.63,500.48,58.95,154.80,1672.34,349.81,208.90,141.54,462.28,346.21,232.47,127.51,181.00,173.78,391.20,388.31,1421.05,443.92,27.96,97.21,284.27,239.31,426.51,338.78,1775.74,348.58,114.39,496.30,200.78,775.53,93.06,289.50,42.14,410.16,58.83,134.71,75.14,224.47,103.75,27.55,174.59,160.69,124.19,83.51,63.16,186.47,1312.94,131.40,48.18,203.99,240.65,49.17,204.27,81.46,591.84,327.25,45.85,97.42,207.53,128.30,116.50,202.13,355.85,25.84,160.18,70.73,391.53,89.89,73.75,33.17,61.00,119.17,221.63,22.95,175.43,65.80,137.85,148.91,38.82,63.62
2026-04-09,183.91,260.49,373.07,233.65,345.62,628.39,129.13,318.49,316.37,354.91,1032.03,102.05,421.51,130.49,236.64,83.17,397.81,258.76,197.54,503.30,61.72,157.49,1727.26,355.60,214.98,142.09,454.94,351.36,236.06,127.75,176.60,166.99,379.14,361.69,1448.64,446.78,28.31,96.92,280.25,229.94,394.68,337.88,1793.21,352.93,119.87,500.77,196.02,767.85,94.40,281.01,42.49,404.92,59.09,137.15,76.19,224.91,100.57,27.53,174.15,154.55,127.05,80.66,63.42,186.31,1334.21,129.16,49.10,202.20,225.13,49.44,205.67,82.77,584.75,321.28,45.98,97.91,209.50,128.86,108.98,198.05,349.88,26.42,159.59,71.22,351.33,87.86,72.91,32.99,59.20,113.06,223.23,23.27,169.41,65.68,122.23,149.79,37.32,58.96
2026-04-10,188.63,260.48,370.87,238.38,348.95,629.86,126.77,317.24,315.72,371.55,998.47,103.01,420.59,128.06,245.04,82.22,399.49,263.66,195.71,503.15,62.38,157.06,1737.28,351.02,214.73,138.99,450.62,350.14,235.04,128.06,173.46,155.73,391.38,350.94,1478.28,436.27,27.93,96.60,286.50,225.35,379.02,343.43,1773.96,354.10,128.49,503.13,188.79,748.87,93.01,265.66,42.24,392.24,59.00,136.30,75.72,221.16,100.17,27.44,174.93,152.58,127.19,76.70,62.83,188.21,1353.85,128.96,49.17,202.74,218.45,48.57,204.37,82.38,563.00,322.11,45.24,97.43,208.35,128.64,105.37,197.07,343.15,26.57,154.81,71.56,345.94,85.57,73.18,32.76,57.92,112.50,218.82,23.06,164.28,64.02,118.05,148.93,36.48,57.15
2026-04-13,189.31,259.20,384.37,239.89,352.42,634.53,124.57,321.31,319.21,379.75,980.85,103.16,426.56,132.37,246.83,82.35,395.73,267.32,192.43,508.87,65.18,155.88,1768.78,349.82,216.71,139.03,458.96,350.01,233.64,131.24,177.25,162.51,417.45,369.44,1500.20,440.05,28.05,97.48,291.72,240.11,402.24,350.16,1831.93,359.56,131.30,513.28,195.38,746.46,94.01,288.20,42.35,417.77,57.68,134.46,75.17,220.95,100.80,27.39,175.68,159.61,127.38,78.74,62.56,189.10,1372.23,130.32,45.80,202.56,227.14,48.15,208.00,80.45,574.00,333.00,47.51,97.20,207.63,132.36,110.08,201.36,356.35,26.04,151.14,73.55,359.63,89.32,73.83,33.25,60.53,119.92,226.30,22.42,167.87,63.12,122.62,157.58,37.06,61.30
2026-04-14,196.51,258.83,393.11,249.02,364.20,662.49,125.05,332.91,330.58,380.78,974.80,106.28,465.66,135.70,255.07,82.61,395.64,272.41,190.00,499.65,63.81,155.72,1795.91,350.95,218.87,140.45,467.22,348.60,233.24,132.84,181.12,161.59,433.51,366.80,1518.30,444.28,28.14,98.47,296.61,235.72,398.49,366.22,1840.66,366.70,133.83,533.44,195.08,755.51,93.52,292.37,42.51,418.80,57.84,135.46,75.07,223.29,102.10,27.37,176.14,163.55,125.43,78.70,61.49,186.51,1363.42,133.85,44.62,202.85,228.59,48.66,209.89,79.83,584.05,339.41,47.97,96.43,210.41,137.41,110.57,205.10,354.00,26.02,153.40,74.50,380.86,88.85,74.67,33.29,60.04,117.86,215.57,22.11,170.63,62.95,122.68,161.22,37.60,59.71
2026-04-15,198.87,266.43,411.22,248.50,391.95,671.58,124.76,337.12,334.47,396.72,984.75,107.71,456.23,142.15,258.12,82.36,394.26,265.16,190.19,497.94,64.94,154.85,1748.11,348.22,216.29,139.77,468.36,347.94,232.19,133.05,185.69,164.11,464.63,389.72,1481.77,441.70,28.30,98.34,294.73,244.66,411.16,365.00,1872.12,363.74,134.60,519.60,196.92,753.93,93.60,304.10,42.10,438.45,56.58,134.39,74.93,224.15,101.97,27.20,176.46,179.93,123.48,79.64,60.07,185.87,1353.00,137.51,44.40,203.24,239.32,47.88,209.39,78.65,580.76,333.39,49.57,96.17,205.19,143.54,121.06,214.15,358.09,26.00,146.74,74.49,402.18,90.26,73.51,33.36,60.39,124.12,220.29,22.01,176.84,61.54,131.01,159.34,39.31,66.00
