Date,AAPL,AMAT,AMD,AMGN,AMZN,AVGO,BAC,BRK-B,C,COST,CSCO,CVX,GE,GEV,GOOG,GOOGL,GS,HD,IBM,INTC,JNJ,JPM,KLAC,KO,LIN,LLY,LRCX,MA,MCD,META,MRK,MS,MSFT,NFLX,NVDA,ORCL,PEP,PG,PLTR,PM,RTX,T,TSLA,TXN,UNH,V,VZ,WFC,WMT,XOM
2021-01-04,125.86,83.09,92.30,192.31,159.33,38.25,26.61,228.45,50.04,359.20,38.04,67.83,51.01,,85.77,85.66,235.32,233.66,95.79,44.90,135.78,110.05,246.35,45.39,241.54,156.79,45.26,341.16,187.54,267.07,65.91,57.93,208.41,52.29,13.08,59.31,123.65,120.76,23.37,63.99,60.81,15.70,243.26,139.82,322.15,209.57,42.87,26.34,45.63,33.69
2021-01-05,127.41,85.70,92.77,193.24,160.93,38.51,26.82,227.47,51.34,355.03,38.05,69.66,52.47,,86.40,86.35,240.59,235.54,97.49,45.75,137.37,110.65,251.52,44.89,245.33,157.57,46.83,337.21,188.66,269.09,66.03,58.92,208.61,52.08,13.37,58.57,124.02,121.53,24.60,64.69,61.69,15.61,245.04,140.85,317.82,206.45,42.67,27.08,45.39,35.32
2021-01-06,123.12,86.87,90.33,197.90,156.92,38.27,28.49,230.27,54.30,349.63,38.42,71.90,55.35,,86.12,85.50,253.57,236.89,99.92,46.20,138.67,115.85,250.97,43.46,253.38,155.68,47.01,337.34,188.23,261.48,67.07,62.47,203.20,50.05,12.58,58.43,122.50,122.81,23.54,64.77,62.46,15.91,251.99,141.55,331.15,204.63,43.19,28.99,45.68,36.22
2021-01-07,127.33,90.44,95.16,198.55,158.11,39.89,29.12,232.88,54.94,347.64,38.90,72.24,54.91,,88.70,88.05,258.99,235.73,99.69,47.18,139.14,119.65,263.25,42.98,252.66,157.11,48.71,340.01,189.11,266.88,68.40,63.54,208.98,50.89,13.31,58.90,122.11,121.66,25.00,65.15,62.01,15.95,272.01,144.75,336.46,205.77,43.09,29.65,45.67,36.50
2021-01-08,128.42,91.40,94.58,202.35,159.13,40.09,28.83,234.03,54.40,349.55,38.99,72.93,55.25,,89.69,89.22,257.59,238.23,99.34,46.69,138.85,119.78,267.98,43.95,252.36,157.66,47.50,343.89,192.58,265.71,67.60,63.80,210.25,51.04,13.24,59.19,123.58,121.61,25.20,65.24,62.08,15.84,293.34,147.53,334.95,207.35,42.56,29.44,45.67,36.91
2021-01-11,125.44,93.69,97.25,201.57,155.71,40.10,29.31,233.43,55.29,343.95,39.25,73.35,55.79,,87.68,87.16,260.92,240.13,99.38,46.59,138.27,121.57,273.59,43.19,249.68,176.16,48.90,338.40,191.11,255.06,69.20,64.49,208.22,49.91,13.58,58.86,121.78,120.78,25.93,64.62,62.03,15.76,270.40,147.66,332.52,204.89,42.31,29.48,45.87,38.03
2021-01-12,125.26,95.65,95.36,200.74,156.04,40.43,29.83,233.03,55.48,344.13,39.62,74.74,57.39,,86.68,86.22,268.36,244.64,99.86,48.13,137.19,123.48,275.37,43.11,248.83,169.39,50.79,333.27,188.77,249.35,67.65,64.27,205.76,49.42,13.45,58.29,121.22,120.08,26.18,63.65,63.56,15.70,283.15,148.51,329.40,201.01,42.16,30.10,46.39,38.87
2021-01-13,127.30,93.78,91.78,201.71,158.29,40.59,29.65,234.51,55.64,346.73,39.25,74.67,56.37,,87.07,86.71,269.01,242.62,98.09,51.48,136.98,123.60,274.52,43.16,249.86,175.74,49.85,336.58,189.21,249.89,67.04,64.06,207.11,50.78,13.49,57.95,122.21,120.27,25.50,63.76,62.65,15.62,284.80,147.74,327.25,201.48,42.01,29.98,45.92,39.31
2021-01-14,125.37,101.19,90.79,205.04,156.37,40.67,30.12,235.02,57.43,342.38,39.07,76.46,56.81,,86.36,85.90,273.39,237.57,99.68,53.56,139.38,124.32,287.56,42.35,246.09,176.87,52.82,317.73,186.00,243.94,66.90,64.83,203.94,50.09,13.16,57.52,121.50,118.99,24.92,63.74,63.04,15.99,281.67,148.00,323.10,194.27,42.00,30.82,45.77,40.85
2021-01-15,123.65,98.65,88.21,208.29,155.21,40.11,29.25,233.49,53.45,342.20,39.31,73.74,55.20,,86.16,85.73,267.30,243.99,99.23,52.05,139.07,122.09,287.80,41.90,240.87,180.74,51.84,314.16,187.26,249.62,67.88,63.79,203.58,49.80,12.82,57.69,121.18,118.09,25.64,63.55,61.50,15.93,275.39,145.83,323.81,194.01,42.25,28.42,45.05,38.88
2021-01-19,124.32,104.46,89.45,210.64,156.04,41.32,29.04,234.55,53.00,334.93,39.10,75.68,55.69,,88.88,88.55,261.25,241.86,99.72,52.42,141.23,121.56,297.22,41.74,241.75,188.04,54.92,316.77,186.53,259.29,67.73,63.58,207.21,50.18,12.99,57.24,121.76,117.06,26.62,64.30,61.64,15.81,281.52,150.14,324.63,194.08,42.00,28.94,44.66,39.65
2021-01-20,128.40,103.14,88.75,214.12,163.17,41.55,28.66,234.76,52.63,341.39,39.23,76.37,55.49,,93.64,93.30,257.94,242.85,100.54,53.04,140.88,119.74,287.99,41.88,240.22,190.67,53.31,325.48,190.58,265.62,67.13,63.45,214.77,58.63,13.33,57.49,121.13,115.60,26.34,64.14,61.18,15.81,283.48,149.40,323.38,198.26,42.16,28.79,45.32,40.21
2021-01-21,133.11,103.27,91.53,213.84,165.35,42.00,28.16,234.16,51.48,342.80,39.03,73.67,53.94,,93.86,93.50,256.96,247.05,101.75,56.47,140.32,118.73,288.81,42.11,236.30,191.71,53.42,325.03,190.49,270.98,66.09,63.33,215.38,57.98,13.83,57.16,119.66,115.48,25.98,63.85,60.53,15.74,281.66,150.92,327.22,197.43,42.17,28.38,45.11,39.06
2021-01-22,135.25,101.70,92.79,215.08,164.61,41.83,27.96,232.92,51.03,342.33,38.74,73.45,54.13,,94.34,93.92,256.98,251.43,91.67,51.22,141.89,117.82,288.63,41.72,234.70,195.30,53.39,319.73,190.36,272.60,65.93,62.85,216.31,56.52,13.67,56.37,118.78,114.59,32.58,63.34,60.06,15.79,282.21,148.95,320.35,194.42,42.31,28.29,45.57,38.51
2021-01-25,139.00,103.41,94.13,218.14,164.70,41.81,27.62,233.01,50.39,341.93,38.96,72.79,53.55,,94.26,94.00,251.34,252.39,91.65,50.12,144.00,116.35,292.32,41.97,236.23,201.18,53.76,319.92,190.32,276.08,66.07,61.37,219.74,55.68,13.61,56.87,120.15,116.57,36.23,63.86,58.90,15.89,293.60,149.04,320.59,193.42,43.01,28.59,45.53,38.08
2021-01-26,139.23,100.93,94.71,219.41,166.31,41.73,27.42,231.57,50.69,344.86,39.16,71.55,55.01,,95.15,94.68,250.20,250.19,94.67,49.91,147.91,115.87,287.25,42.41,238.78,201.53,52.33,318.48,192.14,280.09,65.33,60.37,222.42,56.19,13.40,57.71,121.54,117.32,35.37,64.37,59.72,16.24,294.36,147.80,316.26,194.42,41.65,27.83,45.94,37.24
2021-01-27,138.16,94.29,88.84,213.01,161.63,40.01,26.44,227.36,49.43,336.75,39.54,70.62,55.45,,90.86,90.26,242.72,242.62,94.65,48.45,145.65,112.60,269.17,41.75,226.70,196.65,48.77,306.61,184.66,270.25,62.75,58.01,222.97,52.33,12.88,58.41,118.31,113.16,39.00,62.65,58.21,15.91,288.05,140.43,306.93,187.64,40.59,26.76,44.80,36.82
2021-01-28,133.33,96.75,87.52,210.20,161.88,40.64,26.87,230.95,50.21,337.38,39.23,71.28,54.03,,92.46,91.97,244.22,246.17,92.81,50.69,146.76,114.58,275.47,42.29,232.89,199.07,48.04,315.15,184.50,263.16,63.44,59.07,228.74,53.86,13.01,57.17,119.30,114.91,35.66,63.81,60.58,15.72,278.48,145.86,311.69,190.77,40.77,27.32,44.77,37.40
2021-01-29,128.34,92.47,85.64,204.84,160.31,40.53,26.28,227.87,48.67,333.01,38.57,68.22,52.03,,91.10,90.68,240.80,239.77,92.06,50.18,141.53,113.31,265.03,41.43,229.02,197.03,45.82,307.39,185.41,256.54,62.75,57.14,222.07,53.24,12.95,56.43,117.05,113.01,35.18,62.53,59.30,15.63,264.51,143.68,307.47,185.98,40.31,26.50,43.75,36.41
2021-02-01,130.46,96.80,87.66,203.99,167.14,41.99,26.55,229.32,49.04,331.20,39.28,69.19,52.33,,94.36,93.94,243.96,239.10,93.16,51.25,141.17,114.15,276.91,41.71,233.72,192.45,47.48,312.51,185.49,260.19,62.98,57.67,229.43,53.90,13.20,57.44,117.40,113.68,33.96,62.07,59.51,15.64,279.94,149.55,307.86,190.90,39.97,26.60,43.37,36.47
2021-02-02,131.28,99.08,88.86,204.04,169.00,42.90,27.50,232.24,50.00,335.98,39.65,69.71,54.76,,95.66,95.24,254.83,240.95,92.31,52.43,139.90,117.66,282.74,42.12,235.42,187.17,48.87,324.96,187.13,265.23,63.32,60.46,229.30,54.82,13.52,58.24,118.60,113.52,31.02,62.24,62.33,15.58,290.93,151.54,312.21,194.99,40.13,27.27,43.84,37.05
2021-02-03,130.26,95.52,87.89,201.15,165.63,41.85,27.99,232.68,51.28,335.63,39.60,71.23,54.57,,102.73,102.17,256.23,242.73,92.06,52.14,139.25,119.01,270.93,41.96,233.44,186.60,47.75,323.45,186.19,264.80,62.95,60.17,232.64,53.94,13.49,58.06,118.30,113.67,31.76,62.99,62.72,15.56,284.90,146.19,311.45,193.79,40.34,28.11,43.97,38.50
2021-02-04,133.62,98.74,87.84,201.27,166.55,42.34,28.80,235.77,52.38,336.90,40.88,71.26,55.79,,102.35,101.91,260.85,246.85,93.53,53.47,140.54,121.75,278.43,42.17,232.55,191.01,49.19,331.24,188.26,264.64,61.90,61.61,231.69,55.22,13.63,59.16,119.72,113.74,32.05,65.66,64.59,15.77,283.33,149.15,303.55,201.38,40.60,29.06,44.39,39.24
2021-02-05,133.20,96.32,87.90,200.51,167.61,41.92,28.69,235.16,52.52,336.26,41.60,71.47,55.54,,104.12,103.66,260.63,246.88,94.13,52.92,142.67,121.51,272.57,42.72,240.20,191.16,48.27,329.22,189.64,266.24,61.71,62.40,231.87,55.08,13.55,59.39,120.82,114.21,34.05,66.17,64.28,15.79,284.08,147.36,299.11,200.92,40.73,28.97,44.96,40.55
2021-02-08,133.35,101.57,91.47,201.57,166.15,42.52,29.33,237.42,53.42,340.67,42.34,73.25,56.57,,103.87,103.44,266.53,247.92,95.53,53.81,143.08,123.41,286.03,42.95,240.17,194.95,50.45,327.54,188.75,264.73,61.09,63.26,232.13,54.79,14.40,58.94,120.34,113.86,36.05,67.51,64.42,15.71,287.81,151.86,298.96,199.11,40.53,29.72,45.17,42.30
2021-02-09,132.47,100.79,90.91,200.79,165.25,42.70,29.20,239.91,52.97,340.41,41.96,72.83,56.22,,103.40,102.99,266.81,245.03,95.63,53.46,144.25,122.92,282.29,42.76,238.56,191.10,50.00,324.06,192.68,267.58,61.09,63.27,233.37,55.91,14.22,59.46,119.65,113.42,38.17,67.23,64.91,15.62,283.15,150.62,303.83,198.76,40.50,29.59,45.42,41.80
2021-02-10,131.87,101.27,92.35,202.32,164.33,42.29,29.23,239.92,53.39,337.16,40.87,74.08,55.54,,103.99,103.54,270.20,246.73,95.74,53.53,144.72,122.99,281.63,42.67,235.86,193.64,50.42,324.80,191.27,269.98,60.97,63.34,232.46,56.36,14.72,59.08,118.02,113.02,35.70,67.47,64.40,15.59,268.27,151.20,307.31,198.68,40.47,29.54,44.89,42.21
2021-02-11,131.62,108.08,92.66,200.90,163.11,43.04,29.14,239.76,53.04,333.45,41.17,73.68,55.84,,104.01,103.65,268.46,245.29,94.70,55.17,144.07,122.64,307.06,43.28,236.22,192.73,54.18,333.22,191.15,268.51,60.85,62.82,234.06,55.76,15.21,58.55,115.68,113.12,33.11,67.02,64.28,15.66,270.55,155.41,307.00,203.05,40.20,29.11,44.85,41.15
2021-02-12,131.85,111.62,93.77,202.76,163.89,43.75,29.57,242.46,53.40,333.97,40.92,74.11,57.15,,104.42,103.97,272.01,245.69,94.61,56.22,144.52,124.39,314.00,43.61,235.82,197.21,55.50,331.40,190.82,268.62,61.06,63.58,234.54,55.65,14.92,58.91,114.74,112.49,31.91,67.61,64.53,15.72,272.04,155.78,302.55,202.38,39.91,29.83,44.99,41.71
2021-02-16,129.73,113.20,91.46,199.02,163.45,44.00,30.37,245.28,53.81,335.15,40.24,75.63,58.32,,105.31,104.74,277.02,243.81,94.04,56.82,143.21,127.38,319.08,43.25,233.45,195.75,56.04,331.61,191.83,272.07,60.45,64.81,233.31,55.73,15.29,58.03,115.18,112.76,27.84,67.52,64.53,15.82,265.41,156.75,299.21,200.39,39.87,30.95,45.36,42.97
2021-02-17,127.44,110.67,89.94,201.39,165.43,43.40,30.50,245.25,54.35,338.97,40.02,77.89,57.78,,105.62,105.14,277.71,248.71,93.96,56.25,143.72,127.78,312.57,43.13,232.65,196.42,55.48,327.84,190.42,271.67,61.50,64.30,234.32,55.13,14.86,57.98,115.24,113.23,27.08,68.00,64.93,16.14,266.05,154.81,301.28,200.02,41.96,32.55,45.84,43.64
2021-02-18,126.34,108.49,88.64,198.76,166.41,43.47,30.30,243.50,53.27,337.91,40.10,77.14,56.66,,105.07,104.50,275.19,250.59,94.56,56.04,143.79,128.21,308.54,43.68,233.25,191.34,54.71,328.93,192.19,267.52,61.39,63.77,233.93,54.82,14.79,57.96,116.02,114.18,25.17,67.78,64.77,15.96,262.46,153.06,302.71,201.79,41.95,32.88,42.87,42.95
2021-02-19,126.49,114.26,89.58,198.04,162.49,44.08,30.61,241.85,55.20,335.88,39.52,77.79,58.56,,104.27,103.66,280.27,247.57,93.19,57.31,141.40,130.35,313.77,43.11,234.14,191.15,56.66,323.79,189.34,259.75,60.50,64.77,231.23,54.02,14.88,57.09,113.57,112.05,29.00,67.09,65.99,15.83,260.43,154.66,299.18,197.34,41.56,33.66,43.08,43.24
2021-02-22,122.72,110.21,85.37,197.85,159.04,42.85,31.15,244.97,54.99,331.56,39.31,79.90,60.90,,102.48,101.94,281.38,244.22,94.66,55.22,141.31,131.57,300.00,43.56,234.32,190.92,53.76,331.07,189.18,258.52,61.00,65.96,225.03,53.38,14.32,60.19,113.13,111.58,28.00,67.91,64.87,16.01,238.17,150.10,302.00,200.80,41.56,33.15,42.88,44.83
2021-02-23,122.59,111.08,84.74,198.70,159.73,42.45,31.48,245.53,56.01,323.93,39.38,80.90,61.34,,102.77,102.23,283.46,236.60,94.54,55.59,140.06,132.63,302.49,43.48,241.38,192.63,53.28,340.56,188.52,264.02,60.69,66.05,223.84,54.62,14.10,60.23,113.80,112.41,26.75,67.87,65.75,15.93,232.95,149.89,303.72,204.45,41.99,33.04,42.19,45.45
2021-02-24,122.09,117.68,86.94,196.59,157.98,43.26,32.24,248.45,57.57,322.56,39.58,83.89,63.92,,103.98,103.41,293.61,230.16,96.50,57.47,141.94,134.96,311.65,43.63,237.62,194.57,56.52,356.98,190.26,262.48,60.71,68.07,225.06,55.34,14.46,60.42,113.21,112.53,26.39,68.74,69.02,16.04,247.34,155.56,306.21,211.51,42.06,34.07,41.49,46.82
2021-02-25,117.84,109.18,82.42,194.47,152.86,41.13,31.84,243.69,56.57,316.12,39.39,83.11,62.17,,100.81,100.04,291.05,225.98,95.92,54.93,142.09,133.13,289.21,43.16,230.52,193.90,51.86,344.59,188.19,252.92,60.75,66.84,219.73,54.67,13.27,60.98,111.42,111.58,23.96,67.93,65.56,15.63,227.41,147.88,303.13,206.03,41.60,33.42,41.09,46.04
2021-02-26,118.11,113.26,84.51,192.25,154.65,42.27,30.76,240.51,55.29,313.37,38.82,81.20,61.10,,101.08,100.34,283.70,228.72,93.15,55.28,138.34,129.60,295.32,42.15,227.97,194.92,53.71,343.89,185.03,255.83,59.12,65.51,222.98,53.88,13.68,60.24,110.73,108.89,23.90,65.97,64.37,15.23,225.17,149.38,306.22,204.72,40.72,32.18,40.46,44.89
2021-03-01,124.47,117.15,86.39,194.06,157.31,44.04,31.72,249.21,58.36,314.10,39.73,82.87,63.87,,103.30,102.71,294.12,231.62,94.56,57.19,139.09,132.53,309.33,42.93,234.71,196.43,56.70,352.69,186.92,263.07,58.93,67.46,227.36,55.06,13.80,61.79,111.95,109.56,24.81,66.70,66.49,15.34,239.48,154.07,308.46,208.81,40.76,33.00,40.91,46.57
2021-03-02,121.87,112.60,84.13,192.91,154.73,43.23,31.49,249.22,57.83,310.97,39.39,83.19,63.24,,103.02,102.45,295.03,230.44,94.24,55.70,138.82,132.10,293.99,43.10,237.06,194.21,54.29,352.61,187.30,257.20,59.31,68.85,224.41,54.78,13.37,62.25,112.34,109.21,24.48,66.79,66.76,15.41,228.81,151.66,308.45,207.98,40.48,33.04,40.52,46.30
2021-03-03,118.89,110.62,80.86,191.41,150.25,41.66,32.28,251.55,59.06,306.67,39.05,84.12,65.48,,100.58,99.82,298.14,227.85,95.83,54.48,136.38,134.66,288.28,43.00,231.03,192.17,52.20,350.11,184.74,253.64,59.68,69.93,218.36,52.07,12.77,62.48,110.68,108.56,23.59,66.85,67.12,15.68,217.73,147.93,306.82,207.09,40.78,33.53,39.74,46.67
2021-03-04,117.01,103.72,77.75,189.68,148.88,39.91,32.51,245.48,58.59,302.05,38.55,84.86,66.12,,101.69,100.93,293.56,222.16,94.07,53.05,133.63,132.59,272.92,42.97,230.03,190.78,50.07,339.66,183.86,255.85,58.76,69.12,217.56,51.13,12.34,61.27,111.30,107.67,24.73,66.43,66.54,15.79,207.15,141.56,307.69,203.86,40.35,33.06,39.72,48.48
2021-03-05,118.26,108.72,78.52,194.65,150.02,40.49,32.89,253.15,58.94,300.42,40.02,88.51,66.31,,104.64,104.07,291.85,224.45,96.20,55.24,136.28,132.90,280.75,43.70,232.11,196.85,51.86,350.72,186.13,262.45,59.54,68.92,222.23,51.64,12.43,65.34,114.93,111.05,23.95,67.65,67.22,16.17,199.32,145.63,319.94,207.63,41.23,33.30,40.21,50.31
2021-03-08,113.33,101.27,73.96,194.72,147.60,37.90,33.07,257.61,60.61,294.84,41.11,89.12,69.09,,100.46,99.62,297.93,229.33,97.75,54.43,137.41,134.66,260.04,44.43,237.77,196.96,47.59,360.88,187.70,253.54,60.38,69.11,218.19,49.33,11.56,67.39,114.15,112.22,22.52,67.80,67.61,16.37,187.67,140.57,322.76,212.32,41.81,34.40,39.83,50.26
2021-03-09,117.94,109.45,78.53,195.73,153.14,39.91,32.35,259.02,59.58,301.80,41.44,88.92,68.26,,101.87,101.25,294.72,234.58,97.26,57.00,137.67,133.71,279.07,43.76,245.89,196.08,51.46,365.92,187.19,263.90,60.36,68.90,224.33,50.64,12.49,67.83,114.26,111.22,24.26,68.36,66.91,16.18,224.53,147.73,324.43,212.40,41.38,33.92,40.14,49.48
2021-03-10,116.86,107.98,77.52,196.56,152.88,39.37,33.28,263.99,61.89,306.59,41.78,90.44,64.60,,101.99,101.05,304.91,237.19,100.15,56.62,138.94,136.61,268.96,44.26,248.98,195.46,49.12,370.96,191.46,263.06,60.87,70.81,223.02,50.45,12.44,67.35,115.40,112.25,24.75,68.12,68.45,16.37,222.69,146.91,322.24,215.11,42.03,35.21,41.17,51.00
2021-03-11,118.79,112.30,81.23,197.59,155.68,40.81,33.17,260.91,61.52,311.15,42.22,90.29,59.83,,104.95,104.24,304.98,239.51,99.58,57.58,138.93,135.90,281.21,43.77,250.60,195.23,50.70,373.56,189.90,271.98,60.76,70.95,227.54,52.31,12.96,62.95,115.09,111.87,26.73,68.01,68.89,16.13,233.20,151.71,325.47,217.99,40.87,34.59,41.15,50.62
2021-03-12,117.88,109.52,81.05,196.90,154.47,40.59,33.79,260.02,63.09,313.51,42.24,90.59,61.34,,102.33,101.73,310.96,243.30,99.94,57.21,139.33,137.51,279.23,43.69,251.66,197.96,49.69,371.94,190.59,266.54,61.27,71.87,226.22,51.80,12.82,62.72,114.94,112.95,26.92,68.87,70.21,16.27,231.24,150.51,329.32,216.26,40.96,35.56,41.77,51.17
2021-03-15,120.77,110.09,82.50,201.69,154.08,42.35,33.62,254.61,62.29,312.91,42.75,89.53,65.09,,102.56,101.95,308.50,248.15,100.70,58.02,140.05,136.82,283.68,44.27,252.13,179.96,50.82,371.02,197.88,271.85,62.61,71.47,225.31,52.03,13.16,63.25,114.93,113.32,26.79,68.84,71.15,16.34,235.98,151.67,327.34,215.21,40.97,35.32,41.55,49.86
2021-03-16,122.30,113.55,82.75,205.42,154.59,43.02,33.52,251.50,61.54,309.82,42.98,87.41,64.12,,103.85,103.41,304.63,251.30,100.44,58.92,140.88,135.18,286.52,44.43,253.81,181.61,51.94,371.62,197.34,277.34,63.08,70.34,228.10,52.40,13.26,62.43,115.78,113.66,25.61,69.25,69.96,16.37,225.63,153.61,328.01,216.59,40.97,35.01,41.54,48.81
2021-03-17,121.52,114.90,82.63,208.79,156.79,43.50,33.80,252.00,61.77,311.66,42.76,87.72,66.36,,103.78,103.33,307.52,249.47,101.06,59.83,140.35,136.58,289.78,44.45,252.65,177.65,52.49,368.02,201.16,282.04,63.49,71.47,227.45,52.44,13.31,61.84,115.44,113.20,25.21,70.03,71.14,16.46,233.94,155.52,325.77,214.97,41.05,35.44,41.20,49.02
2021-03-18,117.40,109.51,78.12,208.92,151.40,41.76,34.68,252.46,61.97,305.78,42.22,84.55,64.60,,101.05,100.31,310.24,252.26,101.86,57.96,140.09,138.83,273.98,43.87,251.10,174.98,51.18,356.67,200.07,276.69,63.46,71.53,221.39,50.48,12.69,62.32,114.50,113.45,23.98,71.10,69.69,16.38,217.72,151.20,334.90,212.69,41.46,36.31,40.66,46.91
2021-03-19,116.87,110.07,79.06,210.22,153.75,43.02,34.32,250.99,61.27,311.40,42.38,83.95,64.46,,101.40,100.59,306.85,257.55,100.95,57.99,139.71,136.62,277.91,44.08,252.24,175.33,51.48,346.48,199.66,288.10,63.66,70.68,221.03,51.22,12.81,61.88,116.20,112.84,24.32,71.01,70.06,16.25,218.29,152.60,338.17,199.43,41.41,35.26,41.20,46.64
2021-03-22,120.18,114.35,80.30,213.42,155.54,43.09,33.54,250.36,60.39,316.68,43.52,83.27,64.02,,101.17,100.77,302.51,257.41,102.25,59.69,140.12,132.95,289.75,44.24,253.40,176.80,53.16,348.31,202.02,291.50,63.66,69.81,226.45,52.31,13.15,61.93,119.05,114.75,24.22,71.59,68.78,16.37,223.33,156.17,339.35,200.49,41.67,34.67,41.40,46.16
2021-03-23,119.35,111.52,78.38,209.45,156.88,42.07,32.86,248.31,59.51,322.22,43.27,82.80,61.73,,101.88,101.30,295.77,258.34,102.18,57.74,139.99,131.62,281.88,44.58,251.08,174.74,51.67,345.27,201.39,288.61,62.64,67.43,227.97,53.51,13.04,62.82,120.48,116.88,23.26,70.06,67.22,16.38,220.72,155.03,340.87,200.64,41.90,34.02,41.89,45.59
2021-03-24,116.97,116.05,76.48,209.82,154.35,41.46,32.86,249.63,58.81,320.04,42.96,85.02,60.95,,101.49,100.86,292.99,260.80,102.30,56.43,141.35,132.64,282.67,44.69,252.85,171.41,52.44,349.53,201.11,280.18,62.62,67.61,225.94,52.08,12.61,62.41,119.92,116.85,21.88,70.46,67.55,16.37,210.09,155.13,342.81,200.56,41.98,33.91,41.63,46.52
2021-03-25,117.45,114.72,76.22,210.48,152.31,41.86,33.54,250.75,60.19,327.90,43.70,85.32,62.65,,101.46,100.86,294.68,264.75,104.22,56.41,141.40,134.34,284.11,45.13,256.24,174.18,52.02,348.27,201.24,276.81,62.48,68.29,222.94,50.29,12.50,64.09,120.63,117.66,22.58,70.57,69.32,16.42,213.46,154.78,343.26,200.46,42.25,34.96,41.91,46.39
2021-03-26,118.06,123.27,77.41,216.13,152.60,43.70,34.45,256.77,61.28,333.27,45.49,87.28,63.34,,101.02,100.48,291.86,270.66,106.81,59.00,143.98,136.58,303.59,46.01,263.75,176.30,55.45,355.83,202.15,281.06,63.56,68.16,226.92,50.81,12.81,65.60,123.28,119.40,22.58,72.07,69.89,16.55,206.24,163.20,348.25,205.82,42.84,35.37,42.26,47.65
2021-03-29,118.23,120.46,77.14,217.93,153.79,42.85,34.12,258.82,60.07,337.19,45.44,86.82,63.14,,102.03,101.52,290.38,269.22,106.41,58.66,144.95,134.45,298.25,46.72,263.38,177.28,54.13,352.70,204.07,288.80,64.31,66.37,225.73,51.40,12.92,66.42,125.11,121.26,21.73,72.40,69.46,16.68,203.76,161.45,350.64,206.77,43.32,34.20,42.74,47.39
2021-03-30,116.78,121.47,76.00,213.48,152.76,41.36,34.73,258.19,61.23,331.13,44.79,86.02,64.85,,102.01,101.56,295.98,271.56,105.51,58.00,144.05,136.04,300.87,46.11,261.75,176.48,54.35,348.12,201.94,286.00,63.21,67.40,222.47,51.34,12.84,65.88,123.15,119.40,22.04,71.09,69.58,16.78,211.87,161.24,345.55,204.25,43.14,35.04,42.45,46.81
2021-03-31,118.97,128.02,78.50,212.67,154.70,42.04,34.46,255.47,61.05,333.71,44.74,85.09,64.02,,102.66,102.35,291.52,271.94,104.37,58.21,143.48,134.06,313.52,45.73,262.57,177.73,56.50,346.03,201.19,292.49,63.31,66.18,226.24,52.17,13.32,65.53,122.20,119.38,23.29,70.61,69.09,16.53,222.64,163.88,344.17,204.09,42.81,34.76,42.48,46.10
2021-04-01,119.80,135.61,81.09,212.98,158.05,43.15,35.17,258.20,61.38,336.04,44.97,85.87,64.75,,106.09,105.69,292.09,274.17,104.35,58.71,142.15,135.36,329.54,45.55,263.23,176.23,60.68,353.07,202.15,296.59,63.31,66.66,232.55,53.94,13.78,67.06,122.06,118.36,23.07,70.07,69.10,16.63,220.58,166.55,339.54,209.03,42.93,35.26,42.41,47.39
2021-04-05,122.63,137.08,81.43,215.42,161.34,44.29,35.45,262.66,61.05,341.61,45.67,84.87,65.63,,110.45,110.12,288.43,280.98,106.46,60.52,142.67,136.08,336.93,45.81,267.50,175.90,62.72,357.95,205.41,306.77,63.24,66.47,239.00,54.07,13.95,69.25,123.68,120.28,23.44,70.50,69.66,16.77,230.35,170.77,342.42,211.13,43.34,35.12,43.60,46.65
2021-04-06,122.93,133.72,81.44,212.92,161.19,43.87,35.35,263.06,60.93,340.94,45.34,84.11,65.34,,110.41,109.63,291.57,279.54,105.12,59.63,142.64,135.12,328.89,46.14,266.29,173.91,61.93,359.17,208.16,304.14,62.25,67.40,237.84,54.45,13.83,69.37,124.12,120.32,23.27,70.52,69.30,16.91,230.54,168.74,337.05,210.76,43.52,35.45,43.81,46.52
2021-04-07,124.57,133.33,82.20,212.08,163.97,43.74,35.67,263.62,61.00,339.70,45.11,84.61,65.29,,111.65,111.11,291.12,278.37,105.68,60.26,142.83,137.24,330.25,46.22,263.71,173.45,62.53,360.64,208.79,310.92,62.52,67.36,239.79,54.70,14.11,69.47,123.90,120.53,22.90,70.24,69.38,16.89,223.66,167.44,338.22,211.35,43.44,35.58,43.72,46.73
2021-04-08,126.97,133.53,83.35,211.02,164.96,44.02,35.36,263.51,60.70,341.99,45.24,83.66,65.58,,112.43,111.68,295.21,280.12,105.83,60.98,142.27,137.41,335.95,46.08,264.50,173.73,63.41,367.54,206.67,310.85,62.00,68.35,243.01,55.46,14.28,70.60,123.15,120.99,23.41,71.16,69.28,16.75,227.93,169.27,337.53,212.73,42.87,35.61,43.69,46.24
2021-04-09,129.54,133.11,82.76,212.79,168.61,43.98,35.62,266.01,60.78,343.87,45.39,83.58,66.31,,113.44,112.68,294.91,284.40,106.30,62.08,140.77,138.43,334.82,46.13,266.94,175.52,62.84,369.82,207.77,310.29,62.67,68.79,245.50,55.53,14.36,70.89,123.17,120.21,24.04,72.46,70.00,16.77,225.67,169.47,348.08,214.49,42.78,36.03,43.71,46.13
2021-04-12,127.83,129.37,78.58,212.78,168.97,43.85,35.68,267.93,61.00,345.38,44.94,82.65,66.26,,111.90,111.39,295.83,285.79,105.41,59.49,141.11,138.14,327.46,46.28,267.53,172.98,61.72,369.59,207.31,309.38,62.60,68.33,245.56,55.28,15.17,71.39,123.56,120.69,23.34,72.72,70.39,16.73,233.99,166.87,348.06,213.47,42.82,36.27,43.72,45.83
2021-04-13,130.93,129.46,80.19,213.65,170.00,43.97,35.02,267.10,60.47,345.76,45.02,83.02,65.53,,112.52,111.88,292.12,285.44,102.74,59.32,139.23,136.49,326.54,46.06,268.34,173.65,61.22,367.92,207.63,307.61,62.77,67.78,248.04,55.37,15.64,71.91,123.59,119.10,25.42,72.23,69.47,16.54,254.11,165.83,346.42,213.04,42.88,35.40,43.59,46.00
2021-04-14,128.60,128.54,78.55,213.37,166.65,43.27,35.52,267.53,61.19,343.83,44.77,84.67,66.70,,111.90,111.25,298.96,285.10,103.88,58.38,139.61,133.94,319.30,46.05,267.17,174.10,60.79,368.11,206.72,300.72,62.75,68.85,245.25,54.00,15.24,72.05,122.77,119.53,23.70,72.46,69.71,16.60,244.08,165.05,347.46,213.97,42.94,37.36,43.57,47.33
2021-04-15,131.00,128.80,83.01,218.07,168.95,43.52,34.50,269.14,60.88,349.16,45.00,83.98,66.07,,113.98,113.41,301.81,287.52,103.84,59.14,140.02,134.79,321.24,46.26,269.91,176.88,61.65,376.06,207.59,305.68,62.96,68.87,249.01,54.92,16.10,73.43,122.95,120.97,23.15,73.07,69.72,16.61,246.28,167.51,360.76,218.11,42.94,37.58,43.83,47.05
2021-04-16,130.67,128.15,82.15,218.57,169.97,43.41,34.87,272.11,60.80,350.98,46.01,83.61,65.29,,114.03,113.28,305.17,292.28,104.63,58.89,141.64,135.80,315.98,46.57,271.78,180.04,61.10,375.75,209.21,304.06,63.63,66.97,250.20,54.65,15.87,74.05,124.55,120.98,22.47,73.92,69.94,16.72,246.59,166.43,361.69,218.24,43.37,39.00,43.97,46.78
2021-04-19,131.33,125.43,81.11,218.79,168.60,41.89,34.89,270.28,60.53,349.87,46.06,83.85,65.63,,114.26,113.63,305.86,291.18,104.26,57.87,142.03,135.22,307.81,46.85,270.36,180.41,59.01,371.84,208.07,300.14,63.78,68.20,248.28,55.44,15.32,73.86,125.05,120.42,21.94,72.94,70.27,16.75,238.21,162.21,360.61,217.64,43.45,39.04,43.69,46.63
2021-04-20,129.65,123.22,79.27,221.50,166.73,41.46,33.92,267.89,58.57,351.94,45.13,82.28,63.68,,113.83,113.10,295.87,288.61,108.21,57.03,145.34,132.23,302.62,46.99,267.91,181.34,58.19,366.46,209.15,300.55,64.53,65.87,247.82,54.96,15.13,74.32,125.88,121.42,21.78,74.79,68.93,16.69,239.66,160.66,366.80,215.22,43.45,37.85,44.03,45.65
2021-04-21,130.03,129.41,81.61,221.19,168.10,41.69,34.49,272.21,59.29,354.17,45.25,83.42,65.09,,113.81,113.06,298.89,290.38,112.43,57.94,145.43,133.35,314.83,47.37,273.66,181.66,60.87,372.76,208.47,299.38,65.07,67.54,250.04,50.89,15.32,71.90,126.98,120.63,22.63,74.94,70.52,16.81,248.04,163.81,368.90,219.24,43.27,38.47,44.16,46.24
2021-04-22,128.51,126.25,79.06,218.01,165.45,41.26,34.16,269.51,58.59,351.49,44.88,81.98,65.38,,112.55,111.78,294.95,286.38,110.65,56.91,144.20,130.54,308.47,47.23,270.59,177.95,58.33,373.01,209.10,294.46,64.03,66.72,246.77,50.88,14.81,70.22,126.20,119.43,22.86,74.80,70.40,17.51,239.90,161.12,366.80,219.35,42.63,37.99,43.68,45.64
2021-04-23,130.83,129.23,82.76,219.70,167.04,42.26,34.90,271.98,59.90,353.40,45.24,82.46,66.07,,114.90,114.13,302.53,288.55,111.55,53.88,144.50,133.04,315.10,47.25,273.31,179.54,59.56,376.61,210.56,299.04,63.96,68.99,250.59,50.56,15.23,70.31,125.99,118.82,23.41,75.28,72.01,17.53,243.13,163.74,370.29,221.70,42.64,39.02,43.75,45.88
2021-04-26,131.22,131.57,85.41,218.41,170.45,42.78,35.10,270.86,60.59,348.90,45.00,82.44,66.16,,115.47,114.63,306.24,285.07,110.88,53.44,143.28,133.37,318.65,46.55,271.36,178.11,61.05,377.01,208.52,300.94,63.67,69.47,250.97,51.03,15.44,69.87,123.85,116.44,24.11,75.10,72.42,17.26,246.07,165.94,366.18,222.02,42.37,39.27,43.13,45.97
2021-04-27,130.90,131.07,85.21,218.07,170.87,42.28,35.52,273.65,61.26,350.50,44.77,83.40,65.77,,114.50,113.69,309.02,285.61,111.22,52.72,142.46,133.98,313.60,46.48,272.01,173.35,61.21,378.57,210.92,301.46,63.54,69.85,251.38,50.56,15.34,70.55,123.45,116.37,23.88,75.20,74.04,17.18,234.91,164.94,364.92,221.61,41.91,40.12,43.28,46.58
2021-04-28,130.11,130.03,84.02,202.33,172.93,41.63,35.65,272.95,61.19,349.91,44.54,85.44,64.36,,118.11,117.07,310.34,284.82,112.00,52.41,141.41,134.85,308.24,46.49,269.13,171.77,60.56,384.97,208.61,304.97,63.31,70.50,244.27,50.65,15.24,70.13,122.53,116.57,23.85,74.91,74.28,17.29,231.47,157.67,365.00,225.02,42.00,40.11,43.12,47.98
2021-04-29,130.01,129.74,83.91,200.62,173.57,42.28,36.61,277.60,61.97,354.41,44.84,86.81,64.41,,120.59,118.74,314.67,289.84,112.97,53.01,143.35,137.47,309.68,47.07,271.19,173.34,60.84,378.45,211.12,327.22,60.51,71.58,242.30,50.90,15.29,71.16,124.36,117.55,23.37,75.66,74.10,17.50,225.67,161.13,371.44,228.31,42.66,41.14,43.67,48.67
2021-04-30,128.04,127.17,81.62,204.83,173.37,41.36,36.10,274.95,60.20,353.03,44.36,83.70,63.97,,119.61,116.79,310.64,288.35,111.12,52.32,142.06,136.25,299.23,46.83,267.91,173.88,58.89,371.75,211.90,322.82,61.19,70.65,241.98,51.35,14.97,71.08,124.55,118.36,23.04,75.59,74.43,17.54,236.48,157.39,368.89,225.13,43.01,40.08,43.75,47.26
2021-05-03,129.09,127.31,78.55,209.74,169.32,40.81,36.12,279.18,60.60,359.89,44.59,85.69,65.58,,118.87,116.28,312.16,294.23,113.37,52.08,144.23,135.85,295.32,47.26,270.59,176.88,58.59,369.16,211.44,320.34,62.40,70.57,241.67,50.91,14.80,72.53,125.95,119.76,22.30,76.26,75.23,17.59,228.30,155.90,375.46,224.21,43.10,40.46,44.45,48.57
2021-05-04,124.53,123.35,78.61,211.43,165.59,40.30,36.52,280.26,61.12,356.07,44.19,86.17,63.97,,116.84,114.48,311.88,296.46,114.15,51.75,146.46,137.73,292.20,46.97,265.25,179.04,57.55,365.76,209.91,316.15,62.41,70.73,237.77,50.32,14.32,73.65,124.37,119.35,21.64,75.52,75.05,17.88,224.53,156.10,380.49,223.65,43.61,40.69,44.01,48.87
2021-05-05,124.77,124.85,77.83,213.13,163.53,40.24,36.86,282.76,62.29,353.42,44.56,88.48,64.41,,116.96,114.87,318.81,295.82,113.74,51.71,145.85,139.53,295.98,46.85,273.32,183.43,58.00,359.18,210.97,312.83,63.81,72.33,236.50,49.61,14.42,74.27,124.31,118.39,21.15,75.94,75.22,17.88,223.65,158.39,381.57,220.93,43.68,40.87,43.97,50.34
2021-05-06,126.37,126.23,77.89,214.80,165.32,40.67,37.42,289.71,63.19,363.15,45.70,88.53,64.41,,118.18,115.99,326.26,300.74,116.24,52.34,146.44,142.34,299.75,47.31,277.81,184.46,58.61,365.35,210.81,317.80,63.88,74.31,239.63,49.96,14.49,74.79,125.75,119.88,20.09,77.04,75.72,18.10,221.18,160.67,383.85,222.97,44.12,41.58,44.28,50.82
2021-05-07,127.04,127.40,78.81,217.29,164.58,41.03,37.57,290.93,63.45,364.63,46.56,89.34,64.85,,119.04,116.71,330.64,302.23,115.20,52.77,147.10,142.83,303.36,47.29,280.18,185.91,59.85,365.27,210.79,316.87,64.40,75.06,242.25,50.38,14.78,75.41,125.75,119.89,19.75,77.51,76.64,17.96,224.12,163.72,386.33,223.74,43.70,41.50,44.02,51.55
2021-05-10,123.76,119.49,75.99,215.93,159.52,39.54,37.45,292.33,63.49,361.94,46.33,88.98,65.09,,116.21,113.73,328.67,303.90,115.76,51.22,148.65,142.81,284.57,47.63,282.13,185.29,55.67,356.45,212.83,303.85,64.20,74.00,237.18,48.67,14.23,75.17,126.76,122.13,18.47,78.02,76.04,18.22,209.68,158.74,389.33,217.81,44.29,41.55,44.21,51.67
2021-05-11,122.84,118.39,76.83,215.66,161.20,39.90,37.02,285.63,63.27,358.81,46.04,86.64,63.82,,114.58,112.65,320.86,294.58,114.21,50.37,147.43,140.44,284.93,47.12,279.88,185.28,56.23,357.69,209.91,304.40,63.62,72.68,236.27,49.51,14.27,72.86,125.83,121.53,20.21,77.41,75.40,18.01,205.73,159.74,380.83,217.34,43.57,40.76,43.81,50.03
2021-05-12,119.78,110.09,74.64,214.40,157.60,38.29,36.68,282.91,62.73,353.14,44.97,87.19,62.51,,111.12,109.19,315.94,282.41,111.90,49.07,146.84,139.47,272.09,46.88,275.54,183.80,52.93,346.99,204.60,300.45,64.06,71.62,229.33,48.50,13.72,71.98,124.61,120.24,18.89,76.54,73.57,17.85,196.63,153.98,374.97,212.66,43.47,40.69,42.68,50.30
2021-05-13,121.93,114.92,73.09,215.46,158.07,39.04,37.26,286.90,63.62,360.09,45.74,86.63,63.24,,112.26,110.62,319.87,289.91,114.18,49.43,148.37,143.06,281.59,47.29,279.26,186.28,55.50,350.30,206.24,303.14,64.63,72.62,233.20,48.67,13.63,73.29,126.45,122.17,18.37,77.62,74.91,17.99,190.56,156.07,377.92,215.98,43.77,41.37,43.40,49.68
2021-05-14,124.35,119.62,74.59,216.38,161.15,40.04,37.73,290.68,64.70,364.73,46.10,88.89,64.65,,114.95,113.06,328.75,288.32,114.58,50.65,148.60,145.28,291.01,47.48,282.28,187.49,57.24,354.09,207.99,313.75,64.30,74.76,238.11,49.34,14.21,73.99,126.64,122.43,20.08,77.74,76.79,18.00,196.58,159.80,379.07,219.06,43.68,41.87,43.80,50.91
2021-05-17,123.20,118.41,74.65,217.24,163.52,39.89,38.07,289.22,65.42,364.29,46.13,89.98,64.12,,115.21,113.59,329.18,285.09,114.92,50.63,148.75,145.87,283.36,47.40,282.01,186.84,56.20,353.49,207.95,313.27,65.60,75.39,235.26,48.89,14.13,74.17,126.28,122.18,20.46,77.62,77.41,17.52,192.28,157.67,377.99,218.58,43.12,42.71,43.61,52.10
2021-05-18,121.81,116.73,74.44,215.93,161.61,39.32,37.55,287.59,64.75,363.20,46.13,87.28,63.24,,114.31,112.28,325.00,282.19,113.97,50.18,148.80,143.81,279.75,47.14,279.31,185.98,55.51,353.27,208.18,307.81,65.19,74.43,233.25,48.63,13.98,73.80,125.71,120.93,21.24,77.73,76.34,16.50,192.62,155.96,379.61,217.74,42.55,41.78,44.55,50.62
2021-05-19,121.65,119.59,76.23,214.01,161.59,40.05,37.38,286.22,64.61,360.21,45.72,84.83,63.82,,114.58,112.72,319.49,280.14,113.40,50.66,148.48,142.71,289.28,46.99,277.50,187.78,57.16,351.24,206.58,311.41,65.18,73.64,233.83,48.77,14.03,73.85,125.64,121.18,20.67,76.63,76.19,16.17,187.82,158.45,378.79,216.80,42.36,41.17,44.56,49.41
2021-05-20,124.21,124.87,78.06,216.85,162.38,41.25,37.29,286.73,64.39,363.93,46.06,85.12,63.68,,116.93,114.48,320.74,281.43,113.95,51.20,149.34,142.47,298.25,47.41,279.43,190.66,59.49,357.78,208.40,316.40,65.42,74.00,237.06,50.17,14.58,73.83,127.20,122.42,20.61,77.51,76.67,16.55,195.59,161.57,378.00,218.58,42.26,40.77,44.71,49.29
2021-05-21,122.38,123.29,77.17,216.06,160.15,40.91,37.76,287.74,65.62,361.22,45.69,85.58,64.51,,116.38,113.85,326.52,281.31,114.63,51.32,149.25,144.09,295.19,47.38,279.85,191.00,58.29,357.68,207.56,314.04,65.03,75.60,235.80,49.79,14.95,74.12,127.09,122.42,20.75,77.51,77.19,16.76,193.63,161.32,380.76,218.90,42.35,40.91,44.50,49.36
2021-05-24,124.01,128.96,77.44,213.26,162.25,41.63,37.97,289.73,65.94,363.81,46.53,86.80,64.26,,119.44,117.17,328.33,280.48,114.61,52.12,149.82,144.87,302.24,47.54,282.38,192.09,60.24,362.33,208.16,322.38,64.91,76.76,241.19,50.29,15.57,74.45,127.73,122.39,21.22,78.10,77.79,16.61,202.15,164.53,380.13,221.36,42.40,41.23,44.51,49.94
2021-05-25,123.81,131.76,77.86,208.31,162.95,41.66,37.42,287.20,65.31,365.64,46.46,85.38,63.97,,119.56,117.26,324.96,282.19,113.87,52.04,149.41,143.37,302.59,47.53,282.36,190.37,60.78,357.31,208.37,325.52,63.65,76.05,242.10,50.13,15.61,73.93,128.12,122.80,21.48,77.59,77.59,16.48,201.56,164.54,382.08,221.07,42.03,41.09,44.69,48.81
2021-05-26,123.76,131.42,78.34,205.34,163.26,41.75,37.44,287.33,65.51,365.87,46.11,85.58,65.34,,120.77,118.12,327.53,282.70,113.55,52.09,148.52,143.35,302.09,47.74,280.97,192.06,60.56,352.86,208.56,325.39,63.43,76.47,241.88,50.24,15.66,74.34,128.12,122.53,22.12,77.43,77.81,16.50,206.38,164.24,382.22,219.19,41.94,41.37,44.64,49.37
2021-05-27,122.23,132.30,78.42,202.55,161.51,42.40,37.90,289.30,66.56,367.65,46.12,84.67,69.97,,119.23,117.25,331.07,283.99,113.90,52.83,148.29,145.58,301.28,48.14,281.92,190.35,61.29,352.23,210.81,330.44,62.35,77.28,239.78,50.39,15.45,74.07,126.58,119.74,22.70,76.92,79.71,16.59,210.28,164.91,381.75,218.99,41.89,41.69,44.49,49.06
2021-05-28,121.58,132.60,80.08,204.81,161.15,42.82,37.75,289.44,66.51,358.89,46.10,85.31,68.55,,119.68,116.96,332.77,284.11,113.83,52.27,148.68,145.49,301.61,47.96,281.75,190.86,61.68,350.85,211.10,326.45,62.33,77.84,240.14,50.28,16.20,73.85,127.81,119.63,22.95,76.73,79.80,16.43,208.41,165.51,381.03,219.41,42.04,41.66,44.59,48.90
2021-06-01,121.25,132.67,80.81,201.06,160.93,42.46,38.23,289.84,67.40,358.86,45.86,87.66,68.99,,120.59,118.17,342.09,281.79,114.19,52.06,145.41,147.09,300.51,47.96,283.30,189.60,61.61,350.08,210.51,326.85,61.74,78.83,237.94,49.91,16.22,74.63,127.54,117.88,23.06,77.00,80.05,16.37,207.97,164.80,376.22,218.77,41.96,42.14,44.48,50.65
2021-06-02,122.01,133.44,81.97,202.42,161.70,42.95,38.24,290.02,67.49,361.10,46.15,88.84,68.70,,120.16,117.64,342.99,280.51,115.40,52.60,146.00,147.10,300.37,48.15,282.06,190.28,61.60,356.95,211.00,326.87,62.31,79.39,237.85,49.92,16.74,75.28,128.05,118.39,24.45,77.03,79.72,16.53,201.71,166.32,375.42,221.69,42.16,41.74,44.38,51.05
2021-06-03,120.53,130.92,80.28,202.92,159.35,42.14,38.68,291.97,67.29,364.21,46.47,88.44,68.70,,119.34,116.50,347.71,278.90,115.27,51.47,145.86,147.20,293.89,48.27,280.59,193.69,60.35,352.05,209.80,323.78,63.62,79.89,236.32,48.94,16.93,76.05,128.51,120.51,23.63,77.47,79.77,16.32,190.95,162.18,377.37,220.19,42.40,41.42,44.46,51.25
2021-06-04,122.82,134.25,81.58,203.87,160.31,43.07,38.70,292.52,67.17,367.67,47.12,89.14,68.07,,121.68,118.78,350.15,278.53,116.75,52.50,145.80,147.43,301.71,48.79,282.04,193.04,62.20,356.14,210.64,328.06,63.79,80.41,241.20,49.47,17.54,77.74,128.66,120.60,24.03,77.89,80.07,16.34,199.68,165.73,375.22,222.15,42.64,41.87,44.54,51.48
2021-06-07,122.83,133.40,81.35,204.17,159.90,42.05,38.57,289.46,67.02,360.92,46.99,88.57,67.82,,122.39,119.21,347.21,277.58,117.22,52.24,144.80,146.74,303.19,48.62,274.26,212.63,61.66,354.25,209.11,334.25,62.66,79.77,244.11,49.47,17.58,78.73,128.58,121.02,24.46,78.42,80.03,16.24,201.71,164.40,370.24,223.29,42.57,42.00,44.24,51.14
2021-06-08,123.65,130.42,80.89,203.85,163.21,42.03,38.35,289.19,66.83,360.25,47.17,89.37,67.77,,123.22,119.02,344.11,278.43,118.06,52.16,143.53,146.16,298.67,48.28,275.12,210.89,60.52,355.40,209.97,331.37,62.32,79.41,242.92,49.24,17.41,79.35,127.38,119.62,24.38,76.70,80.46,16.18,201.20,162.99,371.61,224.00,42.53,41.56,43.90,52.05
2021-06-09,124.03,129.26,79.96,206.17,164.06,42.06,37.85,288.58,66.03,360.50,47.08,88.59,66.94,,123.64,119.49,342.40,275.24,119.32,52.16,145.46,144.33,299.01,48.13,273.22,215.96,60.19,353.52,208.91,327.96,63.73,79.31,243.90,48.58,17.32,79.27,127.14,119.57,24.17,76.98,79.92,16.20,199.59,162.57,371.02,224.25,42.46,40.94,43.67,52.48
2021-06-10,123.04,131.67,81.56,210.58,167.48,42.49,37.29,284.91,64.98,363.39,47.96,89.11,66.46,,125.14,120.84,334.49,276.11,119.22,52.51,146.77,142.08,303.91,48.50,273.08,223.16,60.82,354.47,211.73,330.15,65.53,78.46,247.41,48.73,17.39,77.19,128.45,120.46,24.14,77.62,79.38,16.29,203.37,163.93,371.38,225.83,42.67,40.20,43.92,52.57
2021-06-11,124.25,131.34,81.31,208.97,167.34,42.68,37.44,286.82,64.63,362.27,47.73,88.70,66.75,,124.76,120.60,338.17,278.31,119.81,52.94,144.91,141.99,304.68,48.72,273.92,214.13,60.95,355.63,213.84,328.96,65.65,78.78,248.03,48.88,17.79,77.75,128.53,119.64,24.67,78.64,79.89,16.37,203.30,164.51,368.05,226.81,42.67,40.73,44.19,52.08
2021-06-14,127.30,133.46,81.55,207.61,169.19,43.14,36.99,283.53,63.51,364.10,47.21,88.75,65.68,,125.41,121.53,333.58,277.01,118.82,53.25,145.27,139.58,309.53,48.55,273.63,216.05,61.72,356.63,213.89,334.43,65.50,77.64,249.96,49.99,17.98,77.49,129.29,119.68,25.00,79.96,79.81,16.24,205.90,165.90,369.23,225.96,42.55,40.26,44.13,52.00
2021-06-15,126.48,133.09,80.47,206.46,169.16,42.68,37.02,283.94,62.38,364.25,46.87,90.66,66.02,,125.09,120.51,332.13,274.44,118.29,53.07,144.50,137.46,305.13,48.43,273.63,213.59,61.20,358.18,213.32,334.41,65.72,77.62,248.48,49.19,17.75,76.57,129.30,119.45,24.41,79.93,80.42,16.35,199.79,164.46,370.26,224.89,42.64,40.53,43.95,53.89
2021-06-16,126.98,131.49,80.11,206.22,170.76,42.23,37.22,283.11,60.39,359.98,46.60,90.15,65.53,,124.76,119.87,331.86,271.15,117.07,52.36,144.44,138.43,300.67,47.78,272.36,210.95,60.75,354.00,212.62,328.78,66.51,77.97,247.54,49.24,17.77,72.29,128.01,117.79,24.80,79.50,79.54,16.23,201.62,163.69,367.46,221.63,42.15,40.63,43.06,53.70
2021-06-17,128.58,131.82,84.56,207.24,174.46,42.72,35.60,278.69,58.19,365.04,46.30,88.01,63.39,,125.43,120.83,323.36,271.46,115.31,52.33,145.14,134.43,303.07,48.03,270.17,212.33,60.85,357.38,211.09,334.18,67.04,75.24,250.93,49.83,18.62,72.74,129.25,118.86,25.45,79.57,78.37,16.05,205.53,163.62,367.55,224.09,42.07,38.15,43.24,51.93
2021-06-18,127.28,125.97,84.65,205.45,174.35,42.02,34.68,274.04,57.13,361.37,45.38,84.69,62.31,,124.63,119.21,312.03,271.00,113.34,50.94,142.29,131.03,289.80,47.00,265.26,208.84,58.27,357.50,207.24,327.37,66.51,71.97,249.51,50.08,18.60,71.50,126.55,117.13,25.37,79.17,77.29,16.00,207.77,159.63,361.49,222.41,41.54,37.23,42.44,50.60
2021-06-21,129.08,127.72,82.59,206.79,172.70,42.45,35.55,277.10,57.84,366.99,46.34,87.17,64.31,,125.51,120.90,319.82,275.47,116.14,51.13,143.92,133.25,293.92,47.51,271.20,212.77,58.84,363.02,210.20,329.98,66.63,73.55,252.59,49.70,18.39,73.15,127.54,118.05,25.42,79.69,79.16,16.15,206.94,162.28,369.57,226.19,41.97,38.59,42.82,52.43
2021-06-22,130.72,128.09,83.58,206.51,175.27,42.44,35.75,276.92,58.28,372.09,46.41,87.46,63.53,,126.05,121.41,319.81,280.05,115.91,51.13,143.73,133.06,293.74,47.69,273.10,211.60,59.14,367.84,211.09,336.68,66.14,73.34,255.36,50.88,18.84,73.79,127.74,118.09,25.40,79.57,78.60,16.07,207.90,163.09,370.14,227.74,41.95,38.82,43.02,53.44
2021-06-23,130.44,130.07,83.82,205.47,175.19,42.64,35.95,274.66,58.86,371.89,45.98,87.35,63.14,,125.52,121.21,322.96,279.12,114.52,50.57,142.86,133.86,295.87,47.30,267.84,207.45,59.37,365.01,210.51,338.23,65.61,73.49,255.13,51.27,19.01,73.25,126.06,117.92,26.27,79.61,77.90,16.00,218.86,162.27,367.24,226.54,41.73,39.20,42.69,53.83
2021-06-24,130.16,132.72,86.10,207.40,172.45,42.95,36.52,275.49,60.27,371.99,45.99,88.07,64.12,,126.33,121.58,329.85,279.27,115.18,51.31,143.51,135.10,300.66,47.54,268.19,222.62,60.40,364.63,210.59,340.80,66.29,74.52,256.50,51.81,19.16,72.91,126.77,118.00,26.53,79.75,78.12,16.08,226.61,164.46,370.31,228.04,41.95,40.28,42.98,54.05
2021-06-25,129.87,130.73,85.62,208.89,170.07,42.23,37.22,278.38,60.46,374.30,46.24,88.20,64.21,,126.05,121.59,329.86,280.87,116.29,51.16,144.25,136.46,301.01,47.48,268.17,219.99,59.96,369.36,209.77,339.00,67.02,75.65,254.89,52.71,18.99,73.59,127.41,119.69,26.78,79.76,78.01,16.13,223.96,164.07,375.96,229.08,41.96,41.35,43.49,54.17
2021-06-28,131.50,135.34,87.08,209.03,172.19,43.20,37.17,276.61,60.43,376.23,46.15,85.48,62.90,,125.88,121.62,329.81,281.45,115.06,52.60,144.08,136.71,306.72,47.43,272.48,218.08,61.53,357.76,208.57,353.17,66.72,75.06,258.45,53.30,19.94,73.62,127.96,120.04,27.38,79.46,76.56,16.07,229.57,167.00,372.72,225.97,41.81,40.83,43.36,52.78
2021-06-29,133.01,136.24,89.52,208.70,172.41,43.60,36.57,276.21,58.88,378.36,46.11,85.29,63.87,,125.08,121.36,333.31,285.00,115.27,51.93,144.09,136.54,309.52,47.08,273.12,219.18,61.99,358.07,207.92,349.45,67.03,77.57,261.03,53.35,19.98,73.25,127.87,119.23,26.63,78.87,75.96,16.00,226.92,168.18,369.60,227.76,41.56,39.94,43.11,52.46
2021-06-30,133.63,136.70,93.93,209.81,172.01,43.57,36.88,277.92,59.79,375.40,46.19,86.09,65.68,,124.38,121.17,339.49,285.58,116.09,51.37,144.72,137.78,308.58,47.29,271.92,219.32,61.89,355.24,208.48,345.30,67.51,78.47,260.54,52.82,19.96,73.01,128.94,119.70,26.36,79.82,76.74,16.07,226.57,167.67,371.77,225.71,41.70,40.38,44.28,52.84
2021-07-01,133.93,132.42,93.31,212.52,171.65,42.91,37.15,280.17,60.01,374.32,46.57,87.30,65.78,,125.43,121.53,335.43,287.96,116.29,51.26,145.79,139.14,296.71,47.16,273.56,220.86,60.21,360.70,209.63,351.93,67.70,78.75,261.22,53.35,20.17,74.60,128.97,119.97,24.72,80.44,77.56,16.25,225.97,166.40,375.90,226.99,41.89,40.49,43.74,52.99
2021-07-02,136.55,132.63,94.70,214.07,175.55,42.78,36.80,279.12,59.50,378.51,46.98,87.19,65.19,,127.76,124.32,334.69,288.99,110.89,51.94,148.44,139.01,296.78,47.36,274.42,223.56,60.06,364.91,210.86,352.24,68.23,78.76,267.04,53.40,20.44,76.74,129.59,120.56,24.44,80.77,77.99,16.32,226.30,167.60,380.05,230.35,42.00,40.19,43.99,52.92
2021-07-06,138.56,131.30,94.47,209.73,183.79,43.25,35.84,277.32,57.64,378.43,46.49,85.48,63.04,,128.80,125.24,330.84,285.91,109.91,51.33,147.55,136.68,296.24,47.09,271.36,224.96,59.15,365.97,210.07,350.33,67.81,77.20,267.05,54.16,20.65,77.92,129.78,120.63,24.68,79.44,77.13,16.20,219.86,166.72,380.89,231.29,41.98,38.78,43.94,51.41
2021-07-07,141.05,129.47,90.54,209.36,184.83,42.90,35.55,279.24,57.41,383.95,46.74,84.61,63.34,,129.11,125.53,328.88,289.69,110.73,51.21,148.82,136.84,292.25,47.48,275.15,225.34,58.36,363.83,211.76,348.06,68.20,77.05,269.23,53.60,20.33,80.74,130.35,121.53,22.89,79.56,77.21,16.15,214.88,165.48,382.19,231.67,42.07,38.70,43.86,50.61
2021-07-08,139.75,127.22,89.74,210.27,186.57,42.99,34.68,274.10,56.39,386.30,46.74,84.34,62.80,,128.22,124.11,321.07,285.27,111.46,50.69,148.53,134.48,288.48,47.31,269.94,226.58,57.64,360.62,210.15,343.25,67.82,75.00,266.82,53.08,19.86,80.27,130.42,121.52,23.08,79.22,76.85,16.12,217.60,164.13,380.60,228.40,41.90,37.73,43.83,50.38
2021-07-09,141.58,129.50,90.90,211.06,185.97,43.88,35.81,280.49,57.84,391.25,47.16,85.54,64.21,,128.61,124.58,332.54,288.45,112.08,51.24,149.12,138.78,293.87,47.60,275.32,224.55,58.29,363.30,212.71,347.99,67.70,77.31,267.32,53.60,20.01,82.31,130.08,121.56,23.29,80.05,77.70,16.27,218.98,165.90,382.60,230.19,42.20,39.15,44.05,51.29
2021-07-12,140.98,131.32,90.81,210.35,185.93,44.38,36.34,280.11,58.68,386.99,46.71,85.72,63.97,,129.59,126.02,340.36,288.13,111.60,51.91,148.88,140.77,298.88,47.62,275.14,225.52,59.48,365.85,212.65,350.71,67.32,79.38,266.72,53.73,20.47,81.67,130.11,121.66,22.95,79.36,77.56,16.29,228.57,167.34,386.25,229.62,42.26,39.37,43.97,51.24
2021-07-13,142.09,130.83,90.26,210.74,183.87,44.23,35.65,279.21,57.78,386.21,46.79,85.43,62.90,,130.02,126.39,336.31,283.93,111.09,52.04,148.69,138.67,296.58,48.09,272.51,224.84,59.41,373.79,213.15,349.65,67.37,79.77,270.24,54.07,20.20,81.66,133.11,121.51,22.45,78.69,76.76,16.17,222.85,166.72,388.57,233.94,42.21,38.54,44.14,51.00
2021-07-14,145.52,130.22,89.05,210.63,184.08,44.00,34.76,278.31,57.61,388.95,47.46,83.82,62.51,,131.10,127.28,334.90,285.88,110.73,51.72,149.70,138.20,294.22,49.17,273.79,225.85,58.77,380.70,214.02,345.22,67.38,79.13,271.71,54.79,19.80,83.10,134.49,122.40,21.56,80.18,76.38,16.16,217.79,166.79,385.04,237.45,42.38,40.08,44.44,49.87
2021-07-15,144.86,127.86,86.93,212.29,181.56,43.62,34.73,279.72,57.84,390.73,47.08,83.27,62.26,,130.29,126.05,333.96,289.00,111.23,51.07,147.90,138.50,289.10,49.33,274.70,221.18,58.09,380.14,213.80,342.07,67.63,79.27,270.29,54.29,18.92,81.18,135.11,123.45,21.47,79.98,76.44,16.26,216.87,164.15,389.97,239.92,42.56,40.12,44.48,49.38
2021-07-16,142.83,123.05,85.89,213.44,178.68,42.77,33.92,277.90,56.53,389.35,47.12,81.06,61.24,,130.86,126.02,326.31,287.96,110.00,50.30,147.67,135.34,279.08,49.30,272.84,222.13,55.97,377.11,211.87,338.79,67.73,78.09,270.02,53.03,18.12,82.36,135.60,124.65,21.37,79.65,75.14,16.21,214.74,162.29,389.65,239.51,42.49,39.48,44.44,48.02
2021-07-19,138.98,123.47,86.58,212.38,177.48,42.55,33.03,272.66,55.00,392.94,46.56,78.88,58.55,,128.29,123.64,317.30,285.56,109.23,50.00,146.59,130.94,280.14,48.71,267.76,223.73,56.26,356.00,206.92,334.61,66.89,76.47,266.42,53.23,18.74,81.88,135.58,124.59,21.54,78.86,72.91,15.90,215.41,162.39,379.77,232.07,42.02,38.38,44.34,46.37
2021-07-20,142.59,126.68,87.11,212.52,178.66,42.82,33.71,276.89,56.02,394.92,47.02,79.35,61.97,,130.13,125.26,326.28,291.37,110.85,50.55,147.97,133.38,288.17,48.80,273.12,224.58,57.74,364.71,211.44,339.29,66.12,79.01,268.64,53.10,18.57,83.46,135.60,123.92,22.18,76.45,76.28,15.96,220.17,163.72,383.40,234.28,41.83,39.98,44.54,46.88
2021-07-21,141.86,132.47,89.41,210.76,179.26,43.77,34.40,279.88,57.37,393.75,47.28,82.05,63.82,,131.61,126.59,334.10,292.27,111.90,51.46,148.89,136.19,301.60,49.43,276.72,226.74,60.61,370.24,212.94,343.83,66.32,81.88,270.64,51.36,19.37,84.43,135.10,123.49,22.52,77.75,77.88,15.96,218.43,169.37,384.95,235.20,42.11,40.84,44.32,48.39
2021-07-22,143.23,131.68,91.21,210.66,181.90,43.52,33.95,277.70,56.56,396.15,47.86,81.23,61.97,,132.34,127.46,333.39,292.54,111.44,51.21,149.32,134.47,299.20,49.36,277.68,227.89,60.48,372.28,215.41,348.75,66.44,81.79,275.20,51.18,19.55,85.37,135.05,123.01,22.07,78.31,77.20,16.02,216.42,160.36,386.00,235.67,42.11,40.15,44.35,47.84
2021-07-23,144.94,132.88,92.15,213.23,182.83,44.15,33.72,278.49,56.37,401.74,48.47,81.26,62.02,,136.79,132.02,334.59,298.07,111.93,48.50,150.91,134.21,305.29,49.83,281.06,233.30,60.90,383.10,219.28,367.22,67.31,80.92,278.60,51.54,19.51,82.55,136.79,124.79,21.81,79.24,77.19,16.10,214.46,163.83,387.79,240.38,42.05,39.76,44.72,47.78
2021-07-26,145.36,132.93,91.82,210.96,184.99,44.06,34.10,278.80,57.27,401.55,48.68,82.98,63.04,,138.60,133.03,336.24,296.59,113.07,49.70,150.98,135.11,303.27,49.87,280.74,232.40,60.91,382.65,220.20,369.88,67.05,82.62,278.00,51.65,19.25,82.71,136.69,125.23,22.13,79.76,77.31,16.12,219.21,165.07,383.93,241.57,41.98,40.13,44.78,48.99
2021-07-27,143.20,129.50,91.03,210.61,181.32,43.44,33.97,280.78,57.45,402.60,48.51,82.70,63.82,,135.78,130.91,335.29,293.08,113.05,48.67,151.67,134.93,294.10,50.05,281.09,232.75,59.21,380.18,222.34,365.26,67.58,82.57,275.59,51.89,19.17,82.65,137.45,125.74,21.68,80.40,79.36,16.13,214.93,162.32,385.38,242.22,42.29,40.25,44.78,48.45
2021-07-28,141.45,131.71,97.93,210.24,181.52,43.64,34.10,278.10,57.55,400.59,48.06,83.17,64.07,,135.37,135.07,334.75,291.52,112.27,48.57,151.25,135.15,300.35,49.59,279.22,235.55,60.39,373.53,218.22,370.69,68.00,82.22,275.28,51.93,19.46,82.07,136.19,123.87,22.56,79.68,78.44,16.02,215.66,163.83,379.87,238.37,41.93,40.58,44.60,48.77
2021-07-29,142.09,131.99,102.95,208.70,180.00,44.23,34.59,279.76,58.15,404.25,48.32,84.31,64.85,,135.52,134.76,337.72,293.23,112.40,49.14,151.25,136.31,304.03,49.86,281.66,234.43,58.93,378.76,220.24,355.83,66.78,83.00,275.55,51.42,19.62,82.49,136.46,124.51,22.18,80.77,78.84,16.18,225.78,166.44,382.58,239.32,42.13,41.46,44.66,49.37
2021-07-30,142.31,134.32,106.19,207.91,166.38,44.35,34.31,278.29,57.57,408.47,48.59,83.69,63.19,,134.21,133.72,335.33,293.91,111.63,49.16,151.27,135.22,331.37,49.85,289.13,232.68,60.62,375.97,219.06,353.83,66.73,82.74,274.02,51.76,19.46,82.03,136.59,126.97,21.71,80.60,78.21,16.04,229.07,167.14,382.71,237.84,41.98,40.96,44.76,48.23
2021-08-02,141.98,136.32,108.63,206.40,166.57,44.29,33.95,278.14,57.66,407.71,48.66,83.54,61.36,,134.98,133.84,338.29,293.04,112.00,49.12,151.33,134.68,329.23,49.72,282.38,235.64,61.04,365.56,216.70,349.51,66.13,82.96,273.93,51.51,19.71,82.46,136.04,126.66,22.10,80.56,77.91,16.08,236.56,167.22,385.82,231.46,41.96,40.83,44.65,48.24
2021-08-03,143.77,136.47,112.56,210.10,168.31,44.48,34.48,281.80,58.64,413.56,49.36,84.34,62.86,,135.27,134.61,340.23,297.27,114.10,49.47,153.19,136.21,330.16,49.75,284.92,244.61,61.39,358.10,213.86,348.80,66.33,83.28,276.14,51.08,19.77,84.48,136.34,128.50,22.24,80.89,79.13,16.12,236.58,166.01,391.69,228.86,41.94,41.75,45.15,48.76
2021-08-04,143.37,137.04,118.77,196.52,167.74,44.57,34.23,278.78,58.34,413.53,48.87,82.44,62.77,,135.02,134.11,338.00,295.81,113.06,49.32,152.29,134.74,336.74,49.03,287.46,250.81,61.80,358.50,211.95,356.43,65.53,83.01,275.56,51.74,20.23,84.77,134.06,127.15,22.30,80.12,77.20,15.93,236.97,168.68,391.36,228.46,41.67,41.15,44.85,47.62
2021-08-05,143.48,136.57,112.35,201.41,168.80,44.56,34.90,280.21,59.33,421.28,48.93,83.21,62.84,,135.92,135.23,343.76,298.32,113.07,49.64,152.58,136.44,336.65,49.38,286.72,252.45,61.41,362.33,213.38,360.45,65.62,84.34,278.45,52.49,20.59,84.18,134.29,127.21,22.52,80.20,78.15,15.98,238.21,169.36,381.75,231.87,41.62,42.08,45.68,47.92
2021-08-06,142.80,136.94,110.11,198.11,167.25,44.36,35.91,285.63,60.51,417.89,48.78,83.80,63.75,,136.02,134.72,355.91,295.39,114.11,49.66,152.07,140.32,336.31,49.51,287.70,251.73,61.63,364.85,213.24,360.99,65.49,85.98,278.40,52.06,20.32,84.27,134.31,126.24,21.82,79.90,78.78,15.99,233.03,169.19,385.40,233.02,41.56,43.67,45.60,48.47
2021-08-09,142.75,136.31,107.58,196.16,167.09,44.29,36.37,287.23,60.89,418.69,48.68,82.40,63.26,,136.97,135.89,357.69,294.42,113.15,49.78,152.59,140.17,334.57,49.51,285.24,255.29,60.92,361.10,211.81,359.10,65.39,86.85,277.31,52.00,20.25,84.63,134.32,126.92,22.93,79.89,78.33,15.93,237.92,166.99,381.45,231.67,41.48,43.57,45.71,47.92
2021-08-10,142.27,132.53,106.48,196.22,166.03,44.07,37.05,288.94,62.13,421.13,48.80,83.91,64.70,,137.07,135.78,364.93,296.86,113.25,49.68,152.65,141.89,325.51,49.65,283.85,257.48,58.70,358.33,210.70,358.62,65.27,87.97,275.49,51.58,19.89,84.38,134.39,127.00,22.92,80.50,78.84,16.07,236.66,166.29,382.30,229.81,41.75,44.44,46.68,48.74
2021-08-11,142.52,129.42,107.68,196.37,164.61,44.18,37.52,291.28,63.26,422.33,49.02,84.54,64.68,,136.66,135.26,370.22,301.80,113.86,49.87,152.67,143.58,326.14,49.58,288.10,252.36,57.88,354.83,212.60,357.46,65.29,89.56,275.98,51.24,19.66,84.37,134.92,127.32,22.35,80.34,79.72,16.11,235.94,166.15,378.55,226.90,41.82,45.37,47.10,48.88
2021-08-12,145.48,124.04,106.50,196.38,165.18,44.25,37.70,290.24,63.11,423.34,49.48,84.37,64.97,,137.36,136.17,371.22,299.13,114.61,49.31,153.90,144.14,312.67,49.68,288.44,252.57,55.50,352.62,213.61,360.13,66.01,90.24,278.73,51.07,19.86,84.54,134.95,127.61,24.89,80.54,79.14,16.03,240.75,164.73,376.89,224.05,41.87,45.81,46.97,48.77
2021-08-13,145.69,124.70,110.55,197.70,164.70,44.42,37.23,287.89,62.24,425.68,49.55,83.81,63.99,,137.38,136.69,367.44,296.71,114.70,49.27,154.83,142.53,313.07,50.02,291.02,253.28,55.20,353.37,215.55,360.66,66.60,89.61,281.66,51.59,20.14,85.08,136.21,128.23,24.90,81.81,78.48,16.12,239.06,165.45,380.34,224.88,42.05,45.11,47.12,48.28
2021-08-16,147.66,126.41,107.48,200.43,164.95,44.60,36.93,289.45,61.38,430.47,49.39,82.95,63.04,,137.88,137.27,365.27,300.05,115.03,49.25,156.22,141.59,314.32,50.24,292.85,258.78,56.01,354.16,217.49,364.02,67.65,89.42,283.34,51.79,19.91,85.49,137.54,129.12,24.50,82.46,78.38,16.13,228.72,166.46,387.34,227.50,42.13,44.25,47.50,47.57
2021-08-17,146.75,123.64,107.56,200.55,162.10,43.74,36.75,289.10,60.98,429.97,49.15,82.80,61.98,,136.28,135.64,362.25,287.25,114.09,48.53,157.65,139.88,307.89,50.07,293.01,261.43,55.07,353.84,216.86,355.96,68.43,88.68,281.88,51.89,19.41,85.62,137.41,129.33,23.97,82.55,77.91,16.12,221.90,163.37,391.58,226.70,42.28,43.62,47.49,47.25
2021-08-18,143.01,122.27,103.44,196.76,160.06,42.85,36.48,286.36,60.55,424.15,48.39,80.56,61.85,,135.55,134.43,356.73,287.96,111.72,48.07,155.65,138.61,303.21,49.38,291.50,257.41,54.17,351.62,214.88,352.98,67.53,87.30,280.15,52.19,19.00,83.72,136.00,127.92,25.28,81.30,76.89,15.92,229.66,161.16,387.44,223.90,41.74,42.96,46.98,46.25
2021-08-19,143.34,124.02,103.70,194.64,159.39,43.27,35.95,285.13,59.46,431.80,50.26,78.55,60.64,,135.89,134.66,352.05,289.17,110.56,48.30,156.86,137.45,307.79,49.70,292.68,259.22,54.89,348.08,214.11,352.66,68.11,85.98,285.97,54.37,19.75,83.51,138.29,129.43,24.16,81.68,75.42,15.75,224.49,162.24,397.25,223.84,41.67,42.31,47.30,44.84
2021-08-20,144.80,122.10,104.65,193.89,160.00,43.42,36.11,285.27,59.81,436.30,51.09,78.56,61.02,,137.41,136.40,354.11,294.85,111.44,47.90,157.63,137.84,305.52,49.51,295.20,259.71,53.83,345.82,215.25,356.88,68.30,86.78,293.29,54.69,20.77,83.72,137.80,129.52,24.01,81.68,76.06,15.77,226.75,162.18,398.94,223.64,41.78,42.46,47.72,44.85
2021-08-23,146.28,126.22,108.77,195.72,163.29,44.08,36.59,285.62,60.35,432.44,51.37,80.58,61.59,,140.05,138.99,359.10,293.51,111.84,49.03,156.95,139.61,313.70,49.33,294.24,256.74,55.57,351.68,216.30,360.83,68.04,88.07,293.57,55.33,21.91,83.89,137.37,128.86,24.82,81.22,76.88,15.74,235.43,164.71,394.90,226.32,41.71,42.63,47.41,46.70
2021-08-24,146.20,126.17,107.65,194.63,165.29,43.99,37.10,286.02,61.33,429.45,52.05,81.51,62.99,,141.34,140.20,365.46,290.96,112.02,49.56,154.99,140.47,313.19,48.96,293.91,251.90,55.69,352.43,215.19,362.97,67.47,88.87,291.61,55.34,21.74,83.36,135.66,127.82,25.10,81.04,77.31,15.70,236.16,164.68,393.09,226.42,41.40,43.31,46.92,47.08
2021-08-25,144.96,127.73,108.30,192.21,164.96,44.17,37.70,287.30,62.30,428.92,52.08,82.06,63.86,,141.89,141.01,369.54,290.05,112.04,49.56,153.96,143.37,318.93,49.01,294.26,252.96,56.00,349.82,215.56,365.83,66.91,89.74,291.02,54.76,22.16,83.42,135.06,127.36,24.35,81.53,77.58,15.69,237.07,164.92,389.69,224.82,41.34,44.14,46.94,47.16
2021-08-26,144.16,127.42,107.27,192.11,165.80,44.38,37.60,285.27,61.67,427.09,51.95,80.99,63.06,,141.07,140.38,368.90,287.90,111.17,48.94,153.14,144.11,318.68,48.54,292.82,250.51,55.67,343.74,213.86,361.85,66.47,89.52,288.21,55.01,22.02,83.52,134.57,127.14,24.87,81.54,76.70,15.46,233.72,164.81,387.00,222.82,41.09,43.92,46.43,46.53
2021-08-27,145.20,131.32,111.40,193.24,167.48,45.32,38.00,286.60,62.14,428.07,51.79,82.17,64.71,,143.47,142.92,375.41,289.60,111.68,49.64,152.81,145.26,327.44,48.64,295.85,249.01,57.98,346.54,214.34,370.05,66.24,90.91,288.82,55.89,22.59,84.11,134.84,127.04,25.71,82.22,77.28,15.52,237.31,167.05,388.78,224.92,41.22,44.61,46.17,47.43
2021-08-30,149.62,130.84,111.32,194.41,171.08,45.59,37.26,285.66,61.02,433.39,51.89,81.97,64.16,,144.39,143.51,369.96,292.93,111.32,49.68,153.46,142.94,326.66,49.10,296.80,251.46,57.83,343.93,213.53,378.02,66.41,89.74,292.54,56.62,22.64,84.20,135.76,127.59,25.76,83.00,76.74,15.58,243.64,167.85,388.35,223.51,41.22,43.35,46.54,46.91
2021-08-31,148.35,129.95,110.72,195.63,173.54,45.43,37.34,285.77,61.22,432.97,51.79,80.62,64.29,,144.38,143.61,371.68,292.11,112.42,49.79,152.99,142.50,324.61,49.22,295.90,247.61,57.52,337.28,215.49,376.75,66.23,90.03,290.90,56.92,22.34,83.90,136.10,127.11,26.34,82.95,76.70,15.68,245.24,167.39,386.47,221.45,41.39,40.92,46.67,46.36
2021-09-01,149.02,128.35,109.99,193.74,173.95,45.06,36.84,285.26,60.71,433.95,51.81,79.73,63.23,,144.76,144.13,371.82,291.31,111.59,49.43,153.53,142.30,320.30,49.55,295.23,246.75,57.04,340.54,216.12,379.40,66.13,89.93,290.85,58.21,22.39,84.67,137.42,128.40,26.20,83.40,76.10,15.55,244.70,165.15,387.47,222.44,41.35,38.91,46.57,45.73
2021-09-02,150.13,129.30,109.20,196.00,173.16,44.95,36.88,285.05,60.87,438.18,52.24,81.40,64.81,,143.15,142.21,372.57,295.00,112.16,49.49,154.58,142.96,322.46,49.62,297.83,248.84,57.27,332.46,217.68,372.68,66.95,90.37,290.19,58.85,22.35,84.53,137.52,128.50,26.51,85.07,76.50,15.81,244.13,166.08,393.37,216.70,41.61,39.91,46.81,46.84
2021-09-03,150.77,130.63,109.92,196.36,173.90,45.47,36.90,281.89,60.59,439.68,52.14,81.22,63.89,,143.70,142.66,369.70,297.34,111.81,49.29,154.68,142.09,326.31,49.58,295.81,248.80,58.08,331.44,216.73,373.65,67.07,89.87,290.18,59.05,22.80,84.72,137.64,128.59,26.64,85.44,75.70,15.76,244.52,166.49,392.58,217.59,41.71,39.55,47.03,46.66
2021-09-07,153.10,131.26,109.15,191.99,175.46,45.38,37.15,278.90,60.29,436.88,51.67,80.86,63.00,,144.44,143.20,368.81,296.09,110.60,49.41,152.27,141.84,326.37,48.66,297.89,244.26,56.42,335.80,214.34,379.53,65.96,89.81,289.26,60.67,22.62,83.52,135.40,128.11,26.70,85.41,75.11,15.68,250.97,166.12,391.08,218.72,41.26,39.68,46.41,46.39
2021-09-08,151.56,128.44,106.17,191.59,176.27,45.17,36.66,279.34,59.63,442.67,51.49,80.30,62.57,,143.80,142.61,364.03,298.46,111.08,49.34,151.90,141.21,321.54,49.31,294.07,244.30,55.50,341.97,216.55,374.95,65.42,89.29,289.29,60.60,22.29,84.22,137.32,129.08,25.58,83.50,74.99,15.79,251.29,165.54,385.65,221.44,41.32,39.24,46.47,45.96
2021-09-09,150.54,129.83,106.15,187.00,174.21,45.09,36.79,278.61,59.99,442.90,51.42,79.97,63.00,,143.83,142.46,363.65,298.63,110.34,49.18,148.52,141.83,332.12,48.82,295.12,230.07,56.46,342.33,216.54,375.38,64.08,89.52,286.43,59.75,22.13,84.29,136.45,128.54,26.13,82.61,75.71,15.68,251.62,165.25,384.87,219.89,40.97,39.72,46.14,46.00
2021-09-10,145.56,131.60,105.20,185.41,173.46,45.52,36.20,277.60,59.23,442.16,50.80,80.03,62.21,,140.86,139.82,362.67,298.79,109.76,49.59,147.55,140.19,334.74,48.61,292.98,229.60,56.89,338.41,217.05,376.06,63.76,89.33,284.95,59.87,22.43,84.42,136.22,128.66,26.28,83.41,75.11,15.55,245.42,167.16,376.31,217.40,40.81,39.70,45.97,45.90
2021-09-13,146.13,134.10,104.80,187.99,172.86,45.59,36.80,279.92,60.04,436.93,50.98,81.62,63.71,,142.40,141.27,367.86,301.94,110.67,50.65,146.51,142.42,339.54,49.01,295.87,228.12,57.90,338.83,218.90,373.90,63.53,90.00,286.18,58.93,22.11,83.68,136.48,130.05,25.83,82.62,75.69,15.74,247.67,170.08,386.19,217.13,41.11,40.98,45.71,47.09
2021-09-14,144.73,134.77,105.73,187.40,172.50,45.86,35.81,277.20,58.56,435.74,50.78,80.14,61.23,,142.34,141.48,362.85,299.84,109.12,50.22,145.63,139.94,340.29,49.04,294.40,223.45,57.40,336.86,218.82,373.92,63.16,87.86,288.88,57.78,22.20,81.32,135.94,129.82,26.26,82.11,74.87,15.63,248.16,171.07,384.35,215.58,40.95,41.24,45.47,46.41
2021-09-15,145.62,135.82,105.60,189.21,173.79,46.58,36.08,278.18,59.98,437.95,50.51,81.84,62.31,,144.13,143.35,361.29,300.07,109.91,50.77,146.18,140.91,350.75,49.21,296.84,224.06,58.16,335.84,218.69,371.33,63.77,88.83,293.73,58.29,22.30,82.58,136.71,129.55,27.08,83.75,76.80,15.77,251.94,173.17,388.99,216.34,41.07,41.77,45.55,47.98
2021-09-16,145.38,138.57,106.22,188.54,174.41,46.36,36.36,277.51,59.60,440.40,50.31,81.07,61.81,,143.30,142.53,356.55,302.79,109.29,50.50,146.00,140.85,355.22,48.74,295.48,221.48,58.57,337.36,220.71,370.47,63.04,88.34,294.12,58.65,22.20,82.13,136.30,128.65,28.63,82.81,76.03,15.79,252.33,172.57,388.35,216.84,40.96,41.44,45.70,47.47
2021-09-17,142.72,135.41,103.88,190.29,173.13,46.24,36.41,276.76,59.56,436.79,49.89,80.61,61.28,,140.41,139.74,351.86,302.14,108.33,49.98,145.58,140.48,353.11,47.94,291.93,220.58,57.92,334.17,220.06,362.19,62.78,87.72,288.96,58.94,21.85,81.32,135.05,128.85,28.71,82.03,75.46,15.75,253.16,172.07,391.45,214.35,40.85,41.61,45.61,46.91
2021-09-20,139.67,130.34,101.55,186.59,167.79,45.21,35.16,274.20,57.30,428.83,49.04,78.96,60.88,,137.98,137.68,339.88,298.12,107.59,48.80,144.75,136.27,339.14,47.61,285.22,222.06,56.11,330.91,216.97,353.23,63.00,85.03,283.59,57.54,21.07,81.12,134.60,127.56,26.55,81.33,75.52,15.56,243.39,168.86,384.50,212.70,40.83,41.02,44.98,45.66
2021-09-21,140.15,130.00,102.82,186.81,167.18,45.19,35.18,273.18,56.99,429.76,48.49,79.02,59.05,,138.61,137.99,337.82,300.83,106.52,48.70,145.39,136.29,340.47,47.60,287.81,220.65,55.75,328.66,218.25,355.00,63.04,84.74,284.07,57.31,21.20,81.82,134.53,127.75,26.62,80.94,75.21,15.42,246.46,169.19,384.16,212.82,40.66,41.06,45.07,45.62
2021-09-22,142.51,132.81,104.38,185.31,169.00,46.08,36.08,274.07,58.10,429.97,48.72,81.34,60.10,,139.89,139.23,346.48,302.37,107.85,49.28,144.86,138.90,349.00,47.67,288.85,218.86,57.17,334.53,220.64,340.83,63.10,86.90,287.72,59.06,21.90,83.25,134.95,128.19,27.43,80.94,77.16,15.45,250.65,171.78,380.77,215.31,40.68,42.16,44.96,46.95
2021-09-23,143.47,135.71,106.15,186.54,170.80,46.42,37.48,278.12,60.35,430.39,49.75,83.36,62.80,,140.77,140.16,352.22,302.35,109.53,49.76,145.68,143.60,354.22,47.59,292.92,222.58,58.26,344.92,222.14,343.56,63.98,89.27,288.66,59.33,22.44,84.18,135.05,128.72,28.77,81.70,78.50,15.55,251.21,174.19,380.14,220.69,40.95,42.81,44.99,48.54
2021-09-24,143.56,136.48,105.80,185.29,171.28,46.47,37.88,277.87,60.60,444.62,49.78,83.81,63.36,,141.57,141.15,351.31,303.78,110.14,49.94,145.24,145.26,352.84,47.46,292.81,222.10,58.25,348.90,223.63,350.51,64.47,88.72,288.46,59.24,22.04,84.66,135.11,128.15,28.56,82.00,78.87,15.52,258.13,175.93,379.26,223.86,40.92,42.91,45.12,48.97
2021-09-27,142.04,137.27,108.16,184.86,170.29,46.47,38.89,279.72,61.52,437.79,49.33,85.78,64.31,,140.45,140.01,359.37,307.30,111.00,50.35,144.19,148.77,349.26,47.21,291.82,217.04,58.79,347.55,225.16,351.13,64.26,90.61,283.47,59.26,21.62,85.70,133.82,126.46,27.47,82.55,79.04,15.67,263.79,175.65,377.57,221.93,40.99,42.59,44.83,50.43
2021-09-28,138.66,127.80,101.52,184.13,165.80,45.20,38.80,276.79,60.76,425.23,48.72,86.11,64.54,,135.17,134.81,350.10,300.45,110.12,49.74,143.87,147.96,331.36,46.36,283.07,212.44,55.87,342.10,221.22,338.29,64.22,87.97,273.20,58.38,20.66,85.18,132.35,125.50,25.34,80.24,78.58,15.58,259.19,170.88,371.38,218.03,40.76,41.12,44.27,50.96
2021-09-29,139.56,123.36,100.35,186.41,165.06,45.05,38.72,277.29,60.90,429.45,48.68,86.08,64.87,,133.52,133.35,345.96,303.27,111.49,49.27,144.94,147.85,320.16,46.64,282.32,220.83,54.11,344.06,221.68,337.25,65.77,85.82,273.67,59.91,20.47,85.90,133.45,126.78,24.52,81.11,78.72,15.67,260.44,169.28,373.05,219.11,40.92,42.12,44.26,50.92
2021-09-30,138.26,123.80,102.90,184.46,164.25,44.63,38.16,272.94,59.75,427.13,47.76,84.51,62.89,,132.27,132.67,339.79,295.47,111.29,49.07,142.71,145.83,319.40,46.21,276.88,221.49,54.26,338.69,218.81,337.04,65.79,83.89,271.66,61.03,20.67,82.02,131.79,124.80,24.04,77.28,77.79,15.45,258.49,168.53,364.04,215.31,40.65,41.56,43.92,50.02
2021-10-01,139.38,124.18,102.45,185.56,164.16,44.86,38.73,275.71,60.60,426.16,48.39,86.91,64.59,,135.45,135.52,341.56,296.91,114.81,49.61,141.80,148.90,319.89,46.69,281.10,220.09,54.32,350.87,220.46,340.63,71.30,85.39,278.58,61.31,20.70,84.48,132.26,124.60,24.33,78.33,79.16,15.54,258.41,169.92,365.61,222.77,40.86,42.11,43.19,51.81
2021-10-04,135.96,120.40,100.34,183.41,159.49,43.81,38.96,273.64,60.69,418.38,47.91,87.24,64.03,,132.77,132.66,336.30,293.86,115.44,49.25,140.70,148.74,314.21,46.67,278.08,215.55,52.45,335.30,220.59,323.97,72.79,83.75,272.81,60.33,19.69,84.02,131.61,123.90,23.17,78.42,79.35,15.59,260.51,166.94,360.56,217.23,41.01,42.11,42.77,52.49
2021-10-05,137.88,123.16,101.81,183.77,161.05,44.68,39.75,278.05,61.75,424.18,48.32,88.19,64.03,,135.16,135.00,346.78,296.57,114.67,49.69,141.02,151.17,316.27,46.74,281.08,221.38,53.00,334.34,222.54,330.65,71.47,85.52,278.25,63.48,20.41,86.12,132.39,124.38,23.21,78.58,80.28,15.64,260.20,169.99,366.54,216.79,41.02,42.95,43.05,52.40
2021-10-06,138.75,121.67,103.64,182.14,163.10,44.99,39.77,280.22,61.66,427.12,47.65,87.41,63.68,,136.33,136.53,348.80,297.36,114.04,49.72,141.31,151.49,314.24,47.30,279.40,218.43,52.60,339.68,224.24,331.33,70.65,85.43,282.45,63.91,20.66,85.98,135.78,126.04,23.58,78.79,80.78,15.62,260.92,170.44,367.31,218.95,41.04,42.87,43.37,51.44
2021-10-07,140.01,122.98,106.45,181.39,165.12,45.46,39.66,282.95,61.46,430.48,48.61,88.04,64.40,,138.15,138.18,351.11,303.77,113.60,49.90,142.57,152.45,315.19,47.45,282.34,223.54,52.99,345.20,225.35,326.94,71.77,85.18,284.12,63.19,21.03,86.90,137.03,127.05,23.73,77.98,81.58,15.90,264.54,171.25,377.04,222.85,41.04,42.77,43.88,51.58
2021-10-08,139.63,121.39,105.06,181.25,164.43,45.36,39.86,284.14,61.60,429.51,48.66,90.01,63.92,,139.01,138.74,353.08,300.94,114.73,49.56,142.21,152.57,311.32,47.66,279.54,224.27,52.45,346.22,224.79,327.76,70.62,86.24,284.12,63.27,20.79,89.16,136.72,126.52,23.50,77.73,82.00,15.71,261.83,171.19,380.55,222.58,40.54,42.98,44.01,52.88
2021-10-11,139.54,122.62,104.68,179.30,162.32,45.32,39.36,280.93,61.03,427.47,48.53,89.25,63.53,,137.81,137.87,346.27,303.31,114.10,49.22,141.61,149.36,310.51,47.76,278.26,224.01,52.67,338.60,223.77,323.19,70.01,83.87,283.52,62.70,20.65,90.01,136.90,127.05,23.53,77.55,81.34,15.27,263.98,169.55,377.31,217.59,39.74,42.34,43.97,52.35
2021-10-12,138.27,121.90,105.04,175.12,162.37,44.67,39.14,278.62,60.14,424.78,47.95,89.26,62.70,,135.70,135.43,347.43,304.06,112.53,48.05,139.35,148.21,305.12,47.76,279.18,223.15,52.13,336.84,221.90,321.52,69.71,84.30,282.22,62.49,20.63,90.28,137.50,126.86,23.69,77.92,81.19,14.92,268.57,165.26,375.68,216.57,39.09,41.78,43.92,52.08
2021-10-13,137.68,123.30,109.16,176.61,164.21,44.64,38.78,277.90,59.82,423.28,48.25,89.80,62.48,,136.87,136.55,347.23,304.49,112.76,48.13,140.68,144.30,305.94,47.77,284.07,226.66,51.91,333.92,220.20,322.29,69.15,84.98,285.53,62.98,20.90,91.06,138.43,127.15,24.13,79.46,81.15,14.85,270.36,164.05,375.97,215.03,39.10,41.24,43.60,51.93
2021-10-14,140.47,127.01,111.99,179.36,164.99,45.80,40.52,281.64,60.28,428.38,49.16,90.65,62.71,,140.36,140.09,351.63,309.68,114.86,49.65,141.48,146.52,314.89,48.09,291.41,226.90,54.15,336.10,221.93,326.25,68.61,87.08,291.73,63.38,21.70,90.00,139.55,128.59,24.35,80.59,80.69,15.03,272.77,168.78,391.63,217.66,39.54,40.58,44.08,52.72
2021-10-15,141.52,126.55,112.12,180.28,170.45,46.32,41.69,284.21,61.55,430.02,48.81,91.31,63.73,,140.62,140.31,364.99,315.41,115.84,50.16,142.54,149.33,314.24,47.98,290.91,228.04,53.82,347.24,219.84,322.51,68.61,88.06,293.14,62.83,21.82,90.05,139.15,128.92,24.00,80.20,82.27,15.08,281.01,170.49,398.82,223.28,39.80,43.32,44.29,53.23
2021-10-18,143.20,128.18,116.43,176.20,172.34,46.33,41.60,282.59,60.97,439.11,48.76,91.27,63.56,,141.90,141.71,371.84,319.55,114.01,50.17,141.49,149.28,312.01,47.50,290.65,229.10,54.22,349.62,219.85,333.01,67.58,87.43,296.11,63.80,22.18,91.17,138.52,127.07,24.26,79.45,82.17,14.86,290.04,170.90,395.60,222.95,39.53,44.26,44.65,53.20
2021-10-19,145.36,129.44,116.33,179.36,172.21,46.98,41.78,284.83,61.09,443.99,49.24,93.05,63.93,,142.75,142.16,370.47,322.23,113.74,50.85,144.81,151.09,317.14,47.69,293.21,232.29,54.42,353.19,220.31,337.63,69.62,87.72,297.02,63.90,22.24,91.68,140.28,125.57,24.69,78.09,82.56,15.02,288.09,173.81,395.38,225.72,39.86,45.08,45.59,54.00
2021-10-20,145.84,128.85,116.39,181.86,170.75,46.89,42.33,287.49,61.15,446.54,49.65,94.27,64.70,,141.35,140.71,366.63,322.44,113.67,51.00,144.73,153.12,316.08,48.11,293.72,233.64,53.92,347.99,217.54,338.42,71.01,86.78,296.23,62.51,22.06,91.29,141.34,126.06,24.22,79.10,82.96,15.20,288.60,174.82,405.36,223.69,40.82,44.92,46.01,54.30
2021-10-21,146.06,128.23,119.33,181.28,171.75,47.32,42.10,286.82,60.03,453.63,49.20,93.09,62.96,,141.72,140.82,366.36,328.20,102.80,51.58,144.39,151.92,320.36,47.86,293.81,231.20,52.96,347.44,219.07,339.51,71.10,86.45,299.45,65.32,22.65,90.97,139.48,125.15,24.78,78.69,82.90,15.12,298.00,176.49,412.05,222.55,40.66,45.07,46.26,53.31
2021-10-22,145.29,130.72,119.82,181.50,166.78,47.44,42.76,289.24,60.76,458.16,48.69,93.97,63.51,,137.59,136.53,372.41,329.43,102.44,45.56,144.67,153.96,327.54,47.95,296.49,233.67,53.08,349.84,216.38,322.36,71.08,87.76,297.91,66.48,22.68,92.81,140.17,126.50,24.43,78.98,83.13,14.96,303.23,174.55,418.46,223.51,40.31,45.37,46.74,53.68
2021-10-25,145.24,130.56,122.36,180.10,166.02,48.05,42.71,290.26,60.30,465.87,48.71,94.84,64.28,,137.74,136.42,372.80,334.17,102.25,45.51,144.99,153.21,327.73,47.76,298.87,234.92,52.63,351.98,215.39,326.41,71.53,87.86,296.92,67.17,23.12,92.47,139.51,126.52,25.41,78.71,82.62,15.04,341.62,175.54,418.77,226.07,40.04,45.33,47.29,54.72
2021-10-26,145.90,126.94,122.93,181.01,168.80,49.14,43.11,290.85,60.15,461.52,49.30,95.05,65.58,,138.63,138.26,375.37,332.32,101.84,44.47,146.47,153.62,326.52,47.97,298.96,238.17,52.34,348.52,214.55,313.62,72.04,89.20,298.83,66.85,24.67,91.61,141.22,128.31,25.52,78.43,80.68,14.89,339.48,172.71,423.57,224.08,40.42,45.34,46.87,55.99
2021-10-27,145.44,127.10,122.28,179.19,169.62,48.15,42.29,287.78,59.86,464.93,49.63,93.36,63.39,,145.34,145.12,369.42,335.13,100.27,44.11,144.69,150.42,325.19,48.89,301.03,239.82,52.78,327.46,220.28,310.05,71.42,87.82,311.41,66.29,24.40,90.71,140.73,127.40,25.06,77.34,80.68,14.70,345.95,164.05,422.49,208.58,40.08,44.82,46.49,54.54
2021-10-28,149.08,130.81,121.16,179.70,172.33,48.74,42.95,289.72,60.35,467.03,49.68,94.24,64.25,,145.04,144.76,372.86,334.45,100.81,44.28,143.90,152.69,339.29,49.35,300.08,242.87,53.96,324.83,222.79,314.72,75.81,88.98,312.55,67.40,24.89,90.90,141.61,128.16,25.64,78.24,80.71,14.99,359.01,164.73,424.31,202.83,40.21,45.99,46.78,54.69
2021-10-29,146.37,131.42,120.23,179.53,168.62,48.94,42.95,287.01,59.31,467.99,49.45,95.38,64.01,,147.17,146.94,371.54,334.60,100.21,45.13,143.93,152.27,355.92,49.64,301.25,244.22,53.73,327.26,222.84,321.33,77.12,89.22,319.55,69.03,25.51,90.63,141.60,128.44,25.88,77.07,80.41,14.82,371.33,165.40,429.00,204.70,40.35,45.81,47.08,54.82
2021-11-01,145.55,134.17,125.23,181.98,165.91,48.60,43.02,286.24,59.69,468.31,49.56,95.41,64.84,,142.70,142.42,374.55,329.87,101.16,45.64,144.06,152.19,363.09,49.47,304.81,239.00,54.61,325.83,227.40,327.69,76.94,90.28,317.39,68.12,25.77,89.15,141.30,128.12,26.56,76.16,80.13,14.89,402.86,165.39,423.08,205.37,40.32,46.31,47.20,55.81
2021-11-02,146.59,135.80,127.63,185.85,165.64,49.43,43.04,287.93,58.83,473.18,50.90,94.83,65.12,,144.78,144.34,380.98,330.60,101.08,45.92,146.33,152.79,371.19,49.40,309.15,246.23,54.75,320.39,226.18,325.80,77.97,90.85,321.01,67.77,26.35,90.56,142.60,129.40,25.92,76.65,79.45,14.80,390.67,167.04,421.15,202.16,40.03,45.94,47.18,55.12
2021-11-03,148.02,137.28,130.53,189.21,169.20,49.92,43.48,288.72,59.17,478.27,50.93,94.14,64.69,,145.70,145.50,375.63,332.11,101.84,46.41,145.86,152.84,375.89,49.57,309.94,255.25,55.43,321.32,227.24,329.32,77.67,89.07,321.85,68.83,26.54,90.83,143.96,130.29,26.12,77.23,80.24,14.78,404.62,166.90,426.08,201.15,40.31,46.57,47.32,54.37
2021-11-04,147.50,144.38,137.50,186.43,173.85,50.50,42.55,287.69,57.46,490.92,50.46,94.56,64.22,,147.58,147.16,366.79,335.00,101.26,46.66,145.45,150.84,390.60,49.84,312.86,259.79,57.08,327.17,230.01,333.52,79.30,86.62,324.20,66.84,29.74,90.33,143.97,130.53,26.47,76.41,79.69,14.55,409.97,168.60,425.54,201.81,39.48,45.51,47.67,54.77
2021-11-05,148.03,147.42,136.34,185.43,175.95,51.44,42.22,287.88,57.45,488.54,50.42,95.59,66.38,,148.13,147.74,365.90,331.60,103.57,47.23,144.42,150.62,397.91,50.06,313.32,254.04,58.23,340.20,231.15,338.76,71.48,86.69,323.83,64.57,29.69,89.69,145.45,131.18,26.00,76.88,82.51,14.73,407.36,170.62,424.66,209.44,39.78,45.34,47.34,55.29
2021-11-08,147.21,147.10,150.16,183.35,174.45,51.45,42.56,288.80,58.70,479.67,50.36,95.93,66.18,,148.24,147.91,367.03,331.77,104.35,47.81,143.92,151.53,394.19,49.61,318.55,249.76,58.07,341.06,229.69,336.27,72.42,86.87,324.73,65.14,30.74,89.87,142.32,130.20,26.75,75.73,82.08,14.60,387.65,169.70,431.00,213.13,39.85,45.73,47.04,55.89
2021-11-09,147.57,150.30,148.92,183.64,178.81,51.34,42.14,286.35,58.30,484.34,50.74,96.64,67.93,,148.14,147.80,364.35,333.62,102.61,47.49,143.60,150.38,398.27,49.75,319.58,251.18,59.29,336.17,229.28,333.04,72.45,86.56,323.73,65.60,30.59,89.35,143.27,130.59,24.25,76.37,82.34,14.50,341.17,168.32,432.62,206.27,39.78,44.85,47.20,56.43
2021-11-10,144.75,144.64,139.87,184.94,174.10,50.51,42.46,285.32,58.49,481.29,51.04,95.09,66.51,,145.53,144.80,358.75,331.76,102.08,47.08,145.16,150.24,386.09,49.95,317.69,253.71,57.76,349.13,229.71,325.37,73.58,84.87,318.76,64.69,29.40,88.63,143.73,131.88,22.52,76.94,81.61,14.64,355.98,164.99,428.47,208.73,40.05,45.27,46.78,55.32
2021-11-11,144.70,148.01,146.01,183.51,173.62,51.12,42.69,284.65,59.06,487.64,50.14,95.10,65.31,,145.66,144.67,361.64,330.91,102.12,46.86,144.09,150.23,394.15,49.97,316.79,251.77,58.51,345.62,227.02,325.47,73.59,85.83,320.34,65.76,30.33,88.83,142.55,131.50,22.99,77.45,80.58,14.62,354.50,166.38,426.13,203.75,39.94,45.48,46.80,55.42
2021-11-12,146.77,150.81,147.89,183.36,176.26,51.84,42.17,285.99,59.31,492.39,50.20,95.16,65.67,,148.53,147.56,363.95,335.41,101.01,46.66,145.81,149.55,395.62,49.85,318.07,249.72,59.53,354.55,227.48,338.53,73.57,86.68,324.47,68.26,30.33,88.36,142.52,131.64,22.83,77.25,80.41,14.63,344.47,167.69,427.62,205.37,39.86,45.81,46.56,55.00
2021-11-15,146.78,150.28,146.49,181.41,177.28,52.08,42.30,284.67,58.95,494.98,50.59,97.32,65.11,,148.28,147.34,363.86,334.01,100.93,46.67,144.50,149.29,395.41,49.86,315.23,248.55,60.09,352.47,229.54,345.15,73.30,86.99,323.84,67.93,29.96,88.81,143.52,132.40,23.41,77.74,80.85,14.55,337.80,166.94,419.99,205.57,39.90,45.92,46.29,55.48
2021-11-16,147.76,151.81,152.45,179.65,177.04,52.35,42.32,283.36,58.09,501.49,50.36,97.70,63.09,,147.97,146.77,362.32,353.14,100.58,46.94,143.75,148.21,405.12,49.51,314.25,247.86,60.47,360.46,229.11,340.58,73.67,87.41,327.16,68.74,30.14,90.32,143.09,132.21,23.13,75.88,80.45,14.47,351.58,166.31,418.89,208.36,39.64,45.28,45.12,56.04
2021-11-17,150.20,150.01,151.34,180.03,177.45,52.43,41.81,281.59,57.33,501.08,50.14,97.26,62.26,,147.95,146.94,351.94,355.41,100.24,46.59,144.28,147.41,401.90,49.24,312.84,251.19,60.13,350.33,229.32,338.41,72.35,84.79,327.38,69.17,29.20,90.05,143.15,132.13,22.49,76.30,79.13,14.47,363.00,167.24,418.27,198.56,39.39,44.80,44.73,55.42
2021-11-18,154.48,152.66,155.02,178.46,184.80,52.91,41.64,280.63,57.55,504.01,47.38,96.45,61.45,,149.59,148.71,351.78,365.31,99.06,46.08,143.51,146.14,405.15,48.80,312.39,251.34,60.62,339.65,230.03,336.34,72.74,84.79,329.46,68.20,31.61,89.42,143.19,132.15,21.50,74.64,79.11,14.31,365.46,170.68,418.75,196.89,39.02,44.86,45.11,54.82
2021-11-19,157.10,144.28,155.41,180.26,183.83,52.35,40.81,279.99,56.89,508.22,47.04,94.31,61.02,,148.84,147.81,348.20,367.86,98.54,45.93,143.94,144.23,404.33,48.55,313.51,250.73,61.45,331.36,228.64,342.90,70.68,84.12,331.23,67.88,32.92,88.77,143.53,131.88,21.41,73.70,77.76,14.16,379.02,172.17,409.93,194.50,38.73,43.89,44.87,52.29
2021-11-22,157.56,141.90,152.52,177.33,178.63,50.93,41.60,284.97,57.49,513.80,48.24,95.99,61.68,,145.98,145.20,356.09,367.95,98.89,46.22,142.05,147.30,390.47,48.85,311.20,250.48,61.66,313.39,230.03,338.64,71.51,86.22,328.06,65.92,31.89,89.37,143.83,132.76,20.65,73.19,79.01,14.49,385.62,169.82,407.64,189.38,39.25,45.25,45.62,53.01
2021-11-23,157.95,143.22,149.92,178.90,179.00,51.10,42.70,288.56,58.37,519.14,48.85,98.00,62.31,,145.66,144.69,365.24,367.58,99.17,45.54,142.93,150.83,394.38,49.21,311.68,251.94,63.05,320.90,232.00,334.91,72.52,88.42,325.99,65.41,31.68,87.79,144.79,134.23,20.59,73.09,79.47,14.53,369.68,169.95,416.57,192.20,39.41,46.21,45.95,54.41
2021-11-24,158.46,143.53,157.80,178.41,179.02,51.43,42.82,287.28,57.70,523.39,49.07,98.75,62.40,,145.63,145.02,358.81,370.94,99.12,46.15,142.53,149.64,395.64,48.81,308.85,251.98,63.00,331.63,233.33,338.69,72.07,87.78,326.21,65.83,32.61,88.40,143.47,133.53,21.11,73.40,79.36,14.36,372.00,170.79,419.40,196.81,39.34,46.13,46.18,54.71
2021-11-26,153.44,138.02,154.81,175.89,175.23,50.31,41.14,283.09,56.17,519.97,48.30,96.50,59.72,,141.74,141.12,350.00,362.47,98.33,45.24,141.60,145.14,381.91,47.32,302.54,250.41,61.21,316.19,226.88,330.81,69.34,85.01,318.27,66.56,31.44,87.22,141.19,132.46,21.03,72.30,75.55,14.21,360.64,166.08,409.85,191.39,39.45,43.54,45.66,52.79
2021-11-29,156.80,145.66,161.91,177.98,178.08,51.94,40.98,282.12,55.77,528.30,49.26,96.78,60.06,,145.03,144.44,347.44,366.18,100.62,46.37,142.09,144.51,396.16,48.07,302.71,245.08,64.88,315.06,227.15,335.69,65.60,84.40,324.98,66.38,33.31,87.79,143.82,133.85,21.07,71.21,75.49,14.02,379.00,171.48,421.11,190.07,39.34,44.19,44.95,53.08
2021-11-30,161.75,141.78,158.37,173.96,175.35,50.96,39.98,276.69,54.63,513.54,48.45,95.11,57.98,,141.39,140.83,342.45,360.59,99.43,45.63,138.69,142.36,390.69,46.55,300.25,238.55,64.82,307.17,223.20,322.21,65.61,82.31,319.14,64.19,32.61,85.71,140.00,129.87,20.65,70.06,73.66,13.40,381.59,169.71,413.86,187.63,38.28,42.95,44.32,51.57
2021-12-01,161.23,146.10,149.11,175.64,172.19,51.06,39.41,275.00,53.61,504.46,48.62,94.47,56.77,,140.56,139.99,340.18,361.91,99.28,45.07,140.60,141.51,394.57,46.41,300.39,239.60,66.12,298.74,222.82,308.45,65.20,82.69,318.65,61.78,31.37,84.78,140.33,131.50,19.38,70.82,71.95,13.04,365.00,169.17,413.97,184.13,37.90,42.44,43.22,51.53
2021-12-02,160.25,141.11,150.68,175.96,171.87,50.85,40.55,279.09,54.72,500.34,49.61,97.03,58.13,,142.71,141.89,350.18,368.55,99.26,45.91,139.72,144.49,385.33,47.10,306.80,238.40,63.07,312.32,227.04,308.24,64.72,85.82,318.08,61.65,32.06,85.01,141.69,132.27,19.69,71.61,74.33,13.53,361.53,170.78,415.54,192.01,38.63,43.97,42.69,52.81
2021-12-03,158.37,140.47,144.01,177.07,169.49,51.37,39.63,277.43,53.82,503.59,49.68,96.41,56.63,,141.46,140.94,345.83,368.59,100.91,45.68,141.76,141.87,383.56,47.52,303.68,236.19,63.07,314.18,227.52,304.71,64.24,85.25,311.83,60.21,30.63,83.35,145.30,134.63,18.98,72.87,73.83,13.77,338.32,170.60,419.98,190.10,39.16,42.93,43.33,52.48
2021-12-06,161.77,141.96,139.06,182.63,171.37,52.00,39.88,281.38,53.61,507.66,50.32,97.92,58.61,,142.73,142.08,351.77,375.72,101.82,47.29,144.93,143.55,382.46,48.73,307.78,236.91,63.65,325.13,233.42,315.67,64.31,86.17,314.90,61.27,29.98,84.01,146.80,136.66,18.80,74.51,76.24,13.66,336.34,171.69,430.06,196.26,38.89,43.88,43.80,53.07
2021-12-07,167.51,151.12,144.85,184.84,176.16,54.34,40.39,284.97,53.94,516.05,51.31,99.37,59.55,,146.93,146.17,361.53,376.15,103.23,48.76,145.30,145.71,401.24,49.00,313.10,235.74,67.33,331.15,237.17,320.57,63.31,88.98,323.32,62.56,32.36,85.06,146.64,136.31,19.46,73.71,77.38,13.54,350.58,175.59,434.38,200.80,38.68,45.17,43.66,53.67
2021-12-08,171.32,151.51,145.24,186.77,176.16,54.17,39.89,283.72,53.56,504.71,50.37,99.82,59.99,,147.61,147.08,359.01,371.70,104.46,48.00,146.17,144.04,403.28,48.81,315.51,234.98,68.08,333.91,236.87,328.27,64.12,87.89,323.37,62.81,31.76,84.01,146.89,136.92,19.82,73.28,78.73,13.60,356.32,173.26,438.24,202.37,38.45,44.42,43.22,53.82
2021-12-09,170.81,147.04,138.10,185.93,174.17,53.70,40.19,284.52,53.29,499.21,50.84,99.56,59.72,,147.00,146.53,358.26,371.78,104.92,46.82,147.56,143.82,391.88,48.69,314.49,233.61,66.68,336.04,239.39,327.53,63.82,87.31,321.57,61.10,30.43,83.85,146.71,137.72,19.21,72.97,78.42,13.46,334.60,170.62,442.41,204.69,38.20,44.67,43.82,53.96
2021-12-10,175.60,147.12,138.55,184.47,172.21,58.14,40.21,288.23,52.06,532.05,52.34,99.72,59.18,,147.57,146.89,353.36,375.45,105.36,46.92,147.20,143.24,393.14,49.95,316.27,234.80,67.31,341.31,241.79,327.46,63.61,85.44,330.68,61.17,30.14,96.95,149.05,139.64,18.94,73.41,78.42,13.40,339.01,172.91,447.00,206.64,38.22,45.13,44.62,54.30
2021-12-13,171.97,141.69,133.80,184.90,169.57,57.22,39.37,290.01,51.61,530.53,51.78,97.65,56.85,,145.61,144.73,347.56,366.27,104.08,46.37,149.83,141.54,382.67,51.26,316.45,239.03,65.31,336.81,240.08,332.17,64.31,84.35,327.65,60.46,28.11,95.30,149.80,141.62,18.40,74.73,76.76,13.17,322.14,170.48,446.92,204.33,38.29,43.65,45.42,53.11
2021-12-14,170.59,142.30,135.60,186.96,169.09,56.60,39.86,295.03,52.00,519.22,51.04,97.94,56.22,,143.89,142.83,351.33,363.52,105.08,46.10,151.47,142.63,382.39,51.30,316.75,239.84,64.90,332.17,239.56,331.42,65.18,85.78,316.97,59.80,28.28,94.36,149.42,142.14,18.64,74.94,76.00,13.08,319.50,167.86,448.15,203.33,38.57,43.95,45.86,53.04
2021-12-15,175.45,148.01,146.50,191.78,173.32,58.89,39.69,294.58,51.66,538.39,52.94,97.38,56.21,,146.27,145.34,352.32,368.59,104.53,46.99,152.22,141.56,392.39,51.53,323.24,264.75,66.63,337.82,241.38,339.29,66.57,86.31,323.06,60.50,30.40,97.91,151.35,142.69,18.86,75.60,75.94,13.01,325.33,170.65,462.10,205.58,38.49,44.00,46.12,52.80
2021-12-16,168.56,141.31,138.64,194.69,168.87,57.13,40.65,300.17,52.37,526.16,53.28,98.29,56.48,,143.76,143.36,359.06,361.11,106.93,47.14,153.88,143.77,380.33,52.05,321.96,268.37,64.14,344.23,242.32,332.58,67.12,87.07,313.65,59.11,28.33,97.50,151.57,144.71,18.34,76.94,75.28,13.91,308.97,166.07,460.68,207.58,40.17,45.22,45.35,52.89
2021-12-17,167.47,140.78,137.75,194.62,170.02,58.44,39.64,293.66,51.06,521.38,53.41,95.73,55.82,,141.74,140.66,344.99,350.67,108.17,46.95,149.63,140.50,374.82,51.23,316.11,257.19,63.94,340.71,238.81,331.47,66.93,84.32,312.59,58.67,27.75,91.27,148.46,141.43,19.06,76.19,74.89,13.95,310.86,164.35,455.31,205.17,40.49,43.11,43.90,51.74
2021-12-20,166.11,139.68,135.80,192.43,167.08,59.37,38.99,289.61,49.98,522.28,53.32,95.77,54.97,,141.34,140.55,335.78,351.95,107.89,46.00,149.21,137.97,369.03,51.07,312.79,253.40,63.17,328.72,238.84,323.19,67.56,82.79,308.83,59.37,27.67,86.57,149.45,141.79,17.96,75.70,73.76,14.19,299.98,162.54,452.14,202.13,40.43,42.12,44.04,50.99
2021-12-21,169.28,145.86,144.25,193.24,170.42,59.86,39.92,293.24,50.92,519.30,53.92,97.31,56.85,,143.15,142.40,343.65,352.92,109.51,47.09,148.73,139.90,391.91,51.27,315.22,254.75,65.27,342.11,241.26,331.88,66.79,84.87,315.96,60.49,29.02,86.44,149.01,141.70,18.90,75.85,76.17,14.36,312.84,164.42,455.39,208.56,40.19,42.98,44.17,52.14
2021-12-22,171.87,146.72,143.88,193.77,171.04,60.69,40.00,294.41,51.11,523.34,54.36,97.86,56.86,,145.86,145.32,345.47,357.59,110.17,47.27,149.37,140.45,395.55,51.63,317.55,256.31,66.05,348.68,241.76,328.16,67.34,85.33,321.66,61.42,29.34,84.88,149.94,143.11,18.88,76.78,76.52,14.54,336.29,164.91,461.86,211.05,40.18,43.18,44.23,52.56
2021-12-23,172.50,149.78,146.14,195.75,171.07,61.58,40.12,294.49,51.63,524.00,55.02,98.10,57.43,,146.05,145.81,347.92,358.88,110.92,47.59,149.65,140.95,402.78,51.67,321.17,262.66,66.76,351.70,242.69,332.91,66.96,86.23,323.10,61.41,29.58,84.75,149.77,143.81,18.93,76.79,77.28,14.59,355.67,165.33,463.03,209.76,40.12,43.47,44.13,52.59
2021-12-27,176.46,156.74,154.36,196.96,169.67,62.46,40.32,296.67,52.01,536.48,56.03,100.10,57.81,,146.96,146.80,350.63,365.23,111.76,48.17,150.91,141.76,421.36,52.05,325.19,267.76,69.12,351.44,244.78,343.78,67.70,87.15,330.59,61.31,30.89,84.58,151.26,145.49,18.94,77.30,77.59,14.54,364.65,169.24,466.88,210.73,40.12,43.84,44.53,53.34
2021-12-28,175.44,153.77,153.15,197.48,170.66,61.97,40.38,298.29,51.98,537.59,56.13,99.91,58.22,,145.36,145.59,350.24,367.15,112.62,48.01,151.52,142.19,413.68,52.25,325.54,265.86,68.42,351.90,244.45,343.82,67.92,86.78,329.44,61.07,30.26,83.74,152.04,146.27,18.57,77.56,78.30,14.56,362.82,168.59,470.10,211.14,40.15,43.53,45.17,53.17
2021-12-29,175.53,155.06,148.26,199.08,169.20,62.31,40.31,299.46,51.92,540.57,56.51,99.40,57.91,,145.41,145.56,348.97,371.33,113.23,48.07,152.59,142.12,416.49,52.32,327.07,267.77,69.44,352.40,245.00,340.56,68.04,85.70,330.11,61.05,29.94,83.33,152.58,147.48,18.17,77.93,78.18,14.46,362.06,168.33,472.56,211.26,39.87,43.55,45.15,52.70
2021-12-30,174.38,152.17,145.15,198.09,168.64,61.61,40.22,299.98,51.82,536.90,56.20,98.96,57.86,,144.92,145.10,348.35,370.51,113.70,47.99,153.26,142.04,408.83,52.17,326.05,266.65,68.64,352.10,243.84,341.97,68.21,85.77,327.57,61.21,29.53,83.14,152.32,146.20,18.69,77.89,78.10,14.54,356.78,167.10,471.49,210.97,39.79,43.24,45.30,52.39
2021-12-31,173.76,151.58,143.90,196.78,166.72,61.64,40.19,299.00,51.79,540.50,55.98,98.89,57.72,,143.60,143.77,345.67,375.10,113.49,47.76,152.16,141.93,411.73,52.55,328.04,265.66,68.72,350.48,244.62,334.02,67.77,85.21,324.68,60.24,29.35,82.38,153.24,146.93,18.21,78.50,78.33,14.43,352.26,166.27,469.35,209.84,39.57,43.13,45.78,52.73
2022-01-03,178.10,154.05,150.24,198.29,170.40,61.44,41.71,300.79,54.11,539.56,55.80,100.50,58.80,,143.99,143.90,357.22,369.34,115.51,49.35,152.58,144.93,416.50,52.63,320.67,261.34,69.32,361.82,245.09,336.19,67.97,86.97,323.16,59.74,30.06,83.03,152.59,146.32,18.53,79.11,79.16,14.92,399.93,168.15,469.48,214.41,39.93,45.60,45.77,54.76
2022-01-04,175.84,152.54,144.42,199.29,167.52,62.15,43.35,308.53,54.53,537.20,54.43,102.33,60.71,,143.34,143.32,368.19,373.14,117.19,49.29,152.17,150.42,412.81,53.51,326.51,256.61,68.03,366.15,245.02,334.20,68.09,90.50,317.62,59.12,29.23,83.92,152.81,146.83,18.17,79.61,81.94,15.04,383.20,168.32,458.84,215.41,40.72,47.42,44.93,56.82
2022-01-05,171.17,148.09,136.15,196.93,164.36,59.56,42.62,309.92,53.90,523.58,53.57,102.99,60.71,,136.63,136.74,360.20,368.07,117.36,49.96,153.18,147.67,402.76,53.95,328.02,250.68,66.10,364.70,243.82,321.92,69.75,88.27,305.43,56.75,27.55,81.67,153.33,147.50,16.96,79.29,81.53,15.38,362.71,164.81,457.71,213.03,41.14,47.01,45.53,57.53
2022-01-06,168.31,150.59,136.23,196.96,163.25,59.01,43.48,313.22,55.66,523.46,54.14,103.87,61.06,,136.53,136.71,358.66,366.74,114.92,50.09,152.66,149.24,413.75,53.67,320.07,249.41,67.07,361.37,246.10,330.15,69.70,89.78,303.01,55.33,28.12,81.86,153.37,146.26,16.74,80.50,81.97,15.32,354.90,164.76,438.98,212.79,40.94,48.21,45.41,58.88
2022-01-07,168.47,145.27,132.00,198.81,162.55,57.35,44.42,319.78,56.41,510.49,54.32,105.36,61.95,,135.98,135.99,359.19,355.76,114.48,49.56,154.72,150.72,399.10,53.54,318.43,249.58,63.95,361.02,243.70,329.49,71.00,90.32,303.17,54.11,27.19,82.97,153.56,146.18,16.56,81.93,82.32,15.84,342.32,158.30,428.65,210.09,41.80,49.24,45.84,59.36
2022-01-10,168.49,144.09,132.00,201.50,161.49,57.54,44.20,318.93,56.62,493.95,54.94,105.43,60.74,,137.54,137.63,360.69,350.20,114.65,51.21,153.96,150.87,400.84,53.63,317.63,250.16,63.47,355.42,241.28,325.79,72.83,90.39,303.39,53.99,27.35,84.65,153.64,144.18,16.50,82.87,81.67,15.95,352.71,161.41,434.63,205.25,41.52,49.76,45.75,59.01
2022-01-11,171.32,146.85,137.31,203.26,165.36,57.62,44.45,319.80,57.55,497.02,55.43,107.84,62.19,,138.98,138.69,364.19,349.48,112.82,51.85,152.32,151.02,407.42,53.65,318.57,252.29,64.33,357.74,239.19,332.05,72.21,91.95,304.08,54.08,27.76,83.89,153.57,142.51,16.89,83.45,82.58,15.87,354.80,162.89,438.37,207.59,41.30,50.40,45.62,61.49
2022-01-12,171.76,153.69,137.47,202.72,165.21,57.62,44.14,320.39,57.70,500.61,55.20,107.30,62.46,,140.59,140.37,352.68,351.95,113.43,51.70,151.02,151.88,415.32,53.73,323.18,246.13,65.58,358.74,238.10,330.95,71.80,89.45,307.25,53.72,27.94,83.73,153.40,142.83,16.72,83.83,82.89,15.94,368.74,164.12,442.78,208.88,41.19,50.70,45.38,61.31
2022-01-13,168.49,151.40,132.74,201.92,161.21,55.32,44.04,321.26,58.12,492.12,54.65,106.85,62.60,,138.10,137.55,353.12,349.76,114.42,50.96,150.10,151.69,403.47,54.05,315.71,240.12,65.62,360.90,238.54,324.22,71.90,89.02,294.25,51.92,26.52,83.24,153.65,142.18,16.01,84.37,83.34,16.15,343.85,162.46,436.91,208.19,41.25,50.34,46.02,60.87
2022-01-14,169.36,160.86,136.88,205.87,162.14,55.24,43.28,324.13,57.40,478.89,54.53,108.67,63.02,,138.75,138.43,344.21,336.22,113.96,51.66,149.29,142.36,425.98,54.48,311.19,234.78,69.74,363.46,235.17,329.60,71.96,85.83,299.46,52.57,26.89,83.14,154.94,143.55,16.01,85.43,84.04,16.38,349.87,164.98,438.08,207.87,41.06,52.19,45.90,61.94
2022-01-18,166.16,146.76,131.93,204.53,158.92,53.52,41.79,320.29,56.00,464.69,53.08,109.03,62.86,,135.28,134.98,320.23,331.45,112.88,50.79,148.63,136.39,395.33,54.05,304.11,237.62,64.88,357.75,234.04,315.94,72.10,81.61,292.17,51.08,25.85,81.11,153.46,140.78,14.97,84.07,82.60,16.46,343.50,160.81,430.89,208.88,41.18,50.96,45.09,62.98
2022-01-19,162.66,137.81,128.27,202.32,156.30,52.24,41.95,314.75,55.09,466.68,52.34,108.63,61.47,,134.64,134.10,313.83,325.10,111.72,49.73,148.17,134.28,376.39,54.14,305.09,235.68,61.41,352.31,232.90,317.37,71.88,83.10,292.83,51.59,25.02,79.06,154.56,145.51,14.56,83.87,81.65,16.44,331.88,157.30,432.32,207.88,41.23,49.96,45.54,63.01
2022-01-20,160.98,134.04,121.89,200.22,151.67,50.74,41.33,311.01,55.28,459.69,51.61,108.24,60.03,,132.51,132.31,314.54,315.96,111.08,48.27,146.98,133.14,366.90,53.91,304.61,233.83,59.21,355.51,230.99,314.36,71.40,86.66,291.16,50.83,24.10,78.43,153.44,146.30,14.62,84.31,80.43,16.28,332.09,153.02,432.76,207.56,41.15,49.44,44.68,63.15
2022-01-21,158.92,130.10,118.81,199.19,142.64,49.39,40.58,305.22,54.26,458.54,50.37,106.95,58.83,,129.12,129.37,310.75,315.53,109.83,48.27,146.64,130.81,357.09,53.65,299.34,233.76,57.88,346.79,232.32,301.07,70.72,85.82,285.78,39.75,23.33,77.96,153.69,146.86,13.53,85.05,79.38,16.04,314.63,154.95,431.05,199.41,40.97,48.25,44.35,62.20
2022-01-24,158.15,134.17,116.53,197.75,144.54,50.17,40.24,303.73,53.77,465.48,50.56,107.17,59.21,,129.40,129.82,310.28,328.82,109.38,48.17,144.95,130.70,374.39,53.21,299.38,231.23,59.42,341.27,231.43,306.57,69.70,85.14,286.11,38.72,23.33,78.14,152.90,145.67,13.40,83.12,80.21,15.87,310.00,157.33,432.08,195.45,40.81,47.93,44.36,62.73
2022-01-25,156.35,128.10,111.13,196.84,139.99,49.48,41.04,307.19,54.98,454.45,49.86,111.73,55.66,,125.79,125.98,308.62,324.46,115.56,47.30,149.10,132.12,354.29,53.09,296.95,230.30,56.21,330.86,228.75,298.07,70.26,85.97,278.50,36.64,22.28,76.86,151.14,144.08,13.06,84.40,82.20,15.96,306.13,153.47,427.01,195.60,40.77,48.18,43.39,64.58
2022-01-26,156.26,130.60,110.71,194.66,138.87,51.61,41.46,309.26,55.53,460.31,49.17,111.82,54.57,,128.28,128.26,309.64,322.92,114.00,47.94,149.77,133.37,364.34,52.89,292.53,228.76,57.01,336.62,227.99,292.59,69.98,86.95,286.44,35.97,22.73,75.46,149.55,142.82,12.75,83.78,80.99,14.61,312.47,157.32,428.49,199.35,39.32,48.67,42.95,63.92
2022-01-27,155.80,125.37,102.60,195.93,139.64,50.24,41.07,307.67,55.01,459.40,48.54,114.08,54.92,,128.16,128.04,308.15,322.15,112.52,44.56,151.73,131.02,346.34,52.94,294.83,227.67,53.06,342.35,226.98,292.60,71.25,87.81,289.46,38.67,21.90,75.64,149.41,143.71,12.28,84.50,81.26,14.54,276.37,154.22,431.46,199.62,39.45,48.33,42.98,64.74
2022-01-28,166.67,127.58,105.24,200.43,143.98,51.88,41.43,312.90,55.47,468.84,49.42,110.06,56.27,,132.30,132.35,313.55,331.29,114.20,44.27,152.80,132.19,350.98,53.99,298.22,235.73,53.62,373.58,233.69,299.62,71.53,88.99,297.59,38.44,22.80,76.31,152.32,144.94,12.71,85.54,82.22,15.19,282.12,157.44,435.63,220.78,40.77,48.71,43.51,64.88
2022-01-31,171.03,133.10,114.25,198.68,149.57,54.27,41.68,313.02,55.84,480.93,49.47,110.67,57.72,,134.69,134.29,320.48,331.69,113.41,45.28,153.24,133.99,372.64,54.14,301.77,236.01,56.37,377.36,236.76,311.09,72.04,89.63,300.21,42.71,24.44,76.95,153.07,144.90,13.71,84.99,82.09,15.37,312.24,159.40,441.71,219.00,41.02,48.36,44.23,65.46
2022-02-01,170.86,133.52,116.78,200.03,151.19,54.90,42.40,313.96,57.08,484.05,49.20,113.59,59.84,,136.85,136.61,328.96,333.24,115.08,45.40,151.99,136.29,371.45,53.75,304.35,238.78,56.32,382.91,236.34,316.79,72.43,90.86,298.07,45.71,24.59,76.84,152.03,144.26,14.20,85.32,82.58,14.72,310.42,160.99,437.82,225.00,41.00,49.98,44.58,69.66
2022-02-02,172.07,135.59,122.76,200.24,150.61,55.90,42.36,319.60,56.80,497.01,49.92,114.11,59.90,,146.93,146.89,328.06,337.79,116.54,45.92,153.67,135.19,378.56,54.30,305.18,241.24,58.46,387.49,239.34,320.76,72.51,90.84,302.61,42.95,25.19,78.22,154.79,146.84,13.32,85.86,84.23,14.79,301.89,166.81,448.45,227.96,41.46,50.28,44.56,69.48
2022-02-03,169.19,131.49,120.08,195.97,138.85,53.81,41.94,315.23,55.96,497.53,49.05,113.09,60.07,,141.59,142.02,324.28,329.72,116.99,44.78,153.66,134.08,357.71,54.68,295.25,235.45,56.26,380.97,237.84,236.11,69.86,89.41,290.82,40.56,23.90,77.69,154.70,148.23,12.45,85.78,84.48,14.80,297.05,155.93,456.85,224.20,41.45,49.82,44.61,68.67
2022-02-04,168.91,130.59,123.60,194.28,157.64,54.67,43.61,314.99,57.11,495.62,49.01,114.50,60.49,,141.95,142.22,332.16,325.08,116.45,44.87,152.66,137.56,361.25,54.10,282.16,233.00,55.33,373.28,237.31,235.45,69.46,91.00,295.35,41.02,24.27,77.85,152.16,145.87,12.94,85.60,84.66,14.51,307.77,152.23,451.62,221.15,41.08,50.87,44.08,70.16
2022-02-07,168.19,131.13,123.67,195.52,157.94,54.43,43.82,316.51,57.35,491.92,49.03,116.75,61.03,,137.90,138.16,332.66,322.98,116.53,45.03,152.15,138.02,359.55,54.67,280.73,234.24,54.60,367.35,237.12,223.35,68.60,91.94,290.53,40.21,24.68,76.55,151.56,144.78,12.98,85.59,85.59,14.42,302.45,150.92,452.11,219.96,40.85,51.77,43.65,71.01
2022-02-08,171.30,133.65,128.23,210.81,161.41,55.60,44.60,321.44,58.01,496.94,49.18,114.98,60.67,,138.18,138.35,334.42,326.68,116.34,45.61,152.55,140.61,368.76,55.02,282.86,230.73,55.07,365.63,237.33,218.65,68.00,92.96,294.02,40.35,25.06,76.60,151.74,144.46,13.15,85.82,86.53,14.43,307.33,153.30,461.19,220.72,40.71,53.05,43.66,69.17
2022-02-09,172.72,138.90,132.85,207.47,161.19,56.63,44.51,322.38,58.63,504.26,50.02,116.11,60.64,,140.40,140.53,338.42,329.33,117.00,46.64,152.53,141.20,383.03,54.17,288.01,233.97,58.04,372.47,237.13,230.39,67.67,95.04,300.44,41.29,26.65,79.12,151.67,144.13,13.87,86.02,87.38,14.77,310.67,156.93,465.57,223.55,41.23,53.33,43.56,68.84
2022-02-10,168.64,134.63,125.77,200.15,159.00,54.78,44.31,319.85,58.34,494.39,48.76,114.64,60.36,,137.57,137.58,334.84,320.94,114.74,45.66,150.69,140.61,373.06,54.47,292.46,230.48,56.84,365.65,234.40,226.49,67.69,94.03,291.91,40.63,25.77,77.60,148.52,141.94,13.56,86.83,86.53,14.61,301.52,151.55,454.94,218.80,40.88,53.32,43.05,68.18
2022-02-11,165.23,127.62,113.18,199.61,153.29,53.12,43.29,319.14,58.04,485.99,47.90,116.97,59.16,,133.13,133.28,328.06,316.60,114.02,44.51,149.17,138.78,354.41,53.51,279.09,226.72,53.51,361.14,232.84,218.03,67.77,91.41,284.83,39.13,23.90,75.61,148.71,141.14,13.13,89.21,86.72,14.54,286.67,145.99,446.91,217.92,41.09,52.65,42.82,69.89
2022-02-14,165.47,127.01,114.27,197.85,155.17,53.60,42.83,314.28,57.44,483.02,47.26,115.17,59.02,,134.29,134.51,325.51,317.75,111.84,44.47,147.29,137.49,350.50,53.85,277.93,226.66,53.34,365.43,231.23,216.19,67.61,89.66,284.79,39.66,24.22,74.85,147.05,141.55,13.26,90.27,85.17,14.49,291.92,144.28,443.42,218.56,41.05,52.24,42.38,68.82
2022-02-15,169.30,134.70,121.47,197.56,156.51,55.84,43.17,316.20,57.91,490.04,48.23,114.33,61.66,,135.41,135.58,328.85,319.29,111.66,45.27,148.81,139.50,371.94,54.06,285.88,235.49,56.74,372.64,231.61,219.47,68.80,90.41,290.07,40.75,26.44,75.63,146.40,141.62,14.17,90.63,85.60,14.67,307.48,147.57,447.00,220.96,41.12,52.72,42.51,67.96
2022-02-16,169.06,135.78,117.69,196.43,158.10,55.32,43.07,315.65,57.86,488.59,48.21,114.36,61.96,,136.46,136.71,325.34,316.42,111.01,45.07,148.73,139.76,370.17,54.05,287.70,237.17,56.52,373.99,230.95,215.04,68.28,88.42,289.73,39.81,26.46,75.08,146.70,142.69,13.97,92.20,86.24,14.43,307.80,149.41,448.70,221.93,41.15,52.50,42.25,68.27
2022-02-17,165.47,131.45,112.37,195.57,154.65,53.63,41.61,313.55,55.93,491.08,49.56,113.77,60.15,,131.32,131.55,315.41,314.48,107.39,44.46,147.82,136.54,351.36,55.13,283.10,232.72,55.48,364.98,228.98,206.27,67.52,84.05,281.25,38.67,24.46,71.61,147.10,144.33,11.77,92.47,85.89,14.32,292.12,146.22,439.63,217.85,41.29,50.70,43.94,68.17
2022-02-18,163.92,128.45,113.83,194.76,152.60,53.73,41.52,314.80,55.44,488.85,50.84,113.61,56.63,,129.50,129.43,312.68,313.51,106.86,42.09,146.23,137.18,343.92,55.50,286.79,232.08,54.46,361.32,228.68,204.73,67.53,83.41,278.54,39.13,23.60,70.70,147.94,144.40,11.02,92.23,84.99,14.39,285.66,148.07,437.26,215.98,41.49,50.23,43.66,67.41
2022-02-22,161.00,125.70,115.65,195.33,150.20,53.49,41.15,314.16,55.22,478.85,50.03,112.74,57.52,,128.44,128.84,311.08,285.76,106.49,41.76,144.25,136.93,341.46,55.27,278.01,230.94,53.48,359.70,230.60,200.68,67.16,82.82,278.33,37.74,23.34,70.28,148.51,142.62,10.48,89.73,85.14,14.31,273.84,148.03,432.31,214.66,41.54,49.92,43.17,66.63
2022-02-23,156.83,123.38,109.76,194.97,144.83,52.35,40.45,309.99,54.64,472.25,48.38,115.43,56.60,,126.64,126.63,308.30,278.79,104.90,41.73,144.32,134.07,329.98,54.66,275.64,230.15,51.83,352.80,226.11,197.07,67.06,81.77,271.13,36.75,22.34,68.71,147.04,140.84,10.43,89.73,83.96,14.17,254.68,147.10,429.61,209.45,41.16,48.72,42.73,66.90
2022-02-24,159.45,128.75,116.61,193.44,151.36,53.73,39.38,308.28,52.44,482.09,48.64,114.83,56.54,,131.69,131.70,307.39,283.11,104.81,43.66,141.56,130.33,343.52,53.70,270.11,234.76,53.78,360.76,223.60,206.16,65.00,80.25,284.98,39.00,23.70,70.93,144.48,137.05,11.83,84.94,86.27,14.00,266.92,150.60,426.12,210.76,40.53,47.60,42.56,66.05
2022-02-25,161.52,130.97,121.06,200.29,153.79,54.47,40.67,319.24,53.57,493.45,49.80,119.54,58.88,,133.52,133.45,316.36,286.20,106.71,44.59,148.60,133.42,343.29,55.78,281.70,242.26,54.77,360.48,227.63,209.02,67.48,82.65,287.61,39.08,24.11,72.39,148.53,142.90,11.47,86.97,89.81,14.41,269.96,151.70,444.68,212.67,41.71,48.86,43.15,67.83
2022-02-28,161.78,129.50,123.34,199.80,153.56,54.42,39.93,321.45,51.19,495.12,49.56,122.62,58.35,,133.89,134.04,308.39,285.46,105.28,44.58,147.32,127.86,334.51,55.24,277.68,241.39,53.64,352.40,224.60,209.57,67.71,79.32,289.04,39.45,24.34,72.03,144.44,140.78,11.85,83.52,94.00,14.28,290.14,150.96,444.79,209.61,41.36,48.19,42.76,68.33
2022-03-01,159.90,125.07,113.83,198.68,151.14,52.81,38.36,316.84,50.64,498.63,48.54,127.49,56.41,,133.17,133.06,298.31,289.45,104.28,43.75,146.81,123.03,323.27,55.00,267.56,240.96,51.65,336.44,219.89,202.08,67.50,76.60,285.33,38.62,23.43,72.07,143.14,138.45,12.18,83.83,94.03,14.18,288.12,148.56,445.15,202.68,41.32,45.41,43.03,68.99
2022-03-02,163.19,128.52,118.28,201.66,152.05,54.26,38.99,323.64,51.48,503.47,49.90,131.26,57.53,,133.75,133.56,305.74,295.89,106.44,45.67,148.63,125.58,332.18,55.40,274.80,245.47,52.94,336.06,221.09,206.67,67.79,77.25,290.40,38.00,24.18,74.22,145.13,138.88,12.06,84.74,92.21,14.36,293.30,151.06,453.68,202.20,41.72,47.15,43.08,70.17
2022-03-03,162.87,126.07,111.98,205.23,147.90,53.60,38.57,327.74,49.80,508.28,49.83,133.03,56.48,,133.31,132.90,303.05,293.17,108.21,44.79,150.82,124.69,328.78,55.44,272.16,249.79,51.93,333.03,217.15,201.56,68.22,76.73,286.27,36.81,23.67,74.19,144.97,139.40,11.34,84.69,91.37,14.41,279.76,151.86,454.81,200.99,42.13,46.27,44.07,70.62
2022-03-04,159.87,121.34,108.41,205.47,145.64,55.21,37.17,325.34,48.91,501.08,50.22,135.10,54.46,,131.14,130.92,299.64,293.07,108.81,44.92,151.71,121.18,318.77,55.53,266.49,253.87,50.24,323.04,216.38,198.67,68.82,75.49,280.40,36.17,22.90,72.52,147.18,140.10,10.96,82.47,91.15,14.39,279.43,150.95,466.09,194.26,42.47,44.06,45.19,73.27
2022-03-07,156.08,115.05,102.95,206.75,137.45,52.87,34.80,322.72,48.01,503.96,49.40,137.98,52.21,,125.52,125.43,292.57,291.73,108.34,44.56,154.16,116.50,301.53,54.21,256.61,252.68,46.74,305.62,205.85,186.17,68.73,72.95,269.81,35.03,21.31,70.47,144.25,138.03,11.11,77.02,89.87,14.20,268.19,146.43,455.08,184.96,42.14,41.37,44.82,75.91
2022-03-08,154.26,119.80,105.53,203.88,136.01,53.35,35.03,318.52,47.42,499.04,48.34,145.21,53.90,,126.33,126.15,292.10,286.28,108.00,44.39,151.03,115.68,308.90,52.06,257.03,251.03,46.86,307.00,204.43,188.97,68.04,72.82,266.85,34.18,21.48,69.53,140.18,132.56,11.04,77.65,86.81,13.86,274.80,148.61,442.54,185.94,41.04,41.95,43.90,76.49
2022-03-09,159.66,124.12,111.05,204.19,139.28,55.30,37.25,325.40,48.36,503.13,49.69,141.59,55.80,,132.87,132.42,303.20,288.42,108.46,44.51,151.60,120.32,325.93,52.33,277.23,253.79,49.43,320.47,204.14,197.12,68.78,76.40,279.09,35.88,22.97,72.15,139.76,134.35,11.65,77.52,90.17,14.02,286.32,153.15,453.86,193.75,40.91,44.39,44.12,72.14
2022-03-10,155.32,120.59,106.46,200.22,146.82,54.44,36.92,325.30,47.43,507.97,48.62,145.46,55.85,,131.69,131.44,299.85,289.10,106.86,43.61,151.87,118.89,315.59,51.37,269.51,256.91,47.50,317.02,203.71,193.86,68.87,75.05,276.27,35.68,22.62,72.67,137.20,130.89,11.87,75.93,90.16,13.98,279.43,153.41,459.35,192.01,41.02,44.26,45.13,74.38
2022-03-11,151.60,119.31,104.29,201.89,145.52,53.53,36.61,326.60,46.81,502.91,48.60,145.53,56.43,,129.50,128.90,297.22,288.05,106.52,42.83,151.60,116.21,310.29,51.40,266.93,257.18,46.19,317.21,208.18,186.31,69.20,74.46,270.93,34.03,22.06,73.78,136.50,129.34,11.39,73.44,88.71,13.98,265.12,151.29,452.67,190.79,40.88,43.77,44.95,74.00
2022-03-14,147.58,115.92,102.25,202.21,141.85,52.60,37.40,329.98,46.87,501.51,48.25,141.97,56.53,,125.80,125.01,295.38,289.48,106.50,41.49,153.69,117.37,307.15,52.35,271.30,259.79,44.81,320.92,207.54,185.34,69.38,74.06,267.42,33.10,21.29,73.07,138.42,130.99,10.50,74.03,88.82,13.80,255.46,148.06,457.41,194.30,40.46,45.02,45.58,71.35
2022-03-15,151.95,120.05,109.33,204.28,147.37,54.91,37.67,332.55,47.63,517.12,49.41,134.78,56.47,,128.70,128.23,299.18,298.74,107.97,41.88,157.67,119.45,319.84,53.32,279.61,266.03,46.46,327.18,213.41,190.70,70.15,75.46,277.78,34.38,22.93,76.42,141.18,135.71,10.77,76.57,89.35,13.92,267.30,153.03,466.77,199.93,40.66,45.25,46.12,67.29
2022-03-16,156.36,125.91,115.37,204.38,153.10,56.24,38.85,336.11,49.09,518.14,49.60,134.30,57.91,,132.70,132.28,309.72,300.89,109.17,43.58,156.22,124.79,336.83,53.17,289.52,266.98,49.32,336.64,218.52,202.22,69.69,80.21,284.79,35.75,24.45,75.81,141.80,135.24,11.79,77.49,87.68,13.98,280.08,156.59,467.10,205.49,40.45,46.59,45.99,67.04
2022-03-17,157.37,127.37,111.69,208.08,157.24,55.83,39.06,344.97,49.52,527.11,49.92,136.62,58.42,,133.60,132.84,312.00,305.85,109.96,44.05,158.26,126.37,338.45,53.74,294.13,275.74,50.45,338.36,217.90,206.40,70.42,82.04,285.59,37.14,24.72,76.42,142.90,135.67,12.32,77.12,89.47,13.98,290.53,158.49,475.31,207.02,40.35,46.49,46.06,68.82
2022-03-18,160.67,130.41,113.46,208.42,161.25,56.54,38.94,342.41,49.57,535.27,49.74,137.72,58.45,,135.78,135.10,313.92,309.83,110.65,44.34,156.51,126.32,350.40,53.75,296.30,277.79,52.21,341.92,219.23,214.99,70.57,82.88,290.63,38.06,26.41,77.44,144.55,135.60,12.82,77.60,89.26,13.99,301.80,159.94,474.47,212.51,39.15,46.43,46.19,68.55
2022-03-21,162.04,129.50,115.92,208.48,161.49,56.08,38.89,349.66,49.25,529.72,49.76,140.20,57.98,,135.46,135.08,308.12,299.49,110.08,44.29,157.40,125.92,341.98,54.17,295.39,279.73,51.46,337.52,215.93,210.02,70.53,80.95,289.40,37.46,26.69,76.76,144.34,136.11,12.59,77.79,91.47,13.96,307.05,160.26,475.91,210.51,39.38,46.18,45.81,71.63
2022-03-22,165.41,130.74,114.78,208.61,164.89,57.01,40.10,349.93,49.70,533.43,49.92,139.73,58.03,,139.23,138.82,311.77,299.82,110.90,45.22,156.65,128.59,346.54,54.37,296.75,275.26,52.41,341.37,218.50,215.15,70.74,82.36,294.14,38.29,26.48,77.56,145.92,137.16,13.27,77.39,92.79,13.99,331.33,161.94,473.72,211.89,39.30,48.21,45.67,71.31
2022-03-23,166.77,126.82,113.92,206.59,163.41,55.90,39.11,348.16,48.70,528.28,48.41,141.24,57.30,,137.47,137.24,305.04,288.29,110.25,45.11,156.06,126.03,334.73,54.01,292.16,274.46,50.90,334.20,216.66,211.98,71.12,80.75,289.72,37.45,25.59,76.22,145.16,136.20,13.18,76.43,92.65,13.99,333.04,159.03,471.76,208.22,39.28,46.16,45.08,72.44
2022-03-24,170.55,133.74,120.53,208.97,163.65,58.42,39.10,352.37,48.76,532.18,48.43,141.61,57.55,,140.26,140.51,305.60,287.13,111.07,48.24,156.87,126.85,351.20,54.53,302.37,277.84,53.32,341.20,220.46,218.05,71.73,80.53,294.18,37.57,28.10,77.97,146.04,136.44,13.39,77.54,93.09,14.06,337.97,163.59,481.35,210.77,39.30,46.35,45.36,72.66
2022-03-25,171.19,132.26,119.67,210.66,164.77,58.65,39.69,358.76,49.04,529.89,48.85,144.17,57.49,,140.47,140.61,306.75,282.50,112.87,48.44,158.37,127.96,351.73,55.02,303.03,279.13,53.18,340.88,221.67,220.28,72.56,80.75,293.77,37.38,27.64,77.49,146.72,138.02,12.97,78.27,93.75,14.37,336.88,164.20,480.95,211.85,39.52,47.46,45.56,74.24
2022-03-28,172.05,132.84,120.24,212.14,168.99,59.02,39.53,359.57,48.33,538.95,49.00,141.65,56.26,,140.89,140.39,304.76,285.77,112.98,48.14,159.19,127.02,360.28,55.37,306.74,281.68,53.42,342.31,222.92,222.04,72.44,79.78,300.56,37.85,28.17,79.26,147.16,138.97,13.42,77.11,92.98,14.39,363.95,164.89,481.11,214.12,39.44,46.78,46.37,72.16
2022-03-29,175.34,136.49,123.23,213.09,169.32,59.82,39.43,355.12,48.81,543.50,49.47,139.92,57.88,,142.18,141.44,308.72,288.89,113.38,48.83,159.11,127.30,368.90,55.59,310.26,278.52,54.54,358.97,227.72,228.27,72.77,80.28,305.12,39.18,28.61,79.92,149.34,140.39,14.20,78.42,92.52,14.46,366.52,169.63,478.79,221.25,39.50,46.59,46.76,71.78
2022-03-30,174.18,131.05,119.22,214.00,166.30,58.85,39.03,357.61,47.51,549.69,49.81,140.91,57.83,,141.58,140.87,305.02,280.48,113.54,48.06,160.76,126.72,358.81,55.63,309.57,279.97,52.58,353.79,228.51,226.27,73.51,78.91,303.62,38.15,27.64,79.04,149.14,139.43,13.88,78.68,92.29,14.55,364.66,166.46,488.25,217.21,39.77,45.25,47.60,73.00
2022-03-31,171.08,127.19,109.34,213.33,163.00,58.72,37.42,352.91,46.15,549.09,49.55,138.66,55.95,,138.61,138.02,300.03,272.18,111.73,46.32,158.65,122.91,351.36,55.44,303.69,276.57,51.53,349.04,226.90,220.82,73.19,76.40,298.25,37.46,27.24,78.44,148.62,137.99,13.73,78.68,90.68,14.24,359.20,162.94,478.08,215.09,39.26,43.76,47.30,71.97
2022-04-01,170.79,122.95,108.19,214.48,163.56,58.47,37.13,351.88,45.23,548.83,49.46,139.84,56.56,,139.65,139.10,300.14,274.50,111.84,44.96,159.51,122.00,345.81,56.22,306.83,282.65,50.37,355.48,228.71,223.29,74.51,76.04,299.33,37.35,26.66,77.76,150.74,140.06,13.83,81.06,91.68,14.45,361.53,161.70,480.53,219.54,40.17,43.98,47.96,72.43
2022-04-04,174.83,124.91,110.53,216.02,168.35,59.21,37.06,345.43,45.63,548.41,49.65,139.97,56.27,,142.57,141.90,298.31,277.86,111.94,45.98,157.97,122.54,352.31,55.93,305.60,281.44,51.34,358.35,226.49,232.27,74.48,76.29,304.69,39.15,27.31,79.71,150.35,139.15,14.63,80.64,90.89,14.57,381.82,162.26,478.13,220.88,40.43,43.76,47.97,72.46
2022-04-05,171.52,117.45,106.82,215.75,164.05,57.27,36.44,344.80,44.58,548.59,49.14,139.11,55.10,,140.01,139.54,294.45,277.20,110.76,44.98,158.99,121.12,331.65,55.86,305.91,282.48,48.28,354.84,228.03,230.23,74.68,74.54,300.74,38.01,25.89,78.64,150.51,139.63,13.89,80.12,90.44,14.40,363.75,157.34,485.38,219.28,40.68,43.45,48.11,72.09
2022-04-06,168.36,115.15,103.67,220.49,158.76,56.14,36.04,344.71,43.67,557.62,48.65,140.34,54.98,,136.15,135.52,287.45,271.46,111.19,44.43,163.13,119.44,330.43,56.43,299.53,295.37,47.75,345.30,230.74,221.75,75.80,72.67,289.73,36.83,24.36,77.86,153.07,141.63,13.00,82.93,90.12,14.48,348.59,157.41,498.50,212.42,41.00,43.24,49.23,72.89
2022-04-07,168.66,118.11,103.72,222.00,157.78,56.24,35.75,346.51,43.24,579.80,48.88,142.29,54.70,,135.45,134.87,285.54,275.28,110.47,44.45,162.70,119.07,338.91,56.73,302.38,297.87,48.25,341.87,233.40,221.40,77.43,72.67,291.54,36.22,24.17,77.61,153.21,143.46,12.84,83.48,92.43,14.30,352.42,157.72,503.37,209.64,41.09,43.11,49.72,74.11
2022-04-08,166.65,115.76,101.00,222.33,154.46,54.74,36.01,353.10,43.98,572.16,48.57,144.70,54.88,,133.01,132.29,292.12,282.89,109.76,43.94,163.03,121.25,327.51,57.08,302.16,301.02,47.13,344.53,230.74,220.79,78.22,73.48,287.28,35.59,23.08,77.04,153.73,144.58,12.70,83.81,91.89,14.55,341.83,154.62,511.82,210.45,41.76,44.00,50.00,75.67
2022-04-11,162.40,112.17,97.37,221.32,151.12,54.15,35.94,352.02,43.69,557.50,47.31,140.98,54.83,,128.83,127.86,291.54,278.89,108.59,43.52,160.99,120.81,318.16,57.06,301.52,298.38,45.61,339.74,229.81,214.96,77.28,73.44,275.95,34.80,21.88,75.92,153.26,144.03,12.66,84.79,93.46,15.66,325.31,152.69,503.83,208.28,42.05,44.54,49.00,73.06
2022-04-12,164.27,110.55,95.10,220.59,150.79,54.56,35.56,349.74,43.51,554.35,46.37,143.92,55.03,,127.42,126.76,290.65,278.50,108.26,43.46,161.04,119.48,316.99,57.73,298.53,297.53,44.77,338.20,228.64,212.65,76.39,73.36,272.86,34.41,21.47,75.51,153.88,143.60,12.46,84.16,93.91,15.61,328.98,153.63,500.33,205.03,41.87,43.72,48.67,74.59
2022-04-13,166.96,112.77,97.74,223.65,155.54,55.26,35.24,346.22,43.34,563.63,46.66,146.18,55.49,,129.32,128.92,292.64,282.26,108.40,43.93,161.72,115.63,323.01,57.89,303.52,292.31,45.30,347.33,230.62,213.50,76.83,73.54,278.24,35.04,22.16,75.91,153.61,144.00,12.90,84.76,94.61,15.72,340.79,155.51,503.42,206.85,42.23,43.83,49.93,75.64
2022-04-14,161.95,109.39,93.06,224.10,151.71,53.52,34.10,344.33,44.02,562.96,45.78,146.12,55.54,,126.31,125.78,292.34,276.89,108.76,42.68,161.04,114.56,308.57,58.15,302.82,291.53,43.73,349.96,229.87,208.72,77.53,74.09,270.70,34.11,21.22,75.62,152.64,143.20,12.42,85.24,95.44,15.82,328.33,154.22,501.37,206.38,41.99,41.85,49.89,76.53
2022-04-18,161.73,110.85,93.89,222.25,152.79,54.70,35.26,346.65,45.21,555.07,45.73,148.07,55.28,,127.01,126.72,299.83,272.98,108.42,43.59,159.03,116.69,314.71,57.63,301.89,288.59,45.11,348.96,230.37,209.31,76.78,75.59,271.37,33.79,21.74,74.45,151.32,141.84,12.15,84.63,95.46,15.75,334.76,156.79,500.68,206.75,41.65,42.59,49.51,77.16
2022-04-19,164.02,112.96,96.93,223.52,158.12,55.73,35.92,348.50,45.74,566.69,46.37,146.32,56.20,,129.56,129.03,305.35,279.88,110.98,44.79,163.89,119.10,324.26,58.19,302.47,286.84,45.93,355.87,234.36,215.80,76.53,77.72,275.99,34.86,22.16,75.73,153.52,143.96,12.91,85.91,95.69,15.78,342.72,159.01,504.07,209.21,41.93,43.19,50.07,76.47
2022-04-20,163.85,113.76,94.02,225.30,154.00,55.74,36.00,348.82,45.89,575.49,47.44,146.92,55.89,,127.29,127.08,309.99,286.55,118.86,44.96,164.61,119.52,331.72,58.99,310.29,282.89,46.15,357.26,234.77,199.03,77.13,79.20,277.02,22.62,21.44,76.42,155.81,147.79,12.79,86.31,96.08,15.73,325.73,159.33,511.86,211.23,42.44,43.93,50.70,76.65
2022-04-21,163.06,111.64,89.85,225.37,148.30,55.28,35.32,343.60,45.49,564.25,47.22,140.15,56.09,,124.01,123.88,303.85,282.20,120.18,44.39,164.14,118.59,322.50,59.21,308.39,279.70,45.01,356.43,234.22,186.77,76.92,77.72,271.65,21.82,20.15,75.65,155.25,147.67,12.33,87.99,93.11,16.36,336.26,157.39,503.83,209.93,42.91,43.15,50.78,75.84
2022-04-22,158.52,108.85,88.14,220.86,144.35,54.74,34.09,335.56,44.28,545.14,45.95,137.06,54.47,,118.72,118.74,290.64,272.88,118.80,43.49,162.51,115.19,311.26,58.35,294.46,269.19,44.39,343.46,229.56,182.83,75.46,74.07,265.09,21.55,19.48,72.54,152.86,146.44,11.96,86.01,91.98,15.80,335.02,153.91,488.36,201.90,40.49,41.84,49.82,74.18
2022-04-25,159.59,110.46,90.69,222.46,146.07,54.82,33.85,336.95,44.19,541.81,46.47,134.11,54.96,,122.33,122.15,292.14,277.28,119.53,43.98,166.51,115.15,317.91,58.97,298.52,275.44,45.67,346.81,232.04,185.69,76.22,74.34,271.56,20.99,19.87,73.27,154.27,147.62,12.11,85.87,91.17,15.79,332.67,154.44,491.48,203.63,39.22,41.38,49.85,71.68
2022-04-26,153.63,105.11,85.16,220.44,139.39,52.23,33.09,330.65,43.41,528.03,45.54,133.29,49.28,,118.62,117.76,284.60,272.75,117.03,42.54,165.32,111.74,302.12,58.17,288.57,273.15,43.83,336.55,228.10,179.69,75.36,72.00,261.40,19.84,18.75,70.92,153.88,145.11,11.12,86.07,90.79,15.62,292.14,149.58,481.65,195.04,38.54,40.26,49.32,71.71
2022-04-27,153.40,105.00,84.91,219.48,138.17,52.18,32.90,329.58,42.87,528.34,44.12,133.04,47.82,,114.16,113.44,284.70,274.24,116.06,42.26,163.01,110.29,302.14,58.63,291.91,275.33,43.79,353.62,226.78,173.74,75.30,71.86,273.98,18.85,18.38,71.16,155.26,144.72,10.56,85.17,90.47,15.44,293.84,150.43,481.68,207.66,37.80,40.26,48.99,73.75
2022-04-28,160.33,110.62,89.64,210.08,144.60,53.99,33.41,331.27,43.23,536.76,45.30,137.77,47.53,,118.52,117.63,289.41,283.48,116.64,43.77,164.23,112.03,319.40,59.19,299.66,287.09,46.44,370.50,233.25,204.30,79.02,73.53,280.18,19.95,19.75,72.47,157.61,148.40,10.95,85.77,89.77,15.72,292.50,156.16,491.62,214.02,37.75,40.79,49.61,75.98
2022-04-29,154.46,106.49,85.52,205.72,124.28,51.70,32.39,322.83,42.10,507.84,43.82,133.41,45.59,,114.11,113.25,277.66,273.15,113.61,40.74,161.54,108.42,306.44,57.78,296.59,282.13,44.65,355.39,228.63,199.08,79.12,71.05,268.47,19.04,18.51,69.87,152.47,145.80,10.40,83.75,86.87,15.27,290.25,151.19,476.75,206.71,36.12,39.40,48.59,74.28
2022-05-02,154.77,109.01,89.84,203.72,124.50,53.75,32.80,318.19,42.53,505.19,44.61,136.03,46.20,,116.28,115.71,282.15,279.12,114.32,42.02,159.91,109.41,313.53,56.73,297.85,279.65,45.95,351.15,226.32,209.67,78.19,72.26,275.19,19.95,19.50,70.44,148.96,143.83,10.74,82.56,86.24,15.48,300.98,154.52,469.81,205.16,36.06,39.43,48.27,75.30
2022-05-03,156.26,109.82,91.13,204.84,124.25,54.20,33.70,318.99,43.75,504.36,44.67,138.37,47.49,,117.25,116.45,286.00,277.29,113.88,42.11,159.60,111.75,320.59,56.41,298.54,278.21,46.53,349.93,225.61,210.56,77.70,73.84,272.59,19.99,19.57,69.76,149.16,141.86,10.55,82.91,87.32,15.65,303.08,153.22,468.38,202.28,36.80,39.88,48.44,76.85
2022-05-04,162.66,114.65,99.42,208.29,125.93,56.30,35.06,326.80,45.61,519.98,46.15,142.71,49.18,,121.66,121.34,294.59,286.71,118.07,43.49,161.31,115.45,335.35,58.15,306.36,284.81,48.50,360.42,233.36,221.86,78.97,76.90,280.52,20.40,20.30,71.59,154.38,142.91,10.98,84.22,89.48,16.15,317.54,156.50,475.88,208.06,37.73,41.52,49.11,79.91
2022-05-05,153.60,109.50,93.87,206.74,116.41,54.09,34.08,318.68,44.80,494.09,44.39,141.58,48.06,,115.88,115.63,284.55,271.98,116.80,42.01,158.23,112.56,320.02,57.69,297.21,282.36,46.14,345.60,228.41,206.84,78.51,74.89,268.30,18.83,18.81,69.29,151.30,140.27,10.12,83.56,88.16,16.15,291.09,151.22,463.78,199.06,37.32,40.64,48.69,78.69
2022-05-06,154.33,108.56,95.34,208.64,114.77,54.10,33.99,318.88,45.07,480.75,44.14,145.35,47.84,,114.80,114.88,284.45,267.61,118.30,41.73,157.88,112.38,318.05,57.89,293.45,286.74,45.84,339.49,230.12,202.36,78.85,74.26,265.77,18.10,18.64,69.00,151.31,141.67,9.48,82.87,87.23,16.21,288.55,149.71,468.38,196.71,37.65,40.45,47.67,79.90
2022-05-09,149.20,102.05,86.36,211.06,108.79,52.50,33.01,312.96,43.56,476.43,43.81,135.61,44.62,,112.24,111.67,280.75,270.08,116.93,40.57,158.74,110.69,306.07,57.78,285.47,279.33,42.86,320.78,227.10,194.85,78.18,71.54,255.95,17.31,16.92,68.09,152.46,141.32,7.46,83.65,83.98,15.82,262.37,147.47,456.00,187.19,37.93,39.91,48.23,73.60
2022-05-10,151.61,103.43,88.73,212.35,108.86,54.22,32.46,312.53,42.57,478.94,44.33,136.91,44.83,,113.73,113.54,277.27,264.75,112.31,41.45,158.52,107.99,310.24,57.24,284.63,275.92,44.01,318.18,225.44,196.28,78.33,70.76,260.71,17.77,17.56,69.04,152.27,140.57,7.29,82.82,83.92,15.67,266.68,150.42,457.49,187.75,37.54,39.11,47.55,74.08
2022-05-11,143.75,100.28,87.92,212.29,105.37,52.89,32.29,311.54,41.62,467.11,43.53,138.94,44.30,,113.11,112.75,274.08,257.29,113.72,40.34,157.67,107.31,299.12,57.51,285.65,276.88,42.87,318.71,224.29,187.43,79.56,69.55,252.05,16.64,16.60,67.61,151.54,138.59,6.71,86.79,83.29,15.73,244.67,147.25,455.75,190.80,37.35,38.65,47.06,75.63
2022-05-12,139.88,103.02,87.06,215.89,106.93,53.30,31.83,308.06,40.66,464.35,43.21,140.26,44.81,,112.32,112.00,272.14,263.41,115.59,40.35,159.22,107.22,302.93,57.69,286.49,281.81,44.14,314.18,224.07,189.91,81.03,69.29,247.02,17.43,16.15,67.32,151.30,138.03,7.34,86.58,83.73,15.96,242.67,148.33,448.86,188.49,37.49,37.96,47.01,75.97
2022-05-13,144.35,107.94,95.12,214.73,113.06,54.86,31.92,310.36,41.60,474.94,44.34,142.95,45.89,,115.65,115.18,279.03,269.17,116.20,41.07,158.31,108.17,323.99,58.77,293.56,282.60,47.15,325.49,224.85,197.24,80.65,71.01,252.60,18.76,17.67,67.74,154.25,139.51,8.34,87.46,84.13,16.06,256.53,151.76,455.04,193.60,37.58,38.71,47.19,78.22
2022-05-16,142.81,106.61,94.24,216.87,110.81,54.34,31.60,309.29,41.44,472.32,43.84,147.32,45.64,,113.94,113.59,275.80,269.14,117.44,40.58,159.41,107.42,318.33,58.99,294.19,290.11,46.25,322.48,223.93,198.65,82.36,70.44,252.97,18.65,17.23,66.35,155.81,140.87,8.04,88.70,84.65,16.42,241.46,150.65,458.63,192.22,38.25,38.32,47.24,80.06
2022-05-17,146.44,112.75,102.47,218.19,115.37,56.72,32.67,314.60,44.58,468.44,45.27,148.19,46.72,,115.83,115.60,284.46,273.65,120.35,41.82,160.07,110.98,338.53,58.82,303.06,292.06,49.11,331.41,221.72,201.21,82.96,73.11,258.12,19.06,18.14,68.42,154.91,140.47,8.36,89.03,86.91,16.65,253.87,156.45,461.73,198.24,38.18,39.69,41.87,81.08
2022-05-18,138.18,107.44,96.28,216.95,107.11,53.21,31.66,306.64,43.07,410.12,43.27,144.29,45.98,,111.56,111.06,278.79,259.31,115.62,39.89,157.10,109.08,321.52,54.73,294.79,286.05,45.77,328.52,212.01,190.91,82.16,71.14,246.36,17.72,16.91,65.01,145.31,131.72,8.01,88.93,84.76,16.37,236.60,152.26,441.90,194.34,38.14,38.23,39.03,79.80
2022-05-19,134.77,106.86,96.67,217.67,107.32,50.94,31.27,304.15,43.47,403.94,37.33,143.26,46.31,,109.92,109.56,280.13,261.65,112.77,39.57,155.70,107.47,326.01,53.66,295.39,277.40,45.26,324.92,210.13,189.96,82.15,70.49,245.45,18.35,17.09,63.81,143.14,128.68,8.31,84.17,83.10,16.36,236.47,149.87,448.62,191.79,38.30,38.13,37.96,80.23
2022-05-20,135.01,102.73,93.50,220.10,107.59,50.66,30.74,304.05,43.44,397.73,38.42,144.08,46.01,,108.50,108.09,278.86,261.14,111.75,39.23,158.43,106.58,323.09,54.53,299.65,289.59,45.45,328.79,214.64,192.20,83.45,69.97,244.89,18.64,16.66,65.32,144.03,128.77,8.08,84.72,82.94,16.51,221.30,151.82,455.35,193.41,38.64,37.83,38.00,80.86
2022-05-23,140.42,106.08,95.07,221.47,107.56,49.09,32.56,310.20,46.08,410.19,38.79,147.43,46.14,,110.84,110.65,287.77,260.08,114.08,39.56,161.66,113.18,328.58,56.21,304.63,293.23,46.33,340.77,218.39,194.87,83.70,72.57,252.73,18.74,16.87,66.67,147.04,131.73,8.01,86.19,84.55,16.79,224.97,151.93,461.31,201.69,38.75,39.79,39.08,82.65
2022-05-24,137.72,102.86,91.16,224.00,104.10,48.89,32.36,309.17,46.00,418.05,39.16,148.22,45.57,,105.14,105.18,285.35,261.80,116.37,39.25,163.43,114.78,317.90,57.25,304.70,296.48,45.15,333.20,224.37,180.02,84.43,72.26,251.74,18.03,16.13,65.71,149.01,134.07,7.55,89.30,85.82,17.13,209.39,150.08,466.44,196.90,39.53,39.30,39.57,83.10
2022-05-25,137.88,104.99,92.65,225.00,106.78,49.58,32.53,308.64,46.02,420.34,39.37,150.60,45.57,,105.05,105.01,286.22,266.94,116.89,39.75,161.82,115.58,325.49,57.30,300.29,297.50,46.74,337.18,223.90,182.55,83.63,72.50,254.55,18.78,16.95,66.47,150.03,131.87,7.96,90.93,86.15,17.24,219.60,152.00,466.94,198.08,39.97,40.06,39.33,84.77
2022-05-26,141.08,111.31,98.75,225.03,111.08,51.35,33.29,312.50,47.23,444.11,40.25,151.61,47.09,,107.49,106.98,294.15,275.34,119.06,40.95,161.68,117.58,340.23,57.50,304.55,303.75,48.81,342.20,227.65,190.30,82.35,74.94,257.82,19.14,17.82,68.21,151.05,133.02,8.36,90.51,87.47,17.26,235.91,155.69,470.82,202.66,39.78,41.40,40.16,85.07
2022-05-27,146.83,115.58,102.26,227.00,115.15,54.40,33.60,319.11,46.82,449.62,40.82,153.06,48.16,,111.96,111.47,298.65,280.48,121.13,41.96,163.15,119.24,357.56,57.84,313.39,313.46,50.90,349.92,231.12,193.78,83.03,76.22,264.94,19.52,18.78,69.27,152.52,135.06,8.85,89.59,89.05,17.23,253.21,159.12,475.40,206.86,40.10,41.67,40.95,85.91
2022-05-31,146.05,113.46,101.86,228.32,120.21,54.10,33.77,315.98,46.64,445.28,40.31,149.95,47.87,,113.19,112.91,298.90,275.28,120.76,41.84,161.74,120.11,351.37,56.68,308.68,303.73,49.85,350.00,231.43,192.30,82.10,75.94,263.61,19.74,18.64,68.46,148.95,134.30,8.68,88.99,87.58,17.23,252.75,158.04,465.71,206.17,40.01,41.56,41.00,84.51
2022-06-01,145.92,110.72,101.22,225.36,121.68,53.49,33.29,312.21,45.75,436.47,40.47,151.38,47.40,,113.29,113.04,294.33,271.94,121.27,41.55,160.10,118.00,343.80,56.40,303.86,301.44,48.48,349.21,228.74,187.33,81.30,74.94,264.15,19.29,18.29,68.15,147.83,132.26,8.46,88.58,87.30,17.18,246.79,155.95,461.75,204.00,40.10,41.00,39.99,86.13
2022-06-02,148.37,113.50,108.59,220.79,125.51,53.79,33.50,314.95,45.78,465.71,40.97,151.10,47.70,,116.87,116.74,296.52,279.88,121.90,42.24,159.60,119.90,358.04,56.99,317.93,293.06,50.16,355.10,229.75,197.48,80.29,75.11,266.24,20.51,19.56,69.62,149.03,133.69,9.30,88.96,88.61,17.15,258.33,158.00,461.48,208.97,40.01,41.16,40.65,85.98
2022-06-03,142.65,111.21,106.30,220.94,122.35,52.53,33.04,310.94,44.82,454.86,40.49,152.48,47.07,,113.71,113.68,291.43,279.16,122.79,40.87,158.94,118.23,349.05,56.31,316.70,292.31,49.27,349.96,229.16,189.46,80.21,74.16,261.82,19.90,18.69,68.33,147.39,132.49,8.94,88.38,88.70,16.92,234.52,154.08,455.24,206.64,39.63,40.69,39.95,87.23
2022-06-06,143.40,111.25,105.65,218.27,124.79,52.34,33.00,312.15,44.88,451.25,40.56,151.82,47.08,,116.14,115.94,293.10,278.07,124.27,40.82,158.92,117.84,349.08,56.22,320.15,293.96,49.49,352.22,228.89,192.90,80.14,74.82,260.59,19.71,18.75,69.46,148.01,131.97,8.98,89.09,89.51,16.95,238.28,149.99,459.53,206.92,39.97,40.97,39.80,87.01
2022-06-07,145.92,111.89,105.28,219.13,123.00,53.44,33.19,313.65,45.49,450.59,40.77,154.71,47.70,,116.36,116.27,294.01,276.13,124.18,41.00,160.67,118.15,353.65,56.56,320.39,302.43,50.18,356.02,229.69,194.29,80.71,75.23,264.22,19.86,18.89,69.19,148.92,133.44,9.13,89.01,92.54,17.11,238.89,151.86,466.01,208.44,40.29,41.28,39.33,91.00
2022-06-08,145.18,108.79,101.90,218.30,121.18,52.72,32.77,308.74,44.89,446.97,40.19,155.51,47.18,,116.37,116.32,287.77,272.25,122.49,38.84,159.71,116.27,348.13,56.24,313.56,303.78,49.09,354.37,226.62,195.28,79.82,73.35,262.20,20.28,18.62,67.94,148.18,131.78,9.18,86.72,91.37,17.04,241.87,147.85,462.67,207.47,40.21,40.52,38.99,92.07
2022-06-09,139.96,103.74,98.80,214.99,116.15,51.87,31.51,300.80,43.63,450.85,39.60,152.41,45.73,,114.06,113.97,278.20,274.38,119.99,37.69,156.50,113.82,336.67,55.27,304.10,293.86,47.30,341.33,223.44,182.72,78.50,71.55,256.75,19.28,18.02,65.89,145.54,129.40,8.68,85.17,89.66,16.90,239.71,144.47,458.82,200.29,39.74,38.74,38.58,90.08
2022-06-10,134.56,98.55,94.82,213.44,109.65,50.48,30.28,291.71,41.66,442.50,38.91,150.59,43.56,,110.60,110.33,262.47,264.66,118.45,36.90,155.45,108.59,321.33,54.92,296.66,287.81,45.48,327.39,219.03,174.35,77.77,68.24,245.31,18.29,16.95,63.91,145.31,128.91,8.26,85.71,87.92,16.75,232.23,141.07,454.32,193.87,39.64,36.39,38.79,88.44
2022-06-13,129.40,93.17,86.99,210.56,103.67,48.27,29.23,281.56,39.90,431.94,38.69,143.66,41.41,,106.08,105.59,259.09,259.10,117.51,35.58,153.89,105.36,302.29,54.85,287.53,282.26,42.86,312.71,220.03,163.12,75.83,66.28,234.90,16.97,15.62,60.97,142.83,125.46,7.64,82.50,84.66,15.99,215.74,137.27,440.33,186.83,38.68,35.40,38.06,84.38
2022-06-14,130.27,93.47,86.99,209.60,102.31,48.51,28.72,277.64,40.13,434.37,38.39,143.85,41.61,,106.40,105.92,258.38,254.99,118.04,35.73,151.52,103.61,304.78,53.35,282.09,281.78,43.26,315.06,220.30,162.59,76.00,66.09,237.06,16.75,15.81,67.31,139.59,121.55,7.82,82.89,84.08,15.74,220.89,137.76,432.87,188.05,38.35,33.98,38.08,84.60
2022-06-15,132.89,94.24,89.30,209.50,107.67,49.12,29.26,278.93,41.55,438.19,39.19,141.02,42.25,,109.57,108.94,265.26,255.96,119.21,36.41,153.15,104.83,311.83,53.75,286.26,283.91,43.63,318.24,220.43,168.18,76.11,67.02,244.11,18.01,16.50,66.34,141.08,120.34,8.12,82.25,84.97,15.74,233.00,139.41,435.29,190.62,38.34,34.66,38.05,83.53
2022-06-16,127.62,86.66,82.05,205.17,103.66,46.37,29.08,268.56,40.94,431.47,38.76,133.49,39.92,,105.84,105.24,260.61,250.22,118.00,35.17,153.23,103.03,298.93,53.21,276.46,279.15,40.23,301.99,217.01,159.75,76.35,65.20,237.53,17.33,15.58,65.40,140.40,121.07,7.67,82.31,82.43,15.35,213.10,135.34,429.09,183.71,38.10,34.18,38.45,80.45
2022-06-17,129.09,86.90,81.57,208.73,106.22,46.50,29.14,268.08,40.62,426.63,38.82,127.39,40.36,,107.06,106.34,255.86,247.72,117.43,34.82,152.67,102.67,300.41,53.53,277.37,281.89,40.34,303.86,216.26,162.60,76.10,64.27,240.13,17.55,15.86,64.46,140.43,120.20,8.24,82.04,81.84,15.69,216.76,134.29,425.30,184.64,38.25,34.94,37.71,75.81
2022-06-21,133.32,92.06,83.79,212.01,108.68,47.37,29.99,271.77,41.88,442.31,39.49,132.72,40.21,,111.18,110.71,260.45,246.32,119.89,35.54,155.87,105.21,315.13,54.67,285.10,288.13,41.65,310.42,221.07,155.96,79.17,65.80,246.03,17.09,16.54,64.42,143.69,123.84,8.71,83.84,85.56,16.16,237.04,137.21,451.89,188.90,39.51,35.40,38.94,80.53
2022-06-22,132.81,90.87,83.75,213.55,108.95,46.65,29.76,269.79,41.22,439.30,38.98,126.95,39.47,,111.20,110.65,260.21,246.12,119.23,35.21,158.33,104.62,312.46,55.08,284.74,297.19,40.94,309.20,224.27,154.77,80.19,65.59,245.44,17.89,16.33,63.33,144.87,125.78,9.01,83.07,85.22,16.45,236.09,136.44,460.69,188.34,39.62,35.05,38.47,77.34
2022-06-23,135.67,90.23,82.43,216.18,112.44,46.69,29.29,267.52,40.47,453.67,38.41,122.28,39.18,,111.85,111.40,261.70,252.02,120.41,35.24,161.86,103.48,308.81,55.74,283.24,303.03,40.79,309.80,224.75,157.65,82.74,65.21,251.00,18.17,16.20,64.37,146.72,129.23,9.46,85.07,84.49,16.68,235.07,135.13,470.22,191.08,40.63,34.41,39.41,75.01
2022-06-24,139.00,94.18,87.08,218.20,116.46,47.87,29.50,278.28,41.79,462.62,39.46,124.29,41.02,,117.66,117.09,276.86,258.95,123.56,36.37,164.23,106.57,326.96,56.78,289.35,315.53,43.30,323.24,228.73,168.98,83.76,68.61,259.57,19.08,17.10,67.30,148.54,131.09,10.19,86.60,86.73,16.99,245.71,139.43,466.30,199.70,39.75,37.01,39.44,76.50
2022-06-27,139.00,94.42,86.16,217.74,113.22,47.55,29.53,278.40,41.77,460.11,39.16,126.70,40.84,,115.75,114.96,275.06,258.67,124.20,36.39,164.07,105.71,326.08,56.66,282.70,317.13,43.26,321.60,227.93,168.31,84.91,68.27,256.84,18.91,16.84,67.02,148.74,130.09,9.62,86.02,87.30,16.82,244.92,139.14,475.73,197.81,39.75,36.54,39.57,78.37
2022-06-28,134.86,91.92,80.78,216.55,107.40,46.87,29.45,273.86,41.22,447.56,38.53,128.73,40.33,,111.73,111.17,273.88,247.19,123.38,35.59,159.41,105.20,317.90,56.10,279.97,307.78,42.15,311.29,224.06,159.57,82.64,68.91,248.69,17.96,15.96,65.28,146.64,127.98,9.31,85.80,86.35,16.68,232.66,137.83,478.34,192.52,39.36,36.48,39.01,80.55
2022-06-29,136.62,88.94,77.99,218.26,108.92,46.11,29.09,273.49,41.13,448.74,38.37,126.19,38.99,,111.42,110.86,277.34,250.60,122.38,35.12,159.45,104.73,308.73,56.50,278.07,313.00,41.07,315.50,228.59,162.80,83.20,68.93,252.36,17.84,15.52,65.88,149.08,129.14,9.23,84.48,85.91,16.96,228.49,136.60,485.18,193.86,39.74,36.05,38.86,77.57
2022-06-30,134.15,88.01,76.47,216.36,106.21,45.68,28.42,273.02,40.16,457.76,38.15,124.30,38.98,,108.56,108.15,271.62,250.96,122.80,35.24,159.92,102.29,307.29,56.66,274.37,314.19,40.99,308.55,227.79,160.13,82.00,67.06,249.03,17.49,15.14,66.51,149.01,130.58,9.07,83.74,88.49,16.97,224.47,137.38,483.23,191.33,39.59,35.56,38.76,75.39
2022-07-01,136.32,83.45,73.67,218.36,109.56,44.93,28.81,277.50,40.93,463.94,38.12,125.79,38.90,,108.27,107.92,273.64,255.36,122.74,34.23,161.73,103.60,285.32,57.99,272.37,314.65,37.98,311.25,233.40,158.92,83.12,67.66,251.70,18.00,14.50,67.46,151.45,132.69,9.27,84.57,89.33,17.25,227.26,132.81,486.77,193.55,40.28,36.24,39.09,77.07
2022-07-05,138.90,83.19,75.20,219.41,113.50,44.79,28.52,275.69,40.70,466.33,37.88,122.48,37.98,,113.04,112.41,271.78,259.62,119.69,34.56,160.49,103.20,284.64,57.00,258.24,317.05,37.39,312.24,232.79,167.02,83.32,67.10,254.87,18.59,14.94,68.52,151.11,131.41,10.07,83.18,85.56,17.14,233.07,133.31,475.33,194.87,40.11,36.41,39.61,74.66
2022-07-06,140.24,83.73,75.35,218.10,114.33,45.38,28.28,275.65,40.30,470.52,38.54,120.87,37.69,,114.36,113.71,268.64,259.48,120.09,34.84,160.63,102.53,282.18,57.12,261.73,319.92,37.67,313.13,232.02,168.59,83.76,66.52,258.12,18.41,15.11,68.21,152.62,132.63,9.80,80.56,86.48,17.07,231.73,134.84,484.79,195.44,40.18,35.86,39.89,73.31
2022-07-07,143.60,87.79,79.30,220.03,116.33,46.88,29.09,279.28,40.98,472.72,39.02,123.22,38.57,,118.42,117.89,273.06,262.33,122.49,35.92,160.81,105.13,302.56,56.66,261.34,317.79,39.90,317.43,233.38,171.00,83.65,67.88,260.25,18.93,15.83,68.37,152.32,132.59,10.18,80.56,86.50,17.12,244.54,138.31,483.93,197.07,40.05,36.43,39.95,75.65
2022-07-08,144.28,88.21,79.35,220.97,115.54,46.89,29.02,280.83,40.88,479.02,39.17,122.57,38.72,,119.27,118.46,271.12,262.13,122.17,35.78,160.62,104.80,305.14,56.87,261.15,320.23,39.93,316.44,233.66,169.69,83.44,67.65,259.53,18.70,15.81,68.41,153.68,131.70,10.17,79.62,87.58,17.06,250.76,139.06,487.93,197.82,39.88,36.48,39.97,75.78
2022-07-11,142.15,85.73,76.95,220.35,111.75,45.40,28.72,278.51,40.33,476.49,39.05,121.49,37.90,,115.66,114.81,268.11,262.05,122.63,35.04,160.68,103.42,301.60,56.69,264.10,320.82,38.70,317.55,233.70,161.75,84.81,66.84,256.48,17.73,15.13,68.43,152.42,132.62,9.56,79.06,87.20,16.95,234.34,137.30,486.35,199.27,39.89,36.13,39.99,75.39
2022-07-12,143.12,85.83,76.36,219.63,109.22,45.26,28.63,277.28,40.28,468.54,38.69,119.27,38.58,,113.99,113.17,267.51,260.89,121.05,35.05,158.43,103.52,302.19,56.45,261.02,313.57,39.04,316.25,232.04,162.14,84.18,66.95,245.97,17.44,15.06,67.32,151.55,131.45,9.49,79.55,87.01,16.90,233.07,138.10,483.97,199.03,40.11,35.95,39.87,74.39
2022-07-13,142.76,86.17,77.52,219.73,110.40,45.30,28.16,277.47,39.73,470.11,38.55,118.47,37.96,,111.35,110.52,265.34,262.78,119.31,35.05,158.06,102.55,301.55,56.19,262.15,312.47,39.63,316.75,233.14,162.36,84.33,66.10,245.04,17.66,15.14,66.96,152.09,132.32,9.28,76.88,84.53,16.77,237.04,137.95,471.57,198.38,39.90,35.47,39.96,74.68
2022-07-14,145.68,88.68,78.60,218.40,110.63,45.57,27.51,274.41,38.54,488.95,38.22,116.71,37.40,,110.61,109.54,257.51,264.88,120.95,35.52,158.27,98.97,307.30,56.01,256.69,316.76,40.33,318.37,233.07,156.95,84.43,65.85,246.36,17.48,15.35,66.40,152.88,131.93,8.90,76.00,82.94,16.68,238.31,141.13,472.69,200.09,39.88,35.17,40.74,73.19
2022-07-15,147.35,91.39,81.11,221.16,113.55,46.49,29.44,278.48,43.64,499.46,38.88,118.18,38.48,,111.93,110.94,268.74,267.56,121.70,36.38,160.57,103.50,314.18,56.30,264.30,321.33,41.08,325.76,235.29,163.56,85.40,68.81,248.92,18.91,15.74,67.63,153.00,131.74,9.04,76.48,84.00,16.87,240.07,143.54,498.39,204.10,40.30,37.34,41.14,74.42
2022-07-18,144.31,90.10,81.43,216.84,113.76,46.18,29.45,276.26,43.72,493.11,38.46,119.84,38.99,,109.09,108.21,275.50,268.15,120.14,36.46,156.97,102.44,317.32,55.53,264.44,311.80,40.70,324.23,232.91,166.07,83.05,69.52,246.53,19.09,16.08,67.13,150.44,130.15,9.03,75.91,82.68,16.84,240.55,142.76,488.63,201.35,39.71,37.40,41.05,75.79
2022-07-19,148.16,95.02,85.88,219.94,118.21,47.86,30.45,283.55,45.52,496.87,39.75,124.15,40.86,,113.77,112.96,290.85,274.35,113.83,37.88,154.68,104.98,332.81,56.32,272.67,316.10,42.99,333.41,236.67,174.56,83.07,71.98,251.65,20.16,16.97,69.07,152.05,130.81,9.34,77.54,86.39,17.06,245.53,147.20,501.87,207.62,39.85,38.95,41.30,77.70
2022-07-20,150.17,98.89,89.43,219.32,122.77,48.12,30.46,286.04,45.80,500.66,39.84,125.79,41.56,,113.85,113.05,293.96,276.61,112.35,38.20,153.80,104.96,343.28,55.39,270.18,312.06,44.73,334.28,234.90,181.82,80.63,72.13,254.30,21.64,17.78,69.40,150.44,128.55,10.11,76.18,87.32,16.80,247.50,147.82,488.72,207.34,38.76,38.79,41.64,78.56
2022-07-21,152.43,100.45,91.09,218.57,124.63,48.68,30.72,286.85,45.92,505.68,40.25,124.83,41.71,,114.18,113.48,298.61,279.08,110.59,38.25,154.34,105.68,347.22,55.27,273.89,316.79,45.79,339.82,233.87,181.90,81.07,73.19,256.80,22.39,18.02,71.27,150.67,128.67,10.49,79.37,87.37,15.52,271.71,148.90,491.53,210.08,37.65,39.30,42.25,77.25
2022-07-22,151.20,98.35,88.10,218.72,122.42,48.19,30.52,285.93,45.33,505.93,40.14,123.79,41.75,,107.55,107.09,296.23,280.54,111.55,36.92,155.07,105.16,340.94,55.48,272.47,318.57,44.63,336.84,234.35,168.10,81.04,72.67,252.45,22.04,17.29,71.61,151.65,130.73,9.84,81.35,86.74,15.09,272.24,146.54,490.55,207.66,35.11,39.20,42.14,76.66
2022-07-25,150.08,97.70,87.54,221.18,121.14,48.25,30.79,287.99,45.55,505.38,40.03,127.48,41.85,,107.40,106.70,296.40,280.13,111.80,36.89,155.37,105.58,337.65,56.02,274.90,321.28,44.00,337.16,231.02,165.49,81.42,72.78,250.97,21.85,17.00,71.57,151.86,131.61,9.68,81.28,87.08,15.20,268.43,145.91,498.13,208.22,35.35,39.50,42.08,79.21
2022-07-26,148.75,95.68,85.25,223.34,114.81,48.06,30.17,285.31,44.88,488.94,39.57,126.48,43.78,,104.66,104.23,291.31,272.84,111.40,36.70,156.47,103.94,333.13,56.93,273.50,321.29,43.01,334.29,237.21,158.05,82.10,71.23,244.25,21.39,16.51,70.78,153.64,131.87,9.40,81.86,83.09,15.01,258.86,143.80,500.12,206.49,35.48,38.95,38.88,78.90
2022-07-27,153.85,100.08,89.82,223.85,120.97,49.63,30.67,290.30,45.71,498.85,40.30,128.15,43.82,,112.75,112.21,296.79,273.51,112.30,37.85,156.04,105.60,347.80,56.75,277.15,318.75,44.98,336.24,238.87,168.40,82.05,72.74,260.58,22.67,17.76,72.54,153.42,133.12,10.02,82.23,83.12,15.08,274.82,153.37,502.96,204.52,35.47,39.69,40.35,80.61
2022-07-28,154.40,101.73,91.67,222.10,122.28,50.18,30.42,293.90,45.61,512.98,41.19,129.12,44.78,,113.74,113.36,300.96,274.17,112.39,37.40,156.94,105.21,356.31,57.70,283.34,320.55,46.64,345.23,243.09,159.61,80.89,73.82,268.02,22.60,17.96,73.66,156.33,135.33,10.13,82.40,85.07,15.24,280.90,157.14,509.44,205.38,35.98,39.33,41.36,81.55
2022-07-29,159.46,102.52,94.47,220.07,134.95,50.35,30.87,300.60,45.77,517.88,40.96,140.61,45.25,,115.77,115.45,304.88,275.37,113.75,34.20,157.23,105.71,369.37,57.80,288.17,319.48,48.14,346.54,243.01,158.00,80.35,75.03,272.21,22.49,18.13,74.42,156.43,126.97,10.35,82.39,85.82,15.40,297.15,161.00,510.24,206.12,36.48,39.83,42.09,85.33
2022-08-01,158.48,102.93,96.78,218.44,135.39,50.44,30.78,295.86,45.78,523.15,40.88,137.80,46.41,,114.62,114.00,303.68,279.83,114.84,34.81,156.68,104.66,371.39,58.11,286.33,314.11,48.36,343.36,243.80,158.82,79.62,74.84,269.57,22.62,18.41,74.04,158.21,130.62,10.47,83.52,85.85,15.36,297.28,160.92,503.69,205.39,36.54,39.53,42.25,83.17
2022-08-02,157.01,101.56,99.29,216.91,134.16,49.95,30.16,292.17,44.75,519.95,40.55,136.63,45.52,,115.04,114.27,299.84,275.16,114.64,33.92,155.79,103.03,368.55,57.32,284.01,310.28,48.35,341.86,240.87,159.08,78.79,74.34,266.47,22.14,18.50,73.00,156.91,129.75,10.92,83.66,86.32,15.06,300.59,159.49,503.76,200.43,35.81,38.93,42.29,82.81
2022-08-03,163.01,105.45,98.09,219.78,139.52,51.41,30.71,294.96,45.51,523.35,41.27,133.38,45.76,,117.90,117.19,304.68,280.34,115.10,34.40,157.29,104.11,381.30,57.57,286.32,304.11,50.47,346.88,241.83,167.63,78.80,75.69,273.89,22.67,18.86,73.97,158.11,132.43,11.20,83.80,87.04,15.07,307.40,165.12,508.65,202.59,35.80,39.85,41.60,80.13
2022-08-04,162.70,107.43,103.91,219.64,142.57,51.98,30.49,292.91,45.20,519.78,40.97,129.76,45.10,,117.99,117.30,303.49,281.07,114.49,33.93,154.77,102.96,382.72,57.35,288.40,296.32,51.15,348.78,240.49,169.39,78.08,75.97,275.04,22.99,19.19,74.00,157.25,132.22,11.32,83.11,85.43,14.99,308.63,166.41,502.16,207.44,35.09,39.10,40.03,76.75
2022-08-05,162.47,106.04,102.31,218.99,140.80,51.85,31.00,292.07,45.55,517.28,40.63,131.91,45.52,,117.34,116.59,306.05,283.37,115.22,33.67,154.16,106.08,381.12,57.09,288.14,291.99,50.01,350.19,239.19,165.95,78.61,76.65,274.32,22.68,18.96,73.95,156.07,132.28,11.45,82.77,85.66,15.05,288.17,165.87,503.39,209.77,35.50,40.00,40.35,77.86
2022-08-08,162.00,104.31,100.07,219.91,139.41,51.30,30.57,292.34,45.39,518.46,40.64,131.71,46.03,,117.26,116.42,306.06,285.46,115.34,33.66,153.34,104.79,373.36,56.72,287.20,293.13,49.01,344.95,236.95,169.07,79.59,76.57,271.81,23.35,17.77,73.11,155.44,132.78,9.82,82.80,83.97,14.76,290.42,164.52,504.84,207.29,35.18,39.48,40.68,78.30
2022-08-09,162.05,96.41,95.54,220.86,137.83,50.10,30.97,292.77,45.93,512.64,40.55,133.43,45.87,,116.63,115.76,307.83,279.27,114.03,32.84,153.32,105.73,345.08,56.79,286.90,293.63,45.15,339.44,239.95,167.36,80.51,76.86,273.73,22.99,17.06,73.40,156.02,132.47,9.25,82.57,84.65,14.85,283.33,159.93,505.46,204.32,35.29,39.68,41.08,79.75
2022-08-10,166.29,101.62,99.05,224.18,142.69,51.76,32.02,295.11,46.90,516.47,41.55,133.78,47.23,,119.75,118.80,318.16,285.10,115.81,33.65,153.76,108.49,360.68,57.33,295.23,295.17,47.60,346.14,241.15,177.10,80.21,79.11,280.38,24.41,18.07,74.14,157.31,133.72,9.59,83.22,86.02,14.77,294.36,164.80,505.89,206.11,35.42,40.53,41.17,80.50
2022-08-11,165.56,102.08,98.12,220.85,140.64,51.29,32.78,296.47,47.62,509.18,41.44,137.04,48.30,,118.93,117.95,321.60,284.29,116.73,33.86,150.58,110.09,358.98,56.94,291.87,291.84,47.85,343.40,239.23,176.26,79.98,80.28,278.30,24.27,17.91,73.77,156.51,132.77,9.42,84.36,85.77,14.80,286.63,163.85,501.32,205.48,35.37,41.37,41.56,82.83
2022-08-12,169.10,106.78,100.83,220.89,143.55,52.49,33.14,301.55,47.95,513.97,42.08,137.24,48.93,,121.74,120.77,323.56,288.13,118.02,34.36,148.92,111.92,368.40,57.38,297.29,299.51,49.88,347.01,241.91,179.25,81.86,81.58,283.04,24.93,18.68,75.68,158.55,134.06,9.91,84.16,87.48,14.99,300.03,166.84,511.52,205.72,35.66,42.00,42.33,83.55
2022-08-15,170.17,106.20,101.01,223.28,143.18,52.56,33.09,302.82,47.68,522.14,42.06,134.63,48.86,,121.97,121.16,325.42,287.88,118.83,34.57,149.63,112.22,371.42,58.10,297.92,305.21,49.75,352.58,244.92,179.64,81.48,81.90,284.56,24.91,19.00,75.64,160.30,135.79,9.91,85.65,88.51,15.08,309.32,166.86,512.40,210.68,35.99,41.82,42.45,82.06
2022-08-16,170.02,104.95,100.20,225.12,144.78,51.87,33.45,306.65,47.78,529.09,42.22,134.28,49.63,,121.60,120.79,324.61,299.56,120.27,34.43,150.97,113.29,367.95,58.57,297.99,301.68,49.09,351.89,245.70,178.23,81.47,81.72,283.82,24.57,18.85,76.03,161.23,137.04,9.74,86.26,87.52,15.23,306.56,165.02,513.79,211.38,36.18,42.11,44.62,81.29
2022-08-17,171.51,102.54,98.27,224.56,142.10,50.64,33.24,304.26,47.41,532.25,42.12,135.39,48.93,,119.42,118.65,323.49,298.08,121.35,34.04,150.98,112.34,362.50,58.44,295.29,308.01,47.86,348.05,246.19,173.64,81.88,81.30,283.07,24.11,18.31,75.77,161.14,136.41,9.43,85.80,87.46,15.11,304.00,159.03,512.74,208.83,35.81,42.18,44.67,81.95
2022-08-18,171.12,104.73,100.44,223.77,142.30,52.51,33.12,304.27,47.22,536.69,44.57,137.77,48.49,,119.96,119.27,324.20,297.57,122.48,34.44,150.25,111.47,369.20,58.75,295.97,307.91,48.39,350.04,245.97,173.45,82.20,81.64,281.95,24.52,18.74,75.84,161.30,136.90,9.15,85.23,87.71,15.12,302.87,160.61,512.95,209.54,34.90,42.18,44.52,83.89
2022-08-19,168.53,101.21,95.95,224.81,138.23,51.57,32.39,297.28,46.39,530.54,43.97,136.61,47.58,,117.24,116.33,319.40,294.02,121.86,33.66,152.53,108.71,359.33,58.70,289.84,313.79,45.86,347.02,245.93,166.79,82.81,80.11,278.05,24.12,17.82,75.21,161.09,136.86,8.51,84.92,86.50,15.12,296.67,158.80,515.86,207.17,35.09,41.46,43.87,83.62
2022-08-22,164.65,97.52,92.84,221.26,133.22,49.72,31.70,288.69,45.19,521.87,43.07,135.93,45.78,,114.21,113.38,313.14,285.68,119.38,32.20,152.00,106.91,347.72,57.83,282.25,314.11,44.01,338.43,242.62,161.92,81.99,78.73,269.89,22.65,17.01,73.10,159.55,136.49,8.07,83.35,85.00,14.87,289.91,154.29,512.34,203.07,34.89,40.60,43.08,83.56
2022-08-23,164.32,98.60,92.49,219.08,133.62,49.82,31.41,289.65,44.93,518.62,42.80,140.34,46.59,,113.92,113.01,311.09,280.82,118.67,32.30,150.67,105.86,350.28,57.89,280.71,306.34,44.63,333.91,240.40,159.99,81.12,78.59,268.61,22.45,17.15,73.06,159.48,133.86,8.01,82.94,85.60,14.81,296.45,155.26,504.08,201.31,34.34,40.56,42.90,87.11
2022-08-24,164.61,98.42,92.73,219.10,133.80,49.92,31.51,293.52,44.98,519.72,42.49,141.38,46.98,,113.85,112.84,312.70,281.93,117.34,32.22,150.18,106.12,350.50,57.97,279.71,310.00,44.53,332.75,240.69,162.13,80.95,78.85,267.98,22.96,17.20,72.83,160.28,133.28,8.10,82.80,86.42,14.77,297.10,154.97,504.71,201.19,34.40,40.81,43.21,87.62
2022-08-25,167.07,101.83,97.18,220.17,137.28,51.73,32.08,298.13,45.91,526.94,42.67,142.62,47.84,,116.82,115.78,316.86,283.46,118.00,33.20,151.58,108.64,364.07,58.25,283.52,314.15,45.99,337.61,242.26,167.61,81.19,80.02,270.95,23.40,17.89,73.51,160.29,133.18,8.42,83.27,89.03,14.84,296.07,159.57,509.51,204.25,34.55,41.49,43.50,88.08
2022-08-26,160.77,95.82,91.18,215.66,130.75,48.98,31.07,289.96,43.90,508.81,41.43,141.57,46.08,,110.47,109.51,307.63,272.77,114.83,31.74,148.99,105.08,347.12,56.84,273.14,306.78,43.60,325.16,237.08,160.66,80.28,77.26,260.50,22.33,16.23,71.37,156.51,130.06,7.94,81.88,86.61,14.67,288.09,152.54,497.92,197.51,34.16,40.20,42.13,86.99
2022-08-29,158.57,93.63,88.49,214.52,129.79,48.35,30.95,287.45,43.54,508.08,41.27,142.63,46.56,,109.52,108.60,305.36,271.14,114.76,31.34,147.84,104.82,341.52,56.50,274.35,301.52,42.76,322.60,235.89,158.07,78.78,75.96,257.72,22.46,15.78,70.93,156.01,129.51,7.81,81.62,85.31,14.58,284.82,151.14,498.41,196.96,34.23,40.15,42.54,88.99
2022-08-30,156.14,91.67,86.94,214.29,128.73,47.62,31.12,285.42,43.28,501.46,40.84,139.15,46.00,,109.09,108.12,305.10,268.19,114.12,30.69,147.32,104.84,335.49,55.98,271.62,298.50,42.58,321.10,233.89,156.07,78.14,75.14,255.52,22.07,15.44,70.88,154.67,128.13,7.79,80.98,84.12,14.62,277.70,150.06,491.89,196.04,33.59,40.35,42.41,85.61
2022-08-31,154.48,91.23,84.87,215.35,126.77,46.93,30.68,280.80,43.04,499.51,40.37,136.93,44.96,,108.34,107.41,306.52,265.63,113.13,30.37,146.33,104.22,332.58,55.58,269.91,292.85,42.12,317.73,234.05,161.80,76.77,75.84,254.07,22.36,15.07,70.89,154.03,126.08,7.72,80.98,83.12,14.39,275.61,148.68,488.59,193.44,33.02,39.96,42.44,84.97
2022-09-01,155.21,89.04,82.33,220.01,127.82,46.26,30.76,282.43,42.99,506.28,40.89,134.75,44.74,,109.73,108.92,307.28,270.19,114.19,30.22,149.96,104.93,325.79,55.85,267.47,300.53,41.55,318.59,237.94,164.21,78.38,76.69,253.03,23.00,13.92,71.99,155.59,127.64,7.49,81.82,81.53,14.35,277.16,149.54,492.98,194.82,33.02,39.95,43.05,83.44
2022-09-02,153.10,88.49,80.24,217.20,127.51,47.04,30.72,277.67,43.07,496.65,40.26,136.75,44.34,,107.87,107.04,305.42,268.84,112.55,29.70,147.60,104.20,324.00,55.08,266.10,292.95,41.38,315.95,236.12,159.21,77.55,76.89,248.81,22.61,13.63,71.40,153.61,125.37,7.40,80.17,81.12,14.10,270.21,146.70,485.79,192.51,32.62,39.66,42.58,84.97
2022-09-06,151.84,87.57,78.72,217.07,126.11,46.85,30.38,276.59,42.52,496.45,40.15,136.12,44.18,,106.68,106.01,300.82,266.66,111.60,28.89,148.00,104.23,319.48,55.11,265.36,298.29,41.05,317.44,236.01,157.44,77.72,75.76,246.08,21.84,13.44,70.59,152.58,123.97,7.28,79.80,80.72,13.77,274.42,146.79,487.04,193.37,32.46,39.20,42.37,84.40
2022-09-07,153.24,89.17,79.61,219.37,129.48,47.50,30.85,281.04,42.88,506.73,40.64,134.38,45.05,,109.66,108.63,304.57,273.97,112.48,29.16,148.81,106.21,326.48,56.12,273.88,302.93,41.55,321.89,239.75,159.28,78.13,77.30,250.78,22.90,13.70,71.22,155.95,125.84,7.39,80.23,80.99,13.84,283.70,149.23,490.80,195.10,32.45,40.08,43.46,83.68
2022-09-08,151.77,90.96,82.78,219.96,129.82,48.14,31.84,283.34,44.00,506.23,40.96,135.11,45.16,,108.61,107.57,309.01,276.21,113.14,29.26,150.00,108.68,339.30,55.95,272.04,306.73,42.24,323.31,241.29,160.94,78.62,78.71,251.20,22.74,13.97,71.37,155.42,126.01,7.53,81.09,80.16,13.76,289.26,151.56,496.28,195.38,32.64,41.35,43.68,84.36
2022-09-09,154.63,93.60,85.45,221.97,133.27,49.12,32.11,285.77,44.68,513.37,41.32,138.59,45.33,,110.95,109.82,313.36,276.09,113.78,29.93,150.29,109.20,346.63,56.13,275.03,308.86,43.36,328.97,240.77,167.98,78.55,79.62,256.97,23.36,14.37,72.58,155.92,127.93,7.79,82.31,81.54,13.97,299.68,153.66,494.85,199.75,33.36,41.44,43.81,85.77
2022-09-12,160.58,93.39,84.64,212.94,136.45,49.75,32.41,288.51,44.86,516.18,41.89,140.78,46.11,,111.04,110.03,315.65,274.03,115.07,30.03,150.23,110.50,345.47,56.30,282.19,306.45,43.02,331.49,241.56,167.79,79.29,80.23,259.10,23.65,14.49,73.70,156.53,128.97,8.01,82.82,81.31,14.26,304.42,153.52,501.37,201.15,33.78,41.62,44.20,86.76
2022-09-13,151.16,87.66,77.03,203.30,126.82,47.36,31.24,278.29,43.21,488.22,39.82,138.10,43.37,,104.53,103.54,302.57,255.97,112.07,27.87,146.32,106.66,329.24,54.47,273.64,297.96,40.60,318.77,235.95,152.07,77.60,77.47,244.86,21.81,13.11,72.70,150.69,126.30,7.48,79.73,77.53,13.80,292.13,146.38,485.05,194.37,32.98,39.51,43.29,84.73
2022-09-14,152.61,87.90,77.45,204.43,128.55,48.03,31.13,278.42,42.71,486.02,39.69,141.45,42.87,,105.08,104.21,301.53,254.51,112.46,27.76,149.34,106.41,334.97,54.76,274.59,301.00,40.72,319.18,237.24,150.42,78.83,77.59,245.08,22.41,13.11,68.95,151.83,126.60,7.63,79.46,80.02,13.76,302.61,148.73,481.10,194.12,32.61,39.57,43.20,86.81
2022-09-15,149.72,86.24,76.66,204.02,126.28,47.03,31.71,276.70,42.71,481.72,39.08,139.15,42.19,,103.13,102.14,305.55,250.09,110.52,27.44,149.72,108.01,326.03,54.01,271.07,300.86,39.92,310.47,235.15,148.51,78.65,78.55,238.43,23.54,12.91,67.16,149.31,125.63,8.01,79.75,79.28,13.75,303.75,146.40,493.50,190.19,32.41,40.35,42.73,84.29
2022-09-16,148.08,86.19,76.51,207.14,123.53,47.25,31.35,274.81,42.42,482.33,39.09,135.54,40.65,,102.86,102.03,300.57,254.17,112.09,27.82,152.01,107.29,324.27,54.02,271.51,300.30,39.51,308.68,236.49,145.28,79.53,77.81,237.81,24.01,13.18,65.81,150.29,126.39,7.78,81.04,78.91,13.73,303.35,148.73,491.72,188.17,32.58,40.17,42.64,82.85
2022-09-19,151.79,87.01,76.77,206.80,124.66,47.19,31.88,278.95,42.54,484.65,39.09,135.93,41.05,,103.08,102.30,302.82,258.27,112.49,28.01,150.81,108.28,323.13,54.43,273.22,296.61,39.51,307.60,238.44,146.99,78.55,78.96,237.60,24.36,13.37,66.04,151.88,126.13,7.86,81.34,78.67,13.75,309.07,149.62,494.10,188.01,32.57,40.52,43.01,82.84
2022-09-20,154.17,85.46,75.25,204.06,122.19,46.36,31.40,277.13,41.67,477.91,38.44,135.39,40.77,,101.07,100.38,297.85,252.51,111.23,27.55,149.62,106.14,318.83,54.35,269.76,293.34,38.95,306.85,236.94,145.08,77.97,77.60,235.59,24.28,13.16,65.12,152.05,125.68,7.62,81.42,78.86,13.58,308.73,149.45,493.40,186.97,32.06,39.68,42.76,82.17
2022-09-21,151.04,84.46,74.48,201.15,118.54,45.72,30.46,270.74,40.85,471.74,37.55,134.29,39.93,,99.27,98.54,295.50,250.11,110.03,27.09,148.09,103.08,312.02,53.89,264.97,288.23,38.49,298.26,232.94,141.13,76.64,76.86,232.18,23.69,13.24,63.82,151.62,124.06,7.69,81.77,78.09,13.33,300.80,146.97,483.28,182.06,31.18,38.64,43.15,80.84
2022-09-22,150.08,82.47,69.50,204.10,117.31,45.29,29.87,268.51,40.19,466.09,37.15,134.19,40.01,,99.82,99.39,288.32,247.88,110.36,26.71,150.72,101.91,302.56,53.77,262.61,302.22,37.35,292.25,230.02,141.83,79.34,75.44,234.16,23.70,12.55,63.13,151.76,124.50,7.37,81.23,77.28,13.32,288.59,146.35,488.36,180.86,31.54,37.96,42.71,80.50
2022-09-23,147.81,81.75,67.96,203.40,113.78,44.44,29.16,267.77,39.03,446.22,36.71,125.42,39.52,,98.43,98.00,278.23,249.53,108.07,26.18,151.21,100.01,297.27,53.17,257.89,302.80,36.74,287.57,228.18,139.44,78.68,72.54,231.18,22.64,12.50,61.72,151.69,123.93,7.40,77.84,75.97,13.13,275.33,145.16,484.72,179.08,31.22,36.94,41.64,76.22
2022-09-26,148.14,80.44,66.30,203.31,115.15,43.83,28.52,264.32,37.91,459.52,36.64,122.12,39.45,,98.07,97.43,271.46,245.52,107.46,25.66,150.28,97.86,293.38,52.51,253.20,298.95,35.86,284.17,226.15,135.42,78.13,70.99,230.73,22.41,12.21,60.66,151.63,124.04,7.53,76.47,75.10,12.85,276.01,144.41,479.77,175.80,30.75,36.58,42.04,74.65
2022-09-27,149.12,81.61,67.17,202.52,114.41,44.07,28.09,265.47,37.56,457.61,36.58,122.17,39.52,,97.36,96.77,268.47,247.46,107.22,25.58,149.60,97.00,298.03,51.15,254.11,302.45,36.37,280.61,219.60,133.47,77.82,70.74,229.72,22.44,12.40,59.68,149.43,120.63,7.63,74.85,75.02,12.90,282.94,144.63,479.78,173.15,30.72,36.59,41.92,76.21
2022-09-28,147.23,83.40,68.36,206.99,118.01,44.18,28.55,271.78,38.27,467.17,37.32,126.30,39.51,,99.99,99.30,277.14,259.90,108.12,25.81,150.88,98.96,305.09,51.70,260.10,325.08,36.85,284.24,219.82,140.63,78.68,72.51,234.24,24.52,12.72,60.30,151.82,120.63,7.94,75.14,77.15,12.98,287.81,146.52,485.04,174.43,31.11,37.31,42.62,78.98
2022-09-29,140.00,81.87,64.14,204.69,114.80,42.68,28.18,269.58,37.38,458.26,36.63,125.42,38.45,,97.36,96.69,272.83,256.34,107.12,25.10,149.22,97.28,300.28,51.33,258.34,320.83,35.78,280.90,217.46,135.46,78.55,71.07,230.78,23.97,12.20,58.70,149.97,117.64,8.08,74.05,76.26,12.74,268.21,142.60,480.21,175.28,30.52,37.02,42.34,78.82
2022-09-30,135.79,79.46,63.36,201.99,113.00,42.10,27.75,267.02,36.75,451.84,36.11,124.47,37.95,,95.43,94.93,270.01,254.14,104.64,24.52,148.16,95.76,292.47,50.83,258.32,314.36,35.34,278.52,214.07,134.74,78.08,70.32,226.31,23.54,12.12,58.39,146.95,115.40,8.13,71.40,75.81,12.58,265.25,139.30,476.64,172.94,29.99,36.77,41.52,77.61
2022-10-03,139.97,83.65,66.11,206.51,115.88,43.31,28.57,272.80,37.53,457.06,37.28,131.45,38.99,,98.56,97.90,275.63,261.29,107.01,25.66,148.02,98.72,305.90,51.40,264.29,312.61,37.62,284.53,218.33,137.65,79.37,71.54,233.92,23.90,12.50,60.31,148.74,117.46,8.24,73.14,76.97,13.04,242.40,143.85,486.52,176.83,30.93,38.01,42.43,81.70
2022-10-04,143.56,86.71,67.90,208.82,121.09,45.50,29.76,280.49,39.16,465.10,38.11,136.56,41.40,,101.65,100.88,290.12,266.68,110.53,26.35,150.21,103.34,316.30,51.52,274.48,320.72,38.68,295.10,221.27,139.31,80.14,74.73,241.83,24.07,13.15,62.81,150.42,118.92,8.46,74.83,79.21,13.20,249.44,148.63,493.75,180.72,31.44,39.80,42.98,84.68
2022-10-05,143.85,86.53,67.94,209.54,120.95,45.97,29.33,279.36,38.66,459.54,38.26,137.34,41.34,,101.46,100.67,284.71,266.95,110.74,26.30,149.75,102.06,318.00,51.03,271.92,322.55,38.61,297.97,221.81,138.02,80.14,73.97,242.14,23.67,13.19,63.71,149.42,118.09,8.42,74.81,78.91,13.07,240.81,151.02,497.43,182.69,31.12,39.59,42.55,88.10
2022-10-06,142.90,85.46,67.85,206.96,120.30,45.47,28.91,276.31,37.97,461.62,37.83,139.85,40.59,,101.48,100.66,280.72,267.45,107.65,25.86,146.85,99.98,316.50,49.93,267.16,323.69,38.39,293.57,217.79,138.11,79.27,72.36,239.80,24.00,13.11,62.43,146.54,115.61,8.47,73.52,78.05,12.79,238.13,149.88,489.93,180.67,30.39,38.62,42.16,90.72
2022-10-07,137.65,80.11,58.44,205.25,114.56,43.66,28.26,269.04,37.20,447.90,36.69,138.64,39.57,,98.83,97.94,277.41,261.86,104.65,24.47,145.30,97.99,303.61,49.46,261.77,317.58,36.19,289.40,216.34,132.52,79.42,70.25,227.61,22.48,12.06,60.51,145.47,113.59,8.15,72.81,77.80,12.47,223.07,143.35,476.46,178.95,29.60,38.20,41.16,89.80
2022-10-10,137.97,76.80,57.81,208.04,113.67,41.50,28.18,266.93,36.68,446.14,36.35,136.14,39.83,,97.98,97.13,276.91,260.14,103.70,23.98,145.49,97.07,289.29,49.35,260.46,314.88,33.86,286.27,217.97,132.86,82.03,69.78,222.76,23.00,11.66,59.82,145.66,113.12,8.06,72.25,77.94,12.44,222.96,141.11,470.80,177.35,29.41,37.89,41.40,87.85
2022-10-11,136.56,74.00,57.63,219.95,112.21,40.84,27.36,267.31,35.67,451.60,36.06,136.16,39.23,,97.32,96.45,271.08,260.54,103.75,23.82,147.59,94.27,271.49,49.43,259.67,318.49,31.58,280.64,219.92,127.65,82.55,68.53,219.03,21.43,11.57,59.98,146.35,113.55,8.04,73.65,78.34,12.36,216.50,138.10,471.70,174.39,28.87,36.78,42.47,87.11
2022-10-12,135.93,73.72,57.85,220.85,112.90,40.83,27.44,264.00,36.01,446.20,35.78,136.57,39.68,,97.57,96.83,272.09,258.36,103.54,24.10,147.55,95.80,265.58,50.03,260.23,315.54,31.28,278.02,219.93,126.62,81.98,68.17,219.36,22.09,11.49,61.29,152.47,113.73,8.07,73.69,76.86,12.21,217.24,136.39,471.84,173.51,28.66,37.03,41.99,87.49
2022-10-13,140.50,77.02,58.94,225.53,112.53,41.53,29.12,275.78,37.87,447.74,37.00,143.19,41.65,,98.97,98.32,282.93,260.48,107.26,25.14,149.79,101.12,269.19,50.69,270.65,322.86,32.89,288.40,228.92,129.39,83.85,70.59,227.61,23.25,11.94,62.66,157.17,115.45,8.08,75.03,78.60,12.62,221.72,138.90,481.23,179.76,29.24,38.74,42.35,90.55
2022-10-14,135.97,72.56,55.94,225.24,106.90,40.50,29.13,272.67,38.12,434.98,36.63,138.74,41.42,,96.46,95.84,276.41,254.59,105.72,24.65,149.16,102.80,254.85,49.88,263.83,322.17,30.41,283.23,225.59,125.88,83.57,67.02,222.09,23.00,11.21,61.80,153.19,114.33,7.53,73.34,76.49,12.51,204.99,133.50,484.27,177.77,29.22,39.47,41.76,88.17
2022-10-17,139.93,72.16,57.96,226.66,113.79,41.28,30.90,277.02,38.44,444.09,37.63,139.75,42.07,,100.03,99.22,282.60,259.04,107.02,25.14,151.09,107.12,254.38,50.53,269.17,323.51,30.45,289.46,228.67,133.11,85.33,68.65,230.80,24.51,11.87,64.41,155.48,116.39,7.94,73.60,78.23,12.78,219.35,135.89,492.53,180.33,29.86,40.19,42.06,89.44
2022-10-18,141.25,72.96,57.92,225.94,116.36,41.23,32.05,281.67,38.93,452.80,38.08,140.97,43.34,,100.64,100.01,289.18,262.54,108.27,24.61,150.57,109.88,259.74,51.21,272.76,325.71,31.10,294.70,231.18,131.88,85.78,70.70,231.75,24.09,11.95,64.42,157.58,117.33,8.16,74.24,80.91,13.02,220.19,136.36,492.84,182.20,29.77,40.84,42.95,89.60
2022-10-19,141.35,74.93,57.23,222.42,115.07,41.28,31.17,278.34,38.22,451.03,38.16,145.55,43.23,,99.54,98.88,287.25,253.72,107.90,24.74,149.37,107.72,262.83,50.77,272.04,320.13,31.87,292.13,232.63,132.31,84.55,69.10,229.78,27.24,12.04,63.72,156.04,118.42,7.91,74.38,81.16,12.97,222.04,137.38,491.06,181.46,29.37,39.88,42.82,92.25
2022-10-20,140.89,76.29,57.77,221.75,115.25,40.80,30.97,273.53,37.85,444.52,38.01,146.38,42.89,,99.78,99.22,286.38,248.17,112.99,24.81,149.75,107.37,267.71,49.97,270.43,319.92,34.36,290.68,231.72,130.62,84.26,68.17,229.46,26.82,12.18,66.55,154.33,116.90,8.04,73.14,80.79,13.97,207.28,138.34,491.59,182.25,29.72,39.90,42.93,92.38
2022-10-21,144.71,79.93,58.82,225.78,119.32,42.64,32.12,282.51,39.03,457.49,39.00,150.04,44.64,,100.72,100.37,299.54,253.76,114.40,25.66,153.01,113.01,280.87,50.77,276.26,331.29,35.66,296.66,236.16,129.11,86.74,70.50,235.26,28.96,12.45,69.87,155.77,118.36,8.29,74.41,82.00,14.27,214.44,143.74,503.71,185.32,28.39,40.98,43.80,94.09
2022-10-24,146.85,82.38,58.70,234.18,119.82,43.29,32.23,287.48,39.16,475.47,39.67,149.99,44.97,,102.20,101.75,302.86,260.88,116.86,25.86,155.07,113.15,285.47,52.23,266.49,338.22,36.11,299.82,236.87,128.82,88.28,70.69,240.25,28.25,12.58,70.08,159.93,119.09,8.27,75.00,83.10,14.62,211.25,145.48,511.14,185.65,28.89,41.32,44.63,94.75
2022-10-25,149.69,84.89,61.47,232.99,120.60,43.62,32.52,289.24,39.96,477.47,40.42,151.55,44.75,,104.15,103.70,306.27,267.33,117.07,26.08,154.83,113.45,294.64,53.48,276.13,341.54,36.68,305.52,237.25,136.56,88.59,71.65,243.56,29.10,13.24,70.29,160.46,120.46,8.66,76.12,81.83,14.77,222.42,145.94,509.84,189.22,29.26,41.48,44.84,94.11
2022-10-26,146.75,85.48,59.73,238.97,115.66,43.73,32.81,288.52,40.04,477.84,40.44,153.42,46.26,,94.11,94.22,309.30,267.23,118.90,25.89,156.19,114.75,296.11,53.88,282.51,347.91,37.23,313.47,238.07,128.92,89.22,72.01,224.77,29.86,12.88,71.90,161.18,121.31,8.57,77.05,83.83,15.14,224.64,142.08,512.62,197.93,29.26,41.78,45.19,95.23
2022-10-27,142.28,83.93,58.60,239.48,110.96,43.18,32.96,289.88,40.07,475.92,40.47,154.12,46.59,,91.91,91.53,310.67,268.06,118.69,24.99,156.28,115.20,298.54,54.01,281.00,346.42,37.57,313.33,245.95,97.26,90.43,71.81,220.33,29.69,13.16,72.22,161.01,121.40,8.60,77.02,85.02,15.05,225.09,141.08,511.33,198.87,29.06,41.73,45.06,95.60
2022-10-28,153.03,87.01,62.01,245.38,103.41,44.84,33.25,299.63,40.68,489.65,41.59,155.92,48.01,,95.86,95.57,314.95,275.05,121.99,27.66,158.60,116.57,310.71,55.13,289.18,349.89,39.16,323.24,254.68,98.51,91.36,73.88,229.19,29.57,13.82,74.34,164.03,124.47,8.64,79.59,88.06,15.43,228.52,146.38,520.24,203.78,30.26,42.37,45.63,98.40
2022-10-31,150.67,85.63,60.06,242.28,102.44,44.58,33.12,295.09,40.44,480.67,41.39,156.72,47.70,,93.96,93.80,317.43,272.73,121.79,27.05,157.79,116.39,305.83,54.30,284.92,352.02,39.08,321.98,252.96,92.51,91.75,73.84,225.56,29.19,13.48,75.03,163.44,123.97,8.79,79.01,87.81,15.22,227.54,145.72,523.93,201.66,30.02,42.04,45.57,98.49
2022-11-01,148.03,87.08,59.66,243.81,96.79,44.37,33.27,294.13,40.76,479.19,41.42,157.87,47.94,,89.83,89.79,321.18,272.67,121.71,26.93,156.99,118.48,310.40,54.11,285.70,342.77,39.85,326.89,253.23,94.54,90.44,75.23,221.71,28.67,13.53,74.10,162.71,124.16,8.65,78.89,88.49,15.32,227.82,147.77,516.53,201.44,30.02,42.92,45.36,99.47
2022-11-02,142.50,85.11,58.63,241.07,92.12,43.24,33.17,289.46,40.17,463.43,40.61,154.64,47.44,,86.42,86.32,322.29,265.92,120.51,26.09,154.57,117.39,301.93,53.36,282.03,345.09,38.19,313.78,250.83,89.91,90.12,75.82,213.87,27.30,13.20,72.19,160.44,122.37,8.22,76.88,87.19,15.39,214.98,143.77,512.87,195.62,30.29,42.86,45.06,97.43
2022-11-03,136.46,83.70,60.11,238.27,89.30,42.11,32.98,283.85,39.31,466.09,39.95,156.92,48.05,,82.87,82.80,321.44,259.26,118.43,26.06,154.84,117.61,303.88,53.33,285.15,351.62,37.99,303.33,253.23,88.29,89.53,75.14,208.18,26.91,13.40,72.10,160.02,121.54,8.08,75.99,87.80,15.17,215.31,141.99,513.04,189.58,29.84,41.90,45.05,98.75
2022-11-04,136.20,88.93,62.19,241.10,90.98,44.12,33.81,287.47,40.26,466.21,40.57,158.90,49.69,,86.05,85.93,329.77,261.59,120.62,27.19,155.53,120.82,317.02,53.77,296.01,347.47,40.51,312.35,254.78,90.16,89.94,76.25,215.12,26.08,14.14,73.04,160.92,123.76,7.93,77.40,88.18,15.29,207.47,147.55,507.90,191.75,29.91,43.00,45.13,99.83
2022-11-07,136.73,92.17,63.08,248.25,90.53,45.06,34.01,290.19,40.79,468.26,40.59,160.80,51.16,,87.99,87.83,334.06,267.34,121.84,27.40,156.89,121.46,325.85,53.97,300.38,354.92,42.00,318.98,256.44,96.05,90.73,76.89,221.42,25.86,14.28,73.75,162.21,125.65,7.02,78.19,89.06,15.33,197.08,150.31,514.37,194.79,29.87,43.31,45.61,101.01
2022-11-08,137.30,94.52,63.85,262.03,89.98,45.71,34.10,292.61,41.14,472.29,40.65,160.57,51.49,,88.25,88.23,335.40,268.14,123.33,27.46,157.67,121.54,330.64,54.07,301.55,356.46,42.95,319.59,258.28,95.80,92.02,76.63,222.39,26.35,14.58,72.69,162.66,125.94,7.21,79.57,89.16,15.50,191.30,152.50,521.95,196.43,30.42,43.41,45.71,101.33
2022-11-09,132.74,91.53,59.92,259.57,86.14,44.52,33.56,288.65,40.46,469.62,40.01,154.15,50.97,,86.75,86.67,333.54,264.09,122.44,26.54,156.41,119.95,326.19,53.32,301.29,353.17,41.78,309.67,257.72,100.77,92.10,74.99,218.15,25.47,13.76,72.71,160.72,125.63,6.98,78.25,88.10,15.34,177.59,149.67,510.25,189.21,30.22,42.30,44.65,96.80
2022-11-10,144.55,101.63,68.47,260.79,96.63,48.03,35.04,303.20,43.19,491.82,41.60,157.07,52.34,,93.47,93.24,348.57,287.07,125.87,28.70,158.24,124.89,355.89,55.24,314.64,358.47,46.87,330.90,255.94,111.09,92.38,79.80,236.10,27.50,15.73,74.16,163.55,129.96,7.64,80.21,90.61,15.73,190.72,158.47,513.57,200.56,30.94,44.12,45.58,98.22
2022-11-11,147.34,107.19,72.37,255.42,100.79,49.13,35.30,309.72,44.77,494.06,40.81,161.54,52.91,,96.01,95.69,354.89,290.06,127.59,29.34,153.50,125.10,367.45,55.64,316.41,342.50,48.36,332.88,251.78,112.24,88.81,81.58,240.11,29.01,16.31,74.71,160.27,129.77,8.41,81.26,86.73,15.90,195.97,162.82,492.72,200.01,30.76,43.75,45.65,101.29
2022-11-14,145.94,104.36,73.53,255.67,98.49,48.66,34.70,308.91,43.73,488.51,40.77,161.62,52.61,,95.32,94.98,352.30,282.67,128.51,29.27,155.92,123.81,366.48,55.10,318.19,347.12,46.41,332.96,252.60,113.43,90.98,80.70,234.71,29.93,16.27,75.47,159.08,129.78,8.10,80.80,86.08,15.91,190.95,160.96,484.86,201.82,30.77,43.12,44.31,101.58
2022-11-15,147.67,107.13,76.37,254.15,98.94,49.73,34.64,309.98,43.74,504.60,40.91,162.92,53.42,,97.99,97.70,352.78,287.29,128.64,29.61,156.35,122.91,373.89,55.01,318.65,341.17,47.38,337.02,248.49,116.27,90.30,81.32,235.12,31.02,16.65,76.09,159.49,129.32,8.34,81.43,88.71,15.88,194.42,161.08,474.72,204.87,30.28,42.98,47.20,102.26
2022-11-16,146.44,101.07,72.70,256.05,97.12,48.52,34.33,308.76,43.15,502.34,40.45,160.27,52.04,,98.25,98.11,352.27,290.03,128.80,28.48,157.32,123.08,359.21,54.91,319.77,344.07,43.97,336.28,252.82,112.44,90.60,80.71,235.55,30.60,15.89,76.78,160.52,130.48,8.06,81.47,87.38,15.80,186.92,157.35,482.75,205.02,30.42,42.52,47.54,101.17
2022-11-17,148.34,101.30,73.90,259.24,94.85,48.56,34.16,307.44,43.04,499.67,42.45,160.72,52.34,,97.77,97.62,349.92,286.83,130.20,28.82,158.59,122.54,364.61,55.08,316.53,351.71,44.53,334.82,253.61,110.68,92.76,79.93,235.50,29.53,15.66,76.11,162.05,129.67,7.62,81.85,88.06,15.82,183.17,159.08,486.33,205.85,30.65,42.31,47.38,101.30
2022-11-18,148.90,101.54,73.57,259.23,94.14,48.85,34.18,310.76,43.41,501.92,43.54,159.76,52.40,,97.07,96.70,349.39,288.44,131.58,28.80,159.81,123.75,364.95,55.47,320.90,352.59,44.10,337.19,253.62,111.27,94.50,80.16,235.05,28.80,15.39,76.62,163.22,131.24,7.39,82.82,88.83,15.84,180.19,158.91,500.19,205.66,30.96,42.78,48.10,100.43
2022-11-21,145.67,101.97,72.46,260.01,92.46,49.06,34.29,311.20,43.60,501.63,43.39,158.23,52.65,,95.12,94.88,350.32,291.75,130.72,27.91,160.63,123.01,360.85,56.32,320.39,352.10,43.46,331.86,254.68,109.10,95.75,80.05,235.86,28.50,15.30,76.71,166.36,132.91,7.19,83.35,89.61,15.73,167.87,156.39,488.10,201.29,31.02,43.10,48.39,99.43
2022-11-22,147.81,103.81,75.25,259.01,93.20,50.26,34.45,315.76,44.00,509.86,44.08,162.29,53.51,,96.61,96.32,353.69,299.21,132.88,28.75,161.41,124.85,370.62,56.57,325.55,351.82,43.99,338.44,254.91,110.67,96.92,80.58,238.76,28.67,16.02,78.92,166.38,134.05,7.22,83.57,90.22,15.86,169.91,160.77,493.67,205.21,31.48,43.34,48.56,102.31
2022-11-23,148.69,104.67,76.40,255.72,94.13,50.60,34.56,316.18,43.03,512.29,44.26,160.85,53.86,,98.08,97.72,355.89,296.11,132.57,28.61,161.58,126.19,373.96,56.82,328.52,352.64,44.55,342.05,253.52,111.46,96.84,80.81,241.25,29.15,16.50,79.34,166.59,134.81,7.37,84.39,90.48,15.94,183.20,162.36,499.92,206.57,31.26,43.55,48.80,101.80
2022-11-25,145.77,102.88,75.14,256.03,93.41,50.25,34.64,317.43,43.08,511.49,44.10,160.38,54.03,,96.87,96.73,358.29,300.59,132.23,28.29,161.79,126.43,368.52,56.88,330.02,356.08,43.76,344.65,255.13,110.64,97.46,81.69,241.16,28.55,16.25,79.49,165.72,135.06,7.28,84.51,90.80,15.96,182.86,160.63,507.38,208.58,31.34,43.65,49.01,101.44
2022-11-28,141.94,100.59,73.19,255.02,93.95,49.52,33.87,313.27,42.13,508.87,43.81,155.72,52.39,,95.53,95.33,352.30,293.72,130.28,27.70,161.87,124.22,363.59,56.89,323.58,356.59,42.80,338.08,253.16,108.03,98.32,80.78,235.58,28.12,15.81,78.22,165.52,134.95,7.16,83.98,90.27,15.71,182.92,156.94,502.33,206.11,30.71,43.22,49.15,98.39
2022-11-29,138.94,100.38,73.39,254.45,92.42,49.44,34.00,315.13,42.43,506.99,43.99,158.05,52.51,,94.73,94.48,353.54,291.00,130.55,27.87,160.74,126.26,363.01,56.69,318.09,354.82,42.68,336.64,251.80,108.70,98.68,81.85,234.18,28.10,15.62,77.70,164.35,133.92,7.08,84.12,90.76,15.87,180.83,156.92,498.30,203.97,30.79,43.77,48.97,99.05
2022-11-30,145.69,106.55,77.63,258.43,96.54,52.25,34.78,318.60,43.18,516.85,45.30,160.04,52.70,,100.69,100.23,358.13,300.20,132.70,29.00,162.48,127.76,381.26,58.12,322.41,361.77,45.61,349.66,254.50,117.28,99.84,83.63,248.61,30.55,16.91,79.79,166.98,137.31,7.50,85.73,91.96,16.09,194.70,163.70,516.95,211.71,31.31,44.12,48.80,99.76
2022-12-01,145.97,104.03,77.48,258.01,95.50,52.22,33.78,315.84,42.62,482.93,45.53,159.32,52.26,,100.53,100.23,355.96,303.05,132.93,28.76,163.16,125.96,378.91,58.29,324.28,361.04,44.72,353.98,255.07,119.60,99.55,83.57,248.18,31.69,17.12,80.83,168.38,137.39,7.86,88.13,92.69,16.02,194.70,161.02,506.71,211.71,30.79,43.12,49.10,99.28
2022-12-02,145.48,103.74,74.98,257.62,94.13,51.28,33.35,316.15,42.14,473.99,45.29,158.05,53.26,,100.08,99.69,352.96,303.90,132.50,28.36,163.29,124.97,377.77,58.80,324.37,365.35,44.19,353.25,255.07,122.63,99.76,82.76,248.50,32.04,16.86,80.10,168.19,138.64,7.66,89.72,94.10,15.88,194.86,161.16,507.57,212.36,30.67,42.27,49.05,98.44
2022-12-05,144.32,103.47,73.62,257.08,91.01,50.32,31.86,310.57,40.71,468.36,44.95,154.15,51.90,,99.13,98.73,344.58,296.57,131.37,28.13,163.19,121.46,376.81,57.99,321.40,360.02,43.70,349.36,253.38,121.58,99.74,80.70,243.80,31.26,16.59,76.33,165.86,137.24,7.19,89.01,93.79,15.65,182.45,160.92,506.51,208.47,29.77,40.17,48.55,95.74
2022-12-06,140.65,101.80,70.27,255.62,88.25,49.86,30.50,307.78,40.12,461.17,44.27,150.17,52.28,,96.59,96.25,336.57,294.14,131.45,27.58,160.75,121.66,371.65,57.97,318.75,359.29,42.78,340.96,253.55,113.33,98.76,78.64,238.85,30.56,15.97,75.83,164.51,137.42,6.99,87.42,91.97,16.00,179.82,158.15,510.56,203.99,29.63,39.93,47.99,93.08
2022-12-07,138.72,103.16,70.14,257.85,88.46,49.16,30.26,305.82,39.85,461.95,43.90,150.62,52.10,,94.44,94.23,333.80,296.64,131.25,27.32,161.72,121.58,376.35,58.06,318.65,362.63,42.90,340.85,252.22,113.14,99.81,78.43,238.12,30.84,16.10,75.71,165.01,138.30,7.07,87.63,92.26,16.11,174.04,157.62,513.96,202.75,29.85,39.06,47.74,92.87
2022-12-08,140.40,105.59,70.47,257.68,90.35,50.36,29.99,305.99,39.86,461.42,44.64,151.51,51.26,,93.25,93.01,332.09,300.29,131.70,27.42,161.75,122.86,383.94,58.30,321.75,362.46,43.93,344.53,255.06,114.53,100.50,79.70,241.07,31.03,17.15,76.95,166.46,139.29,7.12,87.79,92.68,15.96,173.44,159.99,518.70,204.01,29.80,39.18,47.81,93.56
2022-12-09,139.92,104.35,68.59,251.43,89.09,51.65,29.93,306.39,40.02,462.96,44.16,146.67,49.93,,92.38,92.13,333.08,296.95,131.05,27.23,160.42,122.19,381.51,57.69,319.43,351.93,43.47,342.24,253.80,115.10,98.62,80.40,239.14,32.00,16.98,76.75,165.84,138.93,7.11,87.81,91.54,15.94,179.05,158.08,510.44,203.62,30.04,39.10,46.70,92.77
2022-12-12,142.21,106.33,70.67,249.75,90.55,52.78,30.25,311.45,40.83,467.42,44.92,148.20,51.01,,92.86,92.61,336.82,303.89,132.98,27.67,162.34,124.09,388.78,58.45,323.12,358.03,44.83,351.40,258.08,113.91,98.79,81.88,246.05,31.52,17.52,78.11,166.63,140.35,7.29,88.25,92.74,16.11,167.82,161.00,516.75,209.36,30.48,39.43,47.57,95.06
2022-12-13,143.17,108.76,71.65,245.67,92.49,54.15,30.27,312.33,41.56,467.92,45.23,151.50,50.80,,95.14,94.91,341.93,308.44,134.19,27.70,163.59,123.97,396.66,58.47,329.27,349.66,46.12,350.40,255.89,119.32,100.55,83.31,250.35,32.03,18.05,77.42,166.54,140.14,7.50,88.01,93.05,15.96,160.95,161.02,509.52,207.85,30.41,39.21,47.40,96.10
2022-12-14,140.95,106.59,68.93,244.65,91.58,54.47,29.84,309.29,41.01,463.44,44.92,150.45,49.99,,94.60,94.36,334.23,308.94,133.56,27.25,164.09,123.35,393.92,58.47,328.85,354.38,45.38,350.75,256.13,120.75,101.80,81.32,250.64,31.78,17.66,78.63,166.08,140.69,7.35,88.13,93.11,15.78,156.80,159.50,509.65,208.12,30.08,38.81,47.13,95.39
2022-12-15,134.35,101.65,66.53,240.15,88.45,52.91,29.37,301.91,39.80,444.64,43.87,149.33,48.36,,90.52,90.18,324.44,303.54,126.87,26.18,162.02,120.29,373.11,57.67,318.07,350.97,43.23,339.71,253.51,115.34,100.05,78.89,242.64,29.04,16.94,76.95,163.26,139.10,7.01,87.11,91.75,15.42,157.67,154.22,499.54,202.85,30.34,38.06,46.71,94.48
2022-12-16,132.39,101.82,65.41,241.29,87.86,52.71,29.30,300.00,39.56,442.28,43.56,147.30,47.64,,90.18,89.58,321.21,299.60,124.91,25.96,160.36,119.54,373.88,57.34,316.95,350.84,43.02,339.30,248.28,118.60,99.66,78.05,238.43,29.07,16.55,76.48,163.34,138.48,6.90,86.26,91.61,15.44,150.23,153.81,495.77,201.85,29.81,37.90,45.87,93.81
2022-12-19,130.28,101.10,64.59,239.75,84.92,52.55,29.63,300.03,39.19,439.58,43.19,148.31,47.90,,88.49,87.78,319.60,294.03,123.76,25.83,160.18,120.25,372.05,57.42,314.47,348.80,42.51,334.81,248.01,113.69,99.88,76.88,234.30,28.83,16.24,77.36,164.25,138.45,6.35,86.54,90.86,14.91,149.87,152.05,495.68,199.83,29.74,38.48,45.89,94.23
2022-12-20,130.21,100.62,65.05,238.89,85.19,52.01,29.75,302.00,39.08,438.80,43.16,150.75,49.29,,88.96,88.35,319.49,291.72,125.91,25.50,160.36,120.83,374.23,57.37,316.27,350.61,42.39,336.47,249.33,116.28,100.12,76.53,235.62,28.82,16.07,77.78,164.15,138.50,6.31,86.81,91.46,15.08,137.80,150.67,492.47,200.36,29.71,37.70,46.29,95.60
2022-12-21,133.31,102.95,67.68,240.25,86.77,53.66,30.21,307.82,39.97,442.87,43.43,152.52,50.91,,89.58,88.91,324.75,295.91,126.68,25.87,162.19,122.19,384.78,58.30,316.02,358.77,43.40,339.16,250.18,118.93,101.40,78.06,238.18,29.80,16.48,78.32,165.30,139.77,6.50,87.57,92.93,15.15,137.57,153.06,499.41,201.77,30.34,37.83,46.66,96.82
2022-12-22,130.14,94.89,63.86,239.35,83.79,52.88,29.94,302.69,39.24,439.66,43.12,150.23,50.17,,87.60,87.10,320.50,292.91,125.55,25.04,161.60,120.81,362.54,57.88,315.05,356.14,39.65,335.07,247.95,116.31,101.52,77.61,232.10,29.77,15.32,77.35,164.02,140.09,6.32,87.86,91.77,15.25,125.35,149.41,498.98,200.06,30.77,37.43,46.11,94.87
2022-12-23,129.78,94.52,64.52,238.14,85.25,52.82,30.01,306.49,39.48,443.43,43.26,154.88,50.18,,89.14,88.56,320.44,295.32,126.24,25.16,162.01,121.38,365.97,58.31,316.66,358.67,39.94,337.11,249.63,117.22,102.09,77.38,232.62,29.50,15.19,77.70,165.08,140.49,6.29,88.58,92.50,15.28,123.15,149.12,502.97,200.82,30.85,37.70,46.20,97.38
2022-12-27,127.98,92.69,63.27,237.66,83.04,52.92,30.07,305.55,39.60,439.46,43.31,156.83,50.83,,87.28,86.73,317.15,296.08,126.93,25.01,161.96,121.80,359.87,58.67,316.29,355.72,39.29,339.62,248.95,116.07,102.32,76.44,230.90,28.42,14.11,77.82,165.81,141.71,6.00,89.45,92.84,15.41,109.10,148.57,503.62,201.26,31.53,37.76,46.21,98.73
2022-12-28,124.05,91.61,62.57,235.89,81.82,52.10,30.29,303.43,39.80,434.17,42.89,154.51,50.29,,85.82,85.37,316.13,292.54,124.79,24.63,161.26,122.47,356.63,58.09,313.37,356.05,39.04,335.49,247.34,114.82,101.37,75.90,228.53,27.69,14.02,77.20,164.62,139.88,6.07,87.93,92.35,15.21,112.71,146.22,500.27,200.00,31.17,37.83,45.41,97.11
2022-12-29,127.56,94.44,64.82,237.46,84.18,53.33,30.63,309.06,40.28,437.57,43.28,155.68,51.39,,88.29,87.79,318.51,296.88,125.71,25.27,162.08,123.17,368.37,58.43,317.06,357.81,40.76,341.63,248.10,119.43,101.14,76.60,234.85,29.11,14.59,78.23,164.83,140.46,6.40,88.15,93.46,15.40,121.82,149.70,501.62,202.99,31.53,38.03,45.68,97.84
2022-12-30,127.88,94.67,64.77,236.99,84.00,53.46,30.61,308.90,40.35,437.54,43.41,156.70,51.41,,88.07,87.57,318.46,292.66,125.56,25.49,161.25,123.99,365.62,58.12,313.63,356.66,40.73,341.16,245.86,119.51,101.26,76.40,233.69,29.49,14.60,78.55,163.63,139.51,6.42,88.17,94.01,15.37,123.18,149.88,501.90,202.70,31.65,37.99,45.57,98.83
2023-01-03,123.10,94.04,64.02,236.09,85.82,52.92,30.97,309.91,40.84,434.45,43.68,151.90,52.14,,89.03,88.45,321.09,292.71,126.15,25.78,162.66,124.93,365.16,57.52,306.10,355.83,40.15,340.25,246.61,123.87,101.43,77.03,233.45,29.50,14.30,80.46,162.50,139.52,6.39,88.25,93.91,15.64,108.10,148.06,490.98,202.34,32.22,38.45,46.15,95.43
2023-01-04,124.37,96.55,64.66,238.57,85.14,53.57,31.56,314.55,41.89,437.60,43.67,150.29,55.18,,88.05,87.42,322.47,296.25,127.09,26.69,164.43,126.09,368.73,57.49,304.58,353.99,40.94,348.44,246.67,126.49,102.29,77.86,223.24,30.94,14.73,81.19,162.10,140.13,6.58,88.18,93.94,15.98,113.64,153.46,477.59,207.43,33.04,39.24,46.20,95.71
2023-01-05,123.05,95.20,62.33,240.80,83.12,53.07,31.49,312.90,41.70,431.49,43.06,152.99,56.03,,86.12,85.55,318.81,292.30,125.76,26.58,163.21,126.07,362.17,56.83,293.74,349.91,40.42,345.12,244.59,126.06,103.71,77.21,216.62,30.97,14.25,81.02,160.41,138.39,6.32,87.83,93.97,16.04,110.34,151.43,463.83,205.97,33.49,39.03,46.04,97.85
2023-01-06,127.57,101.37,63.96,248.32,86.08,56.26,31.81,318.69,42.20,462.81,44.38,154.15,56.54,,87.50,86.69,322.82,294.21,128.07,27.70,164.54,128.48,385.56,57.93,304.00,353.83,43.15,361.31,251.41,129.12,104.81,78.68,219.18,31.56,14.84,82.32,164.03,141.69,6.40,90.15,95.45,16.30,113.06,158.90,463.87,212.45,33.89,39.38,47.17,99.04
2023-01-09,128.10,103.53,67.24,243.74,87.36,55.16,31.33,315.53,42.41,458.86,44.62,152.94,57.12,,88.14,87.36,327.38,294.47,127.93,28.26,160.27,127.95,395.98,57.21,309.53,341.05,43.85,364.55,249.33,128.57,100.74,78.75,221.31,31.52,15.61,83.36,162.43,139.96,6.50,89.12,92.78,16.12,119.77,160.28,463.92,213.27,33.75,39.00,46.58,97.19
2023-01-10,128.67,105.03,68.05,247.13,89.87,54.97,31.54,316.35,42.99,461.40,44.83,153.69,59.16,,88.58,87.76,331.43,297.08,129.05,28.39,159.89,129.09,403.68,56.77,309.64,343.90,44.45,364.59,250.88,132.07,101.13,79.90,223.00,32.75,15.89,83.44,161.09,139.82,6.70,89.02,93.08,16.49,118.85,161.84,460.08,215.70,34.22,38.97,46.55,98.64
2023-01-11,131.38,107.00,69.06,246.25,95.09,55.28,31.78,320.37,43.45,464.19,45.20,152.96,61.06,,91.57,90.83,338.03,304.84,129.46,28.78,159.63,130.05,406.47,56.66,316.94,351.36,45.00,371.32,250.79,131.97,101.37,80.36,229.74,32.73,15.98,85.46,161.27,138.69,6.98,88.91,92.77,16.44,123.22,162.26,467.09,216.69,33.60,39.32,46.96,99.79
2023-01-12,131.30,107.13,70.80,244.46,95.27,55.64,31.86,318.93,43.79,462.39,45.00,154.60,61.98,,91.23,90.45,343.09,305.65,129.72,29.21,158.83,129.92,406.39,55.93,316.25,350.11,45.55,373.24,248.81,135.76,102.00,81.35,232.41,33.01,16.49,85.64,159.21,137.90,7.01,88.37,93.79,16.44,123.56,161.59,469.23,218.17,34.11,39.41,46.54,101.45
2023-01-13,132.63,106.91,71.00,245.19,98.12,55.36,32.56,317.64,44.53,465.09,44.89,155.02,63.04,,92.11,91.43,346.86,306.89,130.02,29.03,158.31,133.20,407.33,56.13,321.25,352.54,45.90,369.02,250.86,136.03,102.44,82.37,233.11,33.28,16.88,86.04,158.72,138.89,6.96,88.59,91.92,16.56,122.40,162.39,463.46,217.63,34.15,40.69,46.69,101.38
2023-01-17,133.79,106.37,71.59,243.11,96.05,55.38,31.91,314.86,44.88,466.55,44.16,157.58,63.26,,91.47,90.61,324.53,303.48,129.39,28.54,157.33,131.14,403.37,56.36,317.30,348.76,45.65,368.51,255.73,134.42,100.80,87.24,234.20,32.62,17.68,85.46,159.46,138.48,7.07,88.18,91.69,16.37,131.49,159.11,459.21,217.57,33.33,40.59,46.41,101.19
2023-01-18,133.08,106.65,70.53,238.57,95.46,54.91,31.17,308.30,44.09,459.56,43.08,154.73,62.31,,91.10,90.44,323.76,299.92,125.13,27.78,154.96,127.20,402.50,54.65,311.86,343.17,45.25,362.53,248.21,132.10,99.28,86.79,229.78,32.63,17.36,83.64,155.44,134.77,6.90,86.47,89.19,16.11,128.78,157.63,450.84,214.11,32.61,39.91,45.26,99.11
2023-01-19,133.14,103.21,67.71,236.44,93.68,53.85,30.72,305.23,44.04,449.99,42.67,156.28,60.41,,93.21,92.35,325.30,288.05,125.32,27.40,154.75,125.51,389.93,54.57,312.05,342.27,43.99,361.57,245.91,135.21,100.30,84.60,226.00,31.58,16.75,82.90,153.64,131.92,6.73,88.15,87.79,16.04,127.17,155.06,458.53,215.04,32.68,39.52,44.61,99.74
2023-01-20,135.69,106.60,70.07,237.53,97.25,54.57,31.29,309.87,45.57,460.17,42.97,157.93,61.06,,98.54,97.28,317.03,291.87,125.84,28.18,154.03,125.81,401.33,54.90,315.98,337.38,45.79,369.77,250.58,138.40,100.33,86.48,234.08,34.25,17.82,84.16,153.87,132.43,7.02,88.70,87.90,16.28,133.42,156.94,460.76,218.85,32.63,40.41,45.16,101.56
2023-01-23,138.88,110.98,76.53,235.48,97.52,55.61,31.72,310.42,46.37,472.15,43.63,157.72,62.70,,100.46,99.04,323.80,292.31,126.43,29.19,153.64,127.85,412.70,55.03,313.93,333.62,47.56,372.02,251.24,142.28,100.28,87.28,236.38,35.74,19.17,85.82,153.18,130.65,7.38,88.11,89.66,16.17,143.75,161.63,459.90,218.72,32.33,41.43,45.84,101.03
2023-01-24,140.28,109.85,74.70,234.33,96.32,55.94,31.95,311.30,45.87,471.67,43.91,157.87,63.43,,98.47,96.97,323.05,294.36,126.10,28.85,153.64,128.95,410.34,55.33,315.99,337.70,47.25,373.43,251.49,142.15,99.04,85.83,235.85,36.38,19.25,86.53,154.60,131.37,7.02,88.25,92.66,16.23,143.89,160.60,465.38,218.44,32.98,40.90,45.96,101.98
2023-01-25,139.62,110.78,74.91,231.48,97.18,56.00,32.23,311.90,46.30,470.49,44.07,156.35,63.50,,96.01,94.51,324.26,293.96,125.45,28.64,154.73,129.58,409.83,55.67,313.80,340.95,47.33,375.77,254.70,140.52,99.10,85.94,234.46,36.80,19.30,86.47,155.72,131.28,7.22,90.09,93.16,17.29,144.43,158.79,466.23,219.42,32.90,41.72,45.74,101.44
2023-01-26,141.69,112.36,75.16,229.99,99.22,57.23,32.67,310.95,46.55,477.60,44.40,163.95,63.78,,98.42,96.79,329.21,290.77,119.82,29.02,154.17,130.38,415.79,55.56,316.83,339.28,48.24,370.71,256.30,146.28,97.53,86.72,241.66,36.49,19.78,86.65,154.17,130.75,7.24,90.88,93.39,16.94,160.27,157.93,466.22,219.24,32.85,42.15,45.70,105.51
2023-01-27,143.63,109.37,75.40,228.88,102.24,56.51,32.77,309.17,46.26,482.39,44.55,156.67,65.42,,99.96,98.62,328.03,293.43,119.77,27.15,153.56,130.69,387.29,55.27,312.21,333.51,46.80,367.56,254.20,150.69,96.17,87.04,241.81,36.08,20.34,85.84,153.63,130.21,7.55,90.39,92.78,16.89,177.90,158.97,460.13,225.80,33.15,42.43,46.05,103.59
2023-01-30,140.74,105.19,72.45,227.02,100.55,55.59,32.63,307.33,46.16,482.38,44.29,152.08,63.53,,97.22,96.21,331.52,291.16,120.58,26.95,147.88,129.59,375.95,55.41,312.52,331.95,46.39,364.70,252.73,146.04,96.82,86.93,236.50,35.31,19.14,84.26,153.50,130.62,7.37,90.45,91.95,17.07,166.66,158.17,459.88,223.52,33.49,42.59,45.68,101.75
2023-01-31,142.01,108.39,75.15,227.75,103.13,55.93,32.80,311.52,46.58,489.91,44.70,151.93,63.26,,99.13,98.10,339.26,300.36,120.07,27.25,149.17,130.36,380.61,56.03,318.21,335.51,48.47,364.19,249.47,147.94,98.03,88.17,241.47,35.39,19.52,85.33,154.90,131.89,7.78,90.81,93.01,17.25,173.22,161.90,472.57,224.60,33.91,43.12,46.23,103.95
2023-02-01,143.13,115.70,84.64,222.34,105.15,57.63,33.20,310.57,46.52,496.40,44.61,149.61,64.70,,100.67,99.68,339.17,304.00,120.39,28.03,150.54,130.01,397.37,56.04,318.34,333.97,51.39,367.61,248.42,152.06,97.63,88.95,246.29,36.20,20.92,86.86,155.39,132.64,8.20,91.81,91.68,17.09,181.41,166.37,470.49,225.28,34.01,43.55,46.49,102.81
2023-02-02,148.44,120.80,88.31,222.45,112.91,57.92,33.40,311.86,46.58,502.56,45.30,147.55,65.98,,107.99,106.93,342.66,314.84,121.55,29.11,151.11,129.41,401.73,55.08,319.27,322.40,52.43,368.45,245.57,187.46,94.42,89.87,257.83,36.69,21.69,86.22,153.95,131.69,8.99,90.17,90.32,17.17,188.27,168.76,445.72,223.97,34.13,43.73,46.15,99.59
2023-02-03,152.06,116.64,86.09,221.22,103.39,57.14,33.67,308.51,45.90,494.28,44.66,147.94,64.42,,104.44,103.99,343.10,307.16,122.04,29.24,150.26,131.41,395.92,54.67,311.15,330.57,51.29,367.44,246.52,185.24,93.95,90.07,251.74,36.59,21.08,86.45,153.18,132.10,8.41,89.37,89.88,16.79,189.98,166.54,446.85,224.52,33.86,44.06,45.54,100.28
2023-02-06,149.34,114.42,83.68,220.03,102.18,57.49,33.62,308.43,45.82,495.03,43.69,148.10,64.73,,102.70,102.13,343.89,305.09,121.36,28.00,149.12,132.19,393.32,54.98,310.44,329.19,50.49,366.51,249.96,184.77,94.94,89.59,250.20,36.15,21.07,85.40,155.62,130.98,8.31,88.69,90.96,16.58,194.76,165.36,449.89,223.85,33.68,44.15,45.21,100.11
2023-02-07,152.21,117.17,85.91,220.17,102.11,58.75,33.99,312.97,46.06,495.94,43.94,151.99,64.54,,107.24,106.83,347.23,301.32,121.06,28.35,149.16,133.80,404.22,54.89,324.15,331.15,51.68,368.57,249.42,190.29,96.45,89.88,260.72,36.29,22.15,84.64,155.39,129.70,8.33,89.03,91.17,16.30,196.81,167.64,451.45,225.69,33.08,44.57,45.31,102.97
2023-02-08,149.52,112.72,84.69,216.74,100.05,57.53,33.74,308.48,46.08,483.72,43.13,148.42,64.42,,99.26,98.62,347.88,297.23,121.19,27.56,149.35,132.86,392.30,54.57,321.39,332.18,50.19,363.94,245.20,182.16,97.32,89.64,259.91,36.68,22.18,83.62,155.03,128.36,8.22,88.24,90.97,16.23,201.29,161.25,457.45,224.59,33.06,44.68,45.06,102.07
2023-02-09,148.49,112.85,83.21,216.56,98.24,57.31,33.02,307.21,45.02,480.67,42.92,147.06,63.50,,94.75,94.30,341.28,292.38,120.66,27.07,147.33,130.79,391.53,54.48,319.77,333.21,49.96,364.01,243.19,176.69,97.40,88.82,256.88,36.25,22.31,83.58,156.49,126.95,7.95,88.87,91.15,16.06,207.32,159.87,459.83,224.20,32.48,44.05,45.48,102.46
2023-02-10,148.85,111.58,81.48,218.81,97.61,56.72,32.89,309.89,45.14,480.06,43.41,150.14,63.89,,94.15,93.86,344.34,293.30,122.33,27.13,148.01,131.37,384.95,54.48,319.26,336.46,48.94,360.48,244.83,172.94,99.08,89.17,256.37,34.74,21.24,84.06,159.59,128.07,7.51,89.17,93.72,16.15,196.89,160.60,467.89,222.10,32.64,43.99,46.19,106.78
2023-02-13,151.65,113.29,83.13,219.86,99.54,57.47,32.95,313.74,45.94,486.26,43.96,149.30,64.99,,94.29,93.90,346.88,299.77,123.91,27.87,148.56,132.79,391.78,55.37,321.21,341.61,49.45,364.41,248.36,178.19,99.98,90.07,264.38,35.86,21.77,86.26,161.01,129.75,7.61,90.34,93.68,16.31,194.64,161.44,468.93,223.74,32.89,44.57,46.89,106.36
2023-02-14,151.01,115.15,85.95,219.41,99.70,57.59,32.92,310.79,46.49,483.16,43.81,150.44,65.66,,94.24,93.97,344.80,295.05,122.70,27.95,147.91,133.38,391.42,54.45,321.15,339.93,50.03,363.56,248.74,178.23,99.24,91.09,265.21,36.00,22.95,85.94,159.20,129.02,9.22,88.60,94.43,16.22,209.25,161.11,466.55,224.24,32.90,44.91,46.75,105.12
2023-02-15,153.11,116.14,85.18,218.53,101.16,58.10,32.87,309.63,46.68,490.90,44.50,148.86,66.63,,96.38,96.21,347.17,297.14,123.05,28.16,145.48,133.94,393.49,54.45,319.74,327.66,50.42,363.24,248.69,175.93,98.27,91.34,263.09,36.14,22.74,85.21,159.42,128.72,10.11,88.08,94.51,16.30,214.24,163.08,465.05,223.78,32.94,44.42,47.10,104.80
2023-02-16,151.51,112.18,80.08,213.21,98.15,57.42,32.61,308.18,46.36,484.00,46.83,146.71,66.06,,95.07,94.79,343.33,297.65,121.79,27.52,144.45,132.09,382.18,54.11,311.05,318.91,48.59,361.19,248.01,171.24,97.20,90.20,256.09,35.07,21.98,84.62,158.97,127.03,9.71,87.37,94.06,16.31,202.04,160.87,461.36,220.76,32.50,43.72,46.36,104.49
2023-02-17,150.37,112.23,78.50,218.95,97.20,56.95,32.68,308.24,46.32,487.25,46.63,143.43,65.27,,93.89,93.64,341.76,294.60,121.81,26.95,147.46,132.48,377.40,54.93,309.15,321.19,48.04,354.88,251.89,171.68,99.95,90.14,252.09,34.80,21.37,84.19,159.66,129.69,9.20,88.70,94.56,16.46,208.31,160.18,472.46,218.54,32.81,43.97,47.06,100.48
2023-02-21,146.36,108.18,76.77,216.87,94.58,55.60,31.91,302.72,44.90,481.74,45.64,141.80,64.66,,91.36,91.10,334.91,273.80,118.82,25.44,145.26,130.05,368.08,54.64,312.07,320.32,46.35,349.80,250.55,170.89,99.54,88.43,246.82,33.75,20.63,83.15,159.57,129.60,8.47,87.10,93.76,16.27,197.37,156.01,465.11,215.67,31.98,42.82,47.35,100.38
2023-02-22,146.78,107.59,76.61,214.97,95.79,55.09,31.70,303.16,45.08,477.56,45.29,141.23,65.39,,91.12,90.96,334.70,274.54,118.16,24.86,145.06,129.06,367.50,54.81,317.33,321.85,46.25,348.83,250.63,169.93,99.62,88.11,245.69,33.49,20.73,83.27,159.52,130.15,8.36,86.76,93.63,16.41,200.86,155.13,462.82,215.08,32.05,42.60,46.35,99.08
2023-02-23,147.27,110.03,79.75,216.30,95.82,55.82,31.67,303.07,45.38,473.48,45.20,142.62,65.19,,90.39,90.21,337.16,277.33,117.99,25.00,145.02,130.09,377.84,54.91,319.12,320.33,47.04,349.38,248.90,170.85,100.93,88.72,248.88,32.37,23.64,85.45,159.69,129.73,8.17,86.96,93.33,16.39,202.07,156.98,465.47,216.17,31.43,42.82,45.66,99.99
2023-02-24,144.61,108.47,78.09,212.70,93.50,55.24,31.62,304.02,45.20,469.13,44.53,143.04,65.67,,88.68,88.46,337.44,274.87,117.79,24.54,143.40,131.26,369.55,54.68,334.28,314.58,46.38,347.01,246.00,169.21,100.29,88.50,243.45,31.72,23.26,85.52,159.37,129.00,8.09,85.88,93.31,16.29,196.88,154.53,458.50,214.62,31.60,43.17,45.78,100.00
2023-02-27,145.81,109.21,78.77,213.42,93.76,55.98,31.62,304.66,45.46,467.61,44.76,143.41,65.90,,89.43,89.20,339.00,274.27,117.72,24.30,143.08,132.41,368.81,54.66,331.23,309.67,46.78,349.33,247.03,168.36,99.80,87.60,244.37,32.30,23.48,84.85,159.33,128.89,8.03,85.52,92.88,16.12,207.63,155.99,457.54,215.40,31.72,43.32,45.45,99.82
2023-02-28,145.30,113.18,78.58,210.88,94.23,56.82,31.70,305.18,45.66,464.88,44.47,141.60,66.58,,89.63,89.38,326.13,274.76,116.65,24.33,140.91,133.52,369.09,54.38,334.97,304.39,47.10,349.14,247.64,173.73,96.96,87.42,243.65,32.21,23.19,84.31,157.17,127.42,7.84,84.76,91.88,16.01,205.71,156.64,450.56,215.00,31.66,43.31,45.67,99.24
2023-03-01,143.23,114.27,78.29,215.00,92.17,56.75,31.56,304.62,46.39,459.59,44.40,142.73,66.13,,89.84,89.68,323.40,269.44,115.65,24.72,140.27,132.77,368.08,53.78,336.58,307.28,47.58,347.38,246.52,172.22,97.33,87.13,240.57,31.35,22.68,83.28,155.18,127.51,7.69,84.94,91.83,15.80,202.77,157.30,449.88,213.46,31.25,43.22,45.04,100.12
2023-03-02,143.83,115.42,80.44,213.68,92.13,57.24,31.16,307.75,46.30,466.33,44.57,143.18,67.38,,91.62,91.31,326.08,271.50,116.31,25.57,140.16,131.39,368.05,54.57,338.22,308.14,47.49,349.42,251.07,173.32,97.66,87.04,245.30,31.19,23.29,83.89,158.04,129.62,7.97,85.68,92.73,15.80,190.90,159.04,452.22,214.14,31.34,42.41,45.15,100.58
2023-03-03,148.87,115.92,81.52,213.74,94.90,60.50,31.78,312.45,47.16,456.31,45.26,145.29,67.89,,93.32,92.95,333.55,276.53,116.96,25.77,141.60,133.81,371.18,54.31,348.44,311.44,47.65,355.24,252.48,183.96,97.54,89.07,249.38,31.52,23.87,86.09,157.89,130.56,8.33,86.42,92.75,15.93,197.79,160.50,453.04,218.75,31.21,43.38,45.21,101.86
2023-03-06,151.63,115.51,81.16,214.02,93.75,60.51,31.71,316.97,47.00,463.82,45.39,146.36,68.49,,94.87,94.42,333.51,276.31,117.45,25.37,143.02,133.02,369.37,55.15,344.27,311.96,47.02,360.58,253.96,183.62,101.39,89.12,250.93,31.20,23.53,86.56,158.21,130.01,8.28,87.20,93.21,15.90,193.81,158.10,455.14,221.66,31.12,43.18,45.20,102.76
2023-03-07,149.44,113.40,82.11,208.20,93.55,59.77,30.70,311.12,46.01,465.81,44.92,144.47,67.96,,93.47,93.16,323.26,269.35,115.70,24.92,141.67,129.11,365.22,54.83,340.51,303.81,46.49,353.71,250.66,183.23,101.55,87.02,248.27,30.85,23.27,85.23,157.42,127.42,8.28,86.46,91.96,15.84,187.71,157.20,448.61,218.16,30.93,41.16,44.75,100.77
2023-03-08,150.69,115.62,85.37,207.94,93.92,60.45,30.29,311.37,45.65,466.66,45.11,143.56,68.43,,93.95,93.54,326.26,272.04,115.52,25.36,140.63,128.35,376.90,54.86,341.24,305.68,47.82,352.82,248.97,183.69,98.82,86.87,247.83,31.18,24.16,85.36,157.85,127.44,8.13,86.89,91.23,15.76,182.00,161.00,445.50,217.20,30.62,40.59,44.38,99.30
2023-03-09,148.44,114.05,84.03,205.53,92.25,59.52,28.41,304.82,43.78,460.40,44.83,141.37,72.03,,91.97,91.63,319.54,268.78,113.82,25.81,139.05,121.40,368.21,54.33,332.61,309.90,47.51,348.31,245.50,180.43,98.20,83.52,246.48,29.78,23.42,83.80,156.66,126.50,7.69,86.21,89.85,15.51,172.92,158.46,440.12,215.07,29.82,38.08,44.08,98.53
2023-03-10,146.38,111.47,82.67,207.43,90.73,58.78,28.16,303.63,43.55,452.36,44.60,140.63,71.59,,90.33,89.95,306.07,267.21,113.18,26.57,139.39,124.48,357.54,54.10,328.40,308.11,46.40,341.10,245.88,178.26,98.28,81.57,242.84,29.28,22.95,81.10,156.87,127.08,7.35,85.68,89.92,15.61,173.44,156.81,437.33,211.29,29.92,38.30,44.02,97.32
2023-03-13,148.32,112.88,82.01,212.26,92.43,58.94,26.52,302.88,40.30,453.18,44.46,139.79,69.99,,90.98,90.43,294.71,267.40,113.29,26.30,140.72,122.25,354.93,54.65,323.15,317.37,46.23,338.74,246.86,179.65,96.49,79.71,248.05,29.35,22.95,81.92,158.40,127.96,7.87,84.82,91.29,15.50,174.48,158.87,440.51,209.66,29.81,35.57,44.15,96.20
2023-03-14,150.41,117.27,87.45,209.89,94.88,60.47,26.76,305.33,42.70,462.71,45.05,141.59,71.73,,93.55,93.27,300.91,266.52,112.45,27.34,141.51,125.39,368.74,54.85,330.50,319.89,48.05,346.71,249.51,192.67,98.30,81.50,254.76,29.49,24.04,81.57,158.23,129.54,7.89,84.80,92.09,15.62,183.26,160.55,441.37,213.75,30.09,37.19,44.38,96.56
2023-03-15,150.81,115.45,89.68,213.83,96.20,59.86,26.50,297.88,40.37,466.30,45.06,135.46,70.62,,95.83,95.39,291.61,268.76,111.22,27.73,141.91,119.46,360.27,55.22,319.39,322.24,47.37,342.06,249.92,196.38,98.91,77.35,259.30,30.38,24.21,80.04,161.06,131.38,7.90,83.78,89.76,15.51,180.45,159.33,442.18,211.51,30.23,35.97,44.87,91.75
2023-03-16,153.62,119.69,96.60,213.53,100.04,60.86,26.95,302.01,41.10,467.83,46.03,135.89,72.35,,100.32,99.57,294.32,267.60,112.50,29.46,141.61,121.78,379.33,55.52,326.49,322.30,50.11,341.98,253.89,203.51,98.64,78.82,269.81,31.01,25.52,81.82,160.95,132.36,7.98,83.10,91.87,15.57,184.13,161.83,448.44,212.57,29.84,36.39,44.62,91.22
2023-03-17,152.79,119.47,97.84,209.17,98.95,60.33,25.88,293.51,39.86,467.63,46.10,134.18,71.03,,101.70,100.86,283.53,269.15,111.59,29.10,140.10,117.18,377.23,55.26,318.96,321.96,49.45,343.61,250.73,194.25,95.66,76.26,272.97,30.35,25.70,82.24,159.69,132.40,7.88,82.57,89.69,15.35,180.13,160.53,446.04,212.51,30.01,34.96,44.98,90.15
2023-03-20,155.15,120.87,96.81,213.66,97.71,61.55,25.82,301.06,39.72,469.78,46.79,136.15,70.74,,101.17,100.46,289.12,269.96,113.62,28.46,141.48,118.42,379.36,55.80,326.99,326.28,49.93,343.27,254.05,196.44,97.27,77.58,265.93,30.51,25.88,83.88,161.94,134.43,8.08,83.89,91.35,15.66,183.25,163.68,453.13,213.25,30.54,34.70,45.47,92.50
2023-03-21,157.01,117.32,95.93,212.05,100.61,61.32,26.60,303.85,40.60,471.28,46.54,140.31,72.52,,105.05,104.13,296.36,270.12,114.19,27.78,141.48,121.59,374.62,55.54,329.40,323.81,49.35,348.43,253.55,200.76,96.99,80.40,267.45,30.58,26.18,84.48,162.32,133.46,8.45,83.37,91.80,15.70,197.58,163.00,456.11,216.97,30.79,35.63,45.31,96.65
2023-03-22,155.58,115.82,97.58,209.21,98.70,60.76,25.71,299.73,39.37,468.08,45.43,137.46,70.48,,103.44,102.59,292.99,263.75,111.91,27.46,138.87,118.46,371.50,55.29,327.32,323.71,49.25,344.95,251.36,198.42,95.94,79.31,265.99,29.39,26.45,84.79,160.95,133.38,8.21,81.55,90.58,15.57,191.15,161.09,451.76,215.10,30.44,34.44,45.02,94.43
2023-03-23,156.66,119.64,100.28,212.19,98.71,61.56,25.09,298.37,39.14,468.31,45.67,136.10,72.06,,105.47,104.81,294.09,264.97,111.30,28.33,138.95,118.14,378.26,55.17,329.43,325.34,50.93,348.24,253.00,202.86,95.78,77.76,271.24,32.04,27.17,84.67,160.17,133.19,8.33,79.69,89.92,15.63,192.22,164.71,446.43,217.59,30.49,33.90,45.38,93.37
2023-03-24,157.96,116.48,97.95,216.68,98.13,61.26,25.25,298.92,38.83,475.53,46.39,137.45,71.88,,105.27,104.65,291.96,264.14,113.03,28.66,140.34,116.34,364.90,56.07,332.73,328.75,48.83,345.54,254.60,204.58,96.31,76.05,274.08,32.84,26.76,84.90,163.30,135.91,8.20,80.12,90.33,15.76,190.41,164.00,452.21,216.08,30.72,33.55,45.76,93.48
2023-03-27,156.02,115.83,96.61,215.52,98.04,60.36,26.50,302.14,40.34,473.56,46.42,138.85,73.41,,102.29,101.69,297.53,262.50,116.66,28.48,140.94,119.68,363.88,56.49,335.00,327.26,48.22,348.48,256.96,201.43,98.27,76.67,269.99,32.77,26.51,86.95,163.67,135.19,8.04,81.75,90.77,15.98,191.81,161.76,457.82,216.83,31.04,34.69,46.52,95.53
2023-03-28,155.40,113.43,94.56,217.08,97.24,60.16,26.16,302.32,40.73,467.36,46.28,140.47,73.27,,100.61,100.27,297.44,262.08,116.68,28.59,139.58,120.04,360.95,56.55,335.26,330.24,47.18,348.20,258.84,199.29,96.98,76.89,268.86,32.35,26.39,86.67,163.61,135.57,8.00,83.19,90.67,15.85,189.19,162.16,448.97,215.38,31.00,34.43,46.34,96.72
2023-03-29,158.47,116.79,96.09,219.41,100.25,60.24,26.67,305.30,41.39,471.30,47.00,141.68,74.00,,101.14,100.63,299.57,264.45,117.02,30.76,140.95,120.28,374.70,56.96,337.53,328.50,50.16,353.31,260.34,203.93,96.42,78.12,274.02,33.20,26.96,87.41,164.75,135.99,8.22,83.62,91.51,16.09,193.88,165.40,443.28,218.29,31.39,35.16,46.54,98.38
2023-03-30,160.04,118.99,97.88,219.83,102.00,61.03,26.33,305.08,41.50,471.89,47.24,143.03,73.99,,100.57,100.13,299.97,266.32,116.58,31.32,141.06,119.92,385.29,56.95,339.28,333.21,51.68,353.04,260.66,206.40,97.34,78.00,277.48,33.84,27.36,87.31,164.89,136.58,8.15,85.30,91.20,16.16,195.28,168.32,446.58,217.37,31.54,34.61,47.00,98.86
2023-03-31,162.55,119.69,98.01,220.06,103.29,61.78,26.61,308.77,42.24,477.06,48.02,143.71,75.21,,103.23,102.95,305.54,275.43,118.26,31.89,142.51,121.37,388.34,57.11,343.04,335.88,51.56,357.12,262.37,210.47,97.77,79.53,281.63,34.55,27.75,89.63,166.23,137.73,8.45,85.86,91.73,16.30,207.46,169.94,448.98,220.40,31.73,34.61,47.58,99.01
2023-04-03,163.80,119.20,96.56,222.51,102.41,61.87,26.60,310.31,42.08,477.21,48.04,149.69,76.25,,104.13,103.58,304.99,277.86,119.14,32.10,144.21,121.23,388.17,57.45,345.61,343.04,50.72,360.13,264.75,211.59,100.05,78.95,280.59,34.83,27.94,90.60,166.41,138.49,8.38,86.43,94.21,16.42,194.77,168.25,469.50,223.86,32.00,34.93,47.98,104.85
2023-04-04,163.26,117.05,95.87,225.32,103.95,61.09,26.03,309.07,41.52,477.89,47.95,148.88,74.78,,104.34,103.93,301.38,275.28,118.72,32.31,145.71,119.61,382.20,57.28,345.32,346.84,49.05,357.60,264.88,213.23,100.01,76.84,280.54,34.67,27.43,90.67,165.82,139.16,8.35,86.11,93.21,16.63,192.58,164.82,468.61,222.55,32.35,34.08,47.51,103.85
2023-04-05,161.42,114.32,92.56,230.64,101.10,60.57,25.71,310.39,41.23,477.31,47.95,149.62,74.15,,104.17,103.69,300.33,269.41,119.21,32.04,152.26,119.79,371.26,57.82,343.21,354.29,48.00,358.05,264.63,210.01,102.84,75.93,277.76,34.24,26.86,91.53,167.45,140.11,7.98,87.17,92.51,16.84,185.52,161.89,483.79,223.05,32.72,34.16,48.30,105.63
2023-04-06,162.31,111.53,92.47,230.59,102.06,59.96,25.90,312.51,41.31,466.61,47.44,147.66,73.64,,108.09,107.61,301.14,269.35,117.73,32.02,151.84,119.66,364.50,57.86,344.14,360.21,48.03,355.77,265.45,214.60,103.23,76.26,284.85,33.93,27.01,92.53,168.11,141.00,8.09,87.43,91.99,16.88,185.06,162.73,487.19,220.92,32.74,35.09,48.66,103.88
2023-04-10,159.72,113.52,95.48,228.39,102.17,60.42,25.99,312.62,41.91,474.14,47.50,148.22,74.23,,106.15,105.64,303.53,271.74,118.21,31.74,151.07,120.05,372.29,57.72,346.06,358.95,49.36,354.46,266.29,213.26,103.49,76.09,282.70,33.90,27.56,90.82,167.05,139.83,8.39,87.02,93.31,16.81,184.51,163.92,489.44,221.35,32.63,35.77,48.57,103.42
2023-04-11,158.50,113.41,94.03,228.87,99.92,59.86,26.71,313.70,42.52,478.77,46.84,149.04,73.88,,105.33,104.56,305.79,274.17,117.66,31.57,151.03,120.64,367.66,57.62,345.76,356.05,49.36,358.39,266.94,212.37,103.37,77.08,276.29,33.82,27.15,91.02,166.80,139.56,8.61,87.08,93.40,16.91,186.79,164.33,494.94,223.32,32.72,36.45,48.42,104.15
2023-04-12,157.81,110.27,92.33,227.12,97.83,59.39,26.50,314.55,42.27,469.84,46.37,149.57,74.03,,104.44,103.86,308.47,271.06,115.96,31.25,150.71,120.62,360.10,57.72,346.82,360.95,48.35,356.08,267.71,212.52,104.53,77.42,276.93,33.10,26.47,90.96,166.47,139.94,8.33,87.22,95.09,16.98,180.54,162.21,495.15,222.70,32.51,36.29,48.19,104.04
2023-04-13,163.20,110.57,92.09,228.88,102.40,60.11,26.57,318.05,42.61,478.04,47.01,151.57,74.19,,107.38,106.62,310.23,272.66,115.39,31.36,152.72,121.08,364.24,58.14,349.34,366.92,48.47,363.82,271.25,218.82,106.21,77.62,283.13,34.62,26.44,92.55,168.13,140.58,8.58,88.06,95.24,17.14,185.90,163.64,499.94,227.47,32.61,36.72,48.24,104.53
2023-04-14,162.85,110.02,91.75,227.57,102.51,59.66,27.46,319.74,44.64,471.71,46.77,151.88,75.08,,108.65,108.05,314.71,272.69,115.60,31.13,152.47,130.23,364.87,58.05,347.13,366.51,48.71,366.56,271.16,219.95,105.97,78.55,279.52,33.86,26.74,92.71,167.33,139.87,8.81,87.83,95.24,17.12,185.00,163.52,486.22,228.77,32.53,36.70,47.91,104.78
2023-04-17,162.87,108.93,89.87,225.81,102.74,60.41,28.25,323.79,44.76,474.25,46.53,150.54,76.13,,105.63,105.18,317.28,275.69,115.31,31.37,152.32,131.26,362.02,58.43,349.71,364.18,47.92,366.88,271.47,217.34,105.69,80.88,282.12,33.27,26.98,92.59,168.19,139.92,8.80,88.23,96.58,17.00,187.04,164.50,480.10,228.24,32.72,38.24,48.25,103.56
2023-04-18,164.09,108.43,89.78,224.01,102.30,60.89,28.43,324.63,45.11,477.09,46.55,150.19,77.47,,104.34,103.72,311.89,279.00,115.28,31.07,148.03,132.73,361.14,58.52,352.15,361.79,48.18,366.45,272.98,216.38,105.53,81.39,281.70,33.37,27.64,93.45,168.54,140.07,8.73,89.46,98.03,17.02,184.31,164.74,479.28,228.36,32.29,38.77,48.35,105.59
2023-04-19,165.24,107.52,89.94,224.12,104.30,61.10,27.97,323.09,45.40,476.25,44.45,150.33,77.91,,104.24,103.40,314.68,277.10,113.96,30.40,149.43,132.57,351.46,58.63,352.57,362.34,47.76,366.92,273.31,214.20,104.88,81.94,281.78,32.31,27.91,92.81,168.44,140.09,8.49,89.62,97.50,16.92,180.59,161.78,461.91,227.35,32.01,39.11,48.40,105.25
2023-04-20,164.27,111.47,90.11,221.62,103.81,60.96,27.82,323.82,44.50,485.42,43.10,149.60,78.48,,105.11,104.50,316.38,278.65,114.00,30.12,150.39,132.18,365.52,58.89,354.54,366.58,51.21,369.09,273.06,211.59,104.92,81.92,279.49,32.53,27.08,91.86,168.99,140.61,8.15,85.38,96.33,15.16,162.99,161.36,463.11,229.33,30.84,38.58,48.71,104.41
2023-04-21,162.66,110.56,88.43,221.98,106.96,60.95,27.79,324.33,44.17,486.16,43.52,148.95,78.29,,105.12,104.62,319.13,280.02,113.43,29.57,149.58,131.93,361.88,58.97,353.44,376.79,50.30,369.32,274.05,211.41,106.02,82.54,279.15,32.80,27.10,92.17,169.07,145.47,8.18,86.32,95.77,15.65,165.08,161.73,459.65,228.80,30.95,38.19,48.96,104.75
2023-04-24,162.97,110.71,87.57,222.52,106.21,61.11,27.69,326.05,44.17,491.03,43.85,151.03,78.79,,105.99,105.18,321.28,281.51,113.13,28.95,150.49,132.11,362.22,58.88,355.18,374.94,50.03,368.82,275.12,211.31,106.55,81.71,275.25,32.90,27.02,92.45,169.15,145.73,8.10,86.83,95.97,15.06,162.55,160.70,464.51,227.53,30.77,38.38,49.29,106.72
2023-04-25,161.43,107.78,83.80,222.90,102.57,59.90,26.83,324.34,43.15,483.11,43.57,148.84,77.44,,103.83,103.07,317.10,276.56,113.57,28.19,151.86,129.23,348.05,58.79,354.26,376.39,48.61,362.72,273.54,206.11,107.09,79.77,269.05,32.26,26.22,91.11,172.99,145.77,7.74,87.13,94.69,15.04,160.67,154.76,467.34,224.44,30.93,37.55,48.91,105.21
2023-04-26,161.42,107.49,85.94,217.38,104.98,59.34,26.46,320.53,42.21,474.94,43.07,146.19,75.69,,103.67,102.93,314.37,268.85,113.54,28.35,149.51,126.94,347.67,58.51,352.27,368.01,48.38,360.98,271.90,207.95,104.24,80.11,288.54,32.12,26.93,90.77,171.92,144.08,7.74,86.70,91.49,14.77,153.75,150.25,458.82,223.03,30.62,36.54,48.70,104.24
2023-04-27,166.01,108.83,87.44,218.78,109.82,59.55,26.88,326.23,42.37,481.29,43.08,147.04,77.15,,107.56,106.78,319.08,274.32,114.55,29.14,149.86,128.65,374.21,58.63,352.89,381.78,50.47,367.78,276.55,236.91,105.83,81.76,297.78,32.58,27.20,92.06,172.97,145.85,7.82,87.24,93.10,15.12,160.19,150.99,465.97,223.87,32.17,36.72,48.85,105.49
2023-04-28,167.26,110.14,89.37,218.23,105.45,60.33,27.24,328.55,42.87,483.16,43.72,148.48,77.86,,107.41,106.54,320.80,280.49,114.04,30.32,150.50,129.77,376.06,59.07,356.57,387.17,50.97,374.04,277.52,238.65,106.11,82.21,300.15,32.99,27.73,91.75,174.06,145.76,7.75,88.26,93.57,15.18,164.31,152.76,467.51,227.51,32.20,36.81,48.71,106.85
2023-05-01,167.17,110.07,89.69,217.47,102.05,61.43,27.02,330.17,43.03,473.91,43.81,147.30,79.60,,106.91,106.40,318.12,277.84,113.75,29.57,150.41,132.55,374.00,59.20,359.33,396.90,50.95,373.87,279.23,241.49,106.91,80.34,298.49,32.41,28.89,91.90,174.78,145.94,7.78,87.71,93.98,15.03,161.83,152.28,470.93,227.29,32.10,37.40,48.91,103.54
2023-05-02,166.13,109.30,89.91,214.80,103.63,58.97,26.20,325.86,41.89,475.08,42.90,140.96,79.86,,105.19,104.53,311.39,274.64,112.91,29.06,151.73,130.41,368.19,58.94,357.14,395.33,50.76,370.10,279.69,237.58,108.34,78.84,298.34,31.75,28.19,91.83,175.30,145.81,7.59,85.56,92.61,14.66,160.31,149.78,468.74,221.88,31.24,35.96,48.78,99.41
2023-05-03,165.06,110.40,81.62,208.74,103.65,59.05,25.92,323.22,41.59,470.52,42.53,138.13,80.06,,105.33,104.62,306.98,273.52,111.37,29.92,149.74,127.65,367.91,58.60,350.82,421.73,50.05,368.99,277.02,235.39,108.64,77.44,297.36,31.93,27.78,91.81,175.24,145.62,7.56,84.63,91.01,14.68,160.61,149.24,464.99,220.91,31.50,35.79,48.60,97.45
2023-05-04,163.42,109.58,86.61,211.09,104.00,58.76,25.11,320.00,40.89,471.77,42.29,137.59,78.14,,104.43,103.90,300.08,266.68,110.58,30.62,149.06,125.90,363.11,58.67,348.22,419.04,49.82,370.19,276.96,231.90,107.86,75.48,298.34,32.08,27.54,91.99,176.33,144.95,7.38,83.32,89.85,14.52,161.20,148.28,462.94,220.54,30.97,34.27,48.74,95.74
2023-05-05,171.09,113.10,89.84,215.31,105.66,60.68,25.78,323.88,42.18,480.16,42.80,141.11,78.86,,105.42,104.78,305.46,270.30,111.55,30.37,149.57,128.36,375.20,58.95,353.59,418.42,51.53,378.60,278.31,231.17,108.14,77.56,303.46,32.28,28.66,93.93,177.15,145.44,7.41,84.36,90.46,14.71,170.06,152.66,469.59,226.58,31.37,35.40,49.16,98.13
2023-05-08,171.02,112.79,95.04,213.57,105.83,60.58,25.76,326.14,42.22,480.16,42.88,140.55,79.40,,107.43,106.96,304.98,268.72,111.33,30.16,149.23,128.67,373.12,58.85,352.92,423.22,51.24,379.43,278.40,231.65,108.79,77.14,301.51,33.12,29.13,93.76,176.31,144.76,7.74,84.36,89.49,14.70,171.79,151.19,468.01,227.02,31.37,35.82,49.47,98.52
2023-05-09,169.32,110.93,95.06,213.40,106.62,59.56,25.73,324.87,42.37,481.83,43.00,140.15,79.46,,107.14,106.54,303.36,271.19,110.80,29.50,148.07,128.05,365.56,58.37,351.98,418.98,50.17,376.90,278.37,231.75,107.91,77.09,299.90,33.21,28.55,93.13,177.03,143.27,9.55,84.44,90.17,14.62,169.15,150.07,465.88,228.02,31.16,35.96,49.55,98.54
2023-05-10,171.08,112.46,97.02,213.11,110.19,60.31,25.42,322.99,42.23,480.74,43.22,138.36,78.31,,111.44,110.91,301.28,269.74,111.58,29.37,148.62,128.12,375.90,58.47,356.04,426.35,51.29,376.51,278.29,231.46,108.35,76.50,305.08,33.54,28.86,94.46,177.15,143.57,9.94,83.96,90.20,14.63,168.54,150.11,465.59,226.08,31.21,35.72,49.41,97.28
2023-05-11,171.27,112.51,97.10,211.45,112.18,60.44,25.48,322.64,41.92,482.89,42.91,137.59,78.29,,116.03,115.70,299.57,268.49,110.56,28.28,148.01,127.71,376.06,58.80,354.24,425.99,51.31,377.35,276.62,234.15,108.02,75.50,302.94,34.48,28.55,94.39,178.12,143.91,9.88,83.91,89.49,14.57,172.08,148.38,464.34,226.26,31.18,35.77,49.60,95.52
2023-05-12,170.34,113.13,95.26,212.05,110.26,60.78,25.20,322.49,41.39,484.98,43.22,137.95,77.73,,117.04,116.63,298.43,271.09,112.33,28.37,147.82,125.88,377.75,59.03,357.42,426.00,51.27,375.90,277.88,232.19,107.65,75.28,301.82,33.99,28.32,94.78,178.83,145.37,9.50,83.98,89.91,14.63,167.98,149.03,466.69,226.63,31.17,34.99,49.58,95.51
2023-05-15,169.85,118.02,97.40,212.58,111.20,61.61,25.72,323.53,41.94,483.03,43.58,138.46,80.25,,116.09,115.64,300.84,269.29,112.81,29.20,146.69,126.94,394.47,58.87,355.94,426.08,53.72,377.37,277.66,237.20,106.94,75.79,302.30,33.59,28.93,94.21,177.15,145.42,9.52,83.87,90.58,14.56,166.35,152.15,462.54,228.03,30.49,36.18,49.19,95.69
2023-05-16,169.85,117.83,101.48,207.44,113.40,61.77,25.45,323.75,41.24,477.36,43.42,135.21,79.56,,119.20,118.61,299.66,263.49,112.90,28.64,146.50,126.09,399.06,58.21,353.14,428.18,54.36,374.25,276.02,237.16,106.67,74.80,304.53,33.38,29.19,95.17,176.38,145.17,9.47,82.86,89.41,14.20,166.52,150.42,455.75,225.74,29.90,35.82,48.51,93.37
2023-05-17,170.46,122.49,103.75,206.76,115.50,63.31,26.58,327.39,42.88,476.26,44.07,137.14,81.40,,120.58,119.93,308.41,272.88,114.96,28.29,146.17,129.97,406.89,58.14,352.28,428.98,55.84,380.90,275.37,240.81,105.46,76.67,307.41,34.00,30.15,96.64,175.13,144.55,10.25,82.54,90.45,14.31,173.86,152.22,460.59,227.87,30.00,37.76,48.43,95.46
2023-05-18,172.79,126.60,107.93,206.04,118.15,65.28,26.49,329.76,42.25,479.24,44.60,136.97,81.83,,122.60,121.91,307.85,275.47,115.36,29.09,145.70,130.95,418.35,57.82,355.35,429.39,58.24,385.84,275.92,245.14,104.76,77.20,311.83,37.13,31.65,99.13,174.68,142.17,11.74,81.75,90.60,14.21,176.89,156.34,455.29,228.80,29.96,37.52,49.06,96.33
2023-05-19,172.90,123.71,105.82,205.29,116.25,65.70,26.15,330.39,41.63,477.72,45.46,138.06,82.02,,122.33,121.84,304.65,271.47,116.37,29.33,146.10,130.65,413.54,57.85,358.54,433.80,57.28,379.49,277.33,243.94,106.13,75.14,311.66,36.54,31.24,99.62,174.93,142.77,11.71,82.27,90.60,14.01,180.14,156.61,454.90,228.52,29.90,37.36,48.56,96.78
2023-05-22,171.95,123.32,108.00,205.82,115.01,65.33,26.37,329.13,41.70,473.25,45.18,135.58,82.25,,124.93,124.11,303.50,271.27,116.59,29.68,145.31,129.57,410.78,56.63,353.61,425.57,56.91,378.47,271.51,246.60,105.21,75.17,314.44,36.30,31.15,98.58,170.19,139.03,11.84,82.17,90.15,14.07,188.87,157.30,456.61,226.53,29.82,38.24,48.13,95.60
2023-05-23,169.34,121.31,108.12,206.23,114.99,66.11,26.59,323.11,41.81,466.51,45.26,139.50,80.01,,122.37,121.64,302.24,275.26,117.21,28.92,145.26,128.22,404.80,56.53,341.60,415.00,55.78,367.86,268.72,245.03,104.09,75.51,308.64,35.60,30.66,95.45,169.67,137.53,12.64,82.05,88.66,13.83,185.77,156.27,455.49,219.97,30.05,38.46,48.04,96.90
2023-05-24,169.62,118.93,108.27,203.37,116.75,65.44,26.14,320.20,40.52,464.48,44.80,139.87,79.44,,120.73,119.99,298.72,271.68,114.93,28.42,145.12,127.05,399.15,56.05,342.48,417.51,55.04,362.69,268.29,247.48,104.39,74.21,307.26,36.49,30.51,95.24,168.59,136.39,12.23,81.53,88.27,13.70,182.90,153.81,456.81,217.68,29.75,38.14,47.82,97.99
2023-05-25,170.76,127.47,120.35,199.82,115.00,70.18,26.21,319.02,40.28,468.13,45.37,137.46,79.87,,123.42,122.55,302.53,267.62,115.92,26.85,143.03,127.36,423.90,55.62,344.15,419.02,58.56,364.21,267.92,250.94,103.20,75.84,319.08,35.90,37.95,101.02,167.60,135.52,12.84,80.13,87.76,13.01,184.47,156.16,453.83,218.79,28.88,38.17,47.34,96.23
2023-05-26,173.16,132.93,127.03,199.33,120.11,78.27,26.34,320.60,40.62,488.05,46.14,137.04,80.83,,124.50,123.68,310.12,273.29,117.86,28.42,142.98,128.55,450.20,55.48,343.79,417.53,61.11,368.47,268.41,260.22,102.07,76.66,325.90,37.89,38.91,100.82,167.40,135.53,13.65,80.20,87.89,13.31,193.17,162.30,457.46,220.39,29.03,38.48,47.43,95.60
2023-05-30,175.01,133.42,125.27,200.80,121.66,77.36,26.29,322.19,40.71,488.79,46.42,136.18,80.56,,123.71,122.74,309.02,272.89,118.40,29.39,143.00,129.04,447.79,55.04,342.53,418.95,61.27,361.71,267.35,260.70,100.32,76.22,324.26,39.30,40.08,101.85,165.60,133.46,14.71,79.64,87.48,13.43,201.16,162.54,455.88,217.09,28.94,38.24,47.31,94.75
2023-05-31,174.96,130.23,118.21,202.75,120.58,77.81,25.85,321.08,40.36,492.19,45.96,133.96,79.88,,122.45,121.95,304.85,266.44,117.59,30.81,143.64,127.39,432.43,54.93,341.33,421.13,59.98,359.27,267.53,262.88,101.46,74.70,321.49,39.52,37.80,102.62,166.28,132.82,14.71,79.46,86.84,13.51,203.93,160.08,462.90,216.49,29.55,37.15,47.57,93.06
2023-06-01,177.76,131.73,119.47,196.89,122.77,76.07,26.05,323.12,40.84,493.19,46.03,135.33,82.35,,123.44,122.79,297.79,271.08,118.71,30.51,143.15,129.15,441.74,55.24,344.33,428.02,60.29,365.03,270.12,270.72,101.94,74.99,325.60,40.31,39.74,102.67,167.29,134.19,14.54,79.60,88.67,13.58,207.52,161.86,468.97,221.85,29.62,37.38,47.75,94.13
2023-06-02,178.61,131.53,117.86,200.38,124.25,78.20,26.92,329.48,42.18,493.18,46.29,138.98,83.23,,124.30,123.74,304.61,278.18,121.09,30.68,145.41,131.86,447.14,56.31,349.16,433.75,59.69,367.84,273.48,270.72,103.40,77.07,328.36,40.05,39.29,102.57,169.01,136.57,14.52,81.03,90.55,13.06,213.97,161.33,474.62,224.09,28.68,38.48,48.20,96.32
2023-06-05,177.26,130.65,117.93,203.88,125.30,77.26,26.76,328.58,42.11,498.63,46.46,138.31,81.90,,125.69,125.07,302.88,275.51,121.29,29.26,146.66,130.57,447.13,55.93,351.42,435.64,58.90,364.68,272.09,269.51,103.94,76.51,328.89,40.35,39.14,103.58,169.13,136.03,15.24,79.50,90.24,13.22,217.61,156.75,473.30,222.11,28.58,37.75,48.52,95.89
2023-06-06,176.90,130.86,124.23,203.27,126.61,76.08,27.41,333.41,43.00,496.71,46.09,138.56,82.97,,126.96,126.36,307.58,278.24,121.34,30.34,146.53,130.80,450.01,55.53,348.45,434.47,59.55,373.97,268.42,269.24,101.10,78.45,326.67,39.93,38.62,103.74,166.71,134.68,15.46,80.89,91.83,13.46,221.31,156.84,463.21,223.53,28.78,38.50,48.51,96.68
2023-06-07,175.52,131.90,117.83,203.30,121.23,76.33,27.64,335.42,43.72,491.87,46.06,142.15,83.46,,122.02,121.58,316.00,283.60,122.88,30.66,146.84,132.07,452.70,55.45,350.92,427.90,59.41,365.53,265.93,261.77,99.81,79.04,316.59,39.98,37.45,101.95,165.38,134.97,14.69,81.44,92.91,13.83,224.57,158.35,458.04,220.64,29.24,39.26,48.59,98.84
2023-06-08,178.24,133.06,121.05,202.85,124.25,77.44,27.41,335.95,43.80,500.40,45.97,141.63,83.45,,121.76,121.22,315.74,283.02,122.91,31.18,148.45,132.11,462.56,55.58,350.84,437.01,59.77,361.79,269.59,262.74,101.38,78.86,318.43,40.94,38.48,104.11,167.21,136.50,15.19,81.37,93.38,13.80,234.86,158.56,465.74,218.47,29.38,39.54,49.29,98.53
2023-06-09,178.62,132.99,124.92,201.01,123.43,77.48,27.45,335.29,43.99,497.69,45.95,141.29,83.63,,121.96,121.31,316.26,279.51,123.73,30.71,148.22,132.37,454.55,55.68,349.44,437.39,59.00,363.40,270.54,263.11,101.74,78.77,319.93,42.00,38.74,106.41,167.44,136.61,15.02,81.74,93.62,13.70,244.40,157.05,468.96,218.97,29.42,39.31,49.59,97.80
2023-06-12,181.42,136.79,129.19,199.73,126.57,82.37,27.32,333.60,44.12,501.24,46.71,139.93,83.57,,123.42,122.71,319.52,282.81,124.75,32.41,148.12,132.36,464.10,55.44,350.65,436.67,61.04,369.39,272.22,269.17,100.96,79.89,324.88,42.40,39.45,112.78,167.03,135.54,15.65,81.80,93.70,13.68,249.83,160.23,467.98,221.52,29.53,39.04,49.91,96.92
2023-06-13,180.94,138.52,124.53,203.98,126.66,81.96,27.57,336.39,44.34,502.25,47.01,140.98,83.97,,123.50,122.90,322.35,282.07,125.83,33.23,148.90,133.32,468.45,55.66,361.55,437.07,61.01,365.52,272.20,269.44,101.08,80.66,327.27,43.57,40.99,113.02,166.69,135.21,16.00,82.37,93.95,13.59,258.71,163.33,466.76,218.81,29.42,39.80,50.30,96.94
2023-06-14,181.57,137.92,127.33,204.25,126.42,85.34,27.31,335.90,43.93,507.24,47.16,139.71,82.37,,123.45,122.74,318.51,281.73,125.46,34.87,149.66,132.82,469.08,56.04,362.56,439.03,61.45,368.85,272.09,271.45,100.52,80.39,330.26,44.09,42.97,118.44,168.19,136.48,15.91,82.16,91.28,13.60,256.79,163.07,436.89,218.85,29.63,39.27,50.81,95.77
2023-06-15,183.61,136.88,124.24,209.91,127.11,85.07,27.54,339.82,44.22,509.14,48.05,140.77,82.93,,124.85,124.15,319.76,283.90,126.56,35.10,151.67,134.32,461.31,56.81,364.63,445.12,60.57,373.06,276.03,279.87,101.21,81.37,340.79,44.53,42.62,122.58,170.52,138.37,16.60,83.63,92.36,13.77,255.90,163.96,444.43,221.52,30.22,39.53,51.09,96.44
2023-06-16,182.53,135.73,120.08,211.03,125.49,83.60,27.37,338.31,43.89,503.82,48.18,139.87,83.62,,123.14,122.60,318.41,282.36,125.72,35.64,152.13,134.48,453.81,57.21,363.51,439.02,59.75,370.59,277.06,279.05,101.13,80.49,335.14,43.20,42.66,121.53,170.83,139.39,16.30,83.77,92.11,13.79,260.54,162.73,437.37,224.21,30.24,39.36,50.38,95.75
2023-06-20,182.62,135.33,118.93,210.05,125.78,83.59,27.07,338.67,43.36,500.02,47.70,136.68,81.83,,122.93,122.18,311.27,283.32,124.33,34.30,152.04,133.80,453.38,56.83,357.11,443.18,59.91,368.71,276.43,282.36,101.97,79.25,330.95,43.47,43.78,118.21,170.16,138.10,15.79,83.71,92.08,13.55,274.45,160.52,447.77,221.82,29.70,39.09,49.93,93.55
2023-06-21,181.58,133.52,112.11,208.62,124.83,82.06,26.79,338.61,43.18,499.94,47.05,137.75,82.64,,120.36,119.65,305.95,282.66,122.25,32.24,151.81,133.60,445.55,56.99,359.02,444.21,59.09,370.21,277.83,279.69,102.84,78.89,326.56,42.44,43.01,118.27,170.27,139.29,14.64,85.06,93.37,13.41,259.46,156.95,454.79,222.58,29.71,38.87,50.03,94.60
2023-06-22,184.58,135.72,110.70,211.03,130.15,81.56,26.22,336.96,42.47,504.35,47.30,135.76,82.46,,122.95,122.23,300.78,283.11,119.95,32.06,153.42,131.03,456.24,57.38,360.95,448.80,60.46,371.84,276.68,282.90,105.20,77.21,332.58,42.25,42.99,116.80,172.03,139.77,14.05,85.61,91.34,13.38,264.61,158.93,456.98,223.70,29.73,38.32,50.45,94.08
2023-06-23,184.27,132.94,110.01,208.69,129.33,79.59,26.02,335.25,41.91,504.58,46.57,134.61,81.65,,122.10,121.42,296.20,282.76,118.36,32.34,153.29,130.34,446.06,56.78,358.96,449.94,59.37,373.82,273.48,286.73,106.02,76.37,327.98,42.40,42.18,114.92,170.85,138.38,14.03,86.15,91.33,13.27,256.60,154.37,455.03,224.83,29.45,37.90,50.35,93.26
2023-06-26,182.88,136.58,107.51,206.50,127.33,79.54,26.34,334.12,42.11,503.60,46.46,136.97,82.17,,118.20,117.45,293.99,289.41,120.10,32.67,151.57,130.66,447.62,56.80,359.08,443.98,60.50,371.47,272.71,276.54,104.61,76.38,321.70,41.59,40.60,113.12,169.77,138.52,13.94,86.57,90.99,13.42,241.05,155.36,456.99,221.65,29.95,37.88,50.22,94.98
2023-06-27,185.63,143.18,110.39,204.55,129.18,82.14,26.48,335.34,42.26,510.25,47.06,136.55,82.54,,118.12,117.44,295.01,294.91,121.02,33.42,151.26,130.67,465.56,56.68,363.96,455.49,63.31,375.77,274.79,285.06,104.83,77.14,327.54,41.71,41.85,114.15,170.99,139.83,14.61,86.39,90.97,13.60,250.21,162.32,460.33,222.67,30.31,38.18,50.04,95.22
2023-06-28,186.81,140.71,110.17,203.36,129.04,82.09,26.32,334.15,42.10,512.63,47.07,137.78,84.22,,120.18,119.28,295.21,288.12,120.49,32.90,150.95,130.10,463.12,56.15,363.20,449.80,62.63,374.24,275.21,283.31,104.02,76.74,328.80,42.98,41.09,112.88,168.68,139.81,15.28,86.06,90.35,13.55,256.24,161.08,452.60,223.28,30.54,37.91,50.31,95.99
2023-06-29,187.14,140.91,111.24,203.22,127.90,83.51,26.88,336.91,42.16,511.56,47.39,138.96,84.76,,119.12,118.21,304.09,289.35,122.59,32.25,152.01,134.64,465.85,55.68,367.29,455.48,62.46,381.56,277.78,279.58,105.04,77.88,328.01,42.82,40.79,114.09,168.84,139.24,15.20,87.40,92.17,13.72,257.50,162.76,454.49,229.51,30.68,39.61,49.97,97.18
2023-06-30,191.46,141.21,113.91,204.01,130.36,83.98,26.90,341.00,41.93,517.99,47.88,139.95,86.42,,120.07,118.80,303.57,292.00,122.36,32.77,153.33,136.53,473.46,55.87,369.12,459.88,62.70,387.10,281.50,284.99,106.75,78.03,333.39,44.05,42.27,115.36,170.07,141.44,15.33,87.33,92.32,13.70,261.77,165.74,458.50,232.60,30.84,39.83,50.91,97.68
2023-07-03,189.97,142.12,115.82,206.76,130.22,84.85,27.38,342.00,42.57,520.55,47.95,139.82,85.19,,119.66,119.00,307.40,291.42,122.24,32.95,151.32,137.63,473.26,56.20,366.29,452.47,63.49,387.75,278.13,284.04,105.77,78.95,330.89,44.14,42.38,113.48,170.42,142.15,15.52,88.10,92.73,13.84,279.82,165.50,455.87,233.08,30.92,40.50,51.24,97.87
2023-07-05,188.86,138.98,113.95,207.56,130.38,83.44,27.27,341.56,42.62,520.64,48.03,139.02,85.48,,121.72,120.84,301.23,292.15,122.76,31.86,150.81,136.71,456.76,56.62,355.72,456.67,61.31,388.51,280.08,292.33,105.19,78.51,331.05,44.59,42.29,112.33,171.32,141.90,15.70,87.18,92.58,13.80,282.48,162.52,449.52,234.53,31.08,40.57,51.21,97.37
2023-07-06,189.33,137.15,113.48,204.89,128.36,82.10,26.52,341.46,41.33,517.02,47.65,135.97,84.47,,120.03,119.21,294.59,283.90,120.85,31.33,149.69,135.36,450.54,56.18,353.09,454.22,60.57,387.50,278.21,289.96,103.38,76.14,334.10,43.88,42.07,111.83,171.34,141.67,15.13,87.23,92.41,13.63,276.54,160.95,447.74,233.97,30.79,40.02,50.89,93.73
2023-07-07,188.22,136.36,113.17,200.91,129.78,81.98,26.75,340.90,41.65,505.17,47.54,137.16,85.18,,119.25,118.58,296.63,284.64,120.78,31.21,147.52,136.42,444.96,55.44,353.07,443.31,60.26,383.11,275.55,288.51,100.84,76.17,330.14,43.81,42.47,111.02,168.11,138.70,15.34,87.41,91.81,13.65,274.43,159.92,440.32,231.59,30.31,39.91,49.72,93.95
2023-07-10,186.17,137.32,113.58,206.50,127.13,84.98,26.88,341.13,41.59,507.06,47.92,138.08,87.02,,116.00,115.58,297.86,291.66,121.53,32.09,147.76,137.19,456.51,55.02,356.02,444.37,61.22,386.54,277.80,292.06,101.73,76.20,324.86,44.17,42.15,110.79,169.23,138.75,16.30,87.45,91.87,13.35,269.61,165.20,441.72,233.27,29.66,39.49,50.17,95.35
2023-07-11,185.65,134.39,111.32,205.70,128.78,85.39,27.21,343.37,42.37,509.59,48.60,140.63,87.56,,116.83,116.26,302.01,294.84,122.94,32.63,146.94,139.34,448.53,55.22,355.33,430.87,60.41,392.09,278.04,296.22,100.56,77.63,325.49,44.02,42.37,111.67,168.94,138.03,16.49,88.21,92.39,13.31,269.79,164.63,441.57,235.61,29.54,39.88,50.09,96.51
2023-07-12,187.32,135.69,114.58,207.37,130.80,86.16,27.53,345.35,43.15,517.63,47.31,141.98,87.55,,118.73,118.04,307.20,298.47,121.48,33.30,146.43,140.03,454.96,55.52,362.84,432.05,60.72,394.94,278.86,307.19,99.42,78.37,330.12,44.40,43.87,112.78,168.19,138.74,16.59,88.57,91.25,13.22,271.99,167.90,430.89,237.23,29.43,40.37,50.22,96.98
2023-07-13,188.08,139.36,115.92,209.19,134.30,86.20,27.82,343.54,43.42,518.06,48.05,140.09,87.61,,123.90,123.61,309.35,295.72,122.46,33.19,147.11,140.71,464.48,55.99,365.31,426.27,62.26,394.81,278.49,311.24,98.36,78.77,335.46,45.04,45.94,114.17,172.19,138.84,16.74,89.90,91.58,13.22,277.90,168.59,427.13,238.31,29.24,40.79,49.92,95.21
2023-07-14,188.23,139.45,115.94,208.98,134.68,86.03,27.30,341.09,41.66,526.00,46.97,136.59,86.82,,124.76,124.48,307.00,297.51,121.99,32.49,148.09,141.56,463.47,56.50,366.70,440.74,62.28,396.74,278.23,306.73,99.30,78.38,337.99,44.19,45.44,115.94,172.82,139.86,16.40,89.02,90.63,12.68,281.38,166.50,458.05,238.16,28.71,40.65,50.09,91.93
2023-07-17,191.48,142.15,118.32,209.36,133.56,88.13,27.57,344.25,42.13,532.02,47.37,136.47,87.50,,124.13,123.72,307.95,297.09,122.76,33.68,147.35,144.97,478.69,56.42,370.12,438.47,64.38,396.43,277.98,308.47,97.66,78.92,338.47,45.01,46.43,115.57,170.45,138.87,17.40,88.52,90.77,11.83,290.38,168.85,461.78,238.98,26.56,41.75,50.16,92.33
2023-07-18,191.23,141.18,117.93,213.70,132.83,87.46,28.79,345.34,42.82,532.63,47.77,136.74,87.44,,123.16,122.83,317.43,297.75,123.78,33.81,147.34,145.23,472.52,56.19,372.21,442.45,63.98,392.45,277.17,309.89,98.02,84.01,351.94,47.48,47.46,117.39,169.37,139.13,18.08,87.99,90.25,11.76,293.34,169.10,476.97,235.82,27.24,42.55,50.07,91.91
2023-07-19,192.58,138.51,116.43,213.22,135.36,87.26,29.57,342.43,43.28,533.13,48.88,137.58,86.52,,121.87,121.11,320.52,300.31,123.89,33.77,147.04,145.79,459.37,57.19,362.95,444.76,62.43,392.56,277.46,313.82,98.02,85.12,347.62,47.76,47.04,115.37,171.03,140.09,18.05,88.36,90.07,12.75,291.26,169.10,480.50,236.46,28.68,43.17,50.08,92.55
2023-07-20,190.64,130.95,110.25,214.31,129.96,86.00,29.72,346.61,43.18,535.87,48.83,139.10,87.58,,118.64,118.31,330.22,299.94,126.54,32.70,155.97,147.59,439.37,57.88,369.62,454.82,60.03,392.35,280.29,300.42,100.34,85.71,339.59,43.74,45.49,112.64,173.82,141.22,17.13,87.84,91.57,12.82,262.90,165.64,481.01,234.70,28.40,43.98,51.01,94.18
2023-07-21,189.46,133.26,110.95,215.77,130.00,86.82,29.99,345.76,42.85,536.74,49.07,141.14,86.86,,119.41,119.12,331.26,301.24,127.05,33.34,157.65,146.45,447.63,57.93,372.47,453.08,60.82,391.79,278.86,292.22,102.12,85.90,336.55,42.75,44.28,114.36,174.61,143.44,16.43,87.24,90.84,12.90,260.02,169.69,483.20,234.33,28.60,42.89,51.30,94.62
2023-07-24,190.26,135.16,110.61,216.32,128.80,87.29,30.62,349.63,43.40,542.58,49.52,143.92,86.80,,120.97,120.62,337.82,305.60,127.60,32.96,158.48,149.34,449.99,57.95,372.62,450.41,62.33,398.98,278.58,289.59,100.64,86.50,337.86,42.84,44.58,114.77,175.31,143.90,16.32,87.33,91.43,13.07,269.06,169.30,485.25,235.79,28.68,43.32,51.60,96.10
2023-07-25,191.12,136.83,113.00,216.22,129.13,88.87,30.15,347.58,42.88,543.79,49.98,144.58,92.24,,121.88,121.29,333.84,305.62,128.33,33.42,159.69,148.22,455.00,57.75,378.77,448.66,63.42,395.52,275.79,292.43,99.48,86.27,343.61,42.77,45.65,114.65,175.71,144.24,16.55,86.95,82.09,12.94,265.28,171.31,487.40,233.79,28.90,42.44,51.56,96.25
2023-07-26,191.99,135.82,110.09,216.13,128.15,86.46,30.39,349.80,43.25,544.73,49.62,143.49,90.32,,128.69,128.30,336.53,309.81,129.00,33.67,159.99,149.11,446.94,58.49,376.03,444.79,62.65,396.64,275.22,296.50,99.12,85.47,330.68,42.27,45.42,112.27,175.93,144.39,16.43,87.88,81.33,13.02,264.35,162.03,484.60,232.23,28.99,43.34,51.74,95.71
2023-07-27,190.72,142.77,111.10,216.90,128.25,86.50,29.96,349.31,43.60,540.56,49.42,142.00,90.87,,128.90,128.43,333.66,309.93,130.74,33.86,160.89,147.46,470.85,57.93,372.56,446.16,68.46,388.84,278.46,309.55,97.39,84.75,323.78,41.32,45.87,113.15,173.11,142.68,16.15,88.19,80.27,12.68,255.71,163.62,481.96,229.62,28.32,42.71,51.55,96.01
2023-07-28,193.30,148.43,112.96,217.19,132.21,87.11,29.91,349.81,43.18,541.99,48.57,141.30,90.06,,132.02,131.59,332.45,311.49,131.18,36.09,161.63,148.31,498.83,57.97,376.51,449.59,70.35,387.32,277.37,323.22,98.38,84.44,331.26,42.58,46.72,112.75,174.75,146.71,17.81,89.34,82.31,12.63,266.44,165.37,479.75,230.91,28.73,43.06,51.80,94.86
2023-07-31,193.91,148.10,114.40,215.15,133.68,87.00,30.01,351.96,43.40,539.44,48.52,145.56,89.94,,132.12,131.72,334.94,313.81,131.85,35.06,155.19,149.30,501.70,57.46,378.41,445.73,70.08,388.62,276.58,316.39,98.66,84.43,328.87,43.90,46.70,113.95,172.13,146.61,19.84,89.21,82.87,12.69,267.43,166.88,483.05,232.85,28.77,43.08,51.78,97.67
2023-08-01,193.08,149.12,117.60,213.29,131.69,89.07,29.65,352.26,42.87,534.44,49.10,144.35,89.14,,130.91,130.56,336.68,312.14,131.07,35.08,156.45,148.56,502.02,57.31,376.44,444.30,69.82,391.38,274.58,320.47,97.40,83.86,329.28,43.86,46.47,114.61,171.54,146.56,19.99,87.90,82.91,12.50,261.07,165.37,481.49,234.85,28.22,42.66,51.54,97.10
2023-08-02,190.09,143.94,109.35,211.72,128.21,86.39,29.25,351.19,42.17,531.44,49.02,142.06,88.15,,127.68,127.42,330.45,308.79,131.84,33.70,157.39,146.88,487.66,57.48,371.74,445.66,66.90,384.43,273.21,312.13,97.78,82.37,320.62,42.97,44.24,112.48,172.91,146.88,18.97,87.62,80.54,12.54,254.11,159.87,481.55,232.68,28.13,42.09,51.57,95.89
2023-08-03,188.70,144.41,113.15,211.98,128.91,85.68,29.45,353.81,42.08,536.57,49.56,142.01,88.46,,127.81,127.49,332.39,310.06,132.09,34.17,158.07,147.78,490.36,57.19,368.80,440.45,67.63,387.37,274.53,311.02,97.81,82.20,319.80,43.10,44.48,111.35,171.82,147.26,18.71,87.16,79.80,12.32,259.32,159.28,481.61,233.86,27.91,42.46,51.58,97.56
2023-08-04,179.64,142.31,115.82,223.54,139.57,85.35,29.35,349.99,42.11,531.14,49.07,141.69,89.01,,127.58,127.15,332.44,306.84,131.90,34.56,156.59,147.46,484.63,56.32,365.96,440.77,67.34,385.74,270.76,308.57,97.14,81.88,320.90,43.16,44.65,111.24,169.50,145.65,18.20,86.07,79.68,12.24,253.86,156.16,479.57,234.08,27.54,42.18,51.29,97.83
2023-08-07,176.54,146.92,116.81,232.42,142.22,86.85,29.90,362.58,42.22,537.27,49.42,142.20,90.33,,130.96,130.54,334.65,309.42,133.68,34.65,160.35,148.16,494.37,56.77,372.89,445.27,68.80,391.18,274.89,314.36,98.14,82.15,323.18,44.08,45.38,112.86,171.61,147.19,17.99,86.97,80.55,12.25,251.45,156.65,487.22,236.55,27.46,42.38,51.98,97.63
2023-08-08,177.48,144.60,113.23,239.64,139.94,85.50,29.32,363.73,41.60,535.06,49.47,141.99,89.40,,130.86,130.41,327.78,308.14,133.43,34.44,160.42,147.33,486.75,56.52,369.80,511.48,67.88,387.55,273.17,310.47,98.44,81.58,319.20,43.83,44.63,112.01,169.36,147.35,17.04,86.91,81.25,12.40,249.70,154.58,482.56,234.37,27.49,41.83,52.04,98.11
2023-08-09,175.89,141.82,110.47,238.28,137.85,82.36,28.94,358.02,40.94,538.51,49.41,142.18,88.31,,129.18,128.69,322.53,308.52,131.80,33.72,160.32,145.36,482.67,56.65,367.65,516.02,66.91,388.02,271.90,303.09,98.15,80.74,315.46,42.89,42.52,109.94,168.94,147.16,15.25,86.89,82.72,12.47,242.19,155.08,478.98,234.83,27.61,41.12,52.12,99.78
2023-08-10,175.67,141.28,110.23,240.80,138.56,81.60,29.01,356.98,40.85,540.23,49.76,143.04,89.41,,129.24,128.72,320.38,309.63,132.50,34.11,159.49,145.14,484.46,56.52,370.32,511.23,66.95,391.44,271.30,303.62,97.66,80.82,316.15,43.00,42.36,109.83,168.72,146.43,15.41,86.64,81.26,12.39,245.34,155.35,480.29,235.67,27.87,41.07,52.09,100.29
2023-08-11,175.73,135.63,107.57,241.21,138.41,80.33,29.34,358.35,41.06,541.64,50.15,145.99,90.22,,129.20,128.59,320.69,311.24,132.38,34.32,161.04,145.98,467.56,56.75,369.84,518.03,63.59,389.31,272.26,299.55,99.39,80.87,314.27,42.17,40.83,109.90,168.99,147.28,15.41,86.03,81.84,12.56,242.65,154.09,484.61,235.55,28.16,41.13,52.40,101.85
2023-08-14,177.38,138.62,111.98,239.80,140.57,82.69,29.00,358.48,40.63,540.21,50.24,145.89,90.97,,130.85,130.35,317.87,310.15,131.26,35.09,160.66,146.28,480.49,56.48,370.18,528.69,65.07,392.86,272.44,304.07,100.75,80.53,317.24,42.78,43.72,112.34,168.60,146.13,15.72,85.75,81.46,12.47,239.76,158.06,487.40,238.36,28.33,41.14,52.01,101.93
2023-08-15,175.39,136.85,111.35,244.43,137.67,81.57,28.08,354.50,39.81,537.36,49.74,141.63,89.63,,129.30,128.81,312.67,312.21,131.23,34.20,160.20,142.56,473.29,56.10,367.47,537.16,63.97,388.79,271.96,299.86,100.52,79.45,315.10,42.37,43.91,114.01,166.52,145.19,15.37,84.66,80.73,12.36,232.96,155.90,483.35,235.34,28.08,40.19,51.74,99.31
2023-08-16,174.52,135.07,107.19,243.52,135.07,80.64,27.47,354.11,39.28,537.88,49.38,141.08,89.41,,128.15,127.73,309.75,313.05,130.09,32.98,159.69,141.95,463.96,56.11,365.94,536.79,63.03,388.71,269.23,292.25,100.59,79.30,314.34,41.54,43.45,112.12,166.39,143.71,15.45,84.09,80.24,12.33,225.60,153.64,480.37,234.81,28.09,39.71,51.77,97.64
2023-08-17,171.98,134.42,104.44,244.41,133.98,80.07,27.46,353.19,39.12,526.39,51.03,143.45,87.36,,129.49,128.95,308.26,307.64,130.11,32.04,161.19,140.48,462.93,56.23,364.55,528.36,63.26,386.99,265.89,283.11,100.76,79.11,310.88,40.30,43.31,111.67,163.86,142.68,14.15,83.56,80.81,12.25,219.22,153.68,471.21,232.93,27.91,39.94,50.61,99.53
2023-08-18,172.47,139.37,105.45,242.53,133.22,79.95,27.30,352.56,38.92,524.31,51.32,144.48,88.01,,127.16,126.50,305.82,307.73,130.80,32.21,159.78,140.80,467.84,56.55,363.33,536.98,63.68,386.55,265.77,281.29,101.02,78.28,310.49,40.45,43.27,113.21,163.61,143.08,14.40,84.42,81.42,12.28,215.49,154.36,475.48,233.72,28.01,39.97,51.34,101.04
2023-08-21,173.80,145.34,108.22,241.49,134.68,83.76,27.34,352.09,38.76,522.64,51.69,143.99,88.19,,127.97,127.41,303.12,304.61,131.61,32.59,155.02,141.28,480.32,56.06,365.64,540.53,65.27,387.56,264.17,287.89,101.43,77.69,315.79,40.83,46.93,113.33,162.57,142.36,14.50,84.39,81.16,12.33,231.28,155.71,474.76,234.98,27.86,39.96,51.20,99.82
2023-08-22,175.18,144.45,105.66,238.64,134.25,82.85,26.67,350.57,37.79,517.98,51.71,142.81,87.91,,128.72,128.11,300.04,305.01,130.88,32.35,153.79,138.35,476.41,55.72,365.74,544.08,65.04,392.13,264.43,285.60,99.20,76.52,316.36,41.32,45.63,113.28,161.33,142.41,14.67,84.12,80.98,12.47,233.19,154.93,469.66,236.07,28.03,39.03,51.04,99.26
2023-08-23,179.02,144.91,109.43,238.40,135.52,84.86,26.68,354.26,37.85,520.38,52.19,143.00,89.33,,132.22,131.38,303.37,306.52,132.65,33.42,152.41,139.29,483.85,55.92,366.48,543.79,66.14,395.31,265.90,292.20,102.96,76.90,320.81,42.76,47.08,114.55,163.55,143.74,15.30,84.38,81.65,12.38,236.86,157.45,466.90,237.77,28.02,39.13,51.39,98.39
2023-08-24,174.34,139.54,101.80,237.71,131.84,82.72,26.84,354.30,37.85,512.54,51.50,141.82,87.42,,129.45,128.81,301.14,303.23,132.78,32.05,152.93,139.16,466.31,55.77,366.08,538.52,63.97,391.97,266.35,284.76,101.25,76.94,313.91,40.69,47.13,109.75,162.69,143.08,14.14,84.17,80.81,12.37,230.04,153.52,465.62,234.99,28.18,38.96,51.00,97.65
2023-08-25,176.54,141.34,102.25,237.49,133.26,82.47,26.73,355.93,37.99,514.76,51.93,142.88,88.15,,129.72,128.91,301.32,303.49,134.45,32.70,155.12,138.99,471.53,56.03,369.62,544.07,64.40,397.11,268.45,283.52,101.96,76.74,316.87,41.60,45.98,112.82,164.75,144.02,14.53,85.05,80.37,12.33,238.59,155.58,466.59,238.03,28.15,38.78,51.30,99.40
2023-08-28,178.10,142.38,102.61,237.65,133.14,83.36,26.97,355.55,38.07,516.86,52.40,143.86,89.72,,130.81,130.03,306.80,306.35,135.07,33.07,153.29,139.47,476.19,56.18,370.08,544.34,64.99,401.60,267.60,288.25,100.77,77.81,317.57,41.81,46.80,113.57,165.51,144.24,14.64,85.78,81.37,12.42,238.82,156.40,468.65,239.27,28.32,39.39,51.59,100.23
2023-08-29,181.99,146.84,105.92,240.51,134.91,86.16,27.35,358.29,38.43,523.20,52.73,143.63,90.80,,134.48,133.56,312.99,309.62,135.46,33.75,153.31,140.60,487.33,56.13,374.71,544.32,66.78,405.75,267.52,295.92,101.75,78.89,322.19,43.00,48.75,117.28,166.13,144.33,15.40,86.11,81.00,12.91,257.18,158.25,470.13,240.75,29.28,39.50,52.03,100.83
2023-08-30,185.48,147.79,106.59,238.88,135.07,86.38,27.23,361.06,38.11,522.71,52.97,143.83,90.00,,135.91,134.86,311.83,312.77,135.84,33.96,152.77,140.04,487.75,56.10,374.94,538.51,66.96,407.97,268.13,293.05,101.96,78.62,322.57,43.47,49.23,117.74,166.27,144.49,16.33,86.56,82.02,12.88,256.90,156.90,468.89,241.63,29.24,39.07,52.40,101.81
2023-08-31,185.69,149.57,105.72,237.45,138.01,89.35,27.11,360.20,38.04,529.48,53.47,144.66,90.11,,136.33,135.15,311.01,312.46,135.81,34.56,150.86,138.31,491.24,55.51,374.89,544.61,68.51,406.72,266.64,293.84,100.82,78.52,321.56,43.37,49.32,117.03,164.52,144.77,14.98,85.94,81.65,12.93,258.08,155.81,454.63,241.09,29.53,38.83,52.86,102.10
2023-09-01,187.27,150.77,109.45,237.80,138.12,84.47,27.40,362.46,38.32,524.63,53.93,147.53,89.94,,135.78,134.64,310.71,315.09,136.84,36.01,149.74,138.77,496.28,55.02,377.95,547.47,68.46,409.61,266.44,294.32,101.61,79.08,322.44,43.99,48.47,117.55,162.12,144.93,15.18,85.60,81.88,12.81,245.01,157.45,454.30,243.47,29.43,39.17,52.52,104.23
2023-09-05,187.50,150.40,110.78,235.29,137.27,84.44,27.09,360.47,38.10,525.09,53.39,149.47,88.87,,135.69,134.75,307.25,310.08,137.02,36.11,149.92,137.24,501.69,54.57,370.85,548.53,68.35,405.60,264.76,298.07,99.46,78.24,327.24,44.87,48.51,120.52,161.04,142.98,15.21,84.55,80.71,12.66,256.49,157.37,458.66,240.75,28.95,39.07,52.10,104.24
2023-09-06,180.79,149.98,109.28,230.66,135.36,84.45,26.84,361.67,38.11,526.98,53.29,149.62,88.71,,134.36,133.45,304.76,308.39,136.95,36.37,147.43,137.01,502.59,54.53,372.49,550.26,67.91,407.25,261.23,297.09,98.51,77.61,326.58,44.58,47.03,120.86,161.57,142.70,15.30,83.69,79.25,12.77,251.92,155.80,454.97,241.56,28.85,38.58,52.49,105.14
2023-09-07,175.50,145.13,106.59,235.65,137.85,82.97,26.60,361.80,37.52,528.84,52.95,149.63,88.01,,135.19,134.25,305.55,310.68,136.45,37.55,149.32,135.84,486.65,54.12,375.73,563.31,66.00,408.67,263.97,296.60,99.86,77.31,323.67,44.31,46.21,121.59,163.11,144.06,15.21,83.45,80.03,12.77,251.49,152.71,462.48,242.52,28.54,38.02,53.14,104.63
2023-09-08,176.12,144.45,106.09,240.31,138.23,83.02,26.82,363.15,37.39,531.32,52.84,150.14,87.96,,136.18,135.36,308.93,310.96,136.60,37.38,149.81,135.94,487.19,54.12,375.91,576.31,65.24,408.89,264.81,295.82,100.88,78.31,327.94,44.28,45.54,122.79,162.99,143.44,15.13,83.80,79.22,12.59,248.50,152.66,460.41,242.67,28.24,38.56,53.23,106.15
2023-09-11,177.28,143.64,105.32,242.44,143.10,83.18,26.93,365.52,37.39,538.64,53.00,147.05,89.96,,136.71,135.89,308.10,310.64,137.25,37.96,151.77,136.54,483.69,54.63,378.38,585.26,64.73,410.71,265.33,305.43,100.47,77.01,331.54,44.54,45.15,123.17,165.45,145.15,15.79,84.57,72.98,12.69,273.58,153.75,459.08,242.60,28.65,38.87,53.42,104.82
2023-09-12,174.26,140.96,105.31,241.13,141.23,81.76,27.39,367.78,38.40,538.65,52.58,149.78,90.54,,135.06,134.33,314.03,308.66,135.32,38.22,152.63,138.32,475.51,54.09,376.99,588.93,63.85,410.30,266.23,299.57,100.86,78.89,325.49,43.47,44.84,106.55,164.84,142.60,15.59,84.50,71.71,12.64,267.48,151.57,459.58,242.68,28.74,40.01,53.48,107.88
2023-09-13,172.19,141.56,107.71,238.28,144.85,82.57,27.31,367.82,39.03,539.58,52.47,149.24,89.44,,136.48,135.68,317.91,308.28,135.56,38.07,153.01,138.38,473.36,54.22,374.30,588.52,64.44,410.33,267.23,302.94,99.74,80.46,329.70,41.22,45.46,108.71,166.15,143.59,15.60,85.21,71.71,12.78,271.30,152.38,459.52,243.20,28.58,39.74,53.49,106.92
2023-09-14,173.70,141.55,106.63,242.97,144.72,84.39,27.61,369.50,39.74,544.41,52.56,150.16,91.05,,137.96,137.06,327.01,311.83,136.30,38.03,152.78,141.07,469.73,54.67,378.82,581.38,64.22,407.41,270.07,309.56,100.82,82.14,332.29,40.05,45.55,110.48,167.58,145.17,15.83,86.16,71.65,13.16,276.04,153.95,463.12,236.98,28.74,40.49,53.72,108.83
2023-09-15,172.98,135.36,101.49,241.51,140.39,82.45,27.27,367.86,39.35,536.31,52.25,149.51,90.93,,137.27,136.37,325.08,304.04,135.04,37.26,150.64,140.65,444.60,54.18,377.06,565.70,60.96,408.37,263.87,298.23,100.15,81.53,323.97,39.69,43.87,110.73,166.30,143.95,15.33,85.70,71.93,13.31,274.39,150.77,466.09,236.56,28.52,40.39,53.52,107.15
2023-09-18,175.91,137.34,102.37,243.76,139.98,82.29,27.19,370.43,39.28,542.44,52.32,150.15,91.78,,137.93,137.17,325.82,300.13,134.21,37.37,151.59,140.94,446.84,54.52,376.61,561.40,62.18,411.15,263.39,300.45,100.43,81.80,322.83,39.44,43.94,109.07,165.87,144.49,15.46,86.74,71.35,13.19,265.28,150.96,465.48,240.08,28.30,40.85,53.12,108.02
2023-09-19,177.00,134.83,101.61,244.84,137.63,82.21,27.09,370.48,39.32,544.01,52.06,150.13,91.49,,137.80,137.00,324.46,297.62,135.53,35.74,151.34,140.76,447.62,54.40,378.80,565.01,61.16,407.60,263.78,302.95,100.00,81.62,322.43,39.62,43.49,109.62,164.89,144.07,15.15,87.07,71.25,13.30,266.50,151.25,460.31,239.01,28.19,40.65,53.11,107.73
2023-09-20,173.46,134.11,100.34,251.46,135.29,80.85,27.00,366.82,38.97,543.51,51.75,149.68,90.42,,133.59,132.74,319.54,294.07,138.59,34.12,152.00,140.17,442.60,54.65,368.14,559.79,60.54,404.63,262.90,297.59,99.95,80.36,314.70,38.63,42.21,109.72,164.95,143.95,14.74,87.41,70.63,13.59,262.59,150.29,471.29,237.34,28.36,40.32,53.28,106.88
2023-09-21,171.92,132.36,96.11,249.56,129.33,78.69,26.52,363.28,38.43,535.07,49.73,148.33,88.96,,130.38,129.46,313.41,290.19,136.32,34.08,150.84,139.07,437.45,53.81,361.94,540.61,59.71,397.57,257.23,293.68,99.41,78.27,313.48,38.42,40.99,106.37,162.17,142.70,14.00,85.81,68.94,13.38,255.70,148.71,479.92,232.18,28.10,39.80,52.63,105.37
2023-09-22,172.77,133.32,96.20,247.98,129.12,80.70,26.14,360.16,37.70,538.45,49.95,149.31,87.59,,130.27,129.27,311.18,289.22,135.89,33.62,149.75,137.74,442.25,53.86,362.44,541.02,60.57,396.45,258.17,297.01,99.05,76.81,311.01,37.98,41.58,105.98,162.07,142.18,14.13,84.93,67.93,13.22,244.88,148.63,484.67,230.68,28.09,38.78,52.77,105.54
2023-09-25,174.04,133.73,97.38,247.20,131.27,81.17,26.10,361.71,37.79,538.48,49.86,151.49,88.02,,131.19,130.13,312.08,289.94,135.49,33.73,149.53,138.42,445.74,53.30,365.96,542.74,60.71,396.72,255.86,298.74,98.58,76.57,311.53,38.48,42.19,105.27,161.20,141.31,14.22,83.85,68.38,13.16,246.99,149.17,488.67,229.00,27.99,39.09,53.01,106.72
2023-09-26,169.97,131.28,95.96,249.22,125.98,79.45,25.69,359.42,37.05,533.03,49.15,150.67,86.61,,128.49,127.61,307.31,286.20,132.49,33.27,148.37,136.98,435.73,52.86,360.74,540.50,59.28,389.71,253.91,296.89,98.16,75.77,306.23,37.92,41.88,101.95,159.53,140.06,13.96,82.62,68.58,13.13,244.12,146.45,484.05,225.36,27.85,38.23,52.82,106.89
2023-09-27,168.46,132.24,98.07,249.16,125.98,79.51,25.79,357.78,37.27,543.22,49.60,153.58,87.37,,130.48,129.56,305.54,285.52,132.43,34.04,146.59,137.79,436.12,52.32,361.53,540.25,60.06,389.81,250.04,295.67,96.81,75.29,306.87,37.76,42.44,101.70,156.80,138.20,14.85,81.94,69.16,13.00,240.50,146.61,482.40,225.21,27.35,38.43,52.57,110.37
2023-09-28,168.71,135.33,102.76,250.87,125.98,80.99,26.06,357.06,37.96,548.13,50.24,153.18,88.51,,132.14,131.32,308.62,287.10,130.96,34.60,146.38,139.50,448.39,52.19,362.97,535.03,61.39,393.71,251.89,301.85,97.15,75.79,307.70,37.64,43.06,103.18,156.73,137.26,15.77,84.42,68.33,13.12,246.38,147.50,488.50,227.33,27.48,38.48,52.83,109.70
2023-09-29,169.23,135.56,102.82,248.96,127.12,80.85,25.89,350.30,37.89,544.60,50.12,151.41,87.10,,130.87,129.88,307.08,285.84,129.77,34.97,145.32,137.07,448.94,52.35,361.86,527.84,61.32,390.23,249.85,298.13,95.89,75.31,309.77,37.76,43.47,102.96,156.68,136.81,16.00,83.99,68.30,13.13,250.22,147.42,482.84,225.71,27.36,38.43,51.99,107.96
2023-10-02,171.74,136.59,103.27,246.69,129.46,81.27,25.25,348.08,37.31,550.72,50.71,149.54,85.71,,134.16,133.16,302.27,283.64,130.24,34.88,144.76,135.89,450.87,51.88,359.78,528.98,61.72,390.17,244.45,304.69,95.52,74.15,315.71,38.03,44.75,103.73,156.43,136.18,15.88,82.93,67.70,12.82,251.60,148.29,492.78,226.94,26.81,37.25,52.04,106.17
2023-10-03,170.40,133.86,100.08,241.78,124.72,79.32,24.50,343.04,36.72,544.67,50.38,149.89,84.90,,132.31,131.44,290.52,276.17,129.86,35.10,144.94,134.88,442.27,51.32,362.32,516.10,60.47,385.45,241.36,298.85,94.79,71.95,307.46,37.67,43.49,101.60,155.07,136.47,14.90,81.89,66.98,12.92,246.53,145.79,487.90,224.53,27.00,36.37,51.71,106.36
2023-10-04,171.65,136.39,104.07,245.88,127.00,80.19,24.53,343.69,36.68,551.19,50.20,146.40,85.76,,135.26,134.23,292.87,276.60,130.49,35.34,145.11,135.49,451.28,51.47,367.94,522.27,61.86,388.11,242.61,303.46,95.16,72.93,312.92,37.69,44.01,104.09,156.19,136.92,15.73,82.86,66.54,12.81,261.16,146.46,489.00,226.90,26.62,36.65,52.33,102.38
2023-10-05,172.88,136.37,102.91,245.55,125.96,80.19,24.64,345.06,36.74,548.99,49.84,147.17,85.66,,134.98,134.06,294.67,275.95,130.90,35.30,146.62,136.06,451.31,48.98,359.44,532.11,61.22,389.11,239.22,302.68,96.49,72.99,313.32,37.26,44.66,105.32,148.04,134.88,15.81,83.45,65.84,12.96,260.05,143.81,494.37,229.11,26.86,36.96,51.71,100.08
2023-10-06,175.43,137.36,107.24,247.76,127.96,82.28,24.65,346.34,37.38,537.43,50.20,145.67,87.82,,137.70,136.55,296.55,277.01,131.37,35.59,147.09,138.15,458.14,49.69,363.01,555.44,61.45,392.83,235.41,313.24,96.76,74.08,321.07,38.15,45.73,106.89,148.22,135.15,16.61,83.62,66.21,12.87,260.53,145.56,502.59,230.64,26.60,37.33,50.84,98.40
2023-10-09,176.92,137.22,106.97,251.53,128.26,83.31,24.88,345.45,37.53,538.82,50.64,149.70,86.87,,138.46,137.38,296.68,279.41,131.53,35.47,147.93,137.84,456.88,49.45,363.20,561.87,61.41,389.64,237.02,316.15,97.33,73.69,323.58,38.60,45.24,107.24,149.21,134.47,17.61,83.75,69.27,13.12,259.67,145.30,504.21,230.06,27.12,37.34,50.66,101.85
2023-10-10,176.32,138.44,109.01,251.26,129.48,83.56,25.54,348.56,38.18,541.83,50.59,149.54,87.83,,138.16,137.02,298.73,283.06,131.45,35.83,147.76,138.68,464.10,50.52,368.28,569.29,62.06,395.20,238.54,319.61,96.50,73.89,322.17,37.33,45.77,106.64,152.02,135.80,17.80,85.32,69.61,13.33,263.62,146.17,502.04,232.18,27.38,37.45,51.23,101.42
2023-10-11,177.72,139.21,108.31,262.70,131.83,85.13,25.55,348.43,38.26,545.13,50.39,144.66,89.23,,140.65,139.50,297.07,281.95,132.48,36.27,145.72,139.15,472.41,50.22,368.00,594.81,62.78,394.65,237.97,325.55,96.36,72.76,326.13,36.59,46.78,106.97,150.37,134.13,17.92,84.51,69.57,13.16,262.99,145.86,501.93,231.27,27.12,37.33,51.43,97.78
2023-10-12,178.62,141.97,108.79,264.04,132.33,88.15,25.44,345.66,38.26,543.46,50.57,144.77,87.71,,139.25,137.93,294.06,277.20,130.64,36.23,145.86,138.83,490.50,49.38,367.07,599.94,64.07,394.74,233.49,321.91,96.49,71.75,324.89,36.12,46.91,106.45,146.17,134.43,17.94,83.35,69.56,12.87,258.87,143.70,503.29,232.35,26.65,37.37,51.67,97.76
2023-10-13,176.78,138.19,105.09,263.17,129.79,85.97,25.30,345.09,38.17,546.41,50.50,147.32,86.18,,137.55,136.33,293.53,276.16,128.07,35.38,146.35,140.92,476.50,49.46,367.24,598.66,63.11,392.89,235.50,312.51,96.88,71.73,321.53,35.57,45.43,105.61,147.95,135.72,17.36,83.70,69.51,12.79,251.12,141.62,516.56,233.23,26.44,38.52,51.95,100.88
2023-10-16,176.65,138.05,106.46,265.74,132.55,87.86,25.52,346.23,37.73,551.61,50.86,148.52,85.99,,139.44,138.06,298.37,281.27,128.77,35.96,146.98,140.77,480.81,49.96,368.55,605.97,63.66,395.98,237.04,318.92,97.00,72.60,326.34,36.08,46.07,106.06,148.95,137.01,17.36,84.48,70.21,12.84,253.92,143.05,515.25,235.58,26.94,39.17,52.40,100.96
2023-10-17,175.10,139.74,105.14,263.46,131.47,86.09,26.12,345.39,37.96,553.64,50.66,150.49,86.68,,139.94,138.67,293.59,279.96,129.79,35.47,145.64,140.47,476.05,50.56,370.35,597.79,63.58,396.58,238.18,321.75,97.03,74.08,325.78,35.57,43.91,106.38,148.29,137.19,17.84,84.73,70.12,12.99,254.85,143.02,513.92,236.69,27.17,39.48,52.47,102.28
2023-10-18,173.80,138.49,102.17,262.69,128.13,86.34,25.82,340.89,37.28,553.93,50.50,151.68,84.75,,138.24,136.93,286.57,274.57,129.47,35.05,142.50,138.93,469.25,50.54,360.93,596.74,62.83,388.13,242.82,314.77,95.00,69.05,323.86,34.62,42.17,105.61,149.83,140.72,17.20,84.56,70.45,12.76,242.68,140.76,513.36,233.03,26.77,39.06,52.51,103.71
2023-10-19,173.43,131.62,102.40,259.92,128.40,84.47,25.49,338.66,36.91,545.24,50.07,151.84,84.26,,137.95,136.72,283.94,271.28,127.66,35.08,142.12,138.34,455.20,50.82,359.71,580.58,58.89,382.86,245.05,310.64,93.54,67.24,325.05,40.18,42.07,105.70,148.47,139.93,17.06,82.31,70.12,13.59,220.11,139.94,509.12,229.44,27.23,38.73,52.26,103.78
2023-10-20,170.88,131.32,101.81,258.27,125.17,83.09,24.88,335.86,36.56,533.00,49.71,149.80,83.58,,135.72,134.58,284.76,270.94,126.87,34.35,142.76,136.11,452.64,51.03,356.04,574.53,58.73,379.45,244.79,306.51,95.63,67.44,320.49,40.10,41.36,99.37,147.95,139.74,16.11,83.97,68.85,13.70,211.99,137.04,504.71,229.02,27.22,37.87,51.61,101.99
2023-10-23,171.00,131.42,100.01,252.94,126.56,83.93,24.18,336.84,35.83,532.38,49.02,144.28,84.06,,136.87,135.48,283.97,269.68,126.15,33.29,141.25,134.25,452.76,50.57,355.13,566.67,58.66,378.72,241.61,311.83,96.26,66.12,323.09,40.68,42.95,101.13,148.02,139.84,16.20,82.48,69.40,13.32,212.08,135.66,499.48,227.20,27.06,37.13,52.34,100.50
2023-10-24,171.43,132.08,101.67,255.77,128.56,85.77,24.08,338.63,35.86,531.95,49.78,140.66,89.52,,139.08,137.77,283.93,268.01,127.45,34.02,141.11,134.41,460.30,52.03,356.91,582.18,59.09,381.91,244.00,310.38,95.96,65.99,324.27,41.37,43.63,100.68,149.97,141.49,16.64,82.40,74.38,13.84,216.52,136.21,502.77,230.26,29.57,36.94,53.07,99.52
2023-10-25,169.12,127.39,96.06,252.11,121.39,82.70,24.16,336.90,35.57,530.16,49.21,139.96,87.61,,125.73,124.67,281.63,265.76,126.80,32.29,141.42,133.68,445.21,52.48,354.11,576.31,57.07,381.32,244.72,297.45,96.52,65.84,334.22,41.12,41.75,98.96,150.12,142.15,15.59,81.68,74.41,13.53,212.42,131.46,507.76,232.42,29.05,36.71,52.91,99.71
2023-10-26,164.96,128.10,93.67,249.84,119.57,80.48,24.70,336.16,36.24,527.86,48.24,138.96,85.72,,122.52,121.36,281.85,262.99,132.98,31.99,139.02,134.02,448.53,52.16,359.88,558.27,57.24,359.88,242.63,286.35,98.31,66.46,321.68,40.35,40.30,97.95,149.25,141.40,15.29,81.39,75.11,13.47,205.76,133.51,505.99,226.95,29.72,37.29,52.58,98.80
2023-10-27,166.27,128.55,96.43,242.30,127.74,81.61,23.80,331.71,35.23,523.46,48.42,129.62,83.79,,122.48,121.25,275.13,261.53,131.83,34.96,135.85,129.20,448.23,51.66,360.09,550.54,57.13,359.38,242.56,294.67,95.77,64.92,323.57,39.79,40.47,98.53,147.60,138.90,15.07,79.35,75.12,13.20,207.30,132.69,502.44,224.98,28.83,36.45,52.39,96.92
2023-10-30,168.32,128.29,96.18,243.80,132.71,81.89,24.29,337.41,35.86,534.88,48.43,131.18,86.52,,124.81,123.53,285.50,266.28,131.93,35.10,137.19,130.84,449.81,52.51,368.19,555.92,57.08,367.61,246.73,300.56,95.64,65.89,330.93,41.01,41.13,99.17,150.06,140.89,14.69,81.10,74.56,13.59,197.36,131.45,507.55,228.72,29.85,37.08,52.99,97.22
2023-10-31,168.79,129.58,98.50,236.86,133.09,81.90,24.91,341.33,36.38,532.53,48.96,130.86,85.59,,124.37,123.15,288.13,269.32,133.79,35.90,138.41,132.40,459.75,52.82,371.39,544.35,57.54,371.49,248.64,299.18,95.66,66.11,331.71,41.17,40.75,100.88,150.98,141.61,14.80,80.89,77.24,13.72,200.84,132.87,512.88,230.70,30.29,37.40,53.12,97.19
2023-11-01,171.95,132.46,108.04,241.62,137.00,83.02,24.96,343.75,36.48,536.73,49.01,129.28,84.50,,126.62,125.50,291.50,271.15,134.49,36.68,138.74,132.29,466.44,52.78,376.19,544.87,59.35,372.94,248.45,309.69,95.80,66.23,339.52,42.02,42.30,103.17,152.45,141.22,14.92,80.75,77.96,13.88,205.66,133.95,509.09,234.12,30.52,37.25,53.59,97.00
2023-11-02,175.51,135.61,107.83,246.95,138.07,84.81,26.12,349.02,38.09,536.91,49.54,133.58,84.92,,127.62,126.53,297.77,278.62,135.98,37.08,140.18,134.65,478.97,53.39,378.68,570.25,60.97,377.75,253.08,308.71,95.80,68.57,341.73,42.47,43.48,104.26,154.27,142.94,17.97,82.50,78.56,14.01,218.51,137.83,513.43,238.70,30.95,38.44,53.80,100.19
2023-11-03,174.60,136.83,112.25,249.98,138.60,85.92,26.87,351.81,39.44,541.67,49.78,132.54,85.81,,129.40,128.13,310.92,279.65,136.80,37.51,141.21,136.16,489.04,53.06,381.45,557.99,62.03,381.06,254.05,312.42,96.29,71.18,346.12,43.24,44.98,105.41,154.23,141.65,18.89,83.03,78.50,14.15,219.96,140.56,508.42,239.04,31.06,39.49,53.52,98.96
2023-11-06,177.15,137.43,111.75,252.73,139.74,85.74,26.79,346.63,39.23,550.29,50.04,132.00,88.07,,130.47,129.27,307.40,278.66,137.79,37.45,141.54,137.18,488.29,53.27,381.93,584.89,62.52,381.17,255.04,313.61,97.18,70.87,349.78,43.47,45.72,106.45,154.15,142.47,18.54,82.53,78.20,14.03,219.27,138.00,510.87,238.94,30.73,39.23,53.60,97.21
2023-11-07,179.71,138.78,113.45,251.13,142.71,87.39,26.63,346.17,39.16,551.69,49.89,129.67,88.08,,131.41,129.99,307.44,278.85,137.66,38.26,140.80,137.12,492.46,53.47,378.33,589.55,62.73,383.85,254.81,316.61,96.87,70.48,353.71,43.46,45.93,106.33,154.59,142.14,18.80,82.81,78.45,14.11,222.18,137.15,515.05,240.19,30.99,38.94,53.85,95.69
2023-11-08,180.77,141.21,113.59,253.13,142.08,88.69,26.37,346.30,39.03,547.93,49.77,127.87,89.70,,132.27,130.85,308.02,279.94,136.92,37.42,140.28,137.79,500.33,53.39,381.21,608.42,63.35,384.67,253.69,317.56,97.24,70.91,356.33,43.67,46.54,109.59,154.78,141.59,18.49,81.83,78.96,13.94,222.11,135.87,514.00,239.86,30.84,38.88,53.41,94.51
2023-11-09,180.30,140.18,113.49,244.60,140.60,88.71,26.03,348.18,38.73,543.96,48.83,127.45,89.10,,130.71,129.26,304.43,272.32,137.16,37.30,137.55,137.38,495.66,52.98,379.96,581.09,63.61,382.95,253.14,318.33,95.36,69.25,353.86,43.51,46.92,109.44,153.65,141.91,18.27,81.47,78.23,13.92,209.98,134.05,516.18,237.63,30.71,38.33,53.28,94.54
2023-11-10,184.48,147.53,118.59,247.61,143.56,93.20,26.17,350.56,39.27,557.34,49.39,128.36,90.82,,133.06,131.60,308.92,275.84,139.40,38.35,137.39,139.42,522.93,53.04,388.57,587.37,67.05,389.29,253.97,326.49,94.44,70.32,362.67,44.72,48.30,110.31,154.35,142.91,19.67,81.38,78.03,13.93,214.65,137.71,518.29,241.18,30.79,38.80,54.02,95.26
2023-11-13,182.90,146.61,116.79,247.04,142.59,92.17,26.19,350.01,39.85,558.41,49.05,129.30,91.01,,132.65,131.10,310.25,272.51,138.54,37.72,137.75,138.80,517.06,53.24,388.49,602.11,65.88,389.26,255.31,326.91,95.44,70.04,359.74,44.46,48.59,111.37,155.13,143.91,19.71,81.65,77.85,13.88,223.71,136.48,519.59,240.61,30.88,38.69,54.51,96.26
2023-11-14,185.51,150.86,119.88,250.12,145.80,94.71,27.63,354.25,41.40,570.55,49.93,130.25,92.38,,134.42,132.62,321.46,287.23,140.70,38.89,137.77,141.34,535.36,53.39,392.38,601.36,67.98,392.51,257.48,333.98,95.16,73.10,363.26,44.87,49.62,113.27,155.45,143.58,19.94,82.01,76.58,13.92,237.41,140.28,517.57,242.84,30.93,39.93,54.50,96.64
2023-11-15,186.08,152.12,118.00,252.91,143.20,94.95,28.01,356.79,41.88,576.32,50.04,130.70,91.63,,135.36,133.61,320.39,291.55,142.73,40.07,138.84,142.57,535.32,53.50,391.40,579.43,68.27,391.71,256.44,330.40,94.40,74.38,363.41,46.19,48.86,111.28,154.65,142.92,19.95,83.22,76.52,14.04,242.84,142.09,515.61,243.99,31.04,40.65,55.19,96.05
2023-11-16,187.76,151.57,119.83,251.14,142.83,93.40,27.93,359.86,41.69,558.75,45.11,128.63,93.71,,137.67,135.90,319.51,289.89,143.18,42.78,140.05,144.20,535.31,53.44,396.88,579.63,68.52,391.97,261.87,331.87,95.00,74.36,369.80,46.69,49.45,111.87,155.08,144.26,19.77,82.81,76.70,14.15,233.59,142.11,516.96,244.44,31.19,40.36,50.72,94.94
2023-11-17,187.74,145.48,120.62,247.77,145.18,95.17,28.35,358.93,42.33,557.37,44.85,131.08,94.49,,135.92,134.30,321.90,290.68,143.02,43.23,139.76,145.51,534.47,53.54,396.39,582.55,68.51,395.13,261.52,332.72,94.77,74.94,363.59,46.59,49.27,112.55,154.20,142.59,20.49,83.42,76.17,14.16,234.30,144.66,513.58,245.41,31.24,40.76,50.50,97.26
2023-11-20,189.48,149.38,121.53,247.73,146.13,96.92,28.38,361.33,42.24,560.89,45.33,131.00,94.60,,136.89,135.23,322.15,291.55,144.39,44.15,140.99,145.95,547.44,53.68,396.77,588.35,70.35,399.18,264.63,337.61,95.64,74.39,371.05,47.45,50.38,114.07,153.98,141.84,21.34,83.81,75.69,14.34,235.60,145.53,512.44,245.82,31.67,40.60,50.48,96.83
2023-11-21,188.68,146.13,119.16,245.37,143.90,95.51,28.05,361.00,42.08,564.27,44.89,130.69,94.46,,137.59,135.94,317.90,288.85,143.98,43.06,142.13,145.65,540.51,54.26,400.30,583.42,69.20,403.67,266.00,334.64,95.20,73.25,366.75,47.49,49.91,113.25,155.16,141.22,19.80,84.19,74.71,14.42,241.20,143.55,516.74,248.04,32.12,40.42,50.66,96.79
2023-11-22,189.34,146.67,122.51,247.02,146.71,94.61,28.02,361.80,42.01,568.89,45.15,130.96,94.23,,138.98,137.45,321.38,292.50,145.12,43.09,141.85,145.99,543.92,54.63,400.02,585.88,70.19,405.03,267.38,339.12,94.71,73.26,371.45,47.80,48.68,113.40,156.48,142.55,19.69,85.12,76.31,14.41,234.21,144.02,520.73,249.51,32.20,40.59,50.28,96.38
2023-11-24,188.02,147.51,122.31,247.83,146.74,95.28,28.11,362.68,42.21,571.09,45.42,131.47,94.52,,137.19,135.66,321.86,293.92,145.17,43.38,143.43,146.19,545.37,54.77,402.55,591.79,70.19,407.17,267.96,335.88,94.88,73.41,371.04,47.96,47.75,113.41,156.61,142.89,19.20,85.59,76.46,14.44,235.45,143.70,523.93,250.08,32.25,40.73,50.73,96.89
2023-11-27,187.84,147.97,122.65,246.72,147.73,92.50,27.95,361.34,42.07,574.51,45.01,130.98,94.52,,137.02,135.39,320.50,294.13,145.53,43.50,142.28,145.86,546.65,54.67,401.17,582.37,70.68,403.69,267.30,332.38,94.47,72.76,372.20,47.92,48.21,113.63,155.64,142.75,19.08,85.32,75.97,14.44,236.08,142.78,520.57,249.92,32.20,40.82,50.96,96.33
2023-11-28,188.44,145.28,122.01,247.89,147.03,92.12,27.92,360.05,41.86,573.64,44.94,132.03,93.64,,137.59,136.17,320.44,296.42,145.61,43.65,142.61,146.19,537.02,54.78,399.16,582.44,69.50,403.73,267.54,336.64,93.31,71.76,376.22,47.90,47.79,113.40,156.14,143.75,19.71,85.41,76.66,14.41,246.72,143.06,517.64,248.74,32.31,41.15,51.57,96.27
2023-11-29,187.42,146.55,123.85,248.90,146.32,91.58,28.66,358.69,42.69,567.71,45.12,130.58,93.65,,135.38,133.98,325.57,296.20,146.32,44.35,143.06,146.93,534.01,54.45,399.80,582.70,69.85,404.53,265.91,329.90,94.19,73.32,372.43,47.72,48.11,113.38,154.57,142.65,19.84,84.96,77.39,14.52,244.14,143.34,512.33,250.01,32.56,41.54,50.73,94.83
2023-11-30,188.00,146.96,121.16,251.74,146.09,90.11,29.06,360.00,43.02,572.42,45.43,130.30,95.96,,132.92,131.54,326.79,298.55,148.33,44.11,145.46,148.61,534.55,55.08,402.11,581.89,70.04,408.49,268.90,324.88,95.45,74.06,372.49,47.40,46.74,113.38,156.80,144.91,20.05,84.70,77.89,14.76,240.08,142.88,529.55,252.42,33.05,42.31,50.61,95.20
2023-12-01,189.27,148.74,121.39,254.36,147.03,90.53,29.51,357.07,44.08,575.81,45.52,131.39,96.51,,132.33,130.87,333.39,304.39,150.19,43.16,148.96,149.33,538.85,55.27,401.34,575.00,70.64,409.01,272.83,322.57,96.36,75.51,368.17,46.57,46.73,114.30,157.17,144.09,20.27,85.32,78.70,14.93,238.83,145.22,525.78,252.19,33.26,42.72,50.17,95.43
2023-12-04,187.48,145.48,118.57,254.44,144.84,89.94,29.37,356.66,44.21,578.55,45.12,131.45,95.75,,129.66,128.30,334.30,308.58,150.70,41.79,149.43,150.43,529.61,55.21,396.40,576.61,69.46,402.96,272.99,317.80,97.85,75.80,362.89,45.39,45.48,112.96,157.59,143.53,18.40,84.31,79.47,14.84,235.58,147.28,526.85,250.21,32.80,42.81,50.16,94.91
2023-12-05,191.43,143.40,118.38,252.88,146.88,88.88,29.15,355.03,43.58,584.60,45.01,129.62,94.73,,131.40,130.01,326.99,308.08,150.98,41.37,149.12,150.41,527.30,55.29,393.80,579.04,68.20,403.41,273.38,316.08,98.94,74.83,366.21,45.51,46.54,111.74,156.48,138.53,18.30,83.95,79.05,15.34,238.72,147.13,528.76,250.38,33.12,42.22,50.62,93.07
2023-12-06,190.34,141.98,116.82,251.47,144.52,87.96,29.10,352.38,44.66,586.61,44.80,129.32,94.39,,130.45,129.04,327.20,310.57,149.94,40.72,147.30,148.83,518.84,55.23,390.23,580.13,67.98,405.08,273.69,315.25,98.39,74.12,362.55,44.67,45.48,109.30,156.08,138.42,17.13,82.65,79.07,15.09,239.37,146.00,528.05,250.07,33.19,42.22,50.07,91.84
2023-12-07,192.27,145.60,128.37,253.30,146.88,89.77,29.22,352.70,45.26,590.01,45.32,129.22,94.13,,137.42,135.90,329.74,310.63,149.88,41.59,146.16,149.29,531.22,55.37,388.61,579.16,69.27,407.81,273.62,324.32,96.76,75.00,364.67,45.20,46.57,110.12,156.03,138.28,17.22,82.67,77.91,15.22,242.64,147.53,526.84,251.57,33.32,43.08,49.74,91.20
2023-12-08,193.70,144.94,128.92,251.25,147.42,91.92,29.51,353.08,45.62,589.84,45.43,130.94,95.01,,135.62,133.98,335.68,310.91,151.51,42.14,145.24,150.93,524.55,55.24,391.17,588.79,68.79,406.84,272.42,330.44,96.63,76.80,367.89,45.38,47.48,110.84,154.37,137.01,17.77,82.84,77.74,15.07,243.84,146.92,528.29,251.49,32.98,43.74,49.22,92.24
2023-12-11,191.19,152.22,134.41,254.07,145.89,100.19,29.40,357.06,44.93,602.48,46.38,130.98,94.76,,133.70,132.29,336.57,315.54,152.96,43.95,145.84,151.48,548.87,55.65,397.96,575.00,71.96,410.34,275.87,323.02,97.21,77.31,365.01,45.99,46.60,112.32,156.36,137.64,17.77,84.36,78.29,14.81,239.74,149.67,522.43,252.26,32.48,43.65,49.34,92.31
2023-12-12,192.71,154.26,137.61,255.80,147.48,104.38,29.30,360.02,44.85,607.92,46.33,129.30,96.37,,132.65,131.53,337.38,317.32,154.08,43.46,145.85,152.84,550.68,56.01,415.98,575.71,71.73,415.32,278.04,331.90,97.20,78.03,368.04,46.30,47.63,98.35,156.97,137.75,17.50,84.26,77.47,14.62,237.01,147.75,524.39,255.25,32.16,44.09,49.38,90.85
2023-12-13,195.92,154.04,138.19,262.92,148.84,106.07,30.54,362.03,46.04,619.99,46.66,131.21,95.47,,132.97,131.58,347.07,327.04,153.06,43.98,146.52,153.35,560.15,56.49,398.45,588.25,72.07,419.20,282.34,332.42,99.76,79.93,368.03,48.00,48.06,100.48,160.27,140.24,17.87,85.64,79.56,14.65,239.29,151.39,527.55,258.02,31.89,45.32,50.26,91.66
2023-12-14,196.07,158.70,138.00,257.97,147.42,107.71,32.35,358.12,46.88,609.16,46.43,136.04,95.61,,132.21,130.95,366.91,335.05,152.40,44.58,147.54,156.14,571.65,55.65,399.40,564.79,75.26,413.15,276.70,330.86,99.33,84.98,359.73,46.98,48.32,97.86,156.76,136.54,18.21,85.89,78.26,14.83,251.05,157.91,513.36,254.43,32.65,47.93,49.65,94.12
2023-12-15,195.54,158.90,139.15,257.16,149.97,109.97,32.02,356.50,46.50,636.24,46.83,135.51,97.09,,132.84,131.61,364.08,337.13,151.76,45.55,145.93,157.32,574.31,55.23,397.12,563.18,75.88,413.16,274.08,332.60,98.61,85.48,364.45,47.21,48.86,100.80,155.60,135.88,18.20,85.70,76.75,14.72,253.50,157.78,510.36,253.74,32.22,47.74,49.83,93.49
2023-12-18,193.88,157.34,138.90,257.19,154.07,111.65,31.86,359.65,46.34,657.89,47.18,135.81,97.41,,136.17,134.78,360.15,334.09,152.24,45.09,146.19,158.27,566.07,55.63,398.80,570.78,75.53,418.95,276.90,342.23,99.48,84.72,366.34,48.61,50.05,102.44,157.38,137.97,17.84,86.08,77.14,14.66,252.08,156.64,505.97,254.08,32.48,47.12,50.56,94.19
2023-12-19,194.92,159.28,140.15,259.95,153.79,111.44,31.94,361.80,47.53,654.51,47.12,137.59,99.22,,137.07,135.63,365.94,335.29,151.13,46.04,147.15,160.39,567.42,55.45,401.72,570.83,76.61,419.98,277.38,347.93,99.90,85.80,366.94,49.50,49.58,103.66,156.49,137.97,17.95,86.43,78.98,14.80,257.22,157.65,503.56,255.67,32.39,47.53,50.74,95.43
2023-12-20,192.83,153.97,135.47,256.91,152.12,108.58,31.43,355.35,46.73,638.34,46.77,136.33,97.20,,138.62,137.30,361.22,332.05,149.72,45.16,144.15,158.58,552.89,54.30,396.13,561.38,74.05,414.03,275.72,346.86,98.84,85.07,364.34,48.93,48.08,101.61,154.38,135.84,17.25,84.61,78.05,14.61,247.14,154.55,495.77,252.84,32.16,46.82,50.15,93.84
2023-12-21,192.68,158.35,139.91,260.78,153.84,110.23,31.64,356.14,47.22,642.36,46.67,136.75,100.04,,140.74,139.37,364.14,332.34,150.40,46.46,145.63,159.48,569.72,54.66,398.83,563.14,76.21,417.97,278.01,351.63,99.81,86.46,367.21,49.16,48.96,103.28,155.57,136.17,17.59,85.38,78.40,14.69,254.50,156.07,499.56,255.23,32.27,46.92,50.51,94.26
2023-12-22,191.61,159.00,139.60,265.29,153.42,109.72,31.86,356.47,47.46,648.58,47.04,137.06,99.81,,141.66,140.43,364.21,331.98,151.68,47.37,146.21,159.39,571.88,54.97,400.40,561.56,76.51,418.62,278.31,350.94,101.04,86.26,368.24,48.68,48.80,103.61,156.23,137.13,17.41,85.48,79.57,14.74,252.54,157.41,499.98,254.14,32.32,46.67,51.11,94.43
2023-12-26,191.07,161.19,143.41,265.05,153.41,110.68,32.27,356.83,47.91,651.50,47.22,138.29,100.43,,141.76,140.46,365.13,332.66,152.68,49.83,146.85,160.33,580.44,55.20,399.61,561.83,78.05,418.20,279.41,352.37,100.97,86.66,368.32,49.12,49.25,103.60,157.33,137.75,17.68,85.77,80.35,14.76,256.61,159.81,499.71,254.85,32.31,47.10,51.03,94.64
2023-12-27,191.16,161.12,146.07,267.50,153.34,110.13,32.25,356.95,48.02,658.59,47.37,137.84,101.07,,140.39,139.32,367.88,331.92,152.91,50.09,147.05,161.29,580.54,55.34,400.86,572.51,77.98,418.88,281.03,355.35,101.30,87.42,367.74,49.18,49.39,103.36,157.84,137.87,17.47,86.26,80.47,14.77,261.44,160.21,502.36,254.63,32.17,46.81,51.51,94.20
2023-12-28,191.59,160.05,148.76,269.31,153.38,109.76,32.29,357.57,48.08,654.93,47.41,135.89,101.16,,140.23,139.18,369.73,330.81,153.18,49.72,147.27,162.15,575.43,55.38,399.45,571.86,77.46,420.81,282.26,355.83,102.04,87.41,368.92,49.05,49.49,103.66,157.83,137.55,17.56,86.53,80.47,14.91,253.18,160.66,504.39,256.07,32.32,46.95,51.41,92.84
2023-12-29,190.55,159.02,147.41,268.90,151.94,109.16,32.09,356.66,48.00,651.95,47.44,135.34,100.62,,139.88,138.64,369.11,330.04,153.00,49.59,147.42,161.96,570.55,55.54,400.37,573.89,76.83,421.00,282.90,351.50,102.28,87.04,369.67,48.69,49.49,102.86,158.25,138.32,17.17,86.53,80.44,14.95,248.48,159.49,505.90,256.02,32.50,46.70,51.44,92.64
2024-01-02,183.73,151.47,138.58,277.64,149.93,106.14,32.31,362.46,49.50,642.64,47.43,135.63,99.29,,138.52,137.13,371.53,328.64,151.08,47.17,150.46,163.84,550.03,56.38,399.27,583.03,73.50,416.44,283.40,343.89,106.24,87.65,364.59,46.85,48.14,101.52,161.11,140.39,16.58,87.89,81.47,15.37,248.42,158.36,518.26,254.57,33.52,46.81,51.97,94.85
2024-01-03,182.36,148.60,135.32,280.72,148.47,103.52,31.96,366.75,50.06,636.75,47.80,138.22,97.80,,139.32,137.88,365.31,322.14,149.77,46.43,151.40,163.13,542.37,56.52,398.42,608.14,72.29,413.36,280.87,342.08,107.67,85.79,364.32,47.03,47.54,99.96,161.14,139.55,16.09,87.76,81.84,15.35,238.45,156.00,520.85,253.69,33.76,46.19,51.97,95.64
2024-01-04,180.04,146.50,136.01,283.04,144.57,102.58,32.22,363.68,50.18,640.36,47.40,136.70,98.28,,137.01,135.37,366.41,322.46,150.48,46.25,151.08,164.21,536.34,56.33,398.30,604.99,71.72,414.35,278.35,344.71,109.77,86.02,361.71,47.47,47.97,100.09,159.76,140.31,16.25,87.99,81.65,15.28,237.93,153.88,524.11,255.30,33.94,46.76,51.47,94.81
2024-01-05,179.32,146.20,138.58,282.88,145.24,102.61,32.82,365.59,50.70,647.93,47.41,136.47,99.56,,136.37,134.71,369.75,326.60,148.89,46.27,151.55,165.04,534.25,56.24,398.82,608.97,71.84,414.00,275.72,349.51,109.97,87.03,361.52,47.41,49.07,100.22,157.41,139.15,15.98,87.65,81.62,15.56,237.49,154.47,516.38,255.38,34.66,47.37,51.13,95.10
2024-01-08,183.65,148.71,146.18,290.24,149.10,105.11,32.56,368.18,50.40,653.54,47.76,135.65,101.13,,139.48,137.80,372.07,331.35,150.74,47.81,151.92,164.80,551.96,56.66,398.01,616.34,74.27,417.19,278.50,356.17,110.12,87.28,368.34,48.50,52.22,102.11,157.57,140.35,16.67,88.56,82.06,15.43,240.45,157.69,515.55,258.18,34.57,47.37,51.63,93.51
2024-01-09,183.24,148.19,149.26,286.86,151.37,105.85,32.05,366.90,49.91,658.96,47.24,132.20,101.53,,141.50,139.89,367.17,329.69,149.75,47.41,152.02,163.49,546.05,56.55,396.45,615.80,73.77,417.80,277.52,354.95,111.11,85.93,369.43,48.21,53.11,101.10,155.76,140.92,16.39,87.92,82.02,15.35,234.96,157.77,517.33,258.96,34.23,46.77,51.98,92.35
2024-01-10,184.28,146.99,148.54,284.35,153.73,105.67,32.02,367.92,49.48,664.47,47.55,131.11,102.25,,142.73,141.21,365.47,339.80,150.83,46.84,152.24,163.84,545.81,56.74,395.66,620.43,73.54,423.41,280.59,367.90,111.51,85.39,376.29,47.83,54.32,101.78,155.53,141.53,16.79,86.89,82.29,15.27,233.94,156.48,516.63,260.16,34.26,46.57,52.62,91.45
2024-01-11,183.68,149.09,148.02,282.97,155.18,107.56,31.60,363.34,48.60,665.28,47.74,131.82,102.35,,142.60,141.01,363.35,339.54,151.70,47.01,151.57,163.15,551.75,56.37,395.74,625.88,74.57,421.87,280.64,367.11,111.11,84.48,378.12,49.22,54.79,102.61,154.79,142.07,16.68,87.52,81.57,14.69,227.22,154.94,518.59,259.64,33.23,46.53,52.56,91.43
2024-01-12,184.01,148.41,146.56,286.16,154.62,108.32,31.26,363.62,49.11,674.82,47.64,133.63,102.32,,143.17,141.58,361.44,338.76,155.10,46.50,152.73,161.95,550.25,56.92,398.63,632.97,74.52,424.23,280.00,371.89,111.29,83.73,381.89,49.22,54.68,104.40,155.85,142.15,16.76,87.63,82.53,14.92,218.89,154.26,501.13,259.78,33.81,44.98,52.63,92.61
2024-01-16,181.74,150.87,158.74,283.33,153.16,109.03,30.61,361.10,48.41,673.10,47.88,130.38,100.89,,143.01,141.42,364.02,341.35,156.19,46.44,150.97,160.94,556.33,56.54,396.41,624.74,74.66,423.48,277.72,364.91,111.16,80.25,383.66,48.12,56.35,104.37,154.83,141.39,16.53,86.93,81.74,14.88,219.91,153.33,498.86,260.83,34.45,44.43,52.80,90.52
2024-01-17,180.80,150.49,160.17,283.89,151.71,107.92,30.31,359.29,47.93,675.76,47.60,129.86,100.03,,141.83,140.41,360.89,338.75,155.36,45.45,150.89,160.07,552.10,56.54,396.51,619.17,73.86,422.57,277.79,365.81,110.82,78.79,382.87,48.03,56.02,104.24,155.08,141.53,16.39,86.19,81.31,14.86,215.55,151.96,504.43,262.20,34.08,44.28,52.55,89.86
2024-01-18,186.69,157.32,162.67,284.27,153.50,111.86,30.24,362.38,47.70,678.84,48.03,128.68,101.34,,143.91,142.40,360.64,340.85,156.07,46.12,151.62,160.39,579.09,56.70,397.58,613.70,77.07,425.83,280.84,373.52,111.21,78.31,387.20,48.53,57.08,106.46,155.76,140.71,16.40,85.71,81.71,14.85,211.88,156.16,496.16,263.69,34.14,44.07,53.26,89.70
2024-01-19,189.59,164.78,174.23,287.37,155.34,118.44,30.71,366.99,48.08,686.41,48.52,129.06,102.34,,146.87,145.28,365.70,345.14,160.41,47.51,152.06,163.16,601.66,56.39,397.12,618.85,81.06,431.82,286.73,380.79,111.54,79.66,391.92,48.29,59.46,107.41,154.46,140.17,16.78,84.91,81.77,15.09,212.19,162.47,483.88,266.40,34.48,45.66,52.98,89.83
2024-01-22,191.90,165.13,168.18,289.57,154.78,119.35,31.02,368.06,49.31,683.98,48.81,129.29,103.46,,146.61,144.90,369.30,339.69,161.68,47.58,152.81,162.97,611.58,56.15,396.24,621.11,81.77,434.76,284.71,379.13,112.04,80.02,389.80,48.57,59.62,107.83,153.84,140.45,17.60,85.01,81.28,15.21,208.80,163.57,492.94,266.69,34.70,46.05,52.98,89.71
2024-01-23,193.17,163.91,168.42,289.33,156.02,119.92,31.23,372.14,49.74,679.12,48.99,128.93,102.45,,147.57,145.94,364.33,334.06,162.72,48.24,150.30,161.89,607.88,56.41,397.62,619.93,81.46,433.78,286.27,382.53,112.43,80.97,392.14,49.22,59.84,109.53,156.20,146.26,17.33,84.43,85.61,15.56,209.14,163.12,495.37,266.75,37.02,46.61,53.12,90.72
2024-01-24,192.50,170.87,178.29,285.22,156.87,122.61,31.43,376.59,49.70,678.05,48.56,131.49,102.43,,149.23,147.58,363.02,330.72,162.71,48.44,149.51,163.34,626.65,55.53,391.18,623.89,83.20,433.72,286.65,387.99,111.53,81.74,395.74,54.49,61.33,111.95,154.30,144.49,16.75,83.59,85.55,15.10,207.83,159.12,493.17,267.14,36.19,46.96,52.37,92.29
2024-01-25,192.17,169.38,180.33,289.66,157.75,120.28,31.82,380.85,50.14,671.53,49.53,134.80,102.43,,152.50,150.73,366.18,334.25,178.14,48.90,150.07,165.68,629.83,55.76,393.31,617.90,84.91,431.84,283.56,390.45,112.70,82.16,398.01,56.20,61.58,112.63,155.19,147.82,16.46,83.89,86.94,15.55,182.63,156.64,474.12,268.08,37.08,47.33,53.13,94.63
2024-01-26,190.44,163.76,177.25,291.07,159.12,117.82,31.86,385.40,50.09,678.42,49.35,135.32,103.43,,152.65,151.05,361.48,338.37,175.33,43.07,150.01,165.05,588.29,55.96,393.87,629.35,82.31,433.55,278.84,391.41,113.35,81.89,397.09,57.04,61.00,112.28,156.40,148.31,16.35,83.56,86.43,15.65,183.25,153.53,483.54,263.49,37.17,47.75,53.60,95.44
2024-01-29,189.76,165.31,177.83,292.64,161.26,119.08,32.03,383.18,50.50,685.46,49.49,135.27,103.35,,153.69,152.36,364.13,338.75,175.06,43.26,149.88,165.48,588.99,56.30,395.40,635.01,82.97,435.58,278.89,398.24,113.78,81.79,402.78,57.58,62.43,111.41,156.67,148.33,17.09,84.34,86.12,15.62,190.93,155.35,484.82,269.11,36.87,47.78,53.85,95.56
2024-01-30,186.11,163.11,172.06,293.73,159.00,118.14,33.16,387.15,53.28,692.11,49.44,136.21,105.59,,151.91,150.32,370.17,340.08,175.75,42.35,149.33,168.87,584.34,56.46,397.58,634.99,81.99,440.13,281.12,397.28,114.14,82.59,401.67,56.28,62.74,111.81,158.04,149.59,16.74,84.40,86.61,15.87,191.59,152.81,483.93,272.55,37.23,48.57,54.03,97.15
2024-01-31,182.50,161.21,167.69,293.39,155.20,115.39,32.42,383.74,52.42,686.32,47.49,133.77,104.39,,140.74,139.05,367.43,336.14,171.81,42.51,149.45,167.04,583.06,56.07,394.64,635.61,80.94,444.13,279.28,387.43,113.31,82.23,390.85,56.41,61.49,109.40,157.03,149.26,16.09,83.56,87.11,16.02,187.29,150.99,491.74,268.72,37.13,47.61,53.91,95.26
2024-02-01,184.94,163.83,170.48,303.01,159.28,117.35,31.98,386.44,52.32,696.83,47.49,134.19,106.75,,141.65,140.10,367.28,342.91,174.84,42.79,148.94,166.43,588.02,57.48,398.36,650.20,81.64,455.68,284.39,392.04,118.56,81.83,396.94,56.75,62.99,113.15,159.98,151.20,16.33,85.81,88.11,16.33,188.86,150.59,487.32,272.45,37.25,46.56,54.91,94.87
2024-02-02,183.94,165.02,177.66,301.73,171.81,119.72,31.90,390.75,52.33,701.77,47.49,138.13,107.64,,142.47,141.31,371.11,340.21,173.80,42.04,147.30,167.39,593.15,57.06,396.84,657.31,82.27,455.35,283.41,471.69,118.59,82.26,404.26,56.46,66.12,113.40,159.30,150.16,17.02,85.53,87.93,16.14,187.91,150.13,490.29,272.58,36.94,46.97,55.32,94.49
2024-02-05,185.75,167.87,174.23,300.59,170.31,121.56,31.44,390.76,51.35,703.43,46.86,138.22,108.57,,143.85,142.60,366.48,338.22,171.58,42.20,146.53,167.17,603.51,56.59,390.54,695.27,83.51,451.57,272.84,456.22,118.38,80.96,398.78,56.21,69.29,113.99,159.25,150.28,16.72,84.28,88.18,16.05,181.06,149.84,483.30,271.00,36.28,46.53,55.03,94.10
2024-02-06,187.35,165.53,167.88,295.08,169.15,119.56,31.49,393.74,51.20,703.07,47.30,138.23,108.46,,144.33,143.02,368.37,339.27,171.57,42.30,148.66,167.75,590.50,56.50,405.10,694.11,81.87,455.27,271.58,451.57,119.03,81.16,398.62,55.59,68.19,112.92,159.72,150.99,21.87,84.31,88.22,15.94,185.10,149.34,490.71,272.16,36.03,46.14,55.40,94.75
2024-02-07,187.46,167.69,170.94,276.22,170.53,122.92,31.62,397.66,51.38,711.96,47.10,138.03,109.19,,145.59,144.45,369.96,345.41,171.88,42.34,148.58,168.06,597.64,56.54,406.34,714.15,83.24,456.66,274.14,466.33,119.59,81.06,407.04,55.93,70.06,114.85,159.76,151.14,23.60,84.10,87.89,15.69,187.58,149.72,499.09,274.75,35.44,46.32,55.26,94.72
2024-02-08,186.38,170.62,169.35,275.27,169.84,124.66,31.57,397.49,51.15,716.29,47.27,139.79,109.62,,146.12,144.82,368.41,346.39,174.04,42.06,147.10,167.46,607.06,56.39,403.58,724.29,84.79,453.06,278.53,466.74,118.78,80.73,407.10,55.85,69.60,114.28,161.98,150.68,24.51,81.87,87.03,15.23,189.56,151.08,499.76,271.70,34.99,46.20,55.26,96.34
2024-02-09,187.15,182.35,172.48,271.79,174.45,125.50,31.52,398.36,50.87,715.54,47.44,137.05,109.80,,149.10,147.88,367.67,345.85,175.90,42.86,147.44,167.66,637.79,56.14,408.86,728.70,89.42,452.68,276.18,464.86,117.69,80.96,413.43,56.13,72.09,114.24,156.22,149.53,24.38,81.97,86.53,15.25,193.57,153.14,497.97,272.34,34.82,45.92,55.23,94.30
2024-02-12,185.46,182.05,171.91,274.88,172.34,123.70,32.04,397.71,50.80,714.56,47.31,137.99,110.50,,147.62,146.42,375.69,348.04,175.73,43.58,148.46,168.41,636.07,56.27,409.05,725.84,89.07,453.50,276.15,465.65,117.59,81.88,408.23,55.78,72.21,113.45,158.96,149.23,25.05,82.78,87.13,15.41,188.13,151.90,497.41,271.00,35.16,46.74,55.56,95.60
2024-02-13,183.37,176.92,171.54,271.19,168.64,122.40,31.21,394.80,49.71,706.49,46.98,136.65,111.77,,145.28,144.05,362.40,340.55,173.41,42.71,147.16,166.94,629.22,55.94,405.77,731.47,87.56,455.23,273.93,456.93,117.67,79.15,399.44,55.45,72.09,111.34,157.35,148.43,24.01,82.03,86.60,15.30,184.02,147.91,496.65,271.73,35.18,46.09,55.18,94.77
2024-02-14,182.49,182.69,178.70,270.81,170.98,123.43,31.58,398.68,50.86,714.33,47.59,137.02,115.49,,146.04,144.85,361.72,341.16,173.29,43.73,146.48,168.64,641.75,55.88,407.87,746.89,89.83,459.91,274.94,470.00,118.04,79.18,403.30,57.93,73.86,111.91,156.08,147.83,25.19,82.06,87.37,15.31,188.71,148.87,496.74,273.46,35.20,46.37,55.01,94.31
2024-02-15,182.20,184.13,176.76,271.99,169.80,123.71,32.47,403.45,52.01,716.64,46.43,141.68,116.97,,142.87,141.70,368.78,343.87,176.40,43.60,148.53,172.32,641.74,55.99,417.90,747.35,89.64,465.93,278.46,480.67,118.71,80.75,400.41,59.35,72.62,110.46,156.40,149.14,25.41,81.84,87.75,15.47,200.45,151.55,500.52,276.83,35.59,49.73,55.23,97.01
2024-02-16,180.67,195.82,173.87,266.93,169.51,121.79,32.49,405.99,51.68,716.12,45.84,141.83,117.59,,140.70,139.47,367.84,345.08,177.13,43.06,148.36,171.51,650.57,55.98,420.76,771.30,90.84,462.81,278.61,470.04,119.89,81.53,397.95,58.40,72.57,109.02,154.97,149.61,24.44,82.46,87.01,15.36,199.95,151.24,501.17,274.44,35.50,49.60,55.58,97.01
2024-02-20,179.92,185.58,165.69,266.75,167.08,119.94,32.37,407.15,52.21,717.81,45.69,141.26,117.17,,141.14,140.06,367.92,345.29,173.17,44.06,149.60,172.18,641.14,57.21,424.98,745.26,88.33,446.62,279.21,468.48,119.49,80.45,396.70,57.51,69.41,106.21,157.14,150.56,23.40,82.45,86.98,15.31,193.76,153.46,500.70,271.08,35.51,49.47,57.38,96.09
2024-02-21,180.68,187.07,164.29,266.71,168.59,120.03,32.12,409.25,52.13,715.16,45.88,142.58,117.52,,142.77,141.48,371.51,346.78,169.64,43.02,150.38,173.30,641.29,57.72,428.40,735.65,88.47,453.84,280.42,465.28,120.20,80.55,396.10,57.33,67.43,105.93,157.31,152.36,22.74,83.30,86.24,15.39,194.77,154.73,501.57,272.67,36.03,50.32,56.67,98.06
2024-02-22,182.71,196.31,181.86,268.33,174.58,127.60,32.03,415.16,52.66,726.42,45.97,142.57,119.57,,144.24,143.01,373.61,353.65,173.89,42.54,152.05,175.38,672.62,57.64,435.78,759.05,92.64,466.20,282.33,483.27,121.27,80.92,405.43,58.85,78.49,108.72,156.76,152.51,23.59,83.87,86.15,15.02,197.41,156.00,505.92,279.56,35.71,51.00,57.23,97.97
2024-02-23,180.87,193.78,176.52,272.09,174.99,126.77,32.33,417.22,52.69,729.91,46.24,141.86,120.88,,144.21,142.88,374.17,354.24,175.32,42.55,153.37,176.26,657.91,57.68,436.29,758.95,91.08,468.04,284.08,481.18,121.44,81.58,404.14,58.36,78.77,109.64,158.02,152.95,22.97,84.21,86.62,15.21,191.97,154.36,506.64,279.41,35.65,51.46,57.28,97.11
2024-02-26,179.53,200.06,176.01,269.45,174.73,128.02,32.03,409.14,52.16,737.25,45.81,141.67,122.01,,137.72,136.54,373.37,353.89,173.82,42.55,152.37,175.66,672.67,57.22,433.74,761.30,92.09,469.12,283.48,478.91,120.87,80.75,401.38,58.76,79.05,108.68,156.77,152.19,23.56,83.17,86.63,15.03,199.40,154.93,504.79,279.95,34.80,51.72,58.34,97.50
2024-02-27,180.98,199.38,178.00,262.03,173.54,126.75,32.67,408.91,52.49,736.62,45.72,139.57,121.40,,139.06,137.84,373.94,357.66,174.52,42.29,152.55,175.75,666.53,56.87,433.60,754.48,91.30,469.36,280.27,484.18,121.05,80.58,401.32,60.17,78.66,109.08,156.68,151.31,24.53,82.94,87.01,15.24,199.73,155.54,493.36,278.99,35.01,52.37,58.33,97.29
2024-02-28,179.78,194.15,176.54,261.06,173.16,126.09,32.70,412.14,51.86,739.83,45.48,139.73,122.68,,136.41,135.36,378.87,359.62,174.92,41.56,153.10,176.64,662.03,56.93,439.84,747.22,90.51,473.41,281.64,481.17,120.26,81.11,401.56,59.65,77.62,109.38,155.63,152.02,24.42,83.17,86.53,15.36,202.04,153.75,478.81,281.41,35.16,52.29,58.36,97.56
2024-02-29,179.12,198.16,192.53,257.65,176.76,127.17,33.13,409.40,52.28,735.81,45.78,139.43,123.69,,138.74,137.42,374.89,362.47,174.67,42.61,152.93,178.25,671.17,56.57,437.52,743.31,92.04,469.37,280.45,487.25,119.29,81.10,407.39,60.29,79.07,109.38,155.23,150.97,25.08,82.74,86.29,15.33,201.88,157.79,474.31,278.46,35.09,53.12,57.37,97.75
2024-03-01,178.04,206.65,202.64,263.76,178.22,136.82,32.97,407.11,52.38,741.30,45.81,140.16,125.07,,137.05,136.11,373.97,366.13,177.66,43.37,153.64,177.51,705.87,56.11,437.90,771.36,96.28,471.22,278.96,499.34,119.11,81.51,409.22,61.93,82.23,111.44,154.52,150.88,24.93,82.62,86.41,15.37,202.64,161.30,470.40,278.98,35.24,52.61,57.51,98.98
2024-03-04,173.52,205.90,205.36,262.88,177.58,137.12,33.74,403.39,52.89,750.93,46.50,136.56,126.93,,133.20,132.35,377.97,362.24,182.25,45.14,151.47,178.84,706.11,56.37,444.13,781.38,95.89,463.17,279.16,495.26,116.38,84.87,408.65,61.58,85.19,111.71,155.26,151.56,24.04,83.06,86.52,15.21,188.14,162.61,463.04,276.38,35.34,53.33,58.04,97.60
2024-03-05,168.59,203.83,205.13,260.30,174.12,131.30,33.97,400.74,53.00,751.69,46.33,137.21,124.45,,132.78,131.68,376.68,360.42,181.20,42.71,151.60,180.63,694.36,56.10,449.35,766.89,94.47,462.21,280.70,487.34,115.23,84.01,396.56,59.85,85.92,108.65,152.13,151.33,23.81,83.30,86.66,15.55,180.74,160.91,454.66,275.25,35.38,54.08,58.77,98.80
2024-03-06,167.59,208.53,210.63,260.24,173.51,132.01,34.00,403.96,53.97,764.84,46.54,136.06,125.74,,131.57,130.41,375.39,361.60,185.17,44.05,151.00,181.57,703.79,56.13,451.94,769.04,96.32,466.24,281.07,493.17,116.10,80.74,396.01,59.77,88.65,109.96,153.03,151.57,26.16,83.78,86.86,15.55,176.54,162.07,454.13,276.29,35.01,54.57,59.29,99.85
2024-03-07,167.48,208.97,211.38,256.73,176.82,137.59,34.20,402.39,54.38,777.05,46.28,137.01,131.26,,134.23,133.37,374.29,360.75,185.53,45.67,150.56,179.98,711.47,56.03,453.58,769.43,97.56,462.23,279.32,509.18,116.32,81.19,402.96,60.85,92.62,112.18,153.14,152.57,26.46,84.17,87.14,15.44,178.65,165.28,460.07,274.15,34.66,54.47,59.08,100.41
2024-03-08,169.19,202.04,207.39,257.57,175.35,127.98,34.17,403.15,54.18,717.68,46.85,137.48,132.41,,135.28,134.39,372.90,357.69,184.98,43.55,151.17,180.32,687.81,56.10,450.90,751.65,93.84,463.93,280.71,502.97,115.86,82.04,400.08,60.48,87.48,110.10,153.08,152.31,26.04,85.24,87.45,15.57,175.34,162.48,459.75,275.90,34.64,54.53,58.84,101.36
2024-03-11,171.19,197.92,198.39,259.09,171.96,126.45,34.45,404.76,54.09,706.32,47.53,139.42,131.31,,137.91,136.64,372.10,355.93,180.99,44.40,152.79,180.38,674.20,56.78,457.66,724.27,91.35,463.83,282.88,480.74,115.18,81.95,398.40,60.09,85.73,111.78,154.66,153.45,25.35,86.84,87.95,15.69,177.77,164.26,471.89,276.41,35.18,54.55,59.37,101.96
2024-03-12,171.67,201.43,202.76,260.20,175.39,126.33,34.52,404.98,54.13,728.87,47.39,139.32,132.02,,138.58,137.46,374.05,358.83,186.70,44.77,154.22,181.87,687.01,57.02,459.60,744.56,93.47,467.50,282.39,496.81,115.07,82.05,409.00,61.11,91.87,124.91,154.48,153.81,24.70,87.07,86.56,15.57,177.54,164.84,472.08,279.72,35.18,55.05,60.11,101.30
2024-03-13,169.59,197.12,194.79,259.68,176.56,123.00,34.63,408.13,54.42,726.22,47.42,141.16,134.15,,139.72,138.74,378.03,363.09,185.68,42.78,152.67,183.34,677.48,57.61,464.30,747.41,91.10,470.21,271.41,492.65,114.61,84.22,408.83,60.94,90.84,122.93,155.19,154.16,25.00,87.67,87.15,15.56,169.48,162.84,470.78,280.93,35.30,55.25,59.98,102.43
2024-03-14,171.44,197.31,187.06,255.49,178.75,123.43,34.26,406.73,53.79,724.00,47.12,142.82,131.46,,143.27,142.03,374.47,359.53,182.60,42.31,150.88,180.08,681.04,57.48,463.37,750.26,91.00,474.03,270.32,488.94,113.77,83.98,418.79,61.30,87.90,122.94,154.70,153.40,24.43,86.41,88.30,15.40,162.50,161.38,471.74,282.18,34.87,54.82,59.93,104.25
2024-03-15,171.06,195.24,191.06,252.98,174.42,120.82,33.99,408.13,54.28,717.75,46.31,142.68,133.15,,141.11,140.12,373.12,357.57,180.37,42.20,149.90,182.31,672.75,56.89,457.79,743.79,89.47,470.43,267.84,481.25,114.73,83.30,410.13,60.59,87.79,122.95,154.59,153.29,23.49,86.71,89.43,15.44,163.57,162.69,473.50,278.86,34.62,54.95,59.60,104.06
2024-03-18,172.15,197.29,190.65,254.89,174.48,120.99,34.56,408.41,55.24,723.59,46.63,142.55,133.95,,147.37,146.57,370.38,356.31,180.96,42.27,148.56,184.57,679.44,57.13,455.72,752.17,90.96,473.45,267.30,494.06,114.65,82.91,411.01,61.84,88.41,125.17,160.79,153.13,24.00,87.68,89.94,15.66,173.80,159.56,469.86,280.84,35.01,55.20,59.77,105.02
2024-03-19,174.49,197.89,181.42,255.67,175.90,121.06,34.58,411.76,55.45,724.22,46.51,143.66,136.75,,146.82,145.93,374.51,363.49,182.51,41.62,148.03,185.65,669.95,57.22,456.33,762.15,91.53,478.50,271.42,493.32,115.37,83.34,415.04,62.07,89.35,126.53,161.29,153.71,23.80,87.36,91.28,15.55,171.32,157.25,475.91,283.10,35.04,54.47,59.78,105.76
2024-03-20,177.06,201.54,179.73,256.91,178.15,125.31,35.27,416.11,56.65,732.67,46.89,141.76,137.12,,148.57,147.62,382.04,368.28,183.10,41.76,147.61,188.09,684.60,57.72,456.38,762.23,93.30,482.50,272.93,502.55,116.93,86.10,418.80,62.77,90.33,126.58,161.35,153.87,24.57,87.32,91.27,15.58,175.66,160.29,476.79,285.00,35.17,54.75,60.15,105.67
2024-03-21,169.82,207.19,178.68,260.58,178.15,132.38,36.00,413.78,57.78,734.49,47.21,142.05,139.26,,147.63,146.49,398.65,378.62,181.15,41.98,147.60,190.70,701.50,57.45,455.90,759.66,96.59,483.09,272.05,504.77,116.71,88.04,422.88,62.27,91.39,126.35,161.90,153.74,24.49,85.98,90.71,15.54,172.82,162.75,474.34,286.08,35.54,55.28,60.35,106.14
2024-03-22,170.73,206.65,179.65,259.85,178.87,132.92,35.56,411.60,57.30,726.82,47.11,141.86,138.08,,150.64,149.64,392.01,373.91,180.15,42.13,147.11,188.36,698.97,57.47,457.80,760.01,96.13,476.20,271.19,506.58,116.93,86.67,422.26,62.80,94.24,125.16,161.50,153.55,24.18,84.75,91.94,15.37,170.83,162.65,472.77,279.07,35.39,54.59,59.78,106.14
2024-03-25,169.31,204.89,178.63,264.22,179.71,132.73,35.38,409.92,57.42,723.02,47.02,143.52,136.77,,150.02,148.94,390.20,367.42,178.22,41.40,147.10,186.64,688.32,57.39,456.49,762.50,95.50,470.63,267.34,500.06,118.31,85.91,416.47,62.75,94.95,123.48,162.05,152.16,24.51,85.00,92.02,15.50,172.63,161.11,468.73,277.05,35.83,54.21,59.49,107.22
2024-03-26,168.18,203.13,177.87,265.12,178.30,130.76,35.60,411.57,58.09,723.04,46.89,142.42,136.82,,150.57,149.54,391.40,363.99,177.94,41.56,147.62,187.51,677.19,57.52,457.13,764.24,95.08,471.38,267.34,492.97,118.50,86.04,415.28,62.92,92.51,123.86,162.17,152.50,24.89,84.28,92.44,15.55,177.67,158.34,474.94,276.45,35.81,54.16,59.43,106.42
2024-03-27,171.75,204.43,179.59,269.38,179.83,129.50,36.29,416.93,59.12,724.13,47.10,143.41,142.00,130.84,150.81,149.74,400.14,369.70,180.11,43.32,149.69,191.14,685.51,57.98,455.84,767.47,94.93,472.52,270.60,490.95,124.39,88.13,415.06,61.35,90.20,122.69,162.96,154.46,24.51,86.01,93.78,15.89,179.83,163.02,475.70,274.90,36.42,55.05,59.63,107.52
2024-03-28,169.93,202.69,180.49,267.52,180.38,130.16,36.40,420.52,59.58,724.67,47.24,144.69,138.38,136.33,151.13,149.80,402.49,367.51,180.27,43.71,149.91,191.89,687.18,58.13,453.97,767.26,95.51,476.10,270.54,482.72,124.58,88.75,414.36,60.73,90.31,123.02,164.31,154.11,23.01,85.44,93.85,15.94,175.79,164.28,477.24,274.96,36.79,55.38,59.09,108.71
2024-04-01,168.50,205.11,183.34,266.31,180.97,132.60,36.01,420.20,59.79,713.40,47.36,145.92,138.25,141.58,155.33,154.32,398.46,352.59,179.20,44.06,149.52,190.59,699.29,57.65,453.07,750.09,96.52,472.97,268.88,488.46,123.67,88.16,418.15,61.43,90.32,122.89,162.40,152.53,22.86,85.27,94.07,15.84,175.22,163.30,472.42,274.17,37.07,55.05,58.93,109.41
2024-04-02,167.32,202.58,178.70,259.89,180.69,131.47,35.80,418.92,59.20,703.57,46.71,146.56,134.81,139.57,154.71,153.40,395.22,347.77,178.30,43.49,149.47,190.51,682.61,57.15,451.06,753.45,95.09,473.98,266.50,494.44,123.07,87.39,415.07,61.42,89.41,121.78,160.96,152.52,22.72,85.63,94.83,15.86,166.63,160.65,441.97,274.32,37.30,54.80,58.10,111.55
2024-04-03,168.12,203.82,180.77,258.20,182.41,133.87,35.94,420.24,58.12,698.02,46.50,147.16,143.85,136.91,155.21,153.76,398.93,344.80,180.21,39.91,146.19,189.97,686.16,56.84,452.16,765.31,96.18,472.00,264.38,503.76,122.64,87.66,414.09,63.01,88.92,123.64,159.30,148.32,22.70,84.86,93.87,15.94,168.38,160.63,443.51,272.87,37.56,54.59,58.37,111.57
2024-04-04,167.30,199.90,165.83,252.25,180.00,129.38,35.44,415.32,57.38,697.22,45.90,147.39,145.59,125.67,150.81,149.40,391.46,342.67,177.42,39.32,144.52,188.53,661.78,56.34,447.07,757.51,93.55,464.43,259.16,507.91,120.53,86.98,411.56,61.71,85.86,121.63,159.28,147.65,22.48,84.02,95.57,15.91,171.11,158.92,439.31,269.95,37.22,54.16,58.44,111.96
2024-04-05,168.05,204.29,170.42,254.00,185.07,131.54,35.62,418.62,58.03,705.97,46.32,148.23,154.40,122.32,152.79,151.36,393.22,342.86,178.55,38.31,144.41,190.26,671.71,56.54,454.34,773.42,95.22,471.73,255.89,524.24,120.84,87.16,419.09,63.62,87.96,122.33,158.80,148.27,22.96,83.44,97.86,15.77,164.90,157.95,439.66,273.04,36.93,54.85,58.78,113.51
2024-04-08,166.93,205.46,169.90,253.29,185.19,131.21,35.99,415.97,58.16,704.08,46.03,147.92,154.61,129.56,154.98,153.69,395.60,346.86,179.19,37.59,143.66,191.25,679.56,56.31,451.38,766.60,95.09,474.07,256.73,516.20,119.49,87.86,418.17,62.84,87.09,121.79,159.21,148.22,23.00,84.23,98.04,15.62,172.98,159.80,439.91,273.66,36.59,55.22,58.71,112.74
2024-04-09,168.14,206.80,170.78,254.38,185.67,131.01,36.21,414.69,58.09,710.78,47.72,148.59,152.61,131.76,156.96,155.43,395.76,346.26,178.71,37.93,144.32,189.97,685.47,56.74,447.73,746.82,95.68,467.44,258.53,513.86,119.63,88.68,419.84,61.82,85.31,121.08,160.18,148.80,22.81,84.93,97.77,15.55,176.88,163.57,443.50,272.63,36.38,55.02,58.72,113.33
2024-04-10,166.27,205.66,167.14,250.70,185.95,129.86,35.18,409.11,56.70,714.73,46.95,149.21,154.70,137.94,156.49,154.97,386.17,335.85,175.62,36.82,142.34,188.35,675.92,55.98,440.45,751.50,94.53,464.48,257.79,516.77,119.67,86.39,416.86,61.86,86.99,119.63,158.62,149.36,22.42,83.67,97.54,15.40,171.76,159.29,434.17,270.42,36.10,54.41,59.54,114.28
2024-04-11,173.46,209.33,170.50,254.04,189.05,135.76,34.89,407.61,57.20,724.39,47.26,148.49,155.76,136.15,159.59,158.21,383.01,332.80,175.49,37.24,141.00,188.32,689.19,56.10,442.90,749.14,96.68,463.63,257.74,520.08,119.10,81.85,421.46,62.88,90.57,121.09,158.06,148.03,22.84,83.40,96.98,15.11,174.60,161.44,426.13,271.61,35.78,54.17,59.02,113.90
2024-04-12,174.96,204.30,163.28,251.48,186.13,131.99,34.35,403.26,56.23,723.36,46.27,145.81,153.02,133.59,158.00,156.55,375.31,328.48,172.06,35.32,139.80,176.14,669.68,55.37,437.44,741.30,94.08,460.73,256.56,508.89,118.71,81.24,415.52,62.28,88.14,119.00,157.82,147.54,22.67,82.86,96.33,15.01,171.05,156.85,423.70,271.88,35.39,53.96,59.06,112.57
2024-04-15,171.13,202.15,160.32,249.82,183.62,128.71,34.51,400.26,55.17,710.48,46.03,144.55,152.10,131.34,155.17,153.70,386.29,323.75,171.10,35.94,139.87,176.23,667.43,55.24,434.84,740.44,93.01,455.20,255.45,497.29,119.14,81.99,407.39,60.72,85.96,117.79,156.74,147.65,21.90,82.62,96.25,14.94,161.48,156.87,429.90,267.27,35.73,54.44,58.86,111.93
2024-04-16,167.85,205.89,163.46,249.94,183.32,130.52,33.29,396.92,53.72,708.19,45.72,143.35,155.13,129.67,154.84,153.24,382.42,320.78,173.46,35.89,136.89,174.22,682.00,55.16,435.84,736.47,94.69,455.23,254.68,496.82,118.07,84.02,408.31,61.75,87.37,118.52,157.26,148.13,21.88,83.46,97.04,14.81,157.11,158.04,452.34,267.34,35.43,53.90,58.77,111.00
2024-04-17,166.48,196.46,154.02,248.46,181.28,125.96,33.81,397.74,54.80,707.42,45.60,143.46,154.05,134.33,155.71,154.30,389.21,318.87,172.85,35.31,137.19,173.52,648.23,55.59,436.83,740.44,89.68,455.56,259.02,491.26,118.36,84.91,405.61,61.37,83.99,116.60,159.12,149.09,21.31,84.47,96.95,14.83,155.45,156.25,462.09,268.66,35.44,54.64,58.58,110.94
2024-04-18,165.53,190.99,155.08,247.22,179.22,123.64,34.33,399.89,54.94,703.52,45.90,144.53,151.35,136.80,156.29,154.84,388.44,318.92,171.31,34.68,138.11,174.65,633.72,55.97,436.48,735.69,87.39,450.16,260.01,498.85,118.23,85.08,398.16,61.06,84.63,113.98,161.74,150.37,21.13,85.05,96.91,15.03,149.93,154.34,475.77,267.36,35.75,56.13,58.20,110.84
2024-04-19,163.51,186.52,146.64,253.04,174.63,118.31,35.48,405.08,55.72,701.80,46.10,146.76,146.52,134.68,154.56,152.93,389.30,321.29,171.41,33.85,140.17,179.04,617.92,57.17,436.35,716.32,85.55,450.84,260.98,478.24,118.75,85.45,393.09,55.50,76.16,112.88,163.48,151.18,20.47,87.44,97.73,15.19,147.05,150.58,483.44,265.79,36.07,57.67,58.47,112.11
2024-04-22,164.34,186.21,148.64,255.84,177.23,120.25,36.21,408.78,57.42,707.69,45.93,148.52,148.62,136.27,156.77,155.11,402.16,322.01,171.71,34.05,141.32,182.51,623.31,57.53,437.01,721.27,85.34,452.19,264.42,478.90,119.85,86.80,394.90,55.46,79.48,112.53,165.67,153.47,20.97,87.71,97.73,15.01,142.05,154.11,473.89,268.31,34.39,58.38,59.06,112.75
2024-04-23,165.39,189.93,152.27,257.37,179.54,122.68,36.83,408.74,59.04,714.83,46.10,149.37,160.92,147.37,158.73,157.07,408.57,324.78,171.99,33.93,141.73,185.15,637.64,57.61,435.14,735.43,87.24,458.20,265.67,493.18,119.79,88.38,401.41,57.78,82.38,113.08,160.75,154.39,21.64,91.07,97.56,15.18,144.68,156.04,469.02,270.06,35.37,58.23,58.03,113.19
2024-04-24,167.50,192.70,151.74,256.88,176.59,123.42,36.78,405.95,58.85,716.03,46.13,150.03,157.53,145.73,159.90,157.94,407.64,319.04,173.79,34.14,140.76,186.05,645.83,58.48,434.41,722.13,86.99,457.88,265.55,490.60,119.90,88.46,402.88,55.51,79.64,113.33,166.56,155.44,21.59,92.34,97.21,15.47,162.13,164.85,470.10,270.96,35.18,57.91,58.80,113.21
2024-04-25,168.36,194.11,153.76,253.46,173.67,127.12,36.39,404.91,58.21,715.16,45.89,151.60,159.58,147.85,156.77,154.83,404.76,318.05,159.45,34.75,139.14,186.33,661.98,58.66,433.94,714.90,88.62,457.49,264.44,438.78,123.41,87.24,393.01,56.48,82.59,112.89,165.88,155.40,21.71,89.61,97.87,15.26,170.18,165.26,476.43,271.09,34.94,57.26,59.13,113.47
2024-04-26,167.77,199.89,157.40,254.02,179.62,131.99,36.31,402.10,59.03,722.42,45.67,152.16,160.66,152.60,172.40,170.66,412.01,321.03,157.77,31.55,138.49,186.45,694.74,58.66,433.30,723.42,90.97,457.80,262.03,440.68,123.87,87.50,400.18,56.12,87.69,115.16,164.84,154.19,22.52,88.61,97.59,15.41,168.29,167.36,477.87,270.46,35.35,57.25,59.08,110.32
2024-04-29,171.94,201.74,160.20,260.05,180.96,131.46,36.04,400.96,58.66,719.59,45.59,152.57,162.77,158.52,166.65,164.90,415.13,322.67,158.05,31.04,139.14,186.24,702.29,58.94,435.15,727.06,91.31,452.53,262.48,430.07,122.85,87.62,396.17,55.95,87.71,114.46,165.37,154.54,22.83,89.15,98.58,15.66,194.05,169.07,471.77,267.82,35.72,57.14,59.16,111.89
2024-04-30,168.79,195.24,158.38,257.75,175.00,127.69,35.52,396.73,57.78,716.19,44.83,147.92,160.13,153.23,163.41,161.56,411.18,320.20,156.89,30.16,137.02,184.76,678.05,58.69,431.13,770.35,87.93,446.69,261.99,427.64,122.00,86.41,383.44,55.06,86.36,111.77,165.15,156.02,21.97,88.53,97.69,15.54,183.28,166.36,466.63,264.64,35.18,56.68,58.29,110.61
2024-05-01,167.77,190.66,144.27,260.98,179.00,122.05,35.47,398.58,57.80,715.52,44.69,146.42,158.03,151.20,164.34,162.63,411.41,318.04,155.22,30.06,143.27,184.88,655.18,58.84,432.75,766.06,85.34,437.65,263.32,436.61,121.60,87.08,388.97,55.17,83.00,112.63,164.44,156.21,22.12,89.57,97.40,15.57,179.99,165.21,467.02,263.37,34.92,56.87,57.80,108.51
2024-05-02,171.47,194.52,146.16,261.94,184.72,121.63,35.40,400.60,57.98,725.65,44.64,147.43,160.94,153.35,167.21,165.37,416.83,321.45,155.47,30.20,142.07,184.68,670.93,58.90,410.27,745.51,86.87,436.69,262.22,439.08,121.09,88.14,391.83,56.51,85.77,112.95,164.72,156.63,22.55,90.74,98.05,15.48,180.01,165.78,475.57,263.66,34.68,57.17,58.64,108.71
2024-05-03,181.73,200.59,150.60,292.89,186.21,125.52,35.75,400.87,58.46,737.00,44.96,146.99,162.40,165.75,167.73,165.99,422.23,328.47,156.43,30.58,141.46,183.57,685.23,59.07,414.16,724.86,89.31,439.15,259.38,449.30,120.38,89.08,400.51,57.93,88.74,113.78,165.38,157.22,23.33,90.83,97.58,15.51,181.19,168.71,475.07,264.52,34.65,57.27,58.75,108.48
2024-05-06,180.07,205.28,155.78,281.78,188.70,128.68,36.18,404.92,59.69,749.43,44.95,148.87,166.22,168.62,168.57,166.84,427.52,327.93,159.17,30.77,140.80,185.01,706.67,59.24,417.11,756.13,90.89,444.88,258.40,462.94,120.44,90.17,407.29,59.70,92.09,116.28,165.07,157.20,25.21,90.88,98.07,15.63,184.76,171.31,476.93,268.64,35.04,57.51,58.80,109.19
2024-05-07,180.75,203.77,154.43,282.55,188.76,127.97,36.32,406.14,58.92,764.15,45.11,149.21,167.02,166.84,171.69,169.97,427.65,326.40,158.95,30.49,140.94,184.77,702.73,59.49,420.41,767.07,89.94,448.53,256.67,465.49,123.09,91.12,403.15,60.60,90.51,115.87,167.13,158.46,21.40,90.95,99.34,15.72,177.81,173.50,483.28,272.37,35.02,57.58,59.54,108.64
2024-05-08,181.09,203.81,153.62,289.15,188.00,130.16,36.19,406.37,59.63,756.33,45.80,149.09,167.10,163.49,169.89,168.11,430.68,324.61,160.39,29.81,141.15,188.53,705.46,59.71,418.17,764.34,89.78,450.23,257.62,469.82,122.31,90.98,404.33,60.95,90.37,115.34,166.56,157.80,21.56,91.62,100.02,15.75,174.72,174.71,485.45,273.09,35.17,58.51,59.22,108.63
2024-05-09,182.91,202.79,152.39,294.37,189.50,128.22,36.74,408.82,60.17,771.81,45.60,151.76,165.75,165.88,170.30,168.69,438.98,332.86,158.52,29.90,142.01,190.31,699.08,59.74,420.28,760.94,89.22,450.94,257.10,472.62,122.95,93.33,406.09,61.21,88.70,114.60,167.17,158.73,21.14,92.75,101.75,15.81,171.97,176.02,489.14,274.42,35.45,58.89,59.56,110.77
2024-05-10,181.65,206.13,151.92,291.82,187.48,130.89,36.91,412.05,60.37,779.89,45.86,152.10,161.68,166.75,169.02,167.39,438.18,331.90,159.36,29.66,142.06,191.53,706.56,60.10,424.71,749.54,89.99,452.42,263.87,473.40,122.79,93.49,408.47,61.09,89.83,114.63,168.80,159.51,20.60,92.94,102.31,15.80,168.47,177.66,494.71,276.59,35.99,59.48,59.60,110.32
2024-05-13,184.85,203.09,150.56,290.22,186.57,131.35,36.67,411.22,60.25,767.96,46.45,150.92,157.84,161.03,169.63,167.87,437.05,326.65,159.75,30.32,143.31,191.50,702.50,60.41,425.09,747.28,88.85,453.19,260.34,465.26,122.06,93.76,407.47,61.66,90.35,114.34,169.84,158.57,20.94,92.59,101.81,15.88,171.89,178.39,493.68,275.26,36.12,58.87,59.54,110.27
2024-05-14,185.99,206.22,153.16,293.01,187.07,135.52,36.94,410.24,60.43,770.68,46.71,150.07,158.33,165.12,170.65,169.06,441.78,326.21,159.56,30.85,143.46,194.17,719.48,59.95,422.48,753.47,89.71,449.66,259.70,469.07,121.47,94.54,410.26,61.37,91.31,118.76,168.87,158.46,21.44,93.10,101.71,15.92,177.55,181.53,495.74,273.64,36.07,59.48,58.99,110.94
2024-05-15,188.26,213.76,159.67,300.18,185.99,141.04,37.35,412.76,61.05,779.74,47.39,149.56,161.77,167.35,172.59,171.22,449.13,334.04,160.41,31.07,144.68,194.75,748.85,59.98,421.22,777.52,93.17,453.43,262.78,478.71,124.37,95.62,417.44,61.35,94.58,119.51,168.49,159.18,21.67,93.78,101.38,15.95,173.99,185.71,499.28,277.34,36.07,59.91,58.96,111.80
2024-05-16,188.38,210.36,162.62,298.22,183.63,138.68,37.64,413.12,60.95,785.71,46.12,149.25,159.44,165.88,174.12,172.87,447.61,328.35,161.09,31.83,146.21,195.10,738.76,60.16,420.11,761.81,92.69,454.29,262.44,470.45,123.57,94.73,415.37,61.05,94.31,120.03,171.91,160.47,21.65,93.87,100.91,15.92,174.84,185.18,502.87,276.21,35.86,58.68,63.08,111.13
2024-05-17,188.41,208.44,164.47,296.09,184.70,137.02,37.71,416.94,60.89,788.43,45.96,150.72,158.22,162.12,175.97,174.74,450.70,329.77,161.15,31.63,146.55,197.33,736.98,59.88,422.88,760.70,89.66,455.67,261.35,469.13,123.86,95.34,414.60,62.11,92.43,121.35,171.05,160.26,21.76,93.09,100.85,16.01,177.46,185.23,506.11,276.47,35.69,58.70,63.71,112.80
2024-05-20,189.57,216.18,166.33,298.05,183.54,138.86,37.26,413.00,60.02,785.64,44.97,149.30,157.62,160.45,177.13,175.59,446.09,323.65,162.00,31.90,144.51,188.46,761.75,59.45,422.97,773.72,92.61,455.07,257.03,466.08,123.67,95.44,419.67,64.08,94.73,122.35,169.28,159.95,21.62,92.87,101.67,16.12,174.95,189.20,498.98,274.93,35.74,58.33,63.25,111.88
2024-05-21,190.87,216.03,164.66,298.35,183.15,137.41,38.06,414.37,61.52,793.50,44.79,148.21,159.32,163.42,178.20,176.52,453.29,322.05,165.38,31.54,144.48,192.26,754.19,59.77,425.34,793.47,94.77,454.51,255.11,461.90,123.45,96.58,423.32,65.06,95.34,122.46,170.01,160.94,21.24,93.47,102.07,15.89,186.60,189.02,505.07,272.37,35.30,59.06,64.21,111.11
2024-05-22,189.43,214.80,165.52,293.19,183.13,136.72,38.16,413.99,60.65,794.42,45.26,145.99,159.13,163.34,176.67,175.06,445.55,316.72,165.59,31.22,146.64,191.09,760.67,59.86,425.10,793.21,94.94,451.96,255.01,465.03,123.77,95.83,424.78,64.05,94.90,122.43,170.95,160.42,21.17,94.25,102.92,16.10,180.11,192.37,502.95,272.01,35.45,58.56,64.31,108.88
2024-05-23,185.45,214.60,160.43,290.43,181.05,136.83,37.60,405.88,59.89,788.95,44.46,145.41,163.54,161.17,173.76,172.25,441.47,313.18,162.71,29.89,143.01,189.75,754.16,58.99,422.66,798.69,94.19,446.70,247.49,463.04,123.76,94.10,421.30,63.57,103.75,121.92,168.31,158.21,20.72,92.93,102.05,16.08,173.74,187.39,498.59,270.68,35.13,57.35,63.90,107.02
2024-05-24,188.52,217.50,166.36,289.81,180.75,138.26,38.10,407.41,60.42,802.22,44.29,146.16,165.59,176.88,175.02,173.68,444.39,311.46,162.92,30.53,140.40,193.40,767.92,58.91,425.86,797.68,95.41,446.67,247.66,475.41,122.25,94.15,424.42,64.68,106.41,120.77,167.11,158.05,21.01,93.19,102.88,16.10,179.24,189.18,490.24,270.93,35.40,57.86,64.43,106.93
2024-05-28,188.53,217.92,171.61,284.45,182.15,138.71,37.74,403.90,59.35,805.63,44.16,147.35,166.80,177.54,176.69,175.08,443.07,314.91,161.75,30.86,137.93,192.24,774.89,58.73,420.34,798.10,95.48,440.63,243.28,477.10,119.04,93.86,424.58,64.90,113.84,122.32,162.78,155.93,21.05,93.30,102.15,15.89,176.75,189.58,485.90,267.47,35.07,57.16,64.10,108.29
2024-05-29,188.83,215.69,165.14,280.84,182.02,136.57,37.16,404.09,58.93,799.04,43.97,145.37,161.89,176.77,176.08,174.58,440.53,312.24,159.26,29.94,137.99,190.90,761.31,58.62,416.68,801.73,93.71,438.05,239.27,471.57,118.86,92.53,423.44,65.46,114.77,121.58,160.68,154.54,20.94,92.88,101.23,15.75,176.19,185.12,467.61,265.38,34.83,56.46,63.98,107.13
2024-05-30,189.82,213.22,166.75,285.22,179.32,133.96,37.08,408.61,58.85,807.78,44.01,146.63,162.49,174.54,172.27,170.82,436.47,317.56,157.91,30.00,138.79,192.07,759.11,58.88,420.52,805.22,93.46,437.68,241.86,464.30,117.57,92.49,409.14,64.77,110.44,115.05,160.05,155.42,21.73,92.70,102.35,16.21,178.79,185.86,464.65,267.79,35.93,56.90,63.95,107.47
2024-05-31,190.77,211.78,166.90,289.82,176.44,130.47,38.38,414.40,59.21,802.38,44.37,150.37,163.42,175.36,172.66,171.21,442.57,323.05,159.07,30.66,140.12,195.25,748.66,59.79,425.81,810.43,91.66,442.60,248.41,464.08,118.52,93.07,409.59,64.16,109.58,115.15,162.33,157.30,21.68,94.54,104.37,16.77,178.08,185.22,477.89,268.93,36.66,57.58,64.81,110.55
2024-06-03,192.54,210.92,163.55,291.31,178.34,129.82,38.28,414.79,58.84,807.83,44.51,145.89,159.78,169.84,173.12,171.87,441.07,316.43,157.57,30.10,141.14,194.47,743.36,59.79,424.65,821.22,91.98,438.76,250.85,474.68,121.24,92.66,408.00,63.38,114.94,117.20,160.76,157.40,21.32,96.01,103.94,16.57,176.29,183.99,479.88,266.88,36.51,57.03,64.87,107.90
2024-06-04,192.86,208.96,159.99,291.26,179.34,130.69,38.09,409.53,58.00,819.71,45.25,144.66,159.70,162.54,173.83,172.49,441.38,316.67,158.08,29.84,141.20,191.91,739.82,60.75,422.88,822.54,90.71,440.33,253.72,474.18,121.52,91.87,410.52,63.16,116.38,117.97,163.26,159.66,22.10,96.79,104.46,16.89,174.77,183.60,487.65,268.89,37.03,56.41,65.64,106.23
2024-06-05,194.37,219.94,166.17,291.27,181.28,138.77,38.35,409.85,58.70,826.56,43.91,143.59,160.86,162.98,175.75,174.09,447.57,318.60,159.57,30.59,139.45,190.08,773.74,60.73,426.75,821.72,95.53,442.20,251.08,492.15,122.22,91.95,418.35,65.03,122.38,120.49,162.88,158.74,22.96,97.05,104.98,16.84,175.00,186.24,485.36,270.94,36.84,56.39,66.12,106.65
2024-06-06,192.99,218.35,166.78,289.67,185.00,137.61,38.10,411.08,58.86,834.82,44.11,144.47,158.95,159.81,177.02,175.40,444.10,319.41,160.36,30.23,139.88,189.74,768.11,60.95,425.54,827.18,94.59,444.20,251.79,490.86,123.23,92.13,418.86,64.85,120.94,121.35,162.61,161.06,23.79,97.21,104.73,16.82,177.94,186.39,484.21,273.45,36.82,55.48,66.18,107.45
2024-06-07,195.38,218.33,167.87,289.03,184.30,138.14,38.41,413.72,58.71,837.74,43.74,144.61,160.23,161.58,174.64,173.15,441.01,315.49,162.08,30.55,140.51,192.67,757.97,60.72,425.39,839.73,94.64,445.30,247.43,490.06,123.37,92.41,418.20,64.15,120.83,123.72,161.85,159.71,23.31,96.62,104.66,16.66,177.48,185.79,473.37,275.06,36.47,56.09,64.93,106.30
2024-06-10,191.64,224.66,160.34,288.75,187.06,141.46,38.31,410.81,58.38,840.47,43.75,145.22,161.14,166.12,175.51,173.90,439.69,320.82,162.44,30.72,140.56,192.34,783.02,60.42,423.73,854.55,98.61,444.76,245.12,499.64,124.14,91.69,422.16,64.45,121.73,122.33,156.98,159.98,23.13,96.69,103.67,16.44,173.79,187.70,477.53,271.48,36.00,55.67,65.99,106.61
2024-06-11,205.56,226.44,158.96,284.94,187.23,143.48,37.53,408.50,56.20,841.43,43.67,144.99,158.69,167.71,177.06,175.50,430.69,323.87,161.42,30.73,140.20,187.28,786.74,60.38,427.14,855.36,98.28,444.55,245.57,504.48,124.47,90.78,426.91,64.86,120.86,121.72,156.20,160.11,23.85,96.82,103.51,16.44,170.66,187.53,478.71,271.11,36.01,54.90,65.76,105.76
2024-06-12,211.43,234.00,160.24,285.30,186.89,146.86,38.06,408.77,57.03,839.94,43.53,142.89,159.37,176.97,178.43,176.66,434.99,331.99,161.12,30.57,138.91,184.56,815.97,59.74,425.85,856.83,102.01,438.58,245.76,505.85,122.92,90.99,435.18,65.01,125.15,137.93,155.02,157.91,23.77,95.72,103.36,16.21,177.29,188.99,475.67,266.82,35.43,55.07,65.35,104.59
2024-06-13,212.60,233.90,159.90,282.85,183.83,164.88,37.91,405.92,57.24,838.11,43.43,141.61,154.07,175.62,175.62,174.05,432.71,335.60,161.23,30.27,138.95,186.61,818.16,59.85,431.38,872.66,102.09,440.56,245.01,501.13,122.14,90.57,435.69,65.33,129.55,137.41,154.55,159.09,23.27,95.10,101.68,16.26,182.47,186.43,479.75,267.68,35.44,55.04,65.73,103.75
2024-06-14,210.86,233.39,159.63,282.97,183.66,170.39,37.89,405.54,56.38,847.73,43.59,141.36,154.25,169.64,177.24,175.67,432.81,334.60,161.32,30.26,139.04,186.73,813.04,59.89,428.58,867.84,101.84,440.19,244.89,501.69,122.24,90.85,436.67,66.94,131.82,135.72,155.01,159.45,23.57,95.30,100.90,16.23,178.01,184.17,479.58,267.15,35.34,55.16,66.05,102.87
2024-06-17,215.01,239.13,158.40,287.38,184.06,179.60,38.15,407.32,57.08,859.86,43.59,141.93,161.53,168.24,177.65,176.11,436.42,337.16,161.60,30.78,139.43,187.88,836.74,59.96,432.19,874.32,105.35,443.63,244.83,504.15,121.09,92.31,442.39,67.58,130.92,138.84,157.21,160.13,25.02,95.17,101.14,16.26,187.44,185.12,473.97,267.66,35.16,55.97,66.44,102.16
2024-06-18,212.65,244.03,154.63,289.95,182.81,177.01,38.62,407.95,57.76,862.67,43.86,142.06,163.25,179.01,175.34,173.98,443.45,341.38,162.60,30.44,139.14,189.83,850.96,59.97,431.59,880.69,107.31,445.61,242.20,497.04,121.56,92.82,440.39,68.57,135.52,142.12,157.53,161.14,25.82,94.41,101.43,16.61,184.86,186.40,466.04,270.08,35.71,56.75,66.62,103.12
2024-06-20,208.07,236.31,161.78,293.65,186.10,170.34,38.62,409.15,57.61,854.44,44.58,145.13,163.28,176.63,176.59,175.18,444.05,340.97,165.81,30.43,141.18,191.44,817.72,59.54,434.15,875.29,104.53,447.99,245.11,499.24,123.16,92.69,439.75,67.90,130.72,140.42,157.72,160.29,25.56,94.37,101.72,16.67,181.57,183.08,469.40,273.23,35.85,56.66,67.03,105.35
2024-06-21,205.90,231.80,161.23,292.01,189.08,162.88,38.13,409.62,57.01,840.44,45.12,143.87,162.53,175.19,179.12,178.49,436.42,343.24,164.42,30.89,142.10,189.15,804.87,60.10,434.27,873.21,103.45,450.31,250.50,492.36,124.15,91.48,443.78,68.61,126.52,139.03,158.29,160.85,23.84,94.39,102.24,16.93,183.01,185.71,467.53,271.65,35.85,55.84,66.93,104.43
2024-06-24,206.54,226.31,160.25,301.47,185.57,156.86,38.65,413.98,58.29,840.29,45.11,147.60,158.87,177.59,179.65,178.08,447.97,338.50,166.85,30.38,142.46,191.64,782.62,61.25,434.65,879.36,100.89,452.40,251.46,496.47,126.28,92.37,441.70,66.90,118.06,137.45,159.05,161.04,24.16,96.23,98.71,17.16,182.58,184.17,474.69,272.72,36.68,56.71,67.90,107.53
2024-06-25,207.47,230.67,160.25,302.57,186.34,155.73,38.03,410.97,58.52,847.57,45.21,146.82,158.06,180.89,184.41,182.86,443.40,326.38,164.55,30.55,140.61,190.86,806.34,61.12,432.72,893.69,103.70,451.10,248.56,508.10,126.24,93.04,444.93,67.24,126.04,136.74,158.35,159.51,24.56,96.39,98.33,17.20,187.35,184.71,469.38,269.99,36.60,54.97,66.44,107.83
2024-06-26,211.61,228.61,157.54,296.42,193.61,156.84,37.66,410.26,58.21,848.89,44.71,144.49,158.97,179.44,184.20,182.71,441.93,329.76,163.86,30.35,140.26,190.24,801.67,61.33,430.02,890.38,103.98,447.86,249.00,510.61,124.89,92.17,446.13,67.77,126.35,135.82,157.78,160.08,24.10,96.32,98.03,17.26,196.37,183.41,468.94,270.06,36.55,54.79,67.30,107.87
2024-06-27,212.46,228.96,159.47,297.25,197.85,156.31,37.90,407.95,58.49,842.73,45.27,144.83,158.83,175.73,185.68,184.23,432.33,329.44,162.88,30.40,139.29,191.92,803.21,61.19,431.79,898.06,103.99,438.33,249.33,517.02,123.30,91.10,446.81,68.43,123.94,137.73,157.32,159.29,25.22,95.95,97.41,17.25,197.42,183.72,471.26,263.14,36.37,55.18,66.90,108.33
2024-06-28,209.00,232.37,162.21,296.07,193.25,158.17,38.40,406.80,60.31,842.10,45.33,144.92,157.31,170.98,182.26,180.99,438.49,332.09,164.89,30.77,139.63,194.90,812.72,60.94,430.40,894.45,104.88,436.75,246.11,501.75,117.58,92.46,440.99,67.49,123.49,138.74,156.07,157.66,25.33,95.72,97.19,17.59,197.88,184.76,493.37,259.07,36.74,57.08,66.73,108.54
2024-07-01,215.09,233.77,157.69,294.71,197.20,161.64,38.64,405.19,60.28,837.82,45.34,145.02,157.31,167.00,183.32,181.83,449.49,324.32,166.93,30.65,139.90,197.97,815.95,60.59,420.72,903.33,104.46,433.24,241.43,502.21,121.47,94.33,450.64,67.36,124.25,140.59,154.13,155.56,25.88,95.65,96.37,17.47,209.86,184.83,479.22,259.83,37.19,58.23,66.50,108.39
2024-07-02,218.58,237.16,164.31,294.48,200.00,163.29,39.52,407.10,61.47,851.39,45.11,145.23,159.77,169.28,185.43,184.06,451.38,323.15,169.03,30.87,139.51,201.23,827.11,60.46,421.85,895.76,105.66,440.21,239.30,507.01,121.30,94.80,453.15,67.96,122.62,140.78,154.79,156.69,25.83,96.02,97.21,17.32,231.26,188.46,482.70,264.75,36.62,58.59,67.08,107.65
2024-07-03,219.85,239.57,163.90,293.16,197.59,170.36,39.50,405.77,61.26,854.66,44.93,145.19,161.30,172.15,186.21,184.64,453.62,321.86,167.54,31.03,139.18,201.09,841.12,60.64,424.65,887.25,106.64,443.70,241.44,507.46,119.53,95.32,454.62,68.25,128.23,141.86,153.86,156.62,25.85,95.81,97.52,17.19,246.39,188.95,474.61,265.51,36.63,58.30,67.25,108.20
2024-07-05,224.60,238.87,171.90,294.58,200.00,167.80,39.02,411.17,60.85,877.45,44.89,142.97,158.83,175.68,190.75,189.39,450.54,322.77,167.81,31.82,139.94,198.43,842.98,61.05,427.37,903.53,107.14,445.00,242.49,537.27,120.10,94.74,461.32,69.07,125.78,142.30,155.55,157.94,27.23,96.47,97.17,17.27,251.52,188.81,472.78,266.86,36.77,57.30,69.03,106.89
2024-07-08,226.07,242.51,178.69,295.13,199.29,171.99,39.23,409.08,61.52,872.67,44.32,142.99,161.82,173.83,189.28,187.83,450.61,327.61,169.36,33.78,138.98,198.80,854.15,60.28,427.39,906.91,108.50,441.78,239.36,526.73,119.46,95.69,460.02,68.57,128.15,142.50,153.41,159.19,27.70,96.91,96.91,17.31,252.94,191.36,474.07,262.95,37.00,56.71,68.67,105.76
2024-07-09,226.92,247.61,177.10,299.35,199.34,170.76,40.00,410.52,63.24,878.62,44.07,141.74,161.43,172.44,189.24,187.78,458.38,325.19,168.25,34.37,140.48,201.18,862.38,60.02,422.94,921.24,109.57,440.91,237.40,527.40,119.71,97.61,453.41,68.57,131.32,138.23,153.20,158.37,27.39,96.04,97.88,17.30,262.33,190.11,476.76,262.00,36.79,57.55,68.89,104.60
2024-07-10,231.19,251.06,183.96,304.81,199.79,171.88,40.31,413.79,63.65,876.11,44.53,143.73,163.97,179.17,191.44,189.96,464.25,332.03,169.55,34.65,142.75,201.34,879.58,60.16,426.62,928.43,111.03,429.94,241.91,532.07,120.90,98.42,460.03,67.76,134.85,139.59,154.80,159.46,28.42,97.07,97.47,17.50,263.26,193.40,485.30,259.59,37.20,57.39,69.39,105.52
2024-07-11,225.82,237.56,181.94,308.05,195.05,168.06,40.37,418.78,62.44,838.74,45.00,143.85,160.50,176.15,186.12,184.39,464.58,341.30,170.00,33.29,143.01,201.01,840.75,60.42,426.56,922.86,104.39,432.70,246.07,510.19,122.49,99.54,448.63,65.28,127.35,140.67,155.14,158.25,27.64,99.19,98.47,17.62,241.03,189.95,488.62,259.15,37.40,57.82,68.79,106.77
2024-07-12,228.77,239.66,181.61,313.49,194.49,167.54,40.16,424.44,61.31,835.08,45.59,144.16,157.62,179.89,185.60,183.89,465.21,347.07,174.30,34.27,143.18,198.57,845.45,60.99,432.26,936.95,105.37,436.36,245.20,496.43,121.34,99.02,447.50,64.76,129.18,142.65,157.44,159.28,28.07,100.09,98.05,17.57,248.23,191.74,495.57,262.30,37.51,54.34,68.24,106.79
2024-07-15,232.60,241.78,179.83,312.84,192.72,168.88,40.45,434.42,61.90,840.86,45.61,146.43,158.16,176.89,187.00,185.34,477.18,345.81,174.35,34.24,142.57,203.52,845.84,60.71,429.79,938.98,105.30,440.22,242.91,493.73,121.68,100.13,447.90,65.64,128.39,140.97,155.05,157.34,28.67,99.26,98.38,17.35,252.64,191.63,499.29,264.97,36.94,55.48,68.60,108.62
2024-07-16,233.02,242.07,177.55,315.68,193.02,166.87,42.61,438.90,63.93,842.88,45.63,146.18,161.42,182.17,184.33,182.75,487.64,356.09,177.15,34.12,144.26,206.98,854.77,61.54,437.19,930.23,105.97,439.75,248.46,487.39,119.14,101.05,443.52,65.63,126.31,140.52,155.90,159.60,28.67,100.23,100.37,17.61,256.56,196.25,531.75,265.76,37.53,57.89,68.98,109.40
2024-07-17,227.12,216.69,159.43,318.08,187.93,153.66,42.47,445.61,64.25,838.43,46.69,149.38,155.29,165.32,181.47,179.87,486.83,358.76,178.71,34.24,149.58,210.13,770.57,62.44,440.68,894.65,95.31,447.32,252.06,459.73,119.57,101.75,437.60,64.75,117.94,137.22,160.76,161.98,28.22,102.32,101.64,17.90,248.50,194.01,555.39,269.17,38.06,58.54,70.00,110.91
2024-07-18,222.46,214.31,155.77,313.62,183.75,158.14,41.53,441.82,61.67,831.58,46.23,150.07,157.40,160.99,178.09,176.56,471.35,353.16,176.58,34.65,148.48,203.46,775.80,62.42,437.50,838.65,93.82,444.90,250.63,473.52,118.01,99.70,434.50,64.30,121.04,136.00,161.21,161.03,28.64,101.51,100.53,17.89,249.23,195.53,546.73,265.66,38.09,56.93,69.79,112.01
2024-07-19,222.59,207.03,151.58,313.92,183.13,155.01,41.43,434.47,61.90,830.35,45.54,147.45,157.74,162.83,178.26,176.53,470.11,350.54,174.70,32.77,147.78,203.26,751.64,62.51,436.23,847.11,90.33,439.91,248.47,474.46,119.45,97.12,431.28,63.33,117.88,136.53,160.26,161.53,28.58,101.19,99.53,17.86,239.20,189.10,547.69,262.02,37.69,56.92,69.73,109.43
2024-07-22,222.24,220.04,155.87,318.36,182.55,158.67,40.85,435.98,61.29,839.56,45.06,145.45,161.34,166.24,182.19,180.51,472.15,350.43,175.56,33.16,147.35,203.75,797.93,62.02,437.56,855.51,96.23,444.12,250.65,485.01,119.38,97.45,437.03,64.75,123.49,138.11,158.65,161.81,28.46,101.29,100.46,17.33,251.51,195.54,541.10,264.24,35.40,56.83,69.36,108.68
2024-07-23,223.28,216.28,154.00,315.77,186.41,161.34,40.95,434.01,61.45,844.20,44.61,142.77,170.49,169.96,182.44,180.63,477.11,346.93,175.52,32.74,145.54,203.80,796.11,62.20,438.84,867.68,94.52,437.96,245.35,486.30,118.13,98.46,438.92,64.28,122.54,141.01,157.34,160.24,28.81,103.50,101.62,17.01,246.38,188.34,537.39,261.36,35.21,57.34,69.63,106.92
2024-07-24,216.86,203.36,144.63,318.02,180.83,149.09,40.74,432.80,60.50,823.11,45.08,143.67,160.88,162.40,173.27,171.53,471.82,337.95,175.44,31.50,149.30,202.11,744.96,63.01,435.26,849.50,89.61,428.76,244.69,459.01,119.59,97.00,423.18,63.60,114.20,136.73,159.13,161.57,26.60,105.27,101.48,17.90,215.99,188.33,542.29,250.88,35.92,57.12,69.58,108.43
2024-07-25,215.82,199.21,138.32,316.78,179.85,147.04,40.25,433.29,61.17,808.38,45.46,145.96,163.23,159.50,168.09,166.22,476.68,340.82,183.03,30.90,152.51,202.19,751.90,63.26,434.54,811.27,87.08,425.94,242.85,451.19,119.53,98.51,412.82,63.41,112.23,135.80,161.83,160.51,26.63,106.94,109.85,17.92,220.25,187.25,542.22,250.45,36.17,57.37,69.01,110.71
2024-07-26,216.29,203.30,139.99,317.30,182.50,149.38,40.24,437.66,61.94,811.17,46.08,146.24,168.32,172.57,167.61,165.94,483.78,346.82,182.81,31.15,153.46,205.65,776.13,64.20,442.74,794.90,88.11,434.45,243.37,463.42,118.97,99.11,419.60,63.14,113.01,136.97,163.46,162.64,27.18,107.09,110.31,17.76,219.80,191.85,551.95,256.10,36.30,58.04,68.77,110.62
2024-07-29,216.57,202.41,139.75,315.08,183.20,147.99,39.68,438.31,61.10,809.14,46.18,145.09,168.38,171.52,170.05,168.45,477.66,348.90,182.57,30.64,151.48,204.30,767.40,63.99,441.34,798.03,87.89,437.54,252.46,463.43,121.36,97.49,421.04,62.70,111.54,136.28,163.90,163.43,27.08,108.07,110.79,17.65,232.10,191.74,549.07,258.21,36.25,57.27,68.61,109.46
2024-07-30,217.12,193.72,138.44,315.81,181.71,141.39,39.86,441.26,62.60,803.66,46.33,147.84,166.01,162.20,170.77,169.21,490.21,350.85,182.13,29.94,154.12,208.51,748.03,64.80,442.21,780.67,84.19,443.64,257.31,460.92,109.46,98.71,417.28,62.26,103.69,133.68,163.87,155.51,26.37,108.35,113.15,17.73,222.62,190.90,558.35,259.69,36.26,57.67,68.19,111.41
2024-07-31,220.38,208.94,144.48,315.04,186.98,158.29,38.93,438.50,61.66,815.53,46.62,148.68,168.71,177.69,172.06,170.45,493.47,355.17,183.18,30.55,150.80,206.19,811.30,63.90,444.81,794.56,90.73,459.76,256.31,472.51,107.45,99.07,412.77,62.83,116.97,137.40,163.39,154.61,26.89,108.79,113.74,17.98,232.07,194.84,558.18,262.23,36.69,57.03,67.65,111.81
2024-08-01,216.68,193.29,132.54,317.94,184.07,144.84,38.14,431.81,60.14,810.46,45.60,141.40,168.26,173.49,171.36,169.67,484.83,345.92,180.82,28.87,153.58,201.50,745.32,65.07,444.66,822.39,81.78,458.47,259.54,495.30,108.10,97.67,411.55,62.49,109.16,135.49,165.56,159.35,26.08,110.96,113.01,18.19,216.86,184.82,554.90,262.48,36.99,54.66,68.78,110.26
2024-08-02,218.17,179.02,132.50,316.48,167.90,141.69,36.29,428.36,55.84,815.61,44.90,137.63,158.88,164.22,167.34,165.60,456.25,342.88,180.30,21.34,156.81,192.95,686.21,66.38,445.30,794.75,75.15,458.08,267.21,485.75,109.41,92.00,403.04,61.36,107.22,131.32,168.47,163.57,24.74,111.30,112.72,18.09,207.67,179.21,571.43,263.13,37.10,51.18,67.47,110.20
2024-08-05,207.66,179.10,134.82,308.17,161.02,139.97,35.39,413.72,53.93,795.52,43.05,134.03,156.97,161.74,159.63,158.24,444.99,337.66,174.76,19.98,154.05,188.85,693.42,65.20,435.01,765.90,75.88,438.23,259.25,473.40,106.67,88.37,389.88,59.85,100.41,125.98,164.69,161.63,24.09,107.28,111.49,17.66,198.88,173.21,552.18,253.12,36.04,50.09,66.61,108.21
2024-08-06,205.64,180.50,130.18,311.71,161.93,141.78,35.65,422.14,54.27,810.45,43.46,132.70,160.85,163.84,159.53,157.28,455.85,341.42,178.09,19.70,151.87,194.12,705.97,65.16,437.12,783.60,75.85,444.48,260.81,491.67,105.57,89.24,394.28,60.96,104.21,126.33,163.22,161.66,26.59,107.88,110.75,17.92,200.64,178.72,550.62,254.91,36.46,50.32,66.76,107.63
2024-08-07,208.21,175.77,128.67,296.12,162.77,134.25,36.02,427.02,53.83,803.93,43.42,131.94,160.71,165.56,159.73,157.93,458.55,330.31,178.09,18.99,151.80,194.17,687.74,65.55,433.40,762.82,73.68,446.01,260.14,486.53,106.84,88.41,393.11,61.15,98.87,124.05,162.56,163.51,26.32,109.34,110.51,17.98,191.76,175.97,548.42,253.20,36.47,50.25,65.94,109.06
2024-08-08,211.67,187.62,136.32,307.67,165.80,143.58,36.90,431.54,55.65,832.83,44.10,133.87,164.16,176.66,162.81,161.00,470.92,336.05,183.63,20.49,153.06,197.72,741.53,65.81,438.97,835.10,78.71,451.70,261.90,507.13,108.20,90.83,397.32,63.03,104.93,127.07,163.11,164.33,29.28,109.86,111.43,18.12,198.84,184.79,548.57,256.46,36.69,50.70,66.68,111.15
2024-08-09,214.58,188.25,134.27,305.59,166.94,146.06,36.97,431.67,55.49,848.20,43.76,134.33,165.67,178.56,164.35,162.63,475.27,336.33,184.12,19.71,153.44,199.41,736.10,65.76,438.46,880.91,79.57,452.89,258.73,515.23,108.80,90.92,400.60,63.39,104.71,130.12,163.12,164.01,30.01,109.59,112.44,18.20,200.00,183.75,541.33,256.91,36.90,51.09,66.97,112.05
2024-08-12,216.11,190.13,136.77,303.23,166.80,146.41,36.86,430.39,55.49,856.78,43.17,134.36,165.41,175.89,162.91,161.26,470.66,333.60,182.22,19.36,152.74,199.78,746.70,65.27,438.22,873.70,79.86,451.81,260.23,513.42,107.78,91.03,401.38,63.31,108.97,130.63,162.21,160.43,29.38,109.67,112.88,18.15,197.49,183.61,547.65,257.04,36.70,50.41,67.71,112.19
2024-08-13,219.83,197.72,141.13,306.50,170.23,153.84,37.14,432.41,55.79,858.02,43.66,133.56,166.49,179.09,164.88,163.12,476.90,337.71,183.68,20.47,151.31,201.48,782.47,65.55,441.09,897.08,82.81,455.45,261.05,525.95,108.64,92.83,408.49,64.80,116.09,132.29,163.11,160.89,30.39,111.39,113.13,18.23,207.83,188.57,556.32,257.27,36.93,51.20,67.14,111.12
2024-08-14,220.27,198.53,140.75,305.81,170.10,155.35,37.48,438.47,56.88,855.92,43.73,134.04,166.48,183.59,161.01,159.35,483.46,343.11,184.96,19.92,151.40,203.71,782.53,65.66,442.54,920.43,83.26,456.24,261.86,524.18,107.87,95.45,411.30,66.17,118.03,133.61,164.37,162.34,31.00,110.72,113.90,18.34,201.38,187.00,561.58,258.27,37.03,51.96,67.67,112.15
2024-08-15,223.25,208.58,147.36,308.33,177.59,163.66,37.69,440.84,58.07,870.45,46.70,136.01,168.45,188.24,162.14,160.27,483.77,347.36,186.52,20.69,151.98,204.98,825.74,65.73,447.40,921.62,87.67,464.72,265.45,534.70,107.62,96.60,416.16,66.32,122.81,134.92,163.25,161.49,31.22,111.37,114.58,17.83,214.14,193.04,561.53,263.87,36.26,52.84,72.12,112.84
2024-08-16,224.57,204.71,148.56,306.71,177.06,163.26,37.99,444.51,58.91,863.74,47.60,136.45,167.94,183.49,163.70,161.92,488.85,349.28,186.36,20.87,152.27,207.32,809.32,66.24,448.07,912.26,85.80,464.88,268.95,524.84,107.96,97.37,413.63,67.41,124.53,135.45,163.34,161.47,32.08,111.53,114.80,18.06,216.12,191.70,559.66,264.45,36.77,53.58,72.59,112.31
2024-08-19,224.42,207.70,155.28,312.94,178.22,165.22,38.31,448.77,59.51,865.49,48.10,137.56,169.43,184.83,167.34,165.61,489.25,350.26,187.27,21.52,152.50,208.76,810.19,66.05,449.80,911.95,86.80,463.00,277.70,526.69,108.67,97.66,416.66,68.85,129.94,135.90,164.48,161.98,32.50,111.90,115.19,18.20,222.72,191.83,560.72,263.55,36.89,54.66,72.86,112.65
2024-08-20,225.03,203.00,156.40,313.50,178.88,163.49,37.36,448.36,58.82,869.31,48.35,135.56,168.50,183.43,167.89,166.12,482.14,354.31,188.52,20.99,153.00,207.86,801.42,66.43,449.30,939.81,84.98,465.12,275.85,524.15,109.36,96.73,419.89,69.85,127.20,137.13,166.40,163.89,32.32,112.40,114.80,18.20,221.10,193.62,562.53,265.10,36.99,54.37,73.67,108.90
2024-08-21,224.92,205.91,157.81,314.07,180.11,163.32,37.42,446.60,58.08,874.49,48.55,136.15,169.70,183.69,166.57,164.80,481.29,357.38,189.66,21.41,154.22,207.93,816.80,66.61,452.91,941.79,86.01,464.01,279.79,532.54,110.20,96.65,419.24,69.71,128.45,138.14,165.79,163.65,32.54,113.36,114.12,18.25,223.27,199.20,560.03,265.26,37.17,53.71,74.36,108.20
2024-08-22,223.06,197.50,151.70,309.66,176.13,159.93,37.89,449.03,57.97,870.66,48.33,136.53,168.20,185.42,164.44,162.76,482.54,352.46,188.46,20.10,155.10,209.90,788.54,66.38,452.87,943.96,82.31,464.82,279.30,529.33,110.69,96.52,410.75,68.90,123.69,136.05,166.29,163.64,31.92,113.45,114.86,18.22,210.66,194.80,560.66,265.00,37.01,54.19,74.70,109.04
2024-08-23,225.36,199.94,154.98,313.73,177.04,163.89,38.40,453.38,59.62,872.29,48.83,138.30,169.72,182.72,166.37,164.57,493.85,362.33,188.59,20.54,156.80,211.53,807.62,66.82,456.82,942.55,83.46,462.46,279.60,525.41,110.74,97.80,411.97,68.67,129.31,137.15,166.42,162.70,31.78,113.50,115.35,18.43,220.32,200.64,566.27,264.50,37.32,54.91,74.82,110.55
2024-08-26,225.70,193.59,149.99,311.81,175.50,157.25,38.55,454.49,59.28,885.49,48.88,139.13,169.72,181.57,166.87,165.10,492.35,360.91,190.40,20.13,157.26,212.36,788.98,67.83,459.49,940.36,80.65,464.65,278.79,518.57,110.43,98.22,408.71,68.84,126.41,136.86,166.51,163.83,30.85,114.54,115.53,18.46,213.21,199.08,568.81,265.27,37.57,54.93,75.14,112.92
2024-08-27,226.54,193.13,150.50,311.95,173.12,158.99,38.31,460.63,59.18,901.75,48.80,137.67,169.49,184.98,165.33,163.63,491.76,360.01,191.12,20.07,156.85,213.34,802.63,68.46,463.29,944.27,80.80,470.94,279.72,516.56,110.65,97.98,409.06,69.57,128.25,136.45,165.88,162.77,30.84,115.64,116.30,18.35,209.21,201.42,569.03,267.75,37.53,54.48,75.24,111.84
2024-08-28,225.01,190.29,146.36,314.39,170.80,155.83,38.58,464.59,59.08,881.06,47.97,136.78,170.37,183.43,163.46,161.81,487.95,359.54,190.86,19.61,157.79,214.42,794.22,68.70,463.78,938.79,79.29,467.78,277.22,514.25,111.50,98.10,405.85,68.38,125.56,135.86,164.57,162.59,30.36,115.79,117.61,18.51,205.75,198.60,570.18,266.24,37.57,55.26,75.19,110.74
2024-08-29,228.29,190.38,145.49,315.84,172.12,154.60,38.79,468.37,59.37,879.66,48.49,138.12,172.06,190.77,162.37,160.75,494.51,356.26,191.28,20.13,158.08,215.31,785.80,68.99,463.68,930.14,78.53,476.70,278.00,515.68,111.56,98.48,408.34,69.25,117.54,137.37,162.84,163.52,31.00,115.77,119.02,18.46,206.28,201.80,573.11,271.31,37.35,55.54,75.53,112.27
2024-08-30,227.51,194.60,148.56,318.53,178.50,160.40,39.35,475.92,60.10,885.36,48.64,138.61,173.09,200.38,164.07,162.34,497.58,357.65,194.39,22.04,159.65,217.82,809.19,69.39,469.09,949.75,80.86,479.22,278.77,518.76,112.50,99.45,412.32,70.14,119.32,139.22,163.59,164.98,31.48,116.47,120.04,18.59,214.11,204.90,571.79,273.34,37.83,56.62,76.33,112.09
2024-09-03,221.32,180.90,136.94,315.37,176.25,150.52,39.30,476.83,58.97,871.66,48.17,135.53,162.77,191.95,157.61,156.36,475.36,354.00,193.57,20.10,160.90,213.46,732.16,69.90,464.97,946.30,75.42,478.01,277.34,509.25,110.72,95.28,404.71,67.53,107.95,137.45,168.00,167.84,30.51,118.75,117.76,19.08,210.60,192.95,580.00,275.48,38.87,56.52,76.27,109.74
2024-09-04,219.41,179.92,140.87,315.49,173.33,151.83,39.11,478.57,58.49,883.02,47.83,133.10,164.90,199.01,156.81,155.45,478.46,353.94,196.29,19.43,161.10,212.52,735.80,69.47,464.45,936.19,75.29,479.02,279.78,510.23,109.98,96.13,404.17,67.97,106.16,138.68,168.92,169.17,30.59,119.60,117.87,19.21,219.41,195.02,585.33,277.41,37.56,56.28,76.34,108.40
2024-09-05,220.93,177.81,139.44,309.50,177.89,150.55,38.76,464.92,58.17,879.01,47.28,132.03,162.42,197.83,157.60,156.24,475.77,351.20,194.83,19.40,158.82,210.87,718.96,68.14,457.95,902.99,74.45,473.29,279.72,514.33,112.63,95.56,403.67,68.36,107.16,140.52,169.66,168.76,30.16,118.25,116.44,19.29,230.17,192.68,576.91,275.56,37.41,55.06,76.06,107.56
2024-09-06,219.38,172.40,134.35,305.87,171.39,134.97,37.67,459.42,56.69,869.78,46.67,129.81,159.82,197.72,151.17,149.96,467.70,349.45,193.05,18.89,158.23,205.86,694.01,68.11,449.42,893.05,72.27,472.06,281.22,497.82,111.92,92.71,397.06,66.58,102.79,139.73,169.09,168.87,30.33,118.85,115.27,19.59,210.73,188.76,578.26,276.30,37.26,52.29,75.75,107.05
2024-09-09,219.47,175.16,138.15,310.99,175.40,138.73,38.36,459.61,57.13,889.44,46.86,131.44,163.90,201.19,148.79,147.96,476.44,354.76,195.74,19.07,160.37,210.07,701.02,68.79,455.55,898.56,72.32,482.94,282.95,502.32,109.61,94.24,401.03,67.54,106.42,137.84,169.90,169.32,34.60,120.40,117.92,20.08,216.27,192.31,575.56,282.48,38.69,52.86,76.44,109.31
2024-09-10,218.67,175.65,142.84,313.86,179.55,146.01,38.18,458.92,55.60,887.26,46.95,129.51,165.52,201.38,149.26,147.91,455.53,359.95,197.46,18.98,161.12,199.17,704.54,68.51,456.18,891.61,72.05,483.86,282.93,502.32,109.54,92.74,409.41,67.36,108.05,153.60,169.53,170.99,34.76,119.74,117.08,20.28,226.17,191.00,580.34,282.21,39.52,52.24,77.89,105.32
2024-09-11,221.21,183.44,149.86,314.86,184.52,155.92,37.91,453.10,54.98,893.32,47.26,129.18,164.89,208.50,151.39,150.40,459.47,359.58,201.85,19.64,158.65,200.79,739.46,68.06,457.54,911.04,75.53,484.02,281.92,509.32,108.95,93.13,418.15,68.15,116.86,154.87,167.60,167.27,34.85,118.33,116.07,20.04,228.13,193.50,571.35,280.84,39.66,52.03,77.92,104.28
2024-09-12,221.32,180.74,150.77,314.94,187.00,162.12,37.69,450.87,55.01,907.83,47.74,130.42,168.21,214.60,154.76,153.91,462.29,363.41,203.51,19.36,158.48,200.18,724.11,68.20,459.74,925.02,73.65,487.92,283.98,523.03,109.46,92.76,422.06,68.68,119.10,159.01,169.00,166.83,34.91,117.75,116.89,20.17,229.81,187.35,570.06,282.24,39.72,49.94,78.73,105.71
2024-09-13,221.05,185.93,152.31,317.22,186.49,165.20,37.57,447.61,55.33,908.79,47.92,131.73,176.72,224.89,157.58,156.67,467.10,368.80,206.57,19.66,159.33,197.97,742.11,68.84,461.18,913.83,75.81,489.16,288.04,522.05,110.04,94.30,425.61,69.71,119.06,159.65,169.10,167.42,35.59,118.67,115.94,20.21,230.29,191.13,575.78,284.20,40.23,51.11,79.66,105.64
2024-09-16,214.91,185.05,152.08,319.90,184.89,161.59,38.00,451.78,56.02,900.73,49.11,133.12,179.85,229.22,158.19,157.26,473.11,370.77,208.84,20.91,160.74,201.40,727.19,69.51,467.18,913.66,74.70,493.47,288.19,531.18,112.78,96.07,426.35,69.65,116.74,167.83,168.96,170.46,36.31,119.00,116.01,20.80,226.78,189.73,572.78,287.29,40.75,52.09,79.62,107.12
2024-09-17,215.38,186.05,150.82,317.55,186.88,160.06,38.44,456.68,56.89,890.21,48.70,134.36,178.75,236.42,159.48,158.52,473.34,371.96,205.93,21.47,160.82,202.75,730.35,69.22,463.99,896.49,75.68,496.72,285.34,534.20,113.10,95.83,430.12,70.69,115.55,165.01,168.64,169.15,36.45,116.41,115.56,20.34,227.87,192.52,561.91,288.36,39.91,52.79,77.68,108.52
2024-09-18,219.25,183.63,148.29,317.67,186.43,159.27,38.51,456.60,57.47,885.50,48.66,134.87,181.94,234.94,160.00,159.00,472.55,372.71,206.71,20.77,159.93,201.08,721.90,69.17,459.43,895.29,74.67,490.54,283.67,535.83,113.43,95.31,425.83,69.05,113.33,162.12,167.05,167.27,36.38,114.27,114.88,20.30,227.20,191.87,564.53,285.31,39.73,52.54,78.11,108.90
2024-09-19,227.38,194.06,156.74,320.56,189.87,165.48,39.72,459.71,60.46,893.65,49.50,135.84,184.53,243.69,162.42,161.32,491.32,378.85,205.70,21.14,158.65,203.94,762.77,68.08,461.54,905.25,77.95,488.81,285.44,556.89,112.09,96.68,433.62,70.43,117.83,165.13,166.53,164.98,36.83,113.11,115.64,19.95,243.92,198.46,561.05,282.11,39.79,54.03,77.13,110.25
2024-09-20,226.71,189.57,155.95,321.92,191.60,169.11,39.14,455.31,59.62,899.85,50.01,136.48,185.79,244.70,163.82,162.77,486.05,378.38,209.36,21.84,158.02,204.53,749.36,69.06,464.23,911.63,76.38,488.54,288.33,559.13,112.03,98.35,430.24,70.10,115.96,165.53,163.21,167.55,37.20,114.11,114.99,20.12,238.25,194.35,559.04,281.64,40.14,54.51,78.14,109.55
2024-09-23,224.99,191.43,156.75,320.23,193.88,170.93,38.75,454.98,60.04,909.87,50.22,138.23,187.02,250.75,162.25,161.03,485.06,380.42,212.06,22.56,157.11,204.87,751.75,69.15,469.59,908.70,77.46,492.90,290.50,562.18,110.56,98.35,428.50,70.54,116.22,163.51,164.10,167.12,37.95,114.39,117.05,20.07,250.00,194.88,557.49,285.46,40.08,53.37,79.39,111.54
2024-09-24,225.89,194.13,158.32,315.76,193.96,172.81,38.34,454.56,58.88,894.45,50.54,138.14,188.00,254.69,162.82,161.47,485.65,388.87,212.51,22.81,156.69,205.02,760.71,68.76,471.55,914.54,78.15,483.26,291.67,561.11,109.91,98.46,424.21,72.23,120.83,163.37,162.01,166.61,36.90,114.50,116.83,20.17,254.27,195.92,559.22,269.79,40.44,52.45,79.73,111.24
2024-09-25,224.89,194.65,162.02,298.52,192.53,173.48,38.15,452.36,57.93,901.27,50.67,134.88,187.67,254.26,162.17,160.68,478.94,385.25,212.76,23.54,154.59,203.66,762.41,68.88,469.25,914.67,79.40,485.28,291.87,566.07,109.70,98.23,427.11,72.16,123.47,163.84,161.52,165.67,37.12,114.96,117.67,20.14,257.02,196.03,560.31,266.67,40.34,51.91,80.45,109.08
2024-09-26,226.04,206.79,167.49,304.48,191.16,176.02,38.41,454.18,59.21,894.35,50.86,133.03,183.25,250.44,163.01,161.91,484.58,385.02,214.87,23.92,155.35,203.26,794.49,68.83,473.84,899.59,83.72,487.08,294.95,565.60,108.13,100.40,426.32,71.14,124.00,165.63,161.79,166.58,37.10,115.44,117.10,20.22,254.22,200.05,558.85,268.71,40.40,54.61,78.99,107.21
2024-09-27,226.30,202.16,164.35,307.89,187.97,170.69,38.30,457.47,59.36,878.65,51.02,136.31,184.03,249.09,164.46,163.12,486.13,387.77,212.38,23.91,155.36,203.96,772.62,69.21,471.71,868.40,81.71,489.43,294.99,565.12,108.70,99.93,423.07,70.74,121.36,166.26,162.09,166.91,36.84,115.22,117.17,20.46,260.46,199.93,565.70,272.15,40.65,54.13,78.85,110.08
2024-09-30,231.48,199.33,164.08,307.45,186.33,170.50,38.57,460.26,60.06,879.55,51.21,137.97,187.21,254.19,166.35,165.01,482.82,393.27,212.61,23.46,155.99,204.31,764.73,69.28,469.10,876.46,80.62,489.59,295.79,570.18,108.58,100.05,425.32,70.93,121.40,167.90,162.14,166.57,37.20,115.97,117.92,20.55,261.63,197.48,568.45,271.93,40.67,54.70,79.81,111.41
2024-10-01,224.73,194.54,159.75,305.64,185.13,165.53,38.12,457.41,59.30,870.48,50.75,140.25,184.94,255.74,167.58,166.15,478.00,397.01,210.95,22.69,155.93,200.61,744.27,69.13,467.29,875.02,78.77,492.15,294.30,574.19,109.70,100.23,415.83,70.61,116.96,164.71,163.40,166.42,36.46,115.20,121.06,20.67,258.02,192.73,567.11,274.55,40.94,53.64,80.32,113.98
2024-10-02,225.30,198.44,159.78,305.08,184.76,168.68,38.13,456.67,59.51,871.62,51.02,141.42,185.08,251.51,166.47,165.02,479.77,399.15,211.32,22.39,155.14,200.85,767.64,68.46,468.10,881.54,80.42,491.35,295.06,570.55,107.16,100.32,412.31,71.11,118.81,165.25,161.66,165.34,37.49,114.25,120.72,20.73,249.02,194.47,575.87,273.96,40.79,53.55,79.49,115.49
2024-10-03,224.20,196.90,162.85,302.93,181.96,169.90,38.15,452.96,58.82,868.78,50.84,141.70,182.55,253.89,166.37,165.02,474.03,399.46,214.19,22.26,154.49,198.85,764.88,67.98,462.11,876.08,80.13,490.75,294.76,580.47,105.34,100.37,411.72,70.68,122.81,164.41,160.69,163.61,39.24,113.08,120.36,20.60,240.66,192.79,576.29,273.82,40.31,53.24,79.49,116.50
2024-10-04,225.32,199.25,170.90,305.01,186.51,174.59,38.99,461.97,60.10,876.16,51.15,141.23,185.72,264.77,167.72,166.22,482.86,396.34,217.35,22.59,154.29,205.91,777.55,67.65,460.56,877.67,80.55,493.46,295.06,593.59,104.95,103.55,411.25,71.97,124.88,168.35,160.15,162.42,40.01,113.77,121.57,20.46,250.08,193.79,574.79,274.88,40.00,55.16,80.00,118.64
2024-10-07,220.24,197.44,170.97,302.90,180.80,173.05,38.84,453.50,60.06,866.72,50.92,141.58,184.61,261.73,163.57,162.16,482.34,396.05,218.42,22.38,153.56,205.63,771.90,66.53,455.70,888.79,79.63,487.11,292.23,582.47,103.82,103.32,404.80,70.19,127.68,167.48,159.43,160.73,38.89,113.59,121.71,20.34,240.83,192.41,567.36,270.78,39.70,55.35,78.18,119.15
2024-10-08,224.30,198.18,172.80,303.12,182.72,178.63,38.81,453.80,60.68,883.42,51.13,139.36,186.10,263.45,164.87,163.55,484.24,401.99,219.87,23.32,153.71,205.45,774.10,66.69,461.80,903.95,80.03,492.82,293.25,590.55,103.76,103.17,409.92,72.18,132.84,171.81,162.49,161.73,41.45,113.49,120.20,20.42,244.50,193.31,565.43,271.94,39.85,55.49,78.78,115.99
2024-10-09,228.04,202.30,171.02,307.64,185.17,183.79,39.06,455.90,61.52,901.95,51.94,140.20,187.90,265.77,162.24,161.04,492.64,403.82,225.33,23.46,154.64,208.06,794.57,67.07,461.93,909.90,81.86,496.35,295.13,588.18,105.43,104.66,412.63,72.74,132.60,175.67,164.51,162.79,43.13,114.80,120.64,20.48,241.05,195.95,574.81,273.89,39.94,55.72,79.46,116.03
2024-10-10,227.55,201.21,164.18,306.30,186.65,183.54,38.85,454.93,60.91,886.60,51.92,141.11,186.75,263.80,162.36,161.26,491.21,397.89,224.10,23.22,154.50,207.49,788.00,66.76,461.78,900.95,81.07,494.43,295.33,581.53,104.60,103.74,411.03,73.03,134.76,173.22,164.94,162.49,43.52,114.05,119.65,20.07,238.77,193.56,581.11,274.42,39.50,55.92,78.68,117.03
2024-10-11,226.07,202.30,167.89,313.31,188.82,179.37,40.77,460.21,63.07,882.04,52.60,141.86,189.77,266.06,163.70,162.42,503.48,399.78,224.33,23.56,155.42,216.70,793.68,67.07,466.33,922.09,81.89,498.64,296.30,587.62,104.91,106.02,411.51,72.28,134.75,173.58,166.67,164.54,43.51,114.73,120.62,20.22,217.80,196.08,581.45,274.79,39.54,59.06,79.17,117.48
2024-10-14,229.79,211.01,165.27,309.75,187.54,180.19,40.73,459.98,63.33,882.76,52.62,142.20,191.23,268.67,165.52,164.13,509.77,403.19,226.25,23.44,155.55,215.91,819.28,67.81,469.81,919.57,84.66,503.01,300.97,588.09,104.88,107.77,414.29,71.30,138.02,173.93,167.90,165.91,43.40,114.71,121.31,20.11,219.16,199.47,588.59,277.60,39.72,60.19,79.35,117.93
2024-10-15,232.32,188.45,156.64,310.19,187.69,173.94,40.96,462.68,60.10,887.57,52.44,138.41,189.18,265.54,166.06,164.63,509.41,403.35,224.04,22.66,157.96,216.80,698.87,67.81,472.89,903.55,75.44,503.58,304.37,583.96,106.64,107.71,413.90,70.60,131.55,171.92,167.71,166.93,42.43,115.03,121.69,20.35,219.57,191.04,540.85,276.22,40.22,61.04,80.70,114.38
2024-10-16,230.27,182.10,156.13,306.89,186.89,174.77,41.60,465.69,61.64,880.40,54.67,139.34,190.78,273.92,165.91,164.33,516.70,406.29,224.72,22.31,158.13,218.02,674.06,68.03,476.11,906.62,73.24,510.37,303.96,574.51,105.57,114.71,411.31,70.20,135.67,172.59,166.36,165.78,41.93,115.48,122.85,20.54,221.33,191.86,555.48,284.36,40.38,61.87,80.27,114.68
2024-10-17,230.63,180.77,156.25,306.61,187.53,179.42,41.41,465.85,61.38,878.33,54.69,141.66,191.22,271.16,163.69,162.11,515.86,403.37,223.96,22.44,158.31,218.78,661.87,67.39,478.15,907.31,72.25,510.06,305.69,574.65,104.93,114.64,411.90,68.76,136.88,173.49,166.54,165.69,42.00,114.77,122.39,20.56,220.89,189.57,550.31,287.20,40.33,62.34,79.95,114.38
2024-10-18,233.47,183.85,155.97,306.92,188.99,177.80,41.13,464.80,60.30,882.56,55.04,141.23,191.21,271.88,164.22,162.60,515.38,402.78,223.31,22.77,158.94,219.71,670.04,67.91,478.54,908.15,71.96,512.62,307.49,574.19,103.93,116.20,413.33,76.39,137.95,172.51,166.91,165.69,42.97,114.83,122.55,20.67,220.70,189.73,553.80,287.43,40.45,62.32,80.36,114.06
2024-10-21,234.94,181.98,157.90,302.23,189.07,177.90,40.59,464.16,59.32,879.79,54.87,141.36,192.82,275.57,164.97,163.24,504.94,394.44,222.88,22.84,156.74,217.40,665.19,66.95,475.50,896.44,71.96,511.30,305.87,572.89,101.67,113.53,413.94,77.21,143.66,171.60,166.86,164.01,42.70,113.64,122.53,20.49,218.85,187.15,555.60,283.70,40.19,61.99,79.87,114.12
2024-10-22,234.32,180.54,154.09,305.01,189.70,177.30,41.11,461.45,60.98,886.46,54.88,141.39,175.37,275.56,165.98,164.31,505.43,390.02,223.36,22.40,157.33,218.49,661.70,66.95,474.11,899.43,72.12,509.32,305.68,579.71,101.96,113.57,422.57,76.42,143.54,173.13,166.25,164.17,42.94,125.53,122.17,20.34,217.97,185.43,554.04,281.66,38.16,62.76,81.06,114.71
2024-10-23,229.25,180.24,152.91,300.47,184.71,171.50,41.15,460.61,60.54,892.10,54.57,140.98,180.37,279.01,163.66,161.96,504.36,387.88,223.84,21.98,159.65,217.80,656.32,65.56,469.66,893.59,71.98,510.03,290.02,561.47,101.71,113.53,419.69,74.93,139.51,170.94,164.90,164.05,42.59,125.53,123.81,21.28,213.65,192.86,548.96,280.65,39.42,62.52,82.30,114.30
2024-10-24,229.07,181.28,153.44,301.23,186.38,169.36,41.45,457.77,60.45,886.39,54.26,140.95,178.43,296.08,163.71,161.90,511.48,390.83,210.03,22.34,157.54,219.33,657.83,64.88,466.74,881.79,75.64,506.94,292.94,565.54,101.23,114.38,419.82,75.46,140.36,172.21,164.15,164.09,43.56,126.86,121.82,21.00,260.48,197.51,545.24,280.11,38.50,63.36,82.07,113.66
2024-10-25,229.90,184.01,156.23,302.46,187.83,170.99,40.72,454.01,59.26,884.21,54.05,141.29,177.80,292.63,166.15,164.44,499.87,387.17,206.45,22.68,154.86,216.72,664.66,64.51,466.05,883.15,76.74,503.70,284.23,570.99,99.42,112.19,423.20,75.47,141.49,171.36,163.79,162.73,44.86,124.05,121.81,20.65,269.19,197.82,548.89,278.64,38.05,62.49,81.55,113.56
2024-10-28,231.88,182.84,159.92,302.64,188.39,170.02,41.42,458.49,61.56,883.95,53.60,141.04,174.08,288.33,167.50,165.88,510.58,391.03,204.76,22.92,155.55,219.83,665.92,64.27,468.26,886.01,74.54,504.55,288.29,575.88,99.66,114.35,421.66,74.91,140.47,170.27,161.93,163.78,44.97,124.66,122.08,20.92,262.51,196.77,549.55,281.07,38.28,63.53,81.78,113.00
2024-10-29,232.15,187.56,166.25,301.52,190.83,177.16,41.34,454.62,62.07,880.01,53.99,139.15,172.78,297.84,170.28,168.82,511.26,383.44,202.37,22.90,154.10,217.30,687.53,63.20,466.94,893.92,77.36,502.63,286.55,590.94,99.18,114.51,426.96,75.94,141.20,171.27,159.70,161.72,44.93,125.68,119.51,20.98,259.52,202.05,546.52,278.79,38.01,63.23,80.75,111.46
2024-10-30,228.60,182.81,148.60,301.08,192.73,174.59,41.12,454.96,61.88,872.17,53.90,138.71,173.37,296.68,175.26,173.58,511.38,380.97,197.05,22.30,154.60,218.77,683.15,63.55,465.70,837.77,75.52,509.99,283.17,589.46,100.23,113.18,427.53,75.37,139.29,172.39,158.47,160.74,43.69,126.20,118.60,20.83,257.55,198.78,547.33,286.98,37.96,63.34,80.44,110.90
2024-10-31,224.44,179.14,144.07,305.49,186.40,167.80,40.65,450.92,61.57,867.30,53.11,139.43,170.53,300.73,171.83,170.25,504.93,382.16,198.80,21.52,153.88,216.34,657.90,62.96,448.73,820.87,73.45,495.99,283.75,565.34,97.83,112.46,401.65,75.60,132.71,165.75,158.35,159.79,41.56,126.76,117.76,21.32,249.85,195.50,548.83,286.67,38.74,62.87,80.99,110.99
2024-11-01,221.46,180.91,141.86,304.59,197.93,166.96,40.59,452.14,61.13,871.57,53.82,143.41,170.45,300.16,171.79,170.43,506.45,381.03,200.28,23.20,154.14,217.34,661.01,62.67,449.87,810.17,73.89,504.42,286.76,564.92,97.41,113.04,405.63,75.61,135.35,167.90,157.88,159.72,41.92,124.81,115.58,20.93,248.98,197.19,551.80,287.55,38.04,62.63,81.23,109.25
2024-11-04,220.56,179.37,140.71,302.39,195.78,166.59,40.17,442.29,60.35,880.27,54.14,144.25,170.51,294.55,169.83,168.39,498.77,383.93,198.42,22.52,152.32,214.26,655.08,62.77,450.86,797.52,73.27,501.94,284.46,558.47,97.40,112.36,403.74,75.55,136.00,167.48,158.60,159.70,41.41,124.50,114.85,20.74,242.84,195.98,542.28,288.65,37.76,61.68,81.49,112.73
2024-11-05,221.99,183.97,141.66,304.66,199.50,171.88,40.71,445.06,61.63,884.34,54.46,143.73,173.98,314.79,170.55,168.88,513.88,388.31,199.62,23.32,152.42,215.92,661.95,63.02,447.49,797.44,75.47,501.92,288.81,570.17,97.19,113.97,406.70,76.39,139.86,169.64,160.04,160.35,51.13,126.28,115.80,20.86,251.44,194.82,551.29,290.07,37.94,62.04,82.70,113.06
2024-11-06,221.27,185.00,145.10,307.05,207.09,177.47,44.14,468.90,66.82,893.36,56.11,147.76,179.44,335.26,177.44,175.62,581.18,376.94,205.42,25.05,151.97,240.85,661.29,61.41,455.10,768.08,75.85,517.38,285.58,569.79,96.31,127.21,415.32,78.02,145.56,178.98,157.04,155.80,55.53,119.70,118.34,21.12,288.53,206.86,580.12,304.03,37.85,70.18,82.47,115.00
2024-11-07,226.00,191.48,149.82,307.16,210.05,181.68,43.51,460.13,65.93,907.95,56.32,146.87,177.55,335.74,181.37,179.84,567.71,387.68,205.51,26.23,150.86,230.44,677.57,61.37,457.90,788.92,78.25,514.15,286.22,589.36,96.73,124.26,420.51,79.65,148.83,184.05,156.37,158.08,55.88,118.24,116.87,20.85,296.91,209.33,588.64,302.44,37.31,67.61,82.87,115.14
2024-11-08,225.73,189.44,147.95,310.38,208.18,181.51,43.86,463.41,66.43,937.62,56.30,147.02,183.46,340.12,178.96,177.45,574.63,393.95,205.54,26.20,149.65,231.03,678.82,61.62,452.00,822.65,77.25,520.98,290.41,587.01,98.40,125.31,417.65,79.50,147.58,186.89,157.43,162.24,58.39,120.59,120.25,21.13,321.22,211.98,598.71,304.49,37.23,68.22,83.84,115.10
2024-11-11,223.01,186.02,147.35,307.06,206.84,176.83,44.79,467.36,67.56,926.77,56.85,146.62,183.22,348.36,181.06,179.44,587.38,396.27,205.39,25.05,149.24,233.28,657.70,61.08,449.01,823.54,75.25,526.30,292.90,580.87,96.31,129.17,413.18,80.54,145.21,186.77,156.61,160.62,60.24,119.36,121.23,21.11,350.00,207.73,607.89,307.51,37.19,70.67,83.23,114.49
2024-11-12,223.01,184.10,143.63,285.15,208.91,174.18,44.57,466.29,66.81,926.27,56.93,145.49,181.31,322.71,182.40,180.70,577.88,391.21,204.38,24.16,146.93,233.54,656.47,60.93,448.18,810.10,74.78,525.36,290.10,582.51,94.25,128.00,418.14,81.95,148.24,187.22,156.69,160.43,59.85,118.66,120.07,20.95,328.49,204.75,597.60,307.03,37.15,70.71,84.00,114.38
2024-11-13,223.90,180.33,139.30,287.63,214.10,171.57,44.58,468.10,66.68,927.62,57.39,148.70,182.22,332.23,179.59,177.98,579.46,398.12,204.44,24.92,147.50,235.10,636.49,60.73,448.82,803.13,72.96,518.12,288.84,577.71,94.18,128.44,420.28,83.05,146.22,187.27,157.07,161.15,60.70,119.64,120.44,21.10,330.24,197.96,589.05,306.67,37.83,70.87,84.50,115.45
2024-11-14,226.98,183.50,138.84,282.37,211.48,168.40,44.61,467.70,65.97,917.84,56.16,151.59,177.10,325.03,176.46,174.69,573.99,393.78,202.57,25.03,146.19,235.79,636.94,60.30,446.11,777.82,73.88,516.65,290.01,574.88,94.04,128.12,421.95,83.73,146.71,184.72,157.46,161.63,59.18,122.47,115.74,21.05,311.18,198.23,576.68,305.45,37.59,70.90,83.48,115.52
2024-11-15,223.78,166.61,134.90,270.62,202.61,162.93,45.44,470.28,66.56,901.13,55.72,151.23,175.64,328.74,173.02,171.62,578.80,396.16,198.69,24.35,148.24,239.15,606.78,59.52,441.79,739.44,69.20,518.13,284.25,551.89,92.08,129.69,410.20,82.40,141.93,181.45,151.24,164.01,65.77,122.84,115.98,21.46,320.72,193.53,575.79,306.82,38.30,72.40,83.27,114.32
2024-11-18,226.78,168.43,138.93,268.11,201.70,163.75,45.41,472.20,66.79,913.49,55.57,152.15,176.23,324.36,175.91,174.42,573.39,398.36,201.70,24.84,148.98,238.87,614.21,59.63,441.27,720.61,69.72,517.87,282.76,552.21,92.32,129.42,410.95,84.71,140.10,183.42,150.96,165.18,61.26,125.83,116.82,21.75,338.74,199.36,573.28,309.32,38.85,72.16,83.10,115.28
2024-11-19,227.04,167.03,139.39,269.26,204.61,163.43,45.11,468.86,66.40,924.06,55.28,151.05,176.27,338.95,178.68,177.22,566.94,394.83,203.79,24.20,147.27,236.98,609.65,60.34,436.84,723.12,69.32,515.72,282.40,558.88,92.30,127.93,412.96,87.13,146.96,186.55,149.43,165.19,62.98,123.75,116.40,21.50,346.00,193.48,560.98,309.01,38.56,71.52,85.59,113.67
2024-11-20,227.76,168.19,137.60,276.88,202.88,161.36,44.77,468.83,66.09,922.00,55.76,152.69,176.68,341.71,176.44,175.09,567.48,388.23,208.01,24.01,147.38,234.73,610.81,60.72,442.82,746.59,69.20,508.85,282.58,563.29,93.16,127.40,410.69,88.39,145.84,188.37,151.35,165.32,62.12,124.56,116.58,21.60,342.03,190.71,583.83,304.59,38.83,71.66,86.16,115.29
2024-11-21,227.28,173.79,137.49,278.83,198.38,162.04,45.16,472.06,66.74,949.39,55.81,152.97,177.40,338.80,168.39,166.78,581.31,398.37,215.57,24.44,149.68,238.61,626.98,61.47,447.67,743.13,72.24,511.39,280.21,560.87,95.48,130.59,408.91,89.75,146.62,190.03,152.88,167.12,61.36,125.34,117.93,21.74,339.64,190.72,580.90,307.08,39.08,72.88,87.36,116.83
2024-11-22,228.62,172.93,138.35,283.28,197.12,162.32,45.68,476.57,67.60,957.70,56.77,153.66,179.83,348.08,165.74,163.93,587.81,407.64,216.12,24.50,149.36,242.30,633.31,61.62,447.38,741.23,71.76,517.11,281.97,556.93,94.83,130.30,413.00,89.78,141.90,189.89,154.46,170.53,64.35,124.18,118.17,21.93,352.56,190.53,574.47,307.10,39.68,73.98,89.38,116.70
2024-11-25,231.60,172.60,141.13,282.77,201.45,162.91,46.17,477.43,68.48,954.60,56.96,151.77,178.90,327.96,168.58,166.80,588.06,416.05,219.18,24.87,149.95,244.00,638.38,62.06,448.28,748.16,72.82,522.81,287.71,562.88,96.72,129.31,414.78,86.56,135.97,185.65,155.46,171.61,64.65,124.86,116.09,21.85,338.59,195.27,589.01,310.34,40.45,74.90,88.46,114.96
2024-11-26,233.78,171.27,137.72,269.32,207.86,162.83,46.41,478.56,67.52,965.14,57.78,153.82,183.26,337.84,169.77,168.27,590.46,416.88,221.80,24.05,149.93,243.69,625.31,62.23,449.17,782.17,71.81,524.67,287.84,571.28,97.16,127.00,423.89,87.26,136.87,188.00,154.61,173.46,65.74,126.36,118.01,21.84,338.23,193.37,589.94,308.98,40.80,75.33,90.24,113.04
2024-11-27,233.65,169.41,136.24,269.37,205.74,157.82,46.43,483.08,67.91,955.25,57.49,153.43,179.28,334.29,169.96,168.38,590.40,416.80,219.95,23.65,150.78,243.51,625.97,62.11,449.68,781.05,70.70,528.54,286.63,566.95,98.59,126.94,418.94,87.73,135.29,180.42,155.15,173.51,66.05,125.92,117.75,22.01,332.89,191.68,591.49,311.84,40.81,75.20,90.81,112.74
2024-11-29,236.04,172.76,137.18,272.07,207.89,160.20,46.18,483.02,68.60,965.52,57.41,153.26,180.83,333.09,169.64,168.10,593.46,418.69,220.43,24.05,150.41,243.45,640.71,62.24,453.49,788.15,72.99,529.10,287.53,572.05,97.18,127.32,419.40,88.68,138.20,182.54,155.84,173.41,67.08,127.11,119.20,21.91,345.16,193.45,593.26,312.21,40.78,74.19,91.42,113.03
2024-12-02,238.29,181.23,142.06,267.48,210.71,164.58,45.72,477.33,69.10,968.62,57.63,153.52,179.13,336.49,172.11,170.63,589.68,416.57,220.41,23.93,150.20,240.06,659.53,61.83,452.21,792.56,77.56,527.53,285.77,590.49,96.19,126.76,426.85,89.77,138.58,179.15,155.46,173.84,66.39,125.16,116.12,21.47,357.09,194.17,591.63,313.77,40.33,73.32,91.56,112.93
2024-12-03,241.33,181.12,141.98,267.69,213.44,166.20,45.51,470.19,69.13,975.72,57.68,153.25,179.40,330.89,172.15,170.48,590.04,418.91,221.97,22.47,147.83,238.67,659.22,61.70,452.03,805.96,77.39,522.39,287.79,611.23,97.38,126.19,427.07,90.22,140.21,180.61,154.17,169.70,70.96,123.89,115.55,22.46,351.42,189.79,588.43,310.16,40.31,72.21,92.42,112.75
2024-12-04,241.69,179.14,143.99,267.63,218.16,168.58,45.07,468.32,69.21,984.43,57.81,149.84,181.32,342.69,175.21,173.49,586.74,417.51,226.32,21.96,146.00,237.28,659.72,60.43,453.35,822.32,77.31,517.39,288.36,611.36,96.92,125.76,433.23,91.11,145.09,185.85,152.72,169.40,69.85,124.64,116.66,22.26,357.93,189.23,593.83,307.08,39.10,71.16,93.35,109.50
2024-12-05,241.72,170.11,141.36,263.85,220.55,168.49,45.68,470.57,69.92,975.83,58.20,150.80,171.65,347.05,173.44,171.77,584.86,416.16,227.54,20.80,145.08,239.31,636.34,61.12,442.62,818.14,74.30,520.99,292.64,606.53,99.01,126.08,438.38,91.79,145.02,183.92,153.02,170.29,71.87,126.56,115.97,22.54,369.49,185.71,562.90,306.27,39.13,71.74,94.19,109.98
2024-12-06,241.52,171.09,138.59,262.17,227.03,177.45,45.69,470.50,69.84,986.11,58.07,146.93,174.30,345.44,175.61,173.83,587.69,420.88,230.73,20.92,144.88,241.14,642.01,60.74,443.47,819.22,75.66,524.76,292.17,621.31,98.57,125.73,439.32,93.47,142.40,189.30,151.73,168.15,76.34,124.72,115.45,22.59,389.22,185.81,534.36,308.18,38.96,72.39,94.58,108.82
2024-12-09,245.41,169.94,130.87,267.03,226.09,176.86,44.87,463.87,69.56,981.39,57.16,148.67,170.07,334.21,176.41,174.69,582.24,418.74,222.94,20.81,145.16,237.68,646.00,60.81,436.70,796.30,76.51,519.05,294.50,611.15,99.24,124.39,441.75,91.37,138.77,188.08,153.34,165.22,72.46,122.95,114.07,22.11,389.79,186.15,547.15,305.50,38.96,70.73,92.73,108.18
2024-12-10,246.42,166.30,127.74,265.22,225.04,169.82,44.71,462.49,70.18,986.89,56.94,148.59,170.02,326.38,185.81,184.45,573.33,412.31,224.60,20.16,144.80,236.76,635.60,61.11,438.90,792.34,74.22,525.20,293.86,616.88,96.57,122.66,439.08,91.33,135.03,175.53,153.70,166.66,70.89,123.21,115.08,22.24,400.99,183.01,551.61,309.54,38.90,70.17,93.45,107.96
2024-12-11,245.15,169.22,130.15,262.97,230.26,181.07,45.04,461.39,69.65,988.18,56.81,147.84,167.41,342.74,195.95,194.64,580.71,411.13,223.05,20.12,142.28,237.41,642.51,60.84,434.68,788.82,77.52,530.60,289.35,630.18,95.37,123.43,444.69,93.66,139.27,176.36,150.75,165.07,72.51,121.15,114.42,22.21,424.77,184.47,520.71,310.94,38.62,69.73,93.85,107.24
2024-12-12,246.61,167.20,130.60,263.59,228.97,178.56,45.04,458.63,69.14,981.92,57.07,146.42,163.63,328.89,192.88,191.21,579.78,404.34,225.13,20.78,141.90,235.46,640.29,62.01,432.67,775.26,74.89,528.57,289.87,628.30,96.81,123.74,445.25,92.56,137.30,173.14,152.79,165.28,73.20,121.32,113.55,22.10,418.10,184.48,503.36,311.37,38.70,68.96,92.99,107.15
2024-12-13,246.78,167.46,126.91,260.29,227.46,222.19,44.64,457.90,68.73,982.87,56.84,145.63,164.80,330.98,190.64,189.08,573.77,406.84,223.73,20.34,142.27,233.91,647.38,61.31,429.52,781.97,75.57,525.19,289.84,617.90,97.52,123.25,442.98,91.89,134.21,171.23,151.90,165.48,76.07,120.96,115.21,22.35,436.23,184.36,507.97,311.88,38.88,68.60,93.36,106.21
2024-12-16,249.68,167.52,126.69,256.32,232.93,247.10,44.44,455.20,69.20,986.37,56.58,141.36,164.58,336.66,197.39,195.89,574.60,400.72,222.29,20.83,139.58,233.56,649.73,60.76,422.61,771.94,77.12,526.49,290.92,622.28,96.43,124.83,447.26,92.11,131.96,169.10,150.02,165.56,75.75,120.31,115.56,21.61,463.02,182.31,486.52,313.02,37.59,70.10,93.97,103.94
2024-12-17,252.10,168.44,125.02,255.79,231.15,237.44,44.03,455.66,68.84,975.65,56.75,140.18,164.59,327.32,196.36,194.66,563.19,398.53,221.94,20.44,142.06,232.37,648.49,61.58,424.48,771.57,77.10,527.18,289.33,617.49,96.43,123.58,450.10,91.91,130.35,167.60,150.14,164.78,74.39,120.40,114.89,21.60,479.86,181.02,473.85,315.40,37.50,68.97,94.52,103.50
2024-12-18,246.70,163.61,121.41,248.90,220.52,221.03,42.52,446.59,65.94,958.42,55.79,136.36,158.79,316.14,189.41,187.67,539.24,384.24,213.41,19.30,140.45,224.58,624.61,61.05,416.66,757.78,74.52,516.21,284.25,595.31,94.78,117.10,433.20,88.96,128.87,163.35,148.50,163.57,71.51,118.98,111.98,21.27,440.13,178.02,487.71,306.96,37.01,66.97,92.66,101.97
2024-12-19,248.43,159.64,118.88,251.22,223.29,215.79,42.40,449.34,66.23,948.55,55.88,133.59,163.60,331.77,188.96,187.77,542.91,375.65,217.04,19.06,139.32,227.11,616.11,60.66,414.02,750.68,70.56,519.51,283.61,593.70,95.91,116.58,432.84,90.20,130.64,166.69,145.65,163.67,74.21,116.70,112.97,21.35,436.17,177.51,477.49,312.02,36.76,67.06,92.51,101.10
2024-12-20,253.11,161.77,119.21,253.32,224.92,218.23,43.17,453.20,66.97,947.82,56.75,135.20,167.14,341.86,192.21,190.66,554.78,383.05,216.50,19.52,140.18,231.63,623.23,60.76,418.67,760.81,71.14,524.23,286.01,583.41,94.50,119.42,432.42,90.90,134.66,167.55,146.92,162.58,80.55,118.66,113.97,21.52,421.06,179.82,488.11,314.82,36.72,68.51,91.37,101.45
2024-12-23,253.88,165.59,124.60,253.92,225.06,230.27,42.90,454.35,67.53,943.69,57.19,135.31,167.79,344.11,195.23,193.87,559.36,382.90,215.11,20.20,140.96,232.40,641.66,60.59,416.72,789.07,73.13,525.15,284.65,597.96,95.77,120.40,431.08,91.14,139.63,167.03,145.48,162.63,80.69,118.24,114.12,21.61,430.60,182.97,494.17,314.33,36.73,68.70,89.49,101.86
2024-12-24,256.80,166.49,126.29,254.39,229.05,237.53,43.38,458.66,68.73,952.54,58.03,136.14,170.24,346.47,196.80,195.34,571.13,386.50,217.52,20.40,141.52,236.22,644.18,61.04,420.11,788.46,73.16,531.85,287.29,605.84,95.85,122.92,435.12,93.21,140.18,169.27,146.94,163.43,82.38,117.41,114.31,21.71,462.28,185.18,493.94,317.73,36.60,69.72,91.80,101.95
2024-12-26,257.61,165.68,125.06,253.13,227.05,243.16,43.54,459.08,69.06,949.88,58.16,136.27,170.90,342.26,196.34,194.84,569.61,385.53,217.98,20.44,141.26,237.03,642.22,60.78,418.68,786.95,73.32,532.29,288.08,601.45,96.25,123.86,433.91,92.41,139.89,169.54,146.58,164.61,82.14,117.56,114.52,21.72,454.13,184.50,498.86,317.99,36.75,69.89,91.91,102.04
2024-12-27,254.20,164.97,125.19,252.62,223.75,239.59,43.34,456.51,68.73,933.55,57.80,136.29,169.12,333.02,193.29,192.01,564.66,383.30,215.94,20.30,140.74,235.11,638.52,60.66,417.36,776.08,72.73,528.37,286.93,597.92,96.09,122.63,426.40,90.75,136.97,166.85,147.02,164.00,79.08,117.31,114.19,21.63,431.66,183.97,497.73,315.76,36.71,69.26,90.79,102.03
2024-12-30,250.83,161.82,122.44,249.40,221.30,233.47,42.92,452.16,68.13,916.17,57.39,135.41,167.15,329.48,191.94,190.49,562.08,379.96,213.49,19.82,139.08,233.31,627.45,60.25,412.11,766.83,71.50,521.76,283.00,589.38,94.81,121.65,420.76,90.04,137.45,164.83,145.89,161.64,77.18,115.91,112.74,21.39,417.41,180.87,495.60,312.44,36.42,68.58,89.71,101.34
2024-12-31,249.06,160.82,120.79,250.69,219.39,229.76,42.96,453.28,68.13,910.27,57.40,137.08,165.84,328.16,189.70,188.56,561.17,379.53,213.08,20.05,140.32,233.69,623.97,60.48,413.11,765.01,71.57,522.78,283.28,583.67,95.88,121.63,417.46,89.13,134.25,164.56,146.22,162.18,75.63,116.24,113.23,21.54,403.84,180.44,493.70,313.17,36.78,68.41,89.49,103.07
2025-01-02,242.53,162.04,120.63,249.38,220.22,229.90,43.29,451.10,67.70,903.85,57.31,138.85,167.63,338.14,189.89,188.69,563.47,379.01,213.18,20.22,139.74,233.97,630.41,60.07,408.67,771.02,71.78,518.64,285.84,597.36,95.58,120.72,414.57,88.67,138.27,163.96,144.44,160.57,75.19,116.97,113.51,21.60,379.28,179.90,492.38,311.54,36.98,68.36,89.15,102.83
2025-01-03,242.04,168.16,125.37,251.24,224.19,230.47,43.80,453.56,68.73,910.58,57.46,139.93,170.99,353.20,192.38,191.04,568.53,379.71,215.81,20.56,139.91,237.17,650.60,59.98,408.01,774.90,74.43,517.60,288.06,602.73,95.55,121.84,419.29,88.11,144.43,164.25,143.90,159.75,79.89,117.86,113.37,21.45,410.44,183.32,500.67,312.05,37.02,69.45,89.92,103.35
2025-01-06,243.67,175.50,129.55,248.71,227.61,234.29,44.37,451.41,70.41,916.67,57.38,139.37,171.47,370.45,197.19,196.10,571.72,379.90,215.83,19.87,139.39,236.01,683.56,59.07,407.42,758.17,77.27,508.24,285.52,628.22,96.11,124.45,423.75,88.18,149.39,163.63,140.65,155.36,75.92,116.87,111.64,21.38,411.05,184.93,501.32,310.19,36.43,70.15,90.56,103.24
2025-01-07,240.89,175.84,127.33,252.05,222.11,226.59,45.04,452.92,71.32,915.34,57.53,141.58,171.33,367.65,195.95,194.73,568.52,374.88,217.08,20.01,141.89,238.28,682.57,59.10,409.44,766.29,76.82,507.72,282.75,615.95,97.36,122.75,418.32,87.92,140.10,160.01,139.81,156.04,69.99,117.26,112.33,21.00,394.36,184.96,501.89,308.84,35.79,69.72,89.95,104.21
2025-01-08,241.38,175.02,121.84,254.12,222.13,227.26,45.16,451.84,70.91,921.30,57.80,142.25,171.91,365.62,194.63,193.19,568.42,377.78,216.33,19.88,138.04,238.24,679.50,59.94,414.43,780.09,76.34,512.68,280.36,608.80,96.23,123.70,420.49,87.50,140.07,161.11,140.91,156.81,68.23,117.70,113.42,20.98,394.94,184.43,511.91,309.76,35.81,69.71,90.93,102.46
2025-01-10,235.56,169.74,116.04,252.22,218.94,222.30,44.09,442.66,69.11,930.80,57.35,144.94,170.72,366.24,192.42,191.29,548.80,380.41,213.00,19.15,137.84,235.05,676.39,59.32,408.65,792.65,73.97,501.77,275.88,613.92,95.65,119.43,414.94,83.77,135.87,152.95,137.16,153.39,67.26,113.15,112.63,20.78,394.74,182.98,508.18,304.91,35.39,68.14,92.12,102.09
2025-01-13,233.13,168.96,117.32,259.87,218.46,223.27,44.04,443.91,70.44,918.64,57.37,147.03,170.60,365.95,191.54,190.26,551.69,379.71,210.72,19.20,140.18,239.30,684.24,59.88,415.83,790.26,73.77,502.01,277.17,606.42,97.32,119.95,413.19,84.03,133.19,152.38,138.95,153.66,64.98,113.54,115.20,20.66,403.31,183.88,528.13,304.13,35.68,68.69,90.66,104.72
2025-01-14,232.01,171.71,116.09,256.90,217.76,222.69,44.74,450.03,71.15,911.22,57.92,148.50,175.86,381.36,190.31,188.92,560.10,383.23,211.06,19.20,140.45,242.50,694.41,60.26,421.61,738.16,74.38,506.10,275.16,592.38,96.04,120.56,411.69,82.84,131.72,154.74,139.38,154.53,65.91,114.43,116.90,20.89,396.36,186.20,530.67,306.28,35.83,69.34,89.93,105.13
2025-01-15,236.58,176.39,119.96,258.67,223.35,225.96,46.03,458.51,75.76,917.45,58.56,149.85,179.27,386.12,196.22,194.79,593.80,396.21,213.27,19.72,140.66,247.28,709.26,60.00,422.29,739.98,75.46,519.35,275.87,615.18,96.46,126.30,422.22,84.83,136.20,156.72,139.22,154.44,68.14,114.47,116.52,20.99,428.22,190.06,530.36,313.40,35.73,73.97,90.47,106.85
2025-01-16,227.02,184.40,118.44,259.14,220.66,227.36,45.58,462.81,75.99,913.73,58.40,150.84,178.72,390.08,193.66,192.16,600.73,399.37,215.82,19.67,143.38,249.16,739.97,60.47,426.74,750.74,78.50,520.14,273.36,609.38,97.05,131.39,420.51,84.24,133.53,157.94,140.91,155.27,69.24,115.71,117.86,21.10,413.82,180.30,498.32,314.36,35.88,73.97,90.43,106.67
2025-01-17,228.73,189.91,121.46,261.72,225.94,235.31,45.48,467.95,77.43,937.01,58.80,152.82,181.81,400.47,196.78,195.24,613.42,399.42,217.89,21.49,142.66,253.95,750.08,60.91,430.21,719.15,79.57,521.69,274.55,610.84,94.37,133.38,424.92,85.81,137.67,159.41,142.55,155.88,71.77,117.44,118.50,21.35,426.50,185.16,497.51,316.71,36.30,75.07,91.07,107.63
2025-01-21,221.43,190.72,122.28,264.32,230.71,238.16,45.60,468.57,79.05,941.52,59.58,149.76,186.44,415.02,198.86,197.28,622.05,408.25,217.37,21.77,143.75,257.74,759.75,60.63,436.58,735.63,80.76,525.03,276.17,614.52,92.75,132.83,424.39,86.97,140.79,170.84,142.84,156.45,73.07,119.58,123.04,21.55,424.07,187.86,512.37,320.69,36.52,75.82,92.20,106.81
2025-01-22,222.61,193.33,123.75,263.00,235.01,238.75,44.75,460.51,79.07,938.51,60.17,148.03,187.29,426.10,199.25,197.60,620.08,400.12,216.40,21.86,140.96,257.56,764.37,60.01,436.72,747.15,82.49,524.15,274.94,621.54,92.21,131.57,441.92,95.40,147.03,182.37,142.40,159.37,76.87,118.70,121.70,21.38,415.11,189.62,507.23,320.62,36.45,75.52,92.35,104.95
2025-01-23,222.44,188.57,123.04,267.27,235.42,238.13,45.34,459.83,79.35,935.99,60.75,147.65,199.66,436.68,198.81,197.21,626.71,404.31,219.10,21.57,142.28,260.61,753.52,59.77,434.97,759.66,80.49,531.15,277.95,634.45,93.13,133.31,442.43,98.49,147.18,184.60,142.91,160.73,78.98,121.15,123.57,21.58,412.38,193.04,517.04,325.22,36.67,75.41,92.92,105.55
2025-01-24,221.57,184.67,122.84,264.90,234.85,242.51,45.47,463.19,78.87,933.53,60.75,147.31,195.64,419.50,201.12,199.43,624.16,404.42,217.90,20.83,142.46,259.52,742.50,60.15,433.41,778.30,78.96,530.43,278.95,645.45,92.09,133.33,439.80,97.76,142.58,181.76,143.39,159.74,78.98,122.94,122.61,21.77,406.58,178.52,519.71,327.20,37.01,75.31,93.86,104.12
2025-01-27,228.61,172.62,115.01,272.14,235.42,200.32,46.02,474.70,78.47,958.93,57.68,148.81,193.36,329.23,193.02,191.06,620.61,414.54,217.25,20.29,148.35,260.51,695.85,62.04,433.65,800.85,74.94,544.50,286.41,657.81,94.39,132.20,430.40,97.19,118.39,156.69,148.67,165.13,75.44,125.98,122.35,23.13,397.15,179.97,530.46,331.50,38.04,75.91,96.48,105.57
2025-01-28,236.97,170.92,114.17,269.60,238.15,205.50,45.78,469.97,77.38,952.39,58.02,147.84,193.33,354.29,196.31,194.54,625.04,408.64,218.73,19.80,145.91,261.77,696.06,60.57,429.72,797.70,73.83,544.22,284.51,672.21,93.92,134.03,442.91,97.18,128.95,162.35,144.48,161.75,80.23,124.56,125.58,23.38,398.09,173.76,529.44,331.44,37.81,75.85,96.37,103.53
2025-01-29,238.06,173.33,117.35,270.92,237.07,204.50,45.69,469.26,78.05,957.71,58.14,147.35,197.97,352.42,196.42,194.65,624.63,403.36,221.61,19.75,146.66,261.22,706.01,61.03,432.50,796.80,74.47,545.65,283.50,674.36,94.72,134.19,438.09,97.82,123.67,160.39,144.59,161.79,79.76,125.17,122.43,23.21,389.10,173.47,525.17,332.82,37.70,76.33,96.58,104.13
2025-01-30,236.30,179.69,118.86,273.17,234.64,213.73,45.66,472.35,79.24,972.60,59.04,147.95,204.41,382.04,201.84,200.09,632.79,404.42,250.34,20.01,148.33,262.84,735.18,62.21,440.45,815.77,80.00,562.76,283.70,684.84,95.36,135.38,411.01,97.32,124.62,168.67,146.06,162.94,81.22,125.87,126.20,23.01,400.28,178.28,532.46,339.93,36.94,76.77,97.71,104.99
2025-01-31,234.72,178.34,115.95,274.52,237.68,219.29,45.25,468.67,78.82,973.46,59.16,141.20,202.42,372.00,204.80,203.22,627.59,401.96,247.85,19.43,147.63,261.93,731.03,61.66,440.19,803.73,80.31,552.24,282.12,687.01,95.24,134.81,411.08,97.68,120.04,168.35,144.90,161.56,82.49,125.76,126.17,22.73,404.60,178.96,529.45,338.69,36.87,76.75,97.23,102.37
2025-02-03,226.77,176.81,114.27,277.84,237.42,215.78,45.16,464.61,77.59,999.24,59.59,141.34,202.95,360.86,201.85,200.44,619.72,398.82,252.72,19.38,147.36,261.45,732.98,61.53,448.18,803.09,79.46,560.71,283.44,695.27,96.17,133.58,406.98,97.89,116.63,166.91,144.50,164.25,83.74,125.94,127.12,23.23,383.68,175.40,535.00,342.67,37.42,76.10,98.60,102.61
2025-02-04,231.54,176.57,119.50,277.98,242.06,220.44,45.65,467.49,76.49,1015.17,59.88,145.01,201.03,355.69,206.90,205.57,621.50,401.48,256.34,19.29,148.93,262.56,742.01,60.87,448.76,818.59,79.18,555.90,283.17,701.98,87.45,133.20,408.42,99.49,118.62,166.21,137.98,163.64,103.83,125.94,125.60,23.23,392.21,175.03,532.34,342.01,37.26,77.40,99.81,105.36
2025-02-05,231.21,178.66,112.01,296.06,236.17,229.92,46.04,473.73,77.45,1036.05,61.09,144.80,203.42,367.07,192.55,190.58,632.54,403.75,255.21,19.65,150.10,265.00,751.74,61.31,447.67,834.55,81.20,563.04,282.25,702.65,86.42,135.30,409.33,101.11,124.80,169.94,140.06,164.50,101.36,126.51,126.38,23.44,378.17,176.03,526.84,346.26,37.56,77.96,101.49,105.29
2025-02-06,231.95,180.76,110.16,286.41,238.83,229.29,46.66,477.22,80.24,1044.11,60.79,143.76,204.89,373.95,192.56,190.85,645.06,404.09,245.66,19.38,148.95,271.34,754.38,61.54,454.56,862.49,82.08,563.90,287.65,709.75,84.86,137.39,411.84,101.57,128.64,170.62,139.76,164.37,111.28,140.36,126.00,23.42,374.32,177.67,517.30,344.32,37.38,79.30,101.87,103.90
2025-02-07,226.39,177.99,107.56,282.33,229.15,222.86,46.33,472.74,79.65,1038.12,60.79,144.45,204.12,377.08,186.41,184.62,642.78,397.46,244.59,19.10,148.57,270.26,740.40,62.01,449.00,870.35,81.58,559.52,287.59,712.27,84.12,136.32,405.82,101.39,129.80,172.71,139.02,163.48,110.85,139.48,125.19,23.51,361.62,174.49,514.36,344.85,37.32,78.96,100.19,104.34
2025-02-10,226.66,181.61,110.48,283.53,233.14,232.94,45.61,470.17,78.68,1056.13,61.32,147.43,204.06,384.10,187.47,185.74,637.52,403.92,243.22,19.77,149.66,265.59,744.12,62.70,454.74,861.01,82.97,562.24,301.39,715.14,83.27,133.72,408.27,102.76,133.53,177.13,138.80,163.06,116.65,141.57,125.49,23.82,350.73,174.79,520.55,348.04,37.39,77.42,101.94,106.33
2025-02-11,231.61,181.16,111.10,285.33,232.76,232.94,45.73,472.61,79.05,1052.57,60.95,149.01,207.64,372.02,186.34,184.60,634.30,406.23,248.52,20.97,151.49,269.46,751.21,65.66,454.62,857.17,82.50,561.46,303.14,717.54,83.40,134.19,407.50,100.81,132.76,175.41,140.04,164.90,112.62,142.93,126.33,24.09,328.50,173.76,521.09,348.11,37.90,77.95,101.50,107.00
2025-02-12,235.84,178.87,111.72,283.79,228.93,234.23,45.16,471.73,79.21,1059.31,61.05,146.60,208.45,368.78,184.71,182.89,636.02,397.24,249.61,22.48,150.65,269.92,743.22,66.74,452.47,865.06,80.83,561.36,300.59,723.10,82.57,133.53,405.12,102.73,131.10,170.49,138.46,165.05,117.39,144.77,124.05,24.30,336.51,174.48,514.72,348.88,37.93,77.57,102.63,103.78
2025-02-13,240.48,182.22,111.81,285.63,230.37,233.69,45.28,480.49,80.02,1070.99,62.33,147.53,207.18,369.44,187.15,185.41,635.97,402.40,252.90,24.13,152.58,270.77,756.82,67.51,454.92,863.96,82.54,563.06,302.95,726.27,81.36,133.26,406.61,104.37,135.25,172.12,139.02,166.45,117.91,144.09,123.13,24.55,355.94,175.27,518.41,352.99,38.41,77.17,104.05,104.54
2025-02-14,243.54,167.31,113.10,282.30,228.68,230.95,45.90,479.59,82.47,1066.01,63.33,148.65,207.09,366.73,186.15,184.51,647.34,399.54,254.94,23.60,151.51,271.03,743.41,66.90,450.93,838.06,82.00,561.52,301.52,734.35,80.00,135.32,404.52,105.86,138.81,172.41,137.88,158.54,119.16,145.33,119.77,24.78,355.84,177.43,510.93,351.18,38.36,78.28,103.05,104.64
2025-02-18,243.41,170.08,114.28,283.89,226.65,226.48,45.48,482.82,82.49,1050.27,63.06,149.44,208.89,372.37,185.08,183.05,658.75,393.50,256.69,27.39,151.59,274.33,750.85,67.07,459.64,850.90,85.79,565.35,297.88,714.12,80.27,137.03,405.71,103.58,139.36,178.00,138.56,161.01,124.62,143.72,121.09,24.98,354.11,180.75,488.70,354.08,38.56,79.06,102.80,106.48
2025-02-19,243.81,172.12,114.69,285.32,226.63,226.68,44.97,483.77,81.81,1056.75,63.30,150.46,209.31,374.32,186.40,184.55,654.79,385.81,257.91,25.72,154.43,273.64,767.19,68.06,455.93,860.68,86.86,565.24,295.06,701.56,82.50,137.01,410.80,104.33,139.19,179.70,140.21,162.04,112.06,144.69,122.71,25.14,360.56,190.31,498.76,352.59,39.32,78.64,103.01,106.64
2025-02-20,244.76,174.45,114.17,288.87,222.88,224.71,44.27,481.80,79.28,1029.19,63.14,151.95,207.56,358.84,185.92,183.84,629.41,385.04,258.32,26.09,156.18,261.44,770.04,68.03,455.76,866.70,88.21,560.05,296.14,692.66,84.50,130.83,412.97,102.45,140.07,174.23,143.37,162.74,106.27,146.40,122.41,25.05,354.40,197.72,490.34,347.89,39.77,76.96,96.29,108.28
2025-02-21,244.48,170.46,110.84,293.79,216.58,216.70,43.80,478.74,77.63,1029.39,62.46,150.16,198.70,327.11,180.88,178.96,613.09,375.93,255.14,24.87,158.74,258.93,746.94,69.31,451.92,867.26,85.24,554.31,297.86,681.40,86.26,128.25,405.11,100.32,134.39,166.13,147.60,165.68,101.35,149.13,121.24,25.50,337.80,195.82,455.21,345.94,40.02,75.85,93.88,107.01
2025-02-24,246.03,167.08,108.11,300.30,212.71,206.07,43.45,498.42,76.55,1029.96,61.74,151.09,197.58,315.17,180.49,178.55,613.62,373.12,255.52,24.27,160.15,256.09,732.02,68.57,452.44,874.92,82.58,555.79,300.56,666.03,87.96,126.57,400.93,98.85,130.24,168.26,147.94,165.98,90.68,150.95,123.35,25.62,330.53,194.60,450.43,347.26,40.54,75.58,92.78,107.57
2025-02-25,245.97,164.07,103.96,306.03,212.80,200.73,42.95,499.82,76.16,1049.91,62.75,149.68,198.14,316.94,176.68,174.74,602.61,383.72,251.50,22.99,162.45,252.23,719.51,69.44,461.28,895.17,79.56,560.79,303.64,655.43,88.12,126.21,394.88,97.72,126.60,166.85,150.41,168.04,87.84,152.05,125.23,25.53,302.80,193.86,459.07,349.47,40.91,74.39,96.76,106.08
2025-02-26,239.32,167.02,104.74,297.06,214.35,211.03,42.95,494.10,77.07,1026.35,62.56,148.46,200.47,334.45,174.02,172.06,605.41,380.98,249.63,23.52,159.50,253.59,732.96,68.77,455.42,908.28,80.56,558.05,297.33,671.58,86.14,127.63,396.69,99.01,131.24,170.74,145.69,166.72,89.31,149.46,125.20,25.46,290.80,192.17,452.45,348.03,40.41,74.83,95.29,105.82
2025-02-27,236.27,155.25,99.51,296.52,208.74,196.03,43.12,502.41,76.87,1016.14,62.30,149.92,200.29,325.51,169.55,167.84,595.84,380.78,247.09,23.09,160.14,253.84,693.90,68.84,454.16,898.51,75.48,561.58,302.89,656.17,87.30,125.86,389.55,96.31,120.12,163.11,146.18,167.38,84.77,148.76,128.35,25.77,281.95,185.44,457.30,353.10,40.50,74.99,95.87,106.49
2025-02-28,240.79,156.67,99.86,298.69,212.28,197.64,45.06,513.83,77.92,1042.89,62.59,151.79,205.81,334.39,171.55,169.62,612.87,386.95,246.32,23.73,161.40,259.33,703.51,69.17,460.84,913.86,76.04,573.00,301.30,666.10,88.91,129.63,393.97,98.06,124.89,164.39,147.57,169.20,84.92,149.98,130.78,26.26,292.98,189.99,463.54,360.02,40.34,76.66,97.68,107.63
2025-03-03,237.00,150.78,98.23,301.33,205.02,185.69,44.53,510.08,75.21,1041.14,61.97,146.50,200.82,315.24,168.01,166.36,596.10,380.21,244.12,22.74,163.61,255.38,685.95,70.25,456.11,922.89,75.09,571.62,299.07,652.99,89.77,125.76,385.54,97.37,114.03,160.39,150.00,170.90,83.42,153.37,131.61,26.56,284.65,188.44,455.82,359.13,41.06,75.39,96.66,104.18
2025-03-04,234.91,151.51,100.75,302.69,203.80,185.80,41.70,495.86,70.52,1031.22,61.76,145.45,197.64,312.34,171.94,170.25,572.34,372.40,247.07,21.33,161.79,245.22,693.74,68.18,455.22,904.36,75.75,551.88,300.53,637.99,89.21,118.54,385.66,97.26,115.96,155.89,148.27,168.55,84.40,148.70,126.56,25.12,272.04,188.88,463.20,349.61,40.12,71.74,94.07,103.97
2025-03-05,234.72,153.94,101.67,306.94,208.36,189.86,41.33,498.50,71.11,1042.04,62.44,144.32,201.35,316.06,174.31,172.35,584.09,376.95,245.25,20.81,161.50,246.48,710.42,68.07,462.03,922.89,78.57,555.09,302.18,654.41,89.81,120.52,397.97,99.09,117.27,159.94,147.97,169.95,90.13,147.91,127.49,25.08,279.10,189.58,464.54,350.06,40.10,72.58,95.07,101.94
2025-03-06,234.31,150.20,98.85,308.15,200.70,177.84,40.52,497.84,68.79,1021.02,61.91,146.36,194.94,292.52,173.53,171.68,559.08,372.44,242.66,20.75,162.19,241.59,686.92,68.44,459.97,906.05,76.00,546.66,305.05,625.96,90.59,116.25,393.87,90.64,110.54,149.43,148.67,169.99,80.46,148.31,126.15,25.61,263.45,183.54,476.00,341.60,41.40,71.11,93.74,104.05
2025-03-07,238.03,154.30,100.31,314.98,199.25,193.21,40.72,495.62,68.67,959.05,62.42,149.61,192.75,288.62,175.07,173.18,551.20,367.63,255.20,20.64,163.03,237.41,705.94,69.38,462.54,863.19,78.53,543.63,315.78,623.69,91.22,116.17,390.32,89.11,112.66,153.60,149.82,171.25,84.91,145.80,126.27,25.98,262.67,184.69,481.62,342.75,43.11,69.54,90.85,105.40
2025-03-10,226.49,148.66,96.63,317.40,194.54,182.80,39.17,497.10,65.70,929.32,60.59,150.78,191.39,269.50,167.35,165.41,523.61,365.54,250.67,19.93,164.02,227.55,673.26,69.40,455.92,823.66,73.36,534.04,311.81,596.11,91.78,108.77,377.27,86.67,106.95,147.30,151.57,171.55,76.38,145.45,126.39,26.14,222.15,180.78,470.68,338.94,43.51,65.36,86.99,108.09
2025-03-11,219.88,145.69,96.76,309.19,196.59,188.39,38.96,496.25,65.79,925.42,59.23,147.44,190.99,283.54,165.52,163.59,523.38,359.20,242.91,19.78,162.22,224.54,659.22,69.00,448.04,818.00,72.91,522.78,301.50,603.81,91.30,109.11,377.56,89.51,108.73,142.73,147.77,168.50,78.05,146.91,125.98,24.92,230.58,171.91,476.39,329.67,40.65,65.85,86.61,105.53
2025-03-12,216.04,147.74,100.79,302.99,198.89,192.49,39.25,495.94,66.23,922.03,59.03,146.10,194.26,297.98,168.54,166.65,527.60,355.86,243.58,20.68,159.28,223.32,675.27,67.94,445.18,815.82,76.12,521.63,294.27,617.61,89.97,111.02,380.36,91.97,115.72,149.38,143.74,163.87,83.65,146.16,125.84,24.64,248.09,170.32,471.55,330.37,39.86,67.47,84.39,105.50
2025-03-13,208.77,148.62,98.11,303.13,193.89,189.65,39.02,504.25,65.53,885.77,58.25,146.99,191.69,299.54,164.28,162.31,516.86,340.95,239.84,23.70,159.41,220.67,676.37,67.62,448.73,795.76,74.80,516.85,292.40,588.78,91.28,108.76,375.89,89.02,115.56,146.18,143.90,164.09,79.62,145.35,127.06,25.00,240.68,168.29,471.96,326.11,40.91,67.01,83.70,105.06
2025-03-14,212.56,154.28,100.97,304.17,197.95,193.79,40.22,514.60,67.04,898.99,59.06,150.26,196.36,312.89,167.16,165.03,533.21,344.94,242.33,24.05,159.24,227.77,707.63,67.67,450.95,807.50,78.21,524.61,294.69,606.23,91.14,112.33,385.61,91.80,121.65,147.77,144.14,163.48,86.24,146.70,127.83,25.46,249.98,171.02,478.94,329.34,40.78,69.34,84.54,108.18
2025-03-17,213.07,154.08,104.59,307.52,195.74,192.76,40.76,523.01,68.17,911.61,59.45,151.88,201.26,331.18,166.11,163.84,542.99,347.71,246.83,25.69,159.27,229.23,712.88,68.61,455.71,818.70,77.83,528.94,298.76,603.54,92.14,114.88,385.75,95.00,119.51,152.47,146.81,165.23,87.35,150.40,129.86,25.70,238.01,174.48,489.11,332.06,40.85,69.33,86.63,109.98
2025-03-18,211.77,152.15,103.51,308.96,192.82,186.98,40.96,523.14,68.44,893.16,58.87,153.88,200.02,318.18,162.22,160.23,543.43,343.23,240.96,25.92,160.65,230.25,704.66,67.89,456.11,816.46,76.89,527.15,298.39,581.05,92.08,115.02,380.61,93.00,115.41,147.95,144.53,163.23,83.89,148.59,130.49,25.49,225.31,173.96,493.79,332.28,41.40,69.60,84.78,109.87
2025-03-19,214.31,153.09,106.23,306.15,195.54,193.82,41.51,525.27,69.63,899.12,59.67,156.99,204.79,335.01,165.82,163.44,548.90,347.01,246.17,24.12,159.41,234.31,714.19,67.79,455.15,830.86,77.46,533.01,301.66,582.74,91.40,116.72,384.87,95.95,117.50,150.92,143.68,164.07,86.10,149.02,133.07,25.71,235.86,176.18,493.20,337.35,41.12,71.21,85.51,111.58
2025-03-20,213.17,153.01,107.14,305.46,194.95,189.41,41.78,528.73,70.00,890.52,59.18,157.67,203.15,336.04,164.60,162.35,554.16,349.07,237.42,23.96,159.44,234.21,711.07,68.21,453.17,836.38,77.08,533.30,301.73,584.68,92.09,117.32,383.90,95.08,118.51,151.19,142.75,163.07,87.39,148.57,132.24,25.67,236.26,175.15,501.14,336.98,40.95,70.98,85.00,112.05
2025-03-21,217.32,150.77,106.44,306.43,196.21,190.52,41.77,521.91,70.16,904.30,58.87,157.66,203.35,333.09,165.79,163.54,556.58,344.78,237.95,24.26,160.04,236.77,701.17,67.19,453.75,831.41,75.38,532.61,300.20,594.90,90.51,117.00,388.29,96.03,117.68,150.70,141.10,162.24,90.96,147.60,130.17,25.89,248.71,173.52,506.58,333.17,41.17,70.98,85.40,111.66
2025-03-24,219.77,153.58,113.85,304.82,203.26,190.11,42.36,525.85,72.16,920.99,59.52,157.91,209.43,342.76,169.46,167.22,571.32,357.17,242.42,24.22,159.71,243.08,722.25,67.47,454.50,858.54,77.52,540.55,300.43,617.45,89.73,121.02,390.09,97.20,121.39,153.32,142.07,161.23,96.75,147.67,132.45,25.83,278.39,179.83,506.24,341.32,40.77,72.70,86.90,111.95
2025-03-25,222.78,152.28,114.81,297.53,205.71,187.14,42.57,528.87,72.58,925.19,59.54,158.79,211.32,335.41,172.32,170.09,577.07,354.44,243.84,24.20,157.49,246.08,716.42,67.33,452.88,846.09,77.20,542.03,301.66,624.90,85.42,121.93,392.16,99.73,120.67,152.39,141.18,158.50,96.50,148.31,133.41,26.16,288.14,178.34,503.23,342.06,40.70,72.66,84.19,112.72
2025-03-26,220.57,149.34,110.19,296.41,201.13,178.20,42.11,533.21,71.38,924.68,60.33,160.74,206.58,316.95,166.68,164.61,565.23,355.56,244.27,23.42,158.17,245.99,700.23,68.52,456.82,820.68,75.68,545.92,308.20,609.60,85.65,119.01,387.01,97.07,113.74,146.32,144.19,162.13,92.28,150.38,132.10,26.49,272.06,178.84,507.91,341.62,41.35,71.91,84.63,114.34
2025-03-27,222.88,146.37,106.65,296.47,201.36,170.97,41.86,534.52,70.03,933.63,59.94,159.47,205.09,302.29,163.63,161.79,550.46,356.15,240.24,23.62,159.55,243.13,694.73,69.22,460.09,815.63,74.35,554.37,307.33,601.22,85.16,115.89,387.61,97.67,111.41,144.32,145.19,164.20,90.09,151.04,131.21,27.02,273.13,175.23,505.48,347.26,42.08,70.74,85.05,113.97
2025-03-28,216.95,143.77,103.22,297.61,192.72,168.11,40.57,526.31,68.55,924.59,59.42,158.94,199.12,302.22,155.63,153.90,534.90,351.66,238.08,22.71,160.12,237.97,668.53,68.86,454.52,816.46,72.17,537.51,301.82,575.44,86.74,112.32,375.92,93.39,109.65,139.46,144.80,163.54,85.85,151.19,129.53,27.00,263.55,170.93,505.79,340.30,42.05,69.19,84.57,113.82
2025-03-31,221.17,143.83,102.74,302.07,190.26,166.43,41.04,532.58,69.19,940.62,60.25,160.09,199.39,304.56,155.80,154.21,538.02,359.84,242.63,22.71,162.20,240.37,674.68,70.08,460.99,819.84,72.26,544.97,307.01,575.06,87.26,113.62,372.54,93.25,108.36,138.41,145.45,165.87,84.40,154.67,130.26,27.09,259.16,174.20,513.35,347.86,42.45,70.26,87.20,114.98
2025-04-01,222.22,144.37,102.78,297.58,192.17,167.52,40.81,532.99,68.75,949.20,60.33,161.25,203.01,314.90,158.44,156.64,540.15,358.89,244.27,22.05,149.89,238.76,677.32,70.33,462.42,799.31,72.39,545.36,308.25,584.68,84.69,112.72,379.29,92.84,110.13,140.52,145.19,166.00,84.68,154.04,130.64,27.29,268.46,172.54,512.73,343.78,42.47,69.79,88.23,115.09
2025-04-02,222.92,146.44,102.96,296.40,196.01,171.06,41.16,537.72,69.94,959.82,60.35,159.30,199.01,330.02,158.42,156.61,554.57,364.16,243.92,21.98,151.95,240.88,681.03,69.80,465.05,812.21,73.33,544.24,306.24,582.61,84.18,116.15,379.24,93.55,110.40,144.40,144.66,164.97,87.45,152.17,130.94,26.96,282.76,172.74,512.81,343.76,41.87,70.72,89.15,114.73
2025-04-03,202.31,134.31,93.80,300.42,178.41,153.09,36.61,530.16,61.45,961.81,56.32,149.40,186.91,296.96,152.21,150.30,503.49,349.46,237.58,22.43,156.31,224.10,616.15,71.61,462.55,783.29,64.82,527.50,312.81,530.42,83.98,105.11,370.28,91.71,101.78,135.85,146.84,167.79,83.60,157.92,128.07,27.40,267.28,159.17,529.70,336.87,42.70,64.27,86.67,108.70
2025-04-04,187.56,125.82,85.76,285.44,171.00,145.42,33.82,493.54,56.66,911.48,53.60,137.11,166.17,270.84,147.33,145.20,463.68,347.48,221.96,19.85,149.88,207.32,572.19,68.43,433.58,732.78,58.73,486.96,294.96,503.59,79.20,97.22,357.11,85.59,94.29,126.98,142.22,159.38,74.01,146.76,115.50,25.52,239.43,146.76,514.62,310.80,40.27,59.68,82.63,100.87
2025-04-07,180.67,131.67,83.64,280.88,175.26,153.22,34.99,490.38,57.36,903.18,53.47,134.11,167.06,285.40,148.83,146.35,458.46,335.32,220.30,19.57,147.32,211.43,600.07,66.90,421.60,718.41,61.82,482.73,294.75,515.09,78.91,98.28,355.14,86.78,97.62,125.88,138.91,155.95,77.84,147.36,115.37,25.70,233.29,149.29,514.28,310.00,39.85,60.85,83.26,99.52
2025-04-08,171.67,127.82,78.21,271.74,170.66,155.10,34.45,492.64,57.28,903.80,52.27,131.03,168.72,286.22,146.18,144.30,455.22,329.16,215.67,18.13,146.71,213.82,595.00,66.95,409.20,720.90,59.88,477.16,294.69,509.30,76.75,97.69,351.87,87.04,96.28,123.25,136.10,154.16,77.32,145.41,118.46,25.28,221.86,141.54,542.09,305.98,39.47,60.76,81.24,97.42
2025-04-09,197.99,148.40,96.84,282.24,191.10,184.05,36.54,521.41,62.52,959.93,57.13,139.74,186.56,326.04,160.62,158.27,509.04,348.95,229.60,21.53,147.66,231.05,698.02,68.45,441.51,748.17,70.68,513.28,298.75,584.45,79.62,108.78,387.52,94.55,114.31,138.29,141.23,157.98,92.01,147.91,126.30,25.36,272.20,164.31,567.01,329.96,40.14,64.92,88.99,102.29
2025-04-10,189.59,137.01,88.70,272.85,181.22,171.27,35.26,515.81,60.03,959.05,55.62,129.17,180.82,309.22,154.94,152.40,482.38,347.21,223.98,19.88,145.43,223.92,651.82,69.24,427.56,715.61,66.03,497.26,301.52,545.06,75.39,103.79,378.45,92.12,107.55,132.49,139.83,159.19,88.59,147.30,124.96,25.55,252.40,151.81,582.59,322.20,40.82,61.77,90.00,96.61
2025-04-11,197.29,143.65,93.40,277.28,184.87,180.86,35.36,524.11,60.08,958.16,56.34,129.79,180.98,320.68,158.96,156.71,486.95,347.44,229.77,19.74,148.40,232.88,665.18,69.89,437.41,727.03,67.07,507.63,304.58,542.34,76.97,105.29,385.50,91.83,110.91,131.49,140.11,162.45,88.55,149.95,126.13,25.94,252.31,143.08,587.56,330.92,41.59,61.18,92.17,99.71
2025-04-14,201.64,143.25,94.50,284.98,182.12,177.30,36.07,529.52,61.62,973.98,56.42,129.49,185.29,321.54,161.03,158.63,496.35,350.72,233.26,20.31,150.97,231.42,664.93,70.89,441.57,748.81,67.45,510.33,310.65,530.28,76.96,106.26,384.86,93.13,110.69,133.77,142.36,164.61,92.62,153.56,127.00,26.34,252.35,146.36,575.40,332.69,42.13,61.76,94.09,99.96
2025-04-15,201.26,144.16,95.29,286.32,179.59,177.88,37.36,528.17,62.70,971.60,56.22,128.75,184.96,327.79,158.24,155.88,500.20,347.69,234.86,19.85,150.25,229.85,671.12,70.32,446.46,751.61,68.02,515.23,307.12,520.34,76.20,107.55,382.80,97.63,112.18,133.07,138.57,163.97,98.40,155.99,126.50,26.63,254.11,146.55,572.00,333.32,42.30,63.17,93.33,99.68
2025-04-16,193.43,136.96,88.29,274.04,174.33,173.57,36.72,516.45,60.53,962.48,54.80,129.53,181.75,327.39,155.07,152.91,491.49,339.72,232.78,19.23,150.53,226.38,637.36,70.14,443.51,729.50,64.74,511.29,303.80,501.18,74.33,105.04,368.79,96.16,104.47,128.92,135.90,161.95,92.71,156.37,127.10,26.16,241.55,142.06,573.42,328.87,41.47,62.62,90.57,100.73
2025-04-17,196.13,136.24,87.50,268.86,172.61,169.97,36.79,518.21,61.65,989.08,54.80,131.93,181.10,323.04,152.94,150.74,501.78,348.62,233.02,18.93,154.02,228.70,629.66,71.43,447.60,833.79,63.37,515.18,305.96,500.35,75.82,106.33,364.99,97.30,101.47,127.79,138.57,166.07,93.78,159.03,126.75,26.29,241.37,143.90,445.09,327.16,41.88,63.34,92.59,103.37
2025-04-21,192.32,134.36,85.56,265.36,167.32,165.22,36.31,506.92,61.10,952.55,53.43,127.97,177.67,312.58,149.45,147.26,493.77,340.61,230.49,18.84,153.48,225.77,616.13,71.21,439.41,812.01,62.01,507.20,303.43,483.57,75.68,103.52,356.39,98.79,96.89,122.02,137.49,162.33,90.80,158.03,124.03,25.49,227.50,141.15,416.88,317.72,40.82,62.65,91.79,101.85
2025-04-22,198.87,137.07,86.26,269.93,173.18,168.57,37.69,520.79,62.91,973.89,54.09,131.39,188.46,325.55,153.48,151.05,512.12,348.00,235.06,19.51,154.29,232.28,631.57,72.31,450.07,821.46,63.09,525.13,313.61,499.15,76.77,107.50,364.03,104.03,98.87,126.42,139.17,164.41,93.99,159.91,111.86,26.10,237.97,142.27,418.69,328.94,41.07,64.82,94.21,104.70
2025-04-23,203.71,142.31,90.39,269.45,180.60,175.86,38.11,526.81,64.62,970.52,54.67,130.79,192.94,335.56,157.29,154.92,521.30,349.96,239.53,20.59,151.97,237.49,652.17,71.72,443.73,823.32,66.32,527.80,313.02,519.10,76.54,109.37,371.55,104.96,102.69,130.55,138.00,162.31,100.82,163.81,118.28,26.33,250.74,147.49,419.46,331.89,40.61,66.50,94.32,103.80
2025-04-24,207.47,148.84,94.47,271.33,186.54,187.03,38.93,531.64,66.43,970.16,55.32,133.08,196.66,359.92,161.03,158.84,537.11,353.12,223.77,21.49,151.53,241.20,684.23,70.96,445.04,853.41,70.47,533.23,310.80,531.95,77.61,112.58,384.36,109.69,106.41,136.62,131.26,156.24,107.78,165.72,119.95,26.65,259.51,157.17,415.82,333.22,40.71,68.08,95.19,105.02
2025-04-25,208.37,150.21,96.65,272.30,188.99,191.16,39.04,530.96,66.70,971.83,55.73,132.76,197.67,371.83,163.40,161.51,536.61,351.10,226.77,20.05,151.19,240.13,689.38,70.36,443.92,878.04,70.99,531.26,311.31,546.04,80.43,112.98,388.87,110.15,110.99,137.59,129.39,157.70,112.78,165.88,123.14,25.96,284.95,157.87,410.32,332.68,39.85,68.25,94.45,104.96
2025-04-28,209.23,149.45,96.39,274.48,187.70,191.32,39.12,530.94,66.55,973.21,55.86,134.07,200.09,369.47,161.97,160.17,538.13,350.45,230.43,20.51,151.94,239.80,688.50,70.25,443.52,870.84,71.13,532.26,311.38,548.50,80.87,112.80,388.19,111.04,108.71,139.23,129.76,158.51,114.65,164.84,122.73,26.39,285.88,157.47,411.66,335.00,40.31,67.95,94.58,105.02
2025-04-29,210.29,148.22,96.06,279.78,187.39,190.03,39.33,534.57,67.13,986.29,56.35,133.30,199.73,370.60,161.62,159.72,540.61,352.49,233.58,20.34,152.49,241.18,682.77,70.80,446.08,878.69,70.47,537.43,309.11,553.19,82.35,113.17,391.05,112.56,109.00,139.88,130.29,158.91,116.08,165.90,123.64,26.43,292.03,155.85,401.10,338.98,40.84,69.59,95.39,104.76
2025-04-30,211.58,149.37,97.35,282.07,184.42,191.32,39.22,533.25,66.65,989.08,56.74,130.20,200.77,370.23,160.45,158.36,539.26,353.95,235.95,20.10,152.88,241.18,697.40,70.99,448.70,892.34,71.23,545.78,314.17,547.76,82.82,113.31,392.26,113.17,108.90,139.81,131.52,159.21,118.44,166.97,124.04,26.82,282.16,156.47,403.27,342.93,41.90,69.50,96.59,102.12
2025-05-01,212.39,147.64,96.65,275.15,190.20,196.15,39.51,530.23,66.41,993.59,57.12,130.39,202.83,381.68,162.34,160.86,545.44,351.80,233.85,19.98,151.07,243.42,671.22,69.76,443.57,788.26,71.29,544.35,308.26,570.92,80.94,114.62,422.17,113.35,111.59,144.55,129.55,156.68,116.20,165.70,125.29,26.76,280.52,154.72,392.72,339.91,41.18,70.28,96.75,102.27
2025-05-02,204.46,153.72,98.80,272.67,189.98,202.43,40.39,539.80,68.80,1004.11,58.31,132.54,206.91,395.69,165.36,163.58,557.53,357.91,239.59,20.62,152.70,248.96,692.91,70.11,450.40,817.57,74.07,557.06,306.61,595.67,80.86,118.02,431.97,115.65,114.48,149.75,129.75,157.21,124.28,166.49,128.05,26.73,287.21,160.83,391.98,345.02,41.59,72.23,98.08,102.68
2025-05-05,198.03,153.24,100.59,271.54,186.35,199.52,40.44,512.15,69.01,1010.67,58.30,129.66,208.14,400.46,165.59,163.76,551.09,355.17,243.14,20.27,151.60,249.01,688.07,70.16,447.97,815.42,73.46,558.78,310.31,597.92,80.53,117.41,432.86,113.41,113.80,148.32,128.04,155.55,123.77,168.76,126.46,26.64,280.26,158.79,396.77,346.05,41.40,72.28,98.66,99.84
2025-05-06,197.65,151.67,98.62,262.21,185.01,198.90,40.17,512.33,68.25,1006.30,58.20,129.76,207.80,400.59,164.75,162.78,541.04,352.86,243.08,19.94,151.08,245.75,674.31,70.18,442.58,769.42,72.71,556.66,311.36,585.98,76.83,116.16,430.02,113.77,113.52,146.74,126.83,155.96,108.86,169.62,126.03,27.26,275.35,157.49,386.67,345.12,41.98,71.92,97.88,101.23
2025-05-07,195.40,154.43,100.36,267.45,188.71,203.59,40.26,518.22,69.02,1002.97,58.55,129.94,209.12,406.16,152.38,150.96,543.56,356.17,247.22,20.31,153.85,245.88,689.13,70.84,445.17,771.01,74.60,563.97,312.67,595.46,76.91,116.92,430.06,115.54,117.04,148.40,127.97,156.00,110.48,170.87,125.38,27.21,276.22,161.11,383.29,347.25,41.74,71.63,98.16,101.14
2025-05-08,196.63,154.62,101.70,263.77,192.08,206.53,40.91,513.25,70.38,1003.52,58.68,131.14,213.67,393.37,155.32,153.86,557.14,358.24,247.98,21.00,152.25,249.91,698.04,69.64,448.70,745.93,74.44,564.76,308.11,596.66,75.48,119.65,434.84,114.44,117.35,149.33,127.50,155.38,119.15,167.60,126.53,26.60,284.82,161.94,377.89,348.66,41.47,71.75,96.77,102.55
2025-05-09,197.67,154.23,102.84,257.77,193.06,206.96,41.10,513.74,70.20,1003.90,58.74,132.53,214.14,398.63,153.96,152.33,558.51,356.13,244.77,21.42,150.84,249.52,695.92,69.00,448.14,729.17,74.90,566.27,308.30,591.15,73.85,119.47,435.40,114.02,116.63,149.37,126.54,154.41,117.30,165.36,126.53,26.95,298.26,168.42,373.08,349.92,41.47,71.30,96.30,103.75
2025-05-12,210.15,166.50,108.12,266.40,208.64,220.26,42.65,514.30,73.60,1011.93,60.61,135.52,218.11,415.97,159.14,158.02,582.39,369.76,249.18,22.18,150.76,256.39,754.75,68.04,449.88,750.02,81.75,575.86,306.57,637.99,78.19,124.73,445.85,111.00,122.98,156.20,127.74,157.58,118.46,160.61,128.39,26.15,318.38,183.10,371.23,353.21,40.89,73.69,96.33,105.53
2025-05-13,212.28,171.50,112.46,262.22,211.37,231.04,43.55,511.88,74.24,994.88,60.72,136.22,220.73,432.64,160.45,159.09,594.67,366.83,254.00,22.56,145.18,259.31,789.91,67.48,446.17,740.58,84.73,574.19,303.40,654.55,74.49,126.98,445.73,113.84,129.91,161.22,126.41,155.45,128.10,159.63,128.55,25.61,334.07,184.00,305.19,354.08,40.56,74.78,95.46,105.82
2025-05-14,211.69,172.60,117.72,254.30,210.25,230.74,44.00,503.40,73.97,987.42,60.24,135.57,222.39,432.15,166.35,164.91,602.34,366.05,253.24,21.52,143.15,261.91,798.94,67.67,441.51,710.30,84.45,570.89,302.23,657.87,71.42,128.64,449.50,115.10,135.32,161.89,124.61,154.76,130.18,159.83,128.62,25.60,347.68,183.15,301.89,354.40,40.27,75.07,96.41,104.88
2025-05-15,210.81,173.20,114.99,263.43,205.17,231.25,43.65,507.33,74.63,1006.27,63.15,136.13,228.50,426.29,164.95,163.51,606.57,371.76,261.94,21.55,146.33,263.73,799.93,70.07,449.68,727.90,84.27,579.78,309.09,642.43,72.71,130.08,450.51,117.80,134.81,158.37,127.56,159.06,128.12,164.81,133.27,26.46,342.82,183.63,268.90,360.21,41.35,74.39,95.93,105.94
2025-05-16,210.62,164.10,117.17,266.46,205.59,227.25,43.95,514.31,74.39,1021.57,62.53,135.98,230.90,427.38,166.97,165.73,609.66,373.88,262.02,21.66,148.01,263.80,785.22,70.45,453.19,753.36,83.92,580.85,313.15,638.90,73.94,129.76,451.65,119.15,135.38,159.45,128.03,159.91,129.52,166.08,133.23,26.84,349.98,184.29,286.11,363.01,41.83,74.97,97.81,105.56
2025-05-19,208.15,164.47,114.74,269.82,206.16,229.26,44.03,512.39,74.79,1030.04,62.82,134.14,234.39,445.89,167.41,166.08,603.03,372.50,263.64,21.38,149.15,261.16,782.97,70.38,455.73,751.10,83.31,583.97,315.72,638.98,75.07,128.44,456.22,119.16,135.55,158.61,127.85,161.37,126.33,168.74,134.92,27.13,342.09,184.13,309.62,365.77,42.14,74.85,97.69,103.88
2025-05-20,206.23,164.26,113.51,269.00,204.07,230.30,43.95,508.74,74.57,1032.51,62.33,132.96,234.36,449.33,164.87,163.53,597.34,370.21,262.21,21.27,150.29,261.95,786.23,70.15,455.25,743.04,83.78,578.69,314.32,635.66,75.79,126.76,455.52,119.20,134.36,159.27,127.86,162.22,125.59,169.66,134.90,26.90,343.82,184.49,315.19,364.72,42.05,74.32,97.37,102.40
2025-05-21,201.48,160.79,112.06,265.41,201.12,228.36,42.54,507.03,72.13,1021.04,62.11,131.30,232.65,452.31,169.59,168.10,584.47,364.12,256.24,20.69,149.82,257.37,774.94,70.31,450.95,721.10,82.29,567.17,311.01,634.07,74.83,123.00,449.96,119.46,131.78,156.16,126.26,162.02,120.58,170.17,132.71,26.60,334.62,181.28,296.96,356.23,41.60,72.03,96.01,101.14
2025-05-22,200.75,159.55,110.71,265.96,203.10,229.16,42.60,503.57,72.13,1013.90,62.27,131.04,229.39,458.09,171.51,170.40,589.17,359.49,253.78,20.55,149.26,257.01,763.57,69.61,454.41,711.40,82.06,567.77,308.92,635.13,75.67,123.95,452.23,118.80,132.81,156.29,126.23,161.62,122.29,170.74,131.84,26.36,341.04,176.18,290.78,355.90,41.01,72.22,95.51,100.47
2025-05-23,194.68,156.56,110.31,265.72,200.99,227.36,42.49,503.46,71.81,1004.31,62.02,132.25,231.90,463.65,169.12,168.01,589.48,356.13,254.04,20.05,149.59,257.05,753.28,70.23,454.31,709.92,80.57,561.23,309.17,625.65,75.42,123.76,447.58,118.54,131.27,154.96,125.47,162.44,123.31,173.63,130.82,26.55,339.34,172.36,289.70,351.50,41.20,71.67,95.92,100.52
2025-05-27,199.60,160.85,114.56,273.34,206.02,234.25,43.49,509.16,74.15,1013.56,62.65,133.50,240.86,470.76,173.50,172.42,606.41,363.68,258.55,20.55,151.17,261.56,785.01,70.24,463.27,721.37,83.43,572.16,309.55,640.87,75.42,126.84,458.03,121.16,135.48,160.86,127.44,164.30,123.39,174.64,132.64,26.52,362.89,179.15,289.14,357.22,41.37,72.82,97.15,101.00
2025-05-28,199.81,160.61,112.86,272.32,204.72,238.00,43.33,503.11,73.71,1008.93,62.25,131.75,242.74,484.24,172.90,171.89,599.23,361.39,255.62,20.37,150.36,259.79,773.51,69.62,457.89,715.57,83.49,573.52,307.47,642.13,74.04,125.17,454.72,120.86,134.79,162.79,126.76,163.91,123.76,174.21,131.31,26.63,356.90,180.04,292.19,357.65,41.01,72.56,96.82,99.63
2025-05-29,199.34,158.52,113.03,277.34,205.70,240.53,43.51,506.18,74.20,1004.55,61.97,133.58,243.23,470.42,172.49,171.39,595.70,361.61,254.10,20.25,151.50,260.65,770.00,69.95,459.44,718.73,83.65,575.37,306.51,643.59,74.27,125.81,456.03,118.49,139.16,161.85,127.97,165.08,122.32,173.32,133.24,26.51,358.43,180.86,292.25,360.31,41.21,73.33,96.68,100.19
2025-05-30,200.24,155.80,110.73,281.88,205.01,240.63,43.40,503.96,74.00,1035.86,61.96,132.41,244.97,472.23,172.38,171.27,594.31,361.61,254.46,19.55,153.11,260.29,752.99,70.55,462.91,733.75,80.30,583.16,308.47,646.03,74.70,125.68,457.70,120.72,135.11,164.46,127.52,166.38,131.78,175.97,134.90,26.92,346.46,178.76,295.91,363.08,41.80,73.59,98.29,99.81
2025-06-02,201.09,156.32,114.63,282.17,206.65,247.23,43.35,502.81,74.47,1052.46,62.75,133.51,246.54,484.39,169.90,168.56,592.59,361.29,259.21,19.74,153.29,260.94,758.52,70.45,459.93,743.15,81.98,578.80,309.06,669.39,74.12,126.05,459.30,121.90,137.36,165.49,126.99,164.32,132.04,178.07,135.87,27.04,342.69,180.09,298.67,363.21,41.94,73.53,99.34,100.54
2025-06-03,202.65,160.76,117.31,283.24,205.71,255.32,43.91,497.83,75.19,1051.20,63.25,135.17,247.92,492.19,167.25,165.72,597.65,366.31,260.49,20.29,152.33,262.53,771.81,69.63,467.10,746.79,83.15,579.55,308.77,665.35,74.99,126.32,460.30,121.79,141.19,168.04,127.90,163.41,133.17,177.70,135.91,27.07,344.27,183.88,295.24,363.75,41.68,74.45,99.54,101.28
2025-06-04,202.20,160.95,118.58,280.74,207.23,259.52,43.63,491.00,75.06,1047.32,63.28,133.06,249.92,487.36,168.93,167.59,593.08,365.65,260.80,20.25,151.14,260.51,778.07,69.84,470.53,761.77,84.25,581.70,307.96,686.40,76.09,125.81,461.19,123.97,141.89,167.01,127.80,162.52,130.01,176.04,136.94,26.49,332.05,186.46,294.41,365.87,41.12,74.18,98.92,99.81
2025-06-05,200.02,163.20,115.69,280.83,207.91,258.38,43.65,488.74,75.32,1006.61,63.51,132.60,250.96,483.54,169.34,167.75,599.68,364.84,262.12,19.99,151.58,258.27,787.82,69.39,467.04,761.61,84.39,583.00,305.40,683.08,75.45,128.23,464.98,125.05,139.96,170.03,127.19,159.44,119.91,177.30,137.46,26.88,284.70,186.23,289.96,364.65,41.18,73.71,97.53,99.35
2025-06-06,203.30,165.73,116.19,283.99,213.57,245.46,44.49,493.53,76.89,1010.72,64.92,135.81,254.65,484.23,174.44,173.20,607.72,362.91,264.09,20.06,152.93,261.99,803.85,69.82,469.48,765.79,85.82,587.66,303.80,696.14,76.77,129.41,467.66,124.15,141.69,172.89,127.52,160.63,127.72,177.08,137.49,27.19,295.14,188.12,297.20,368.08,41.65,75.12,97.05,101.73
2025-06-09,200.84,168.76,121.73,283.64,216.98,242.82,44.39,493.33,76.80,1002.00,64.77,136.34,250.45,479.24,177.36,175.82,607.24,360.81,267.25,20.48,153.13,262.99,825.03,70.23,468.94,769.60,87.76,581.90,301.25,692.49,77.12,129.53,470.02,122.45,142.60,176.00,127.45,159.20,132.06,176.01,139.35,26.97,308.58,194.76,297.17,364.54,41.51,75.25,97.03,102.42
2025-06-10,202.06,172.72,123.24,287.02,217.61,243.17,44.61,491.13,76.66,1003.09,64.03,138.85,241.08,464.57,179.73,178.32,608.58,363.48,271.33,22.08,154.33,264.82,852.19,70.80,472.31,802.90,90.45,587.09,296.95,700.82,79.08,129.41,468.20,120.36,143.93,176.33,129.29,159.48,132.81,174.45,136.91,27.52,326.09,197.77,297.76,368.56,41.97,74.25,96.90,104.61
2025-06-11,198.18,171.74,121.14,285.43,213.20,251.40,44.25,488.14,77.00,992.64,63.09,140.23,244.58,482.70,178.51,177.08,617.78,356.12,276.52,20.68,153.16,264.38,867.52,70.52,465.34,804.31,90.40,588.28,298.23,692.57,78.08,129.40,469.89,121.99,142.81,175.24,127.40,158.76,136.39,178.68,140.17,27.44,326.43,195.23,304.39,371.15,41.59,73.74,95.38,106.65
2025-06-12,198.60,173.94,118.50,290.79,213.24,254.54,44.14,490.34,76.86,998.54,63.98,140.42,239.07,486.90,176.70,175.43,618.71,358.79,276.04,20.77,154.54,264.47,870.51,70.69,467.31,807.71,91.10,586.83,299.65,691.80,79.54,129.50,476.10,121.50,144.98,198.57,129.75,159.81,135.19,179.39,139.35,27.37,319.11,195.20,312.17,369.25,41.04,72.83,94.42,107.06
2025-06-13,195.85,169.56,116.16,288.77,212.10,247.22,43.62,487.54,75.02,986.10,62.99,141.33,235.70,477.69,175.61,174.40,607.26,350.39,272.30,20.14,154.97,261.23,863.21,69.99,462.79,815.01,88.98,559.69,298.41,681.33,79.43,127.12,472.22,121.21,141.95,213.83,128.33,156.97,137.40,179.61,144.00,27.29,325.31,190.64,307.30,350.81,40.90,71.21,94.03,109.39
2025-06-16,197.82,175.48,126.39,289.10,216.10,250.60,43.94,490.23,76.70,980.27,64.38,141.44,235.64,487.11,177.67,176.50,621.43,349.31,276.82,20.74,153.12,266.56,887.80,69.50,463.41,803.29,92.84,566.30,292.86,701.07,79.49,128.50,476.37,122.54,144.67,209.73,128.88,157.56,141.41,178.60,144.76,27.08,329.13,194.77,303.69,353.43,40.42,71.99,93.88,109.75
2025-06-17,195.05,173.04,127.10,283.71,214.82,247.88,43.76,483.48,76.00,973.66,64.21,144.17,234.85,487.88,176.96,175.68,618.25,344.58,278.02,20.80,150.32,265.73,888.41,68.61,457.75,787.03,92.10,567.08,288.93,696.19,76.86,127.71,475.28,122.07,144.10,206.83,126.80,155.25,138.20,178.76,146.76,26.77,316.35,193.27,304.88,355.77,39.80,71.35,93.84,111.23
2025-06-18,195.98,171.79,126.79,283.30,212.52,249.76,44.58,485.14,76.98,970.85,64.71,143.54,234.99,489.41,173.71,173.05,628.74,342.85,278.18,21.49,148.69,270.11,866.69,68.20,455.56,780.86,91.91,536.49,286.28,694.73,77.85,130.09,477.47,122.23,145.46,209.50,126.58,154.76,139.96,177.94,144.18,26.78,322.05,193.92,303.24,338.41,39.63,73.55,94.68,110.44
2025-06-20,200.39,168.44,128.24,283.01,209.69,249.09,45.01,484.85,77.07,976.22,65.18,144.85,238.46,486.19,167.47,166.38,634.24,345.41,275.98,21.08,147.76,271.13,845.63,67.84,452.74,758.68,90.16,530.75,284.13,681.33,77.62,130.28,474.64,123.14,143.83,203.84,126.58,155.80,137.30,178.60,144.94,26.89,322.16,193.77,298.11,336.61,39.65,74.20,95.70,111.91
2025-06-23,200.89,170.92,129.58,266.49,208.47,252.85,45.81,487.77,77.97,1000.31,66.22,142.25,246.86,499.09,165.75,164.93,640.26,352.67,284.04,21.19,149.27,274.36,851.88,68.73,456.61,766.54,91.28,540.09,286.17,697.49,78.70,131.55,483.19,125.35,144.15,205.70,126.60,157.71,139.92,180.22,144.12,27.30,348.68,196.89,296.80,341.76,40.28,75.79,97.44,109.02
2025-06-24,199.69,179.09,138.43,271.43,212.77,262.82,46.16,493.48,79.72,997.76,66.72,139.04,247.80,510.03,167.48,166.51,655.34,356.08,288.57,22.55,150.13,277.31,884.46,69.19,459.99,773.94,95.28,555.21,288.10,711.14,78.86,133.41,487.28,127.91,147.88,213.88,128.52,157.05,143.23,179.77,140.21,27.38,340.47,201.21,301.68,349.60,40.54,76.87,97.57,105.71
2025-06-25,200.95,181.96,143.40,274.22,211.99,263.69,46.35,486.21,81.18,982.44,67.02,138.73,248.95,501.87,171.23,170.42,663.02,357.51,285.89,22.20,150.22,280.07,888.87,68.62,457.05,788.09,95.67,547.41,282.24,707.62,78.22,135.20,489.43,127.53,154.29,209.36,125.55,155.69,142.90,175.00,139.74,27.03,327.55,200.79,298.12,343.26,40.05,77.81,96.84,105.74
2025-06-26,200.39,182.41,143.68,273.01,217.12,269.19,46.95,485.05,82.89,978.83,67.76,139.90,250.04,506.01,174.16,173.27,680.13,359.13,286.74,22.50,149.95,284.69,898.30,68.46,461.28,790.89,96.49,543.54,282.32,725.01,77.40,137.19,494.58,130.67,155.00,211.44,125.75,155.36,144.25,176.04,141.02,27.11,325.78,201.70,298.71,344.03,40.04,78.69,95.60,107.32
2025-06-27,200.47,182.10,143.81,271.07,223.30,268.38,46.62,485.68,82.90,981.05,67.47,139.27,253.54,518.84,177.99,178.25,683.74,364.30,284.55,22.69,150.34,283.07,885.30,69.31,460.62,771.33,96.85,548.03,288.17,732.54,77.66,138.11,493.08,132.31,157.73,208.88,128.51,156.56,130.74,177.72,142.98,27.19,323.63,202.45,305.12,346.60,40.24,78.24,96.85,106.72
2025-06-30,204.55,181.96,141.90,273.11,219.39,274.65,46.81,485.77,83.63,985.83,68.19,138.69,256.41,528.31,177.12,175.96,700.51,362.23,289.54,22.40,150.68,285.83,891.14,69.72,465.97,775.39,96.99,559.60,288.79,736.99,77.72,138.28,494.54,133.91,157.97,217.21,129.49,156.03,136.32,178.80,144.33,28.02,317.66,202.98,307.94,353.00,41.15,78.85,97.35,105.18
2025-07-01,207.19,182.65,136.11,284.17,220.46,263.78,47.64,489.61,84.76,981.86,67.91,141.00,248.07,505.20,176.64,175.57,699.23,368.67,286.03,22.85,153.81,286.33,894.23,70.63,473.49,771.78,96.46,562.26,294.05,718.15,80.32,138.49,489.21,129.36,153.28,217.54,132.65,157.89,130.68,174.29,142.52,27.96,300.71,205.75,321.93,353.42,41.54,80.20,97.81,106.58
2025-07-02,211.80,188.86,138.52,290.36,219.92,268.92,48.19,480.48,85.24,978.28,67.41,143.33,243.82,504.27,179.48,178.36,708.57,367.38,282.54,21.88,153.45,287.90,916.37,69.88,473.91,775.14,98.47,559.18,291.22,712.51,80.89,140.24,488.25,128.49,157.23,228.49,133.85,157.87,132.12,172.70,142.85,27.41,315.65,210.77,303.59,352.17,41.45,81.05,97.18,108.35
2025-07-03,212.90,189.89,137.91,291.72,223.41,274.18,48.41,485.00,87.16,982.92,68.59,143.71,245.94,516.22,180.27,179.25,716.28,367.21,286.78,22.49,153.90,293.25,919.83,70.31,472.33,776.52,98.45,566.87,290.68,717.94,79.46,141.50,495.96,129.72,159.32,235.78,132.77,157.51,134.36,175.61,144.06,27.46,315.35,211.19,304.57,356.79,41.41,82.27,97.93,109.47
2025-07-07,209.31,189.63,134.80,286.55,223.47,273.19,48.14,478.03,86.06,988.06,68.15,142.77,248.06,529.44,177.29,176.52,703.66,363.22,287.28,22.00,153.17,289.25,907.93,69.98,466.38,768.76,97.79,562.77,290.13,717.28,79.43,141.11,494.85,128.96,158.22,230.76,131.86,157.19,139.12,177.89,144.23,27.51,293.94,208.64,299.79,354.58,40.70,81.03,98.92,108.41
2025-07-08,209.37,193.81,137.82,290.51,219.36,270.82,46.65,477.47,84.07,981.74,67.82,148.43,246.47,529.16,174.89,174.09,690.15,363.08,285.26,23.59,153.68,280.15,914.50,69.22,466.74,773.53,99.47,560.10,288.29,719.60,79.89,138.54,493.75,127.53,159.98,232.98,132.44,154.63,139.71,174.47,143.23,27.39,297.81,211.79,303.73,352.50,40.95,80.29,96.67,111.41
2025-07-09,210.50,194.21,138.41,290.04,222.54,276.89,46.34,478.91,84.28,978.01,68.49,148.21,249.74,534.92,177.39,176.35,689.43,366.58,284.99,23.44,154.16,280.52,918.44,68.47,468.05,782.74,99.45,563.52,289.63,731.69,82.19,138.96,500.60,128.83,162.86,234.28,131.89,154.27,143.13,174.73,144.49,27.21,295.88,211.56,299.00,355.69,40.52,80.49,96.39,111.03
2025-07-10,211.77,196.83,144.16,293.81,222.26,274.40,46.47,478.27,85.55,966.14,67.98,149.33,251.97,538.50,178.42,177.35,701.86,368.81,282.32,23.82,155.55,285.51,923.85,68.76,467.12,786.45,100.70,561.93,294.94,726.16,82.49,140.47,498.58,125.06,164.08,233.97,133.46,155.22,142.50,177.68,144.70,27.01,309.87,214.75,295.64,353.82,40.62,81.05,94.45,112.14
2025-07-11,210.52,196.73,146.42,288.82,225.02,273.39,46.23,475.86,85.21,966.30,67.18,150.43,254.82,538.30,181.03,179.91,697.74,365.62,278.55,23.43,154.77,284.19,919.83,68.85,465.60,788.80,101.36,548.63,296.44,716.44,81.85,139.67,500.41,124.51,164.90,229.55,132.65,153.81,142.10,176.62,145.17,26.37,313.51,216.31,300.18,345.92,40.22,81.24,93.99,112.62
2025-07-14,207.99,195.91,146.24,290.54,225.69,274.60,46.57,476.31,85.96,976.83,67.05,146.89,261.72,554.16,182.53,181.28,706.00,365.66,278.75,23.30,154.70,286.01,917.11,68.46,465.57,795.09,99.26,551.46,298.39,719.85,82.15,141.33,500.11,126.19,164.05,228.28,132.96,150.59,149.15,177.45,147.55,26.56,316.90,215.13,296.70,348.47,40.18,82.11,95.36,111.15
2025-07-15,208.48,198.08,155.61,286.12,226.35,279.92,45.66,470.13,89.13,963.66,66.42,145.96,264.05,558.72,182.82,181.72,695.32,354.33,277.68,22.92,153.07,283.88,931.72,68.35,457.41,767.65,100.71,548.81,296.15,709.33,80.04,139.00,502.90,126.03,170.68,233.93,131.23,149.53,148.58,177.62,146.96,26.42,310.78,213.48,287.95,345.01,39.87,77.61,94.97,110.16
2025-07-16,209.52,193.63,160.08,292.49,223.19,279.79,45.54,471.31,88.44,947.42,66.61,145.21,265.55,560.28,183.49,182.69,701.57,353.10,276.91,22.69,162.55,283.16,928.70,68.26,456.53,785.60,100.01,553.96,295.44,701.86,80.93,137.23,502.70,125.03,171.35,240.25,132.74,150.56,150.91,179.92,148.43,26.35,321.67,211.80,288.72,347.88,39.86,78.64,94.74,109.50
2025-07-17,209.38,191.36,160.41,291.73,223.88,285.41,46.52,473.40,91.46,949.95,67.53,146.63,259.67,569.27,184.41,183.30,698.62,354.72,276.99,22.80,160.77,287.20,932.27,69.56,458.14,757.45,100.43,554.05,296.89,700.37,80.04,138.32,508.74,127.42,172.98,247.66,142.64,152.41,153.99,175.90,149.74,26.39,319.41,211.75,284.35,347.79,39.57,78.44,94.68,108.95
2025-07-18,210.54,189.29,156.99,288.32,226.13,282.32,46.81,473.80,91.81,947.00,67.28,145.33,262.65,573.69,185.65,184.77,701.01,355.08,280.79,23.10,161.48,288.56,926.34,68.83,461.83,767.61,100.30,551.10,293.63,703.23,78.51,138.25,507.10,120.92,172.39,244.38,140.48,152.94,153.52,175.47,149.74,26.34,329.65,211.78,279.00,347.03,39.47,79.36,94.64,105.15
2025-07-21,211.84,191.45,157.00,289.41,229.30,287.17,46.97,474.41,91.02,943.62,67.57,144.98,262.24,565.26,190.85,189.81,698.78,359.66,279.65,23.26,162.13,288.26,932.94,69.05,467.21,758.13,101.37,553.09,292.32,711.91,77.87,137.90,507.11,123.33,171.36,242.48,138.97,152.87,151.79,177.18,149.80,26.77,328.49,209.78,278.50,348.91,41.06,79.01,95.25,105.42
2025-07-22,213.75,186.01,154.72,299.01,227.47,277.58,47.26,478.13,92.35,937.70,67.39,145.33,258.39,548.36,191.81,191.04,693.24,366.55,276.95,23.24,165.65,288.72,887.64,68.65,468.79,772.31,97.34,557.19,295.71,703.76,80.13,137.47,502.35,119.01,167.01,237.07,143.22,156.11,149.07,162.25,147.44,26.81,332.11,210.12,281.45,349.83,41.51,81.07,95.43,105.90
2025-07-23,213.50,185.88,158.65,302.46,228.29,282.66,47.63,482.63,94.31,937.28,67.85,148.31,262.56,628.31,191.21,189.94,710.18,371.82,277.00,23.49,166.81,294.00,892.48,68.15,466.78,794.64,96.75,560.51,294.67,712.52,82.45,139.60,502.95,117.68,170.76,240.84,142.85,156.07,154.63,161.66,154.68,27.14,332.56,182.09,288.73,353.24,41.40,82.37,95.26,107.26
2025-07-24,213.11,186.98,162.12,301.81,232.23,287.67,47.87,480.60,93.72,929.92,67.52,150.94,267.38,623.25,192.90,191.87,711.82,368.60,255.88,22.63,167.26,293.79,899.54,68.10,468.27,801.15,97.43,561.91,291.07,713.74,82.58,139.89,507.93,118.08,173.72,241.77,141.72,156.60,154.86,158.14,153.42,27.30,305.30,181.54,274.98,351.92,41.63,82.54,96.18,108.10
2025-07-25,213.23,184.57,166.47,299.88,231.44,289.13,47.93,484.07,94.38,931.59,67.91,149.98,270.95,643.85,193.78,192.88,721.52,370.82,255.11,20.70,166.02,295.84,897.46,68.16,469.66,808.37,96.61,566.62,295.01,711.62,83.17,140.39,510.74,118.05,173.48,244.05,140.68,156.09,158.80,157.98,155.06,27.38,316.06,180.86,277.43,354.98,41.63,82.98,97.05,107.72
2025-07-28,213.40,189.12,173.66,294.71,232.79,293.24,47.72,481.70,93.87,930.11,67.15,151.37,269.97,646.91,193.12,192.28,716.25,372.69,258.53,20.68,163.97,295.50,918.41,67.10,464.26,803.81,98.26,566.68,295.76,716.56,82.53,139.95,509.54,117.46,176.73,246.63,138.84,154.92,157.88,154.89,154.26,26.99,325.59,185.02,278.48,353.42,40.93,81.75,97.18,108.73
2025-07-29,210.63,187.27,177.44,296.93,231.01,296.34,47.44,476.56,92.82,930.69,67.19,152.10,269.67,631.94,196.13,195.45,724.49,372.80,257.75,20.41,165.83,294.28,911.39,68.37,468.29,758.89,98.58,561.73,299.17,698.96,81.13,140.93,509.61,116.87,175.49,248.89,141.12,154.43,156.24,159.78,155.30,26.80,321.20,187.10,257.70,349.26,41.27,81.34,97.90,110.14
2025-07-30,208.42,188.24,179.51,294.79,230.19,301.53,47.45,476.00,94.13,923.66,67.51,148.74,272.90,654.25,197.14,196.23,723.27,367.60,255.64,20.34,164.99,296.84,920.24,67.75,463.04,756.04,98.73,557.54,300.10,694.17,80.26,142.28,510.28,118.42,179.25,249.51,140.11,150.75,158.61,159.21,156.56,26.89,319.04,185.29,262.61,348.88,41.17,80.48,97.16,109.18
2025-07-31,206.94,178.97,176.31,288.65,234.11,292.64,46.77,471.88,92.06,935.74,67.31,146.88,270.44,659.53,192.56,191.60,716.19,363.09,248.65,19.80,162.51,293.48,874.52,66.90,457.11,736.14,94.50,564.87,296.60,772.29,76.70,140.82,530.42,115.94,177.85,252.66,135.26,148.37,158.35,161.05,155.74,26.80,308.27,178.29,246.34,343.47,41.32,79.35,97.55,108.93
2025-08-01,201.77,178.90,171.70,290.39,214.75,287.60,45.17,472.84,90.22,949.88,66.35,146.64,268.74,655.74,189.66,188.84,702.31,369.16,245.61,19.31,165.06,286.68,882.09,67.86,456.27,758.28,96.02,558.31,299.38,748.89,77.85,137.49,521.08,115.86,173.70,243.35,136.59,148.55,154.27,159.98,154.99,27.14,302.63,178.10,234.70,337.39,41.44,76.55,98.06,106.97
2025-08-04,202.73,181.71,176.78,295.34,211.65,296.64,45.36,459.11,91.06,952.72,67.72,146.30,275.58,662.01,195.45,194.74,718.60,376.24,247.50,19.50,168.72,291.52,910.92,67.96,464.20,764.91,98.05,568.21,300.71,775.21,78.41,139.73,532.55,117.10,179.98,251.43,136.87,148.66,160.66,160.01,155.56,27.07,309.26,179.94,237.87,340.17,41.50,76.35,99.16,104.76
2025-08-05,202.30,178.07,174.31,293.52,213.75,291.87,45.07,464.19,90.51,941.01,66.76,148.23,271.48,648.97,195.02,194.37,713.53,380.77,246.22,20.19,168.43,288.66,878.87,68.05,466.63,761.88,96.33,564.45,295.31,762.32,79.32,138.84,524.70,114.79,178.24,254.55,136.76,148.41,173.27,161.14,154.52,27.16,308.72,182.57,247.76,335.48,41.23,76.72,98.88,104.63
2025-08-06,212.60,177.06,163.12,278.45,222.31,300.58,44.94,468.91,91.21,965.87,68.43,147.98,271.64,663.78,196.62,195.79,717.32,382.15,247.80,20.41,168.28,288.64,883.72,68.50,468.26,742.40,95.59,567.53,304.10,770.84,78.00,139.68,521.91,117.85,179.40,255.31,138.09,150.73,179.54,163.94,153.95,26.88,319.91,183.07,242.61,337.78,40.92,76.38,102.91,103.92
2025-08-07,219.36,182.04,172.40,278.48,223.13,302.66,44.44,461.47,90.22,974.74,69.11,148.35,271.38,645.12,196.98,196.22,712.38,381.52,245.72,19.77,169.21,284.27,907.38,69.41,466.22,637.45,98.79,559.64,304.35,760.70,78.91,139.30,517.83,118.04,180.75,248.30,141.15,151.35,182.20,165.10,153.96,27.44,322.27,183.07,241.51,330.17,41.50,75.83,102.67,103.37
2025-08-08,228.65,183.75,172.76,281.93,222.69,303.87,45.52,465.40,91.70,978.26,70.98,150.14,274.36,648.34,201.78,201.11,713.89,383.18,239.58,19.95,170.98,286.07,910.10,69.32,469.19,622.32,101.38,572.70,301.91,768.15,79.22,141.53,519.02,121.16,182.68,248.96,142.41,151.37,186.96,167.07,153.07,27.46,329.65,184.36,247.65,334.83,41.70,77.06,103.28,104.20
2025-08-11,226.75,183.26,172.28,278.86,221.30,302.80,45.67,464.73,91.29,986.00,69.87,148.63,274.55,650.01,201.32,200.69,711.88,382.87,233.67,20.65,171.46,286.87,905.51,69.72,467.16,631.84,101.63,571.97,300.84,764.73,78.58,142.23,518.76,121.83,182.04,251.58,142.08,152.82,182.68,167.21,153.01,27.52,339.03,180.90,249.11,333.96,41.73,76.81,103.48,103.26
2025-08-12,229.21,187.31,174.95,278.75,221.47,311.70,46.99,470.39,94.68,988.50,70.57,149.59,278.97,656.68,203.84,203.03,735.77,391.24,232.16,21.81,170.44,290.12,930.73,69.68,469.99,636.03,104.90,572.56,298.15,788.82,78.84,145.60,526.18,122.53,183.14,252.75,144.04,152.93,186.97,165.52,153.69,27.85,340.84,190.02,258.19,335.38,41.79,78.68,103.17,103.55
2025-08-13,232.89,188.88,184.42,283.01,224.56,307.97,46.74,477.31,93.60,976.13,69.60,150.97,268.23,633.58,202.72,201.65,737.07,402.28,237.40,22.22,172.06,287.83,944.60,69.44,472.38,656.98,106.35,576.27,301.54,778.92,81.21,146.06,517.57,120.44,181.57,243.11,146.47,153.24,184.37,162.85,153.91,27.77,339.38,190.34,268.30,341.17,42.24,77.10,100.55,104.98
2025-08-14,232.34,187.10,180.95,283.95,230.98,310.10,47.20,479.22,94.40,972.68,68.52,150.29,269.06,624.55,203.51,202.63,739.56,395.50,234.47,23.86,172.35,291.42,950.50,68.54,474.36,680.79,106.99,582.12,305.37,780.97,81.26,146.80,519.46,123.06,182.00,243.89,145.75,151.60,181.02,162.25,153.28,28.11,335.58,190.75,267.99,344.10,42.04,78.61,100.41,104.77
2025-08-15,231.15,160.78,177.51,289.99,231.03,305.23,46.44,477.20,92.65,969.34,65.45,151.63,267.22,621.19,204.59,203.58,723.24,394.57,237.05,24.56,174.25,287.79,870.45,68.90,476.80,699.03,99.15,580.06,305.35,784.06,82.68,142.97,517.17,123.89,180.43,247.20,147.50,152.21,177.17,163.15,152.98,28.23,330.56,191.60,300.09,343.08,42.75,76.32,99.80,104.87
2025-08-18,230.45,162.54,176.14,286.23,231.49,304.65,47.41,478.52,93.18,976.63,66.19,150.44,267.82,624.30,203.97,203.19,723.48,389.95,236.79,23.66,173.86,288.82,880.77,68.13,475.24,695.86,98.52,582.49,305.13,766.23,82.69,143.11,514.11,124.51,181.99,247.98,146.67,153.55,174.03,163.56,154.38,28.28,335.16,191.36,304.51,341.36,42.90,76.66,100.50,105.09
2025-08-19,230.12,161.24,166.55,289.09,228.01,293.84,47.57,485.31,92.70,978.13,66.01,148.86,265.30,602.44,202.18,201.26,714.00,402.30,238.60,25.31,175.39,287.95,873.48,69.11,476.64,701.01,99.97,583.86,307.33,750.36,83.39,142.41,506.83,121.42,175.62,233.60,149.23,156.19,157.75,165.69,152.55,28.34,329.31,192.95,300.31,341.07,43.43,76.75,101.08,105.78
2025-08-20,225.58,159.99,165.20,289.97,223.81,290.12,47.83,488.68,92.14,991.81,66.35,150.06,265.81,603.89,199.88,199.01,713.31,396.91,239.85,23.54,176.42,289.52,875.83,69.67,479.06,703.23,98.79,591.01,309.46,746.61,83.12,142.46,502.80,121.39,175.38,234.03,147.82,157.29,156.01,169.69,155.46,28.63,323.90,197.70,295.97,342.54,43.54,77.37,102.36,106.88
2025-08-21,224.47,159.33,163.71,289.30,221.95,288.55,47.74,488.59,91.56,966.99,66.26,152.34,268.08,605.30,200.31,199.44,708.62,392.92,236.74,23.50,176.51,288.76,869.80,69.63,477.42,707.60,98.05,590.25,309.59,738.00,84.52,142.38,502.15,120.62,174.96,232.14,146.11,156.52,156.18,171.30,155.19,28.79,320.11,197.64,299.43,342.30,43.51,77.04,97.76,107.57
2025-08-22,227.33,161.97,167.76,289.63,228.84,292.94,48.95,489.00,94.20,955.88,66.56,154.92,265.90,606.37,206.40,205.77,734.30,407.82,239.40,24.80,176.86,293.48,867.69,69.11,478.38,709.45,99.72,597.27,310.43,753.67,85.78,146.32,505.13,120.46,177.97,235.34,146.75,156.46,158.74,168.61,155.11,28.13,340.01,202.91,303.45,348.63,42.94,78.30,96.63,109.58
2025-08-25,226.73,161.47,163.36,284.46,227.94,293.17,48.95,486.18,93.95,938.97,66.38,154.94,265.98,601.62,208.84,208.17,731.23,403.98,236.77,24.55,175.99,292.16,876.94,67.93,474.58,693.15,100.91,591.54,309.81,752.18,83.76,145.95,502.17,121.81,179.79,234.38,145.34,153.97,157.17,164.31,155.14,28.10,346.60,202.82,300.93,347.41,42.74,79.38,95.87,110.04
2025-08-26,228.87,163.98,166.62,285.55,228.71,296.93,49.71,492.21,94.66,938.73,67.62,154.11,273.29,625.19,207.63,206.82,741.29,402.64,239.93,24.35,175.38,295.79,885.46,67.73,478.63,733.73,103.26,589.94,309.32,752.98,83.45,147.26,499.96,122.61,181.75,233.19,144.17,153.79,160.87,163.64,158.42,27.93,351.67,202.83,296.55,349.76,42.48,80.69,95.85,109.79
2025-08-27,230.05,163.86,167.13,283.96,229.12,299.16,49.84,495.72,95.80,946.89,67.67,155.96,272.70,621.67,207.89,207.16,742.00,403.33,242.12,24.85,175.67,296.49,886.25,67.83,479.41,731.87,103.30,589.00,307.82,746.27,82.54,147.66,504.64,122.35,181.58,234.78,144.79,154.77,156.72,161.19,158.68,28.42,349.60,202.33,299.96,348.94,42.78,81.67,95.88,111.03
2025-08-28,232.12,164.74,168.58,281.64,231.60,307.53,49.95,499.86,95.75,942.34,68.65,156.03,275.35,632.96,212.04,211.31,743.53,402.55,243.00,24.93,174.34,298.27,891.34,67.37,478.85,729.67,103.71,588.82,308.61,749.99,81.70,148.45,507.53,123.14,180.15,239.27,144.15,153.48,158.12,162.74,159.50,28.30,345.98,200.97,298.39,348.45,42.45,81.15,95.91,111.62
2025-08-29,231.70,160.25,162.63,283.71,229.00,296.31,50.20,502.98,95.50,940.70,68.31,157.29,274.55,612.26,213.20,212.58,741.57,401.88,240.78,24.35,176.05,298.61,869.41,67.99,475.02,730.29,99.79,593.61,309.91,737.60,82.59,148.75,504.59,120.82,174.16,225.14,145.78,154.85,156.71,164.08,157.45,28.64,333.87,199.39,305.87,350.36,42.74,81.35,96.78,112.55
2025-09-02,229.28,157.07,162.32,282.93,225.34,297.16,49.88,501.14,93.73,936.21,67.03,158.49,274.74,579.01,211.66,211.02,727.24,401.42,238.81,24.21,176.94,296.91,843.84,68.06,470.90,732.89,96.68,590.20,313.88,734.02,83.93,147.14,503.03,121.41,170.76,224.32,147.38,155.79,157.09,164.34,156.87,28.44,329.36,196.76,304.81,348.66,42.33,80.95,97.65,112.94
2025-09-03,238.02,155.75,162.13,279.90,225.99,301.30,49.53,501.49,93.98,947.14,66.91,154.80,275.28,576.38,230.74,230.30,726.96,402.80,241.39,24.00,176.88,296.72,841.39,67.99,468.55,735.52,97.39,591.61,314.50,735.95,82.65,146.82,503.26,122.62,170.60,222.47,145.77,155.96,154.90,160.24,156.97,28.40,334.09,192.75,303.91,349.46,42.27,79.70,99.24,110.21
2025-09-04,239.32,157.73,161.79,276.20,235.68,304.99,50.08,506.91,96.00,953.25,67.22,154.44,281.60,598.12,232.30,231.94,745.21,409.04,244.43,24.61,177.63,300.99,870.70,67.26,470.66,740.58,100.06,593.96,315.10,747.54,82.52,148.80,505.87,125.75,171.64,222.03,144.06,156.97,156.14,158.21,157.53,28.93,338.53,184.43,306.37,349.58,42.69,81.00,100.72,110.69
2025-09-05,239.23,162.23,151.14,279.69,232.33,333.68,49.51,499.77,94.34,960.81,66.14,150.49,278.57,581.41,234.81,234.64,734.57,416.26,245.77,24.49,177.30,291.64,902.40,66.97,467.80,724.93,102.58,582.57,312.50,751.33,83.17,146.39,492.95,124.38,167.00,231.78,144.97,157.79,153.11,158.60,156.38,28.94,350.84,185.06,311.32,341.84,42.89,78.16,100.31,107.57
2025-09-08,237.43,161.53,151.41,276.29,235.84,344.40,49.20,493.78,94.81,969.15,66.12,150.82,275.40,599.54,234.01,233.89,738.19,417.24,253.24,24.48,177.01,290.18,906.28,66.45,472.89,736.33,104.69,584.95,310.93,751.18,82.56,147.08,496.14,124.48,168.29,237.44,140.34,156.79,156.10,159.75,153.10,28.26,346.40,182.98,316.12,340.92,41.86,78.34,102.07,108.18
2025-09-09,233.90,162.98,155.82,276.07,238.24,335.45,50.03,492.72,96.26,976.53,66.58,151.66,275.59,605.00,239.78,239.47,760.15,412.67,256.23,24.44,175.84,295.08,915.00,66.87,471.70,748.26,105.19,582.36,310.66,764.56,83.07,150.47,496.35,126.32,170.74,240.46,141.71,157.24,162.36,161.73,150.65,28.77,346.97,182.20,343.43,342.60,42.10,79.94,102.08,108.96
2025-09-10,226.36,162.90,159.54,274.63,230.33,368.23,49.87,490.08,96.09,953.64,67.36,154.54,282.74,642.82,239.40,239.01,765.78,410.57,254.02,24.77,174.68,297.74,929.86,66.83,470.97,752.26,106.97,577.75,304.12,750.86,82.50,152.35,498.30,124.77,177.31,326.90,141.28,155.16,166.74,162.29,153.88,28.55,347.79,181.20,342.30,336.76,42.03,79.49,100.21,110.79
2025-09-11,229.59,169.61,155.67,278.80,229.95,358.33,50.49,496.91,97.72,961.64,66.93,154.99,280.90,633.42,240.62,240.21,780.86,420.70,254.15,24.61,177.37,302.72,956.43,66.64,481.82,753.91,115.16,587.07,306.59,749.78,83.60,154.68,498.94,120.35,177.16,306.52,142.83,156.42,164.36,164.83,156.51,28.84,368.81,181.53,349.05,342.11,42.65,80.43,102.44,110.43
2025-09-12,233.62,167.26,158.57,272.54,228.15,358.57,50.32,493.74,98.34,965.21,65.78,153.87,281.02,624.83,241.22,240.64,776.21,419.97,250.62,24.08,176.94,304.05,961.16,66.04,480.27,753.03,116.54,578.78,303.58,754.47,81.31,154.59,507.79,118.84,177.81,290.90,142.14,155.70,171.43,163.08,154.72,28.92,395.94,179.81,347.96,338.06,42.49,80.64,103.28,110.45
2025-09-15,236.25,170.38,161.16,270.58,231.43,362.77,50.33,491.54,98.68,957.44,66.26,154.07,286.10,627.96,251.60,251.45,782.88,419.99,253.39,24.77,176.28,306.03,985.97,65.75,474.98,745.85,118.78,581.32,300.27,763.56,80.33,154.84,513.23,120.23,177.74,300.82,139.28,154.64,171.21,158.69,157.22,28.96,410.04,175.48,345.57,337.68,42.39,80.59,103.48,110.64
2025-09-16,237.70,172.98,160.46,269.28,234.05,358.70,50.40,490.99,99.52,949.43,66.17,156.25,292.28,617.20,251.26,251.00,781.65,418.74,254.66,25.27,175.35,306.31,987.63,65.78,469.74,762.32,120.03,584.77,301.48,777.84,80.40,154.02,506.93,120.05,174.87,305.31,138.67,155.85,170.26,159.98,157.43,28.68,421.62,174.92,337.51,338.66,42.27,80.57,103.21,112.93
2025-09-17,238.54,177.56,159.16,270.89,231.62,344.92,51.13,492.33,100.63,960.36,66.96,156.79,288.82,614.08,249.69,249.37,790.30,414.32,256.20,24.90,176.08,308.85,986.93,66.57,478.10,757.75,121.46,596.94,303.15,774.57,80.45,155.60,507.91,122.85,170.28,300.09,139.86,158.09,168.33,163.26,157.16,28.89,425.86,177.55,339.33,344.80,42.72,81.65,104.06,113.53
2025-09-18,237.43,189.15,157.92,271.99,231.23,344.10,51.86,490.50,101.28,949.72,67.90,155.56,296.39,610.30,252.17,251.87,800.34,414.80,262.05,30.57,173.06,310.31,1043.58,66.00,474.25,760.54,125.86,584.40,299.34,779.09,80.84,157.41,506.34,120.78,176.23,295.33,139.37,155.13,176.97,158.81,157.05,28.55,416.85,178.85,332.58,336.82,42.20,82.66,103.39,112.19
2025-09-19,245.03,189.49,157.39,281.44,231.48,343.69,51.98,492.85,101.54,948.52,67.44,152.99,300.43,623.45,255.07,254.55,801.03,413.02,263.44,29.58,175.08,311.85,1041.71,65.97,477.25,749.64,126.46,582.51,300.58,777.22,80.82,158.07,515.79,122.70,176.66,307.31,140.39,153.86,182.39,159.97,157.10,28.37,426.07,176.63,334.44,340.23,42.02,83.79,102.12,111.10
2025-09-22,255.59,199.88,159.79,282.02,227.63,338.14,51.65,493.71,102.34,940.64,66.98,152.83,300.31,643.63,252.72,252.36,801.59,409.35,268.35,28.76,173.11,309.53,1068.07,65.75,476.01,752.59,131.72,582.84,301.18,764.54,79.72,158.86,512.32,122.74,183.60,326.72,139.66,150.94,179.33,159.02,158.28,28.28,434.21,176.88,339.02,342.97,41.71,84.30,102.61,110.31
2025-09-23,253.95,200.23,160.90,282.82,220.71,338.29,51.43,494.10,101.86,940.98,66.78,154.17,304.91,632.68,252.18,251.50,802.34,408.27,269.21,29.34,175.47,309.83,1068.02,66.24,478.18,744.64,131.45,568.36,301.38,754.78,79.28,158.91,507.12,121.85,178.42,312.46,140.53,150.37,182.55,160.78,159.38,28.15,425.85,179.26,345.37,337.33,41.89,83.52,102.31,112.21
2025-09-24,251.83,200.80,160.88,275.33,220.21,338.66,51.43,497.09,100.52,942.65,66.56,155.90,299.59,628.25,247.67,246.98,788.52,407.14,264.55,31.22,175.58,310.50,1065.50,65.99,472.39,739.53,128.11,567.21,302.51,760.04,78.99,156.06,508.04,120.39,176.96,307.11,140.79,150.29,179.56,160.02,160.21,27.69,442.79,181.62,349.46,337.31,41.73,83.26,102.52,112.81
2025-09-25,256.38,198.96,161.27,267.41,218.15,335.46,51.58,494.96,100.98,940.69,67.08,157.41,296.48,606.82,246.41,245.63,790.84,404.83,278.31,33.99,176.61,310.53,1055.95,65.52,472.04,712.35,127.92,565.70,300.50,748.30,76.94,157.12,504.93,120.82,177.68,290.06,138.56,150.03,179.12,161.00,159.35,27.67,423.39,179.26,343.25,333.58,41.89,83.47,102.84,113.83
2025-09-26,254.97,203.27,159.46,269.18,219.78,333.89,51.94,500.03,102.27,913.41,66.46,156.86,294.28,604.47,247.02,246.38,798.55,407.45,281.15,35.50,178.58,313.12,1061.13,65.21,472.67,722.27,128.12,563.54,303.42,743.14,77.89,158.27,509.34,121.06,178.18,282.22,139.08,150.37,177.57,161.88,162.17,27.68,440.40,181.73,341.78,336.01,42.14,84.15,102.95,115.43
2025-09-29,253.95,204.29,161.36,270.16,222.17,327.27,52.15,499.25,102.02,914.33,66.96,152.88,293.29,601.74,244.20,243.89,800.15,404.19,276.69,34.48,180.47,312.75,1060.97,65.58,474.74,724.24,130.87,566.54,301.18,742.79,77.91,159.31,512.47,120.64,181.84,281.53,138.81,151.39,178.86,160.01,162.45,27.45,443.21,180.43,342.87,338.79,41.79,83.80,102.87,112.48
2025-09-30,254.15,204.08,161.79,278.27,219.57,329.28,51.32,502.74,100.38,923.06,67.65,152.09,300.48,614.19,243.39,242.94,792.42,402.59,279.02,33.55,184.25,312.49,1075.40,65.86,473.26,760.61,133.68,567.21,302.08,733.78,83.22,157.13,515.81,119.89,186.57,280.01,139.08,151.51,182.42,159.24,166.12,27.62,444.72,180.92,342.99,340.00,42.47,82.97,102.85,111.03
2025-10-01,254.96,217.04,164.01,294.35,220.63,332.75,50.42,498.20,97.62,914.79,67.97,151.39,300.54,605.45,245.38,244.74,781.64,394.47,283.30,35.94,184.88,307.82,1125.52,66.31,465.10,822.84,142.56,572.15,298.73,716.76,89.37,155.09,517.56,117.09,187.23,287.75,141.75,151.04,184.95,157.92,165.99,26.94,459.46,177.63,345.97,346.43,42.35,80.05,101.75,110.28
2025-10-02,256.64,222.87,169.73,293.26,222.41,337.53,50.22,495.92,96.26,914.23,67.54,150.21,299.11,605.53,246.27,245.53,775.54,392.47,283.53,37.30,184.81,304.69,1135.88,65.64,467.76,817.28,146.75,575.70,298.09,726.46,88.75,153.51,513.60,116.25,188.88,287.52,140.93,149.93,187.05,155.03,165.42,26.41,436.00,179.54,351.36,344.56,41.94,79.69,101.49,109.59
2025-10-03,257.53,216.83,164.67,293.74,219.51,337.72,50.38,498.75,96.66,912.84,67.56,150.38,296.66,594.30,246.29,245.19,786.08,392.52,285.16,36.83,187.45,307.14,1098.28,66.19,465.02,837.24,145.57,578.82,299.18,709.98,88.43,155.78,515.21,115.33,187.61,284.89,140.60,150.15,173.07,151.88,165.37,26.46,429.83,177.57,357.79,348.43,42.20,79.86,101.86,111.53
2025-10-06,256.20,223.19,203.71,290.03,220.90,334.85,50.13,500.02,96.96,908.41,68.54,150.84,297.88,602.52,251.35,250.27,792.85,386.83,286.20,36.59,186.97,307.79,1136.32,65.64,466.83,842.40,148.90,577.18,294.27,715.08,88.05,156.27,526.38,116.33,185.53,290.32,138.35,148.31,179.53,152.15,167.58,25.30,453.25,179.03,356.37,347.87,40.04,79.88,102.49,112.46
2025-10-07,255.99,210.88,211.51,291.43,221.78,335.77,50.03,502.30,96.72,912.26,68.62,151.71,301.40,605.42,246.97,245.60,785.75,384.32,290.60,37.17,187.70,306.31,1081.52,66.32,468.64,840.99,140.12,578.21,294.55,712.50,86.87,154.18,521.81,119.11,185.03,283.00,139.43,150.41,182.17,153.15,168.05,25.58,433.09,174.35,361.23,351.00,40.01,80.32,103.03,112.52
2025-10-08,257.57,216.81,235.56,290.52,225.22,344.84,49.58,499.84,95.63,912.26,69.96,150.57,302.21,624.73,245.30,244.46,772.68,381.32,286.24,37.43,188.49,302.66,1059.43,65.66,466.11,843.07,142.31,574.82,292.64,717.26,85.67,153.86,522.68,121.43,189.10,287.37,137.50,148.59,183.56,153.87,167.35,25.67,438.69,178.83,367.45,349.94,39.93,78.93,102.69,112.28
2025-10-09,253.56,219.60,232.89,291.32,227.74,344.36,49.53,496.74,94.86,940.27,69.59,148.51,299.01,633.54,242.05,241.37,776.11,375.26,285.02,37.80,189.87,304.16,1050.34,65.91,456.48,852.67,140.77,563.70,292.06,732.91,86.76,154.47,520.24,123.11,192.56,296.18,143.31,148.48,185.47,155.43,161.01,25.52,435.54,176.23,365.23,345.64,39.46,79.08,101.56,111.19
2025-10-10,244.80,209.28,214.90,286.09,216.37,324.01,48.40,489.13,92.89,927.43,67.58,145.83,291.16,603.86,237.34,236.42,760.59,373.34,274.73,36.37,189.52,299.54,979.83,66.57,452.15,830.88,131.15,556.64,295.24,704.73,85.26,150.11,508.84,122.01,183.15,292.19,148.63,147.60,175.44,159.02,156.56,25.57,413.49,169.08,352.13,342.26,39.17,76.84,101.63,109.04
2025-10-13,247.19,218.78,216.42,288.33,220.07,356.02,48.61,491.93,95.04,932.96,67.10,148.81,297.19,647.50,244.48,243.99,782.90,376.93,274.14,37.22,189.70,306.59,1021.96,66.33,454.96,816.84,137.58,558.40,298.32,715.12,84.97,153.35,511.92,121.90,188.31,307.20,147.45,145.43,177.21,158.03,157.70,25.29,435.90,172.44,356.26,341.92,39.07,78.12,101.91,110.53
2025-10-14,247.30,217.49,218.09,289.76,216.39,343.47,49.83,495.97,98.73,943.88,68.29,149.25,299.74,643.67,246.03,245.29,766.96,385.23,273.08,35.63,189.65,300.72,1022.66,67.04,457.56,809.81,138.08,567.07,302.74,708.07,83.98,153.55,511.44,121.54,180.02,298.21,150.07,147.08,179.74,157.63,158.25,25.83,429.24,171.28,357.53,346.98,39.86,83.71,106.99,110.58
2025-10-15,248.87,226.85,238.60,293.18,215.57,350.66,52.01,496.39,98.67,952.34,69.15,148.97,299.78,615.24,251.55,250.87,764.14,385.80,277.63,37.15,189.96,304.32,1083.78,66.61,449.76,823.98,144.54,561.97,303.43,716.97,83.40,160.78,511.30,120.33,179.82,302.82,149.70,145.36,179.62,156.30,155.86,25.77,435.15,172.59,358.74,344.30,39.69,85.59,108.81,109.91
2025-10-16,246.98,226.99,234.56,291.69,214.47,353.47,50.18,488.81,95.19,923.05,68.72,148.58,299.50,601.31,251.72,251.30,754.35,384.90,272.90,36.84,190.91,297.20,1095.54,67.12,442.61,816.82,142.14,549.06,303.51,711.49,83.21,158.18,509.49,118.36,181.80,312.17,151.19,147.51,178.12,154.57,155.91,25.90,428.75,172.80,354.29,334.05,39.67,83.15,106.25,108.95
2025-10-17,251.81,224.27,233.08,294.65,213.04,348.66,51.01,492.42,95.99,933.73,69.76,149.92,299.80,599.31,253.62,253.13,747.07,389.38,278.15,37.01,192.00,296.22,1103.37,67.96,449.24,800.32,141.28,560.13,306.25,716.34,84.07,156.85,511.45,119.94,183.21,290.54,152.22,149.29,178.15,156.63,156.81,26.03,439.31,173.88,354.22,340.51,39.86,82.44,107.51,110.53
2025-10-20,261.74,227.40,240.56,299.11,216.48,348.57,51.77,494.08,98.20,933.51,70.27,151.29,302.33,593.63,256.85,256.38,759.55,386.39,280.50,38.10,192.50,301.00,1149.47,67.96,449.90,806.43,143.81,565.51,305.93,731.57,85.59,160.11,514.65,123.86,182.63,276.45,152.15,149.84,181.59,156.63,159.55,25.80,447.43,176.85,362.05,343.02,40.10,85.15,106.83,110.98
2025-10-21,262.27,225.28,238.03,296.95,222.03,342.01,51.25,491.29,97.16,934.90,70.34,150.62,306.28,584.90,251.18,250.30,755.24,388.39,278.91,38.12,190.67,295.76,1144.02,70.72,448.43,797.07,144.80,571.17,305.65,732.67,86.88,157.40,515.52,124.14,181.15,274.42,151.70,149.51,181.51,150.63,171.79,25.75,442.60,178.08,362.93,345.81,39.61,83.90,106.00,110.99
2025-10-22,257.96,219.85,230.23,291.86,217.95,339.65,50.84,491.81,95.23,942.06,70.28,152.36,297.55,575.58,252.37,251.53,740.93,386.47,284.31,36.92,191.72,292.79,1111.01,70.32,448.27,809.89,141.02,570.50,308.26,732.81,86.87,156.30,518.38,111.64,180.27,271.94,151.55,150.08,175.49,155.44,176.69,25.25,438.97,168.10,359.08,343.97,39.12,83.03,106.92,112.96
2025-10-23,259.09,227.74,234.99,288.81,221.09,343.63,51.49,490.16,95.62,939.44,69.90,153.33,306.04,594.71,253.56,252.91,747.08,382.56,281.83,38.16,191.26,293.22,1155.56,69.45,448.43,818.47,147.30,572.91,305.14,733.40,86.44,157.48,518.40,111.36,182.15,279.33,150.04,150.09,180.48,156.27,178.14,24.33,448.98,169.56,358.04,344.57,37.75,83.61,106.64,114.21
2025-10-24,262.32,228.02,252.92,287.70,224.21,353.45,52.30,492.10,97.69,929.55,70.25,152.35,303.52,583.96,260.34,259.75,780.01,384.20,304.04,38.28,189.20,299.09,1179.31,69.22,444.36,822.87,151.43,572.81,303.97,737.76,86.75,161.98,521.44,109.47,186.25,282.58,150.08,151.41,184.63,156.20,177.36,24.85,433.72,166.55,360.08,345.98,38.16,85.54,105.95,113.63
2025-10-27,268.30,230.59,259.67,287.11,226.97,361.36,52.75,488.07,99.87,927.27,71.01,152.08,312.48,583.96,269.75,269.09,786.09,382.79,309.61,39.54,189.10,302.78,1211.52,69.57,443.19,823.82,156.64,571.50,308.15,750.21,87.25,164.11,529.32,109.46,191.48,280.66,151.15,150.67,189.18,151.83,177.94,25.23,452.42,166.82,363.54,346.42,38.56,86.13,104.26,114.17
2025-10-28,268.49,226.91,258.01,288.03,229.25,372.26,52.60,481.44,100.27,921.60,72.23,150.95,309.44,570.56,268.25,267.30,788.18,383.27,309.09,41.53,185.75,303.99,1202.46,69.67,441.10,817.53,155.36,565.08,304.57,750.83,86.29,163.31,539.83,110.25,201.02,280.09,148.67,150.30,189.60,148.46,177.38,25.40,460.55,164.36,365.38,345.50,38.65,86.02,102.96,113.28
2025-10-29,269.19,235.00,264.33,287.71,230.30,385.24,52.31,475.76,98.02,909.89,70.95,151.90,313.92,577.54,274.99,274.39,779.20,375.61,304.78,41.34,185.42,304.14,1231.61,67.87,430.42,810.98,160.41,553.75,300.55,751.06,85.85,162.14,539.31,110.04,207.03,274.57,144.74,147.72,198.81,145.44,175.08,24.85,461.51,157.81,352.89,339.90,39.52,85.13,102.25,114.68
2025-10-30,270.88,231.81,254.84,287.94,222.86,375.75,52.76,478.52,99.11,917.63,72.52,150.35,310.40,573.65,281.72,281.30,786.26,377.11,306.61,40.16,187.86,308.05,1210.80,68.50,428.33,841.86,160.75,552.85,300.63,665.93,85.55,163.36,523.58,108.90,202.88,256.21,146.12,148.53,194.55,144.44,176.14,24.39,440.10,158.06,342.45,343.64,38.30,85.12,102.02,112.94
2025-10-31,269.86,232.35,256.12,294.28,244.22,368.92,53.17,477.54,100.11,910.21,72.72,154.47,308.60,584.71,281.64,281.01,785.48,377.15,303.99,39.99,187.68,309.72,1205.15,68.42,416.77,860.16,157.20,551.16,296.65,647.82,85.25,163.10,515.67,111.89,202.48,261.92,144.67,149.31,200.47,143.03,177.21,24.46,456.56,160.41,339.28,339.37,39.06,86.09,100.97,112.62
2025-11-03,268.54,236.95,259.65,292.18,254.00,361.86,53.28,475.68,101.08,926.77,74.05,150.86,308.27,580.83,283.93,283.53,781.65,375.92,301.34,39.50,185.08,307.96,1215.52,67.50,410.67,893.72,160.97,543.25,294.60,637.19,81.79,162.75,514.89,110.01,206.87,257.17,142.21,146.98,207.18,143.29,175.76,24.25,468.37,160.41,331.56,335.54,38.80,86.42,101.38,112.03
2025-11-04,269.53,229.45,250.05,292.57,249.32,351.27,53.26,487.66,100.49,939.46,71.94,150.23,303.85,547.56,277.88,277.36,786.93,380.62,297.50,37.03,185.68,307.86,1189.94,68.18,416.41,904.02,155.52,551.92,297.43,626.81,83.15,163.11,512.20,109.30,198.68,247.52,141.52,146.13,190.74,146.33,174.34,24.16,444.26,158.33,328.62,338.93,38.65,86.25,102.06,112.40
2025-11-05,269.63,240.12,256.33,315.41,250.20,358.29,52.18,488.77,101.16,933.75,71.72,149.51,304.76,559.29,284.56,284.12,789.18,371.44,303.36,38.38,184.83,310.28,1223.45,68.03,416.70,922.91,164.78,552.48,303.85,635.43,83.67,164.27,505.06,109.85,195.20,249.65,141.48,144.76,187.90,147.06,172.74,24.28,462.07,162.51,325.55,338.67,39.01,86.07,101.26,111.95
2025-11-06,269.26,232.78,237.70,311.20,243.04,354.91,53.01,493.15,100.33,922.32,70.66,149.79,304.92,549.77,285.15,284.56,783.69,366.70,308.95,37.24,185.79,312.01,1202.82,68.58,413.80,934.51,161.92,552.45,296.63,618.44,85.05,162.52,495.04,109.70,188.07,243.16,140.21,145.10,175.05,148.55,173.83,24.45,445.91,160.33,319.41,335.60,39.14,85.17,101.47,112.76
2025-11-07,267.96,229.33,233.54,315.74,244.41,348.76,52.92,499.06,100.27,921.48,70.69,151.82,306.92,574.71,279.52,278.65,782.46,368.73,302.97,38.13,185.39,312.80,1189.83,70.06,418.97,921.48,159.09,551.14,297.87,621.20,85.55,161.47,494.76,110.37,188.14,238.63,141.57,145.94,177.93,152.00,175.69,24.54,429.52,159.51,322.04,334.67,39.35,85.62,102.38,115.43
2025-11-10,269.18,234.33,243.98,319.16,248.40,357.71,53.14,496.98,100.96,914.31,71.71,152.44,311.58,579.37,290.40,289.91,793.27,368.05,307.38,38.45,187.22,315.47,1214.33,70.03,419.13,963.61,166.10,552.13,297.32,631.25,86.01,164.15,503.90,112.01,199.04,240.20,141.24,144.47,193.61,153.67,177.73,24.54,445.23,159.54,319.43,333.50,39.17,85.68,102.21,116.42
2025-11-11,274.99,227.94,237.52,333.74,249.10,351.29,53.35,497.07,100.24,912.61,71.33,153.02,310.37,575.66,291.55,291.12,806.31,371.84,311.94,37.88,192.61,314.20,1187.36,71.11,425.08,985.53,158.92,557.51,305.00,626.57,90.18,165.59,506.57,113.64,193.15,235.53,143.67,147.49,190.96,155.38,177.92,24.89,439.62,158.69,325.26,337.55,40.01,85.77,103.23,117.96
2025-11-12,273.21,229.99,258.89,331.60,244.20,354.54,53.83,502.40,102.34,912.75,73.57,150.16,308.67,574.98,287.24,286.52,834.83,368.75,313.19,37.89,193.16,318.97,1195.41,71.01,427.39,1014.59,161.15,560.39,305.11,608.51,90.67,168.99,509.02,115.75,193.79,226.39,142.99,146.97,184.17,154.15,176.40,25.35,430.60,162.03,336.80,338.18,40.10,85.84,103.23,116.32
2025-11-13,272.69,222.52,247.96,331.32,237.58,339.33,52.60,513.11,100.15,923.82,76.97,152.37,303.82,557.76,278.94,278.39,801.53,365.70,303.13,35.91,194.02,308.09,1158.27,70.57,427.07,1019.67,153.07,554.74,305.75,609.39,92.14,164.70,501.21,115.42,186.85,217.00,143.62,146.92,172.14,153.75,172.70,25.45,401.99,161.18,330.30,335.39,40.41,84.29,102.33,116.98
2025-11-14,272.16,225.29,246.81,332.05,234.69,341.81,52.34,508.94,99.78,921.72,77.58,154.37,304.47,577.88,276.80,276.23,787.01,360.03,303.96,35.52,194.69,302.25,1130.95,70.66,421.84,1023.57,148.02,544.91,305.20,608.96,92.13,162.96,508.07,111.22,190.16,222.26,144.44,146.63,174.01,154.03,174.30,25.29,404.35,158.30,319.71,329.34,40.36,84.63,102.27,118.50
2025-11-17,267.21,227.98,240.52,336.96,232.87,342.00,51.21,503.26,97.68,911.34,77.37,151.63,299.79,576.60,285.41,284.83,771.73,355.73,295.49,34.71,198.32,299.02,1132.23,70.19,416.32,1020.00,147.22,536.04,303.08,601.52,92.07,158.58,505.39,110.29,186.59,219.28,146.40,144.79,171.25,151.38,174.36,25.17,408.92,153.98,318.38,325.08,40.31,83.01,102.74,116.90
2025-11-18,267.19,224.40,230.29,339.20,222.55,339.85,51.37,504.37,97.81,893.86,76.96,152.13,295.67,554.52,284.77,284.09,772.47,334.32,288.31,34.33,198.74,298.07,1121.63,70.72,413.20,1028.33,143.00,526.79,302.77,597.20,95.61,158.95,491.75,114.09,181.35,219.91,147.33,145.95,167.33,154.44,173.46,25.30,401.25,156.30,311.49,320.52,40.77,83.45,101.18,118.24
2025-11-19,268.31,234.38,223.55,337.64,222.69,353.74,51.75,501.26,99.31,889.38,77.97,150.23,300.48,594.93,292.80,292.62,782.11,332.35,286.89,35.11,201.23,301.91,1165.94,70.61,411.68,1047.85,148.56,529.56,300.93,589.84,94.24,161.40,485.10,110.00,186.51,224.94,145.69,145.95,165.42,154.20,172.51,24.98,403.99,156.07,307.03,323.45,40.49,83.75,100.41,116.57
2025-11-20,266.00,219.96,206.02,331.39,217.14,346.16,50.74,501.12,97.12,892.07,75.04,148.85,290.29,557.62,289.79,289.26,769.88,330.24,288.75,33.62,201.79,297.04,1101.02,70.71,407.01,1041.55,139.36,527.09,302.35,588.67,94.17,157.83,477.34,105.67,180.63,210.13,144.68,147.15,155.74,154.24,171.48,25.22,395.23,152.34,309.46,323.10,40.06,82.00,106.89,116.25
2025-11-21,271.24,223.73,203.78,335.22,220.69,339.55,51.29,504.04,98.19,897.78,75.69,148.53,287.11,555.43,299.45,299.46,770.21,341.11,295.75,34.50,202.61,296.68,1095.70,72.44,411.23,1057.93,142.42,539.59,307.50,593.77,96.93,157.30,471.04,104.31,178.87,198.24,144.91,149.86,154.85,153.84,169.12,25.63,391.09,158.37,317.83,327.31,40.53,82.70,105.11,116.30
2025-11-24,275.66,230.62,215.05,332.00,226.28,377.24,51.66,507.81,99.17,884.91,75.83,148.30,293.71,580.06,318.26,318.37,786.81,334.42,302.40,35.79,204.75,296.66,1135.25,72.08,406.17,1068.38,150.13,537.04,303.08,612.55,99.55,161.94,472.92,106.97,182.54,199.75,144.09,145.94,162.25,149.69,172.64,25.32,417.78,160.21,316.92,328.62,39.52,84.25,103.85,115.20
2025-11-25,276.71,242.16,206.13,338.76,229.67,384.29,52.21,508.57,100.65,893.11,75.91,147.09,293.10,572.14,323.43,323.23,798.36,348.81,302.75,35.83,206.67,301.64,1144.40,72.10,406.35,1108.09,151.68,545.65,308.60,635.70,104.76,164.52,475.90,104.40,177.81,196.51,144.69,147.44,163.55,155.99,171.58,25.56,419.40,160.72,324.10,333.84,39.90,84.68,106.78,113.75
2025-11-26,277.29,249.66,214.24,342.20,229.16,396.81,52.72,511.23,101.97,907.02,75.67,148.06,296.28,589.29,320.07,319.74,811.98,353.19,301.49,36.81,207.56,306.26,1157.57,72.37,406.40,1102.50,154.89,544.11,310.54,633.09,103.74,167.02,484.39,106.14,180.25,204.42,146.55,147.20,165.77,155.08,172.62,25.52,426.58,164.28,327.51,333.10,40.18,85.14,108.88,114.01
2025-11-28,278.59,251.94,217.53,343.08,233.22,402.19,53.37,513.81,103.06,912.34,76.53,149.67,298.11,599.33,319.91,319.97,821.97,354.63,306.83,40.56,206.92,311.67,1173.94,72.61,408.81,1073.68,155.74,549.70,309.96,647.42,103.94,168.73,490.89,107.58,176.99,201.42,147.30,147.12,168.45,156.06,174.33,25.72,430.17,167.18,327.57,333.75,40.41,85.43,110.29,115.15
2025-12-01,282.84,254.43,219.76,335.17,233.88,385.34,52.96,508.55,102.15,910.72,75.64,151.06,288.12,576.48,314.91,314.68,806.86,355.03,303.94,40.01,205.34,307.53,1155.68,71.95,405.65,1056.13,154.54,543.15,303.57,640.35,100.97,167.55,485.63,109.13,179.91,200.41,148.06,146.40,167.49,154.74,167.46,25.49,430.14,167.07,321.05,329.71,40.05,84.98,111.30,115.86
2025-12-02,285.92,265.00,215.24,336.03,234.42,380.84,52.92,506.65,102.65,920.77,76.46,148.79,288.99,601.14,315.81,315.60,815.21,351.75,300.07,43.47,205.42,306.50,1188.32,70.67,407.29,1044.38,157.93,545.09,300.72,646.57,100.17,168.16,488.88,109.35,181.45,200.57,147.17,144.83,170.69,153.22,168.24,25.22,429.24,174.12,322.37,328.94,39.92,85.90,112.18,114.62
2025-12-03,283.88,268.30,217.60,343.04,232.38,379.88,53.81,503.60,106.17,921.00,77.34,150.12,288.16,601.53,320.41,319.42,836.57,355.61,300.90,43.76,205.33,310.73,1210.18,70.81,409.15,1031.84,159.75,552.90,307.71,639.08,101.40,172.77,476.64,103.96,179.58,207.18,146.63,145.68,176.08,150.34,167.89,25.03,446.74,181.42,337.44,328.93,39.98,88.91,114.18,117.02
2025-12-04,280.44,269.10,215.98,337.82,229.11,380.30,53.88,503.23,107.23,894.64,77.35,150.78,291.53,628.65,318.18,317.41,837.83,351.17,306.24,40.50,202.48,314.68,1206.51,70.45,403.73,1012.80,157.09,541.50,308.54,660.99,100.03,173.93,479.74,103.22,183.38,213.76,145.49,144.34,177.92,147.24,170.74,25.10,454.53,178.95,331.26,326.43,40.56,89.77,114.61,116.36
2025-12-05,278.52,267.67,217.97,327.62,229.53,389.49,53.95,504.34,108.32,893.46,77.56,148.55,283.62,630.86,321.88,321.06,854.56,354.61,306.19,41.41,201.93,313.63,1212.88,70.00,399.57,1008.63,158.70,544.70,311.23,672.87,98.87,175.54,482.06,100.24,182.41,217.01,145.02,142.44,181.76,146.47,170.53,24.99,455.00,181.36,328.70,330.56,40.98,89.39,114.88,115.77
2025-12-08,277.63,267.83,221.11,319.02,226.89,400.33,53.90,497.23,108.36,886.31,78.44,147.27,286.86,621.44,314.45,313.72,866.69,349.91,307.43,40.30,201.62,313.79,1223.00,70.25,389.38,995.93,162.74,539.63,309.79,666.26,98.09,175.86,489.90,96.79,185.55,219.96,145.63,137.36,181.49,146.95,170.95,24.55,439.58,179.77,323.62,326.17,40.60,89.62,113.33,115.21
2025-12-09,276.92,266.81,221.62,311.69,227.92,405.51,53.54,491.43,108.86,887.23,79.09,147.05,284.98,624.84,317.75,317.08,876.58,345.27,308.72,40.50,199.96,299.16,1224.02,70.09,390.38,980.58,165.81,536.74,310.79,656.42,96.07,177.85,490.90,96.71,184.97,220.95,144.64,138.65,181.84,149.01,171.36,24.23,445.17,178.36,323.60,325.83,39.46,88.46,114.83,117.47
2025-12-10,278.52,274.81,221.42,313.21,231.78,412.18,54.08,490.43,110.51,873.22,79.82,149.94,283.28,722.47,321.00,320.21,889.24,351.13,310.90,40.78,206.54,308.72,1237.30,70.21,392.68,991.98,168.26,538.05,310.53,649.60,96.79,178.72,477.47,92.71,183.78,222.42,149.70,138.83,187.91,148.42,174.14,24.11,451.45,180.49,328.37,325.06,39.24,90.25,112.95,118.75
2025-12-11,277.77,269.77,221.43,315.20,230.28,405.59,54.56,495.85,111.16,883.27,78.85,149.26,288.09,703.68,313.70,312.43,911.03,357.46,308.98,39.51,210.01,315.95,1244.56,69.11,403.30,1007.70,168.71,562.53,309.71,652.18,98.17,179.30,482.37,94.09,180.93,198.33,149.04,139.77,187.54,149.59,176.83,24.02,446.89,180.49,336.73,344.92,39.53,92.14,115.28,118.75
2025-12-12,278.02,258.89,210.78,315.55,226.19,359.24,55.14,499.52,111.22,883.26,77.39,148.54,299.47,671.22,310.52,309.29,887.96,359.65,307.49,37.81,211.58,317.09,1192.37,70.52,416.24,1025.80,160.52,571.07,316.72,643.71,99.45,177.43,477.44,95.19,175.02,189.47,150.65,141.83,183.57,152.26,178.07,24.30,458.96,178.26,341.84,347.11,40.19,92.31,116.70,118.03
2025-12-15,273.85,260.94,207.58,323.07,222.54,339.16,55.33,506.38,112.22,859.39,77.83,148.35,300.64,680.85,309.32,308.22,889.59,356.99,306.91,37.51,214.17,318.58,1223.52,70.97,416.99,1060.42,164.30,568.28,318.73,647.51,100.26,176.82,473.74,93.77,176.29,184.43,151.22,144.11,183.25,156.98,181.51,24.03,475.31,176.82,341.10,346.18,40.10,92.45,116.79,116.98
2025-12-16,274.35,258.52,209.17,324.49,222.56,340.65,54.81,499.84,110.70,859.22,77.14,145.33,298.39,685.72,307.73,306.57,879.15,352.68,301.46,37.31,209.30,314.13,1221.78,70.37,423.51,1052.53,163.26,565.17,314.50,657.15,98.27,175.54,475.31,94.57,177.72,188.15,150.37,144.19,187.75,156.52,179.33,23.79,489.88,176.41,334.20,344.40,40.06,91.74,115.42,113.92
2025-12-17,271.59,247.96,198.11,323.77,221.27,325.40,54.55,504.27,110.88,861.47,75.60,148.07,291.85,613.74,298.06,296.72,872.33,356.75,301.60,36.05,210.33,313.57,1170.50,70.67,422.34,1040.05,154.98,564.62,318.69,649.50,99.18,173.84,475.04,94.79,170.94,177.99,150.08,146.77,177.29,157.18,176.61,24.08,467.26,173.36,331.63,343.70,40.18,92.14,115.66,116.63
2025-12-18,271.94,253.18,201.06,322.19,226.76,329.25,54.26,503.39,112.24,856.42,76.54,146.26,301.35,638.96,303.75,302.46,876.30,354.99,298.75,36.28,208.31,311.59,1220.80,70.36,418.99,1055.12,164.70,565.36,319.65,664.45,100.69,172.01,482.88,94.00,174.14,179.56,149.37,144.49,185.69,155.89,177.70,23.98,483.37,175.05,328.14,345.30,39.72,91.03,114.83,115.77
2025-12-19,273.41,256.09,213.43,325.13,227.35,339.71,55.27,494.53,114.26,854.45,78.00,146.32,306.86,657.80,308.61,307.16,893.48,345.00,299.27,36.82,206.37,315.79,1244.05,70.06,421.43,1069.65,172.27,571.37,315.84,658.77,101.09,176.01,484.81,94.39,180.99,191.46,148.16,143.44,193.38,155.42,181.41,23.87,481.20,175.15,327.42,348.53,39.14,92.56,114.36,115.92
2025-12-22,270.72,258.69,214.95,329.11,228.43,341.45,55.88,499.95,117.48,848.84,77.69,148.35,314.37,661.32,311.33,309.78,899.00,346.39,301.07,36.37,207.32,321.64,1264.02,70.21,423.51,1074.69,175.26,574.84,316.22,661.50,104.72,178.77,483.82,93.23,183.69,197.86,147.05,141.68,193.98,158.26,185.07,24.02,488.73,177.66,325.16,351.37,39.30,93.82,112.60,117.37
2025-12-23,272.11,259.91,214.90,329.21,232.14,349.32,55.97,500.51,118.78,853.62,77.60,149.05,315.17,660.96,315.68,314.35,901.71,344.97,302.06,36.35,205.78,324.47,1267.10,69.87,425.10,1069.85,175.16,575.49,310.84,664.94,105.04,178.52,485.74,93.50,189.21,194.82,143.68,142.17,194.13,160.60,185.15,24.18,485.56,175.93,324.80,352.65,39.24,94.01,110.90,118.63
2025-12-24,273.55,260.46,215.04,331.66,232.38,350.22,56.25,501.34,120.93,870.67,77.60,149.04,316.39,666.83,315.67,314.09,910.78,347.34,302.83,36.16,207.78,327.69,1275.33,70.11,424.90,1075.19,177.33,578.58,313.33,667.55,106.45,180.65,486.91,93.64,188.61,196.97,143.74,143.47,194.17,161.17,185.76,24.37,485.40,175.98,327.58,354.41,39.63,94.83,111.61,118.43
2025-12-26,273.14,261.57,214.99,330.64,232.52,352.13,56.17,498.30,119.80,872.16,77.74,148.57,314.78,662.97,314.96,313.51,907.04,349.78,303.36,36.20,207.63,326.44,1277.94,69.87,424.77,1075.95,178.07,578.73,310.68,663.29,106.78,180.87,486.60,94.47,190.53,197.47,143.78,143.72,188.71,161.05,184.56,24.36,475.19,175.73,331.83,354.27,39.79,94.79,111.74,118.32
2025-12-29,273.50,262.72,215.61,327.36,232.07,349.39,55.35,501.05,117.52,866.66,77.38,149.53,311.58,662.97,314.39,313.56,892.18,347.45,304.01,36.68,207.56,322.30,1258.75,70.16,426.54,1076.93,175.87,577.03,308.53,658.69,106.62,178.95,485.99,94.15,188.22,194.86,144.24,143.55,184.18,161.94,183.81,24.48,459.64,174.55,328.94,353.88,39.79,94.06,112.53,119.73
2025-12-30,272.82,259.65,215.34,326.43,232.53,349.85,55.28,503.71,116.60,864.47,77.00,150.83,311.79,659.15,314.55,313.85,884.42,346.35,300.34,37.30,206.91,321.97,1242.04,70.07,428.36,1077.95,173.78,576.55,308.03,665.95,106.06,178.10,486.37,93.78,187.54,196.69,144.16,143.03,180.84,161.95,183.40,24.52,454.43,174.28,332.16,352.89,40.01,93.85,111.92,120.19
2025-12-31,271.61,256.67,214.16,325.06,230.82,346.10,55.00,502.65,116.08,861.16,76.62,150.93,308.03,653.09,313.80,313.00,879.00,344.10,294.53,36.90,206.95,320.77,1213.50,69.91,426.39,1072.89,171.18,570.02,305.63,660.09,105.26,176.56,482.52,93.76,186.50,194.40,143.52,142.30,177.75,160.40,182.79,24.55,449.72,172.36,330.11,349.99,40.04,92.74,111.41,119.54
2026-01-02,270.76,268.54,223.47,325.39,226.50,347.62,55.95,496.85,118.08,853.33,76.04,154.39,320.75,679.05,315.32,315.15,914.34,345.82,289.85,39.38,207.35,324.02,1272.82,69.12,429.11,1078.56,185.06,562.29,303.26,650.41,106.45,180.90,471.86,90.99,188.85,195.19,142.23,140.79,167.86,160.30,186.63,24.28,438.07,176.37,336.40,345.77,39.83,94.73,112.76,121.84
2026-01-05,267.01,283.97,221.08,318.51,233.06,343.42,56.89,498.52,122.66,874.55,75.58,162.26,324.32,680.86,317.32,316.54,948.44,344.09,293.30,39.37,204.31,332.54,1350.69,67.94,433.10,1039.77,194.76,567.72,299.86,658.79,107.44,185.52,471.77,91.46,188.12,192.08,139.92,139.38,174.04,159.86,187.64,24.42,451.67,176.02,342.02,353.07,39.54,95.91,112.71,124.53
2026-01-06,262.11,295.64,214.35,327.90,240.93,343.77,57.25,499.05,121.86,887.89,75.23,155.02,327.54,686.33,314.55,314.34,955.47,349.29,300.76,40.04,204.79,334.61,1393.19,67.84,437.16,1062.27,206.96,579.47,302.77,660.62,108.87,186.72,477.42,90.65,187.24,193.24,138.96,138.92,179.71,155.16,189.77,24.06,432.96,190.85,348.97,356.82,39.61,95.92,114.34,120.25
2026-01-07,260.09,291.84,210.02,339.29,241.56,343.50,55.64,496.12,120.74,881.38,74.72,153.70,323.64,662.32,322.43,321.98,941.02,349.06,295.05,42.63,207.49,326.99,1357.93,67.54,434.14,1106.24,203.08,579.05,304.16,648.69,108.60,183.78,482.37,90.73,189.11,192.33,137.01,137.07,181.68,155.15,185.12,23.69,431.41,184.51,341.70,355.15,39.45,93.83,112.72,117.71
2026-01-08,258.80,281.29,204.68,327.84,246.29,332.48,56.18,499.77,119.97,914.06,73.96,157.71,314.44,628.40,326.01,325.44,934.83,359.56,301.00,41.11,205.75,329.79,1322.88,69.37,439.69,1083.38,200.96,579.20,308.88,646.06,110.99,183.67,477.02,90.53,185.04,189.15,139.37,140.53,176.86,158.81,186.55,23.89,435.80,187.23,346.85,351.51,39.88,95.13,113.07,122.10
2026-01-09,259.13,300.80,203.17,323.86,247.38,344.97,55.85,499.10,120.69,923.62,73.88,160.54,321.59,622.50,329.14,328.57,938.98,374.64,302.50,45.55,204.39,329.19,1398.18,70.51,444.08,1061.79,218.36,575.54,307.32,653.06,110.53,185.30,478.19,89.46,184.86,198.52,139.91,140.87,177.49,162.61,187.88,23.71,445.01,189.08,343.98,349.05,39.77,95.48,114.53,123.78
2026-01-12,260.01,306.86,207.69,323.30,246.47,352.21,55.19,498.67,117.09,941.79,74.01,160.77,324.17,639.77,332.73,331.86,949.55,374.94,310.41,44.06,209.72,324.49,1426.32,70.50,443.63,1079.20,220.40,566.28,306.75,641.97,109.19,185.55,476.09,89.41,184.94,204.68,141.36,142.45,179.41,165.16,193.21,23.74,448.96,187.84,340.51,342.49,39.84,94.50,117.97,123.21
2026-01-13,260.81,304.49,220.97,322.07,242.60,354.61,54.54,495.24,115.70,940.64,75.47,162.28,327.23,652.09,336.43,335.97,938.15,379.74,301.44,47.29,213.65,310.90,1439.95,71.24,442.90,1075.40,214.38,544.99,309.44,631.09,108.26,181.76,469.60,90.32,185.81,202.29,143.48,143.22,178.96,165.85,193.44,23.30,447.20,187.31,333.93,327.21,39.01,93.10,120.36,125.70
2026-01-14,259.72,301.51,223.60,326.71,236.65,339.89,52.48,493.15,111.83,949.68,74.41,165.62,318.88,644.18,336.31,335.84,932.67,375.95,307.28,48.72,218.55,307.87,1432.64,71.44,439.98,1071.50,208.79,546.82,308.13,615.52,111.01,179.79,458.33,88.55,183.14,193.61,145.92,145.32,178.40,171.08,198.18,23.61,439.20,192.20,334.96,328.49,39.83,88.81,120.04,129.34
2026-01-15,257.97,318.68,227.92,327.76,238.18,343.02,52.59,492.62,116.85,955.44,75.25,164.55,319.94,642.23,333.16,332.78,975.86,379.16,296.26,48.32,219.57,309.26,1542.96,70.48,440.04,1031.25,217.47,542.65,308.62,620.80,110.97,190.18,455.62,88.05,187.05,189.85,146.57,143.61,177.07,172.56,199.17,23.73,438.57,187.89,338.96,327.08,39.36,88.52,119.20,128.28
2026-01-16,255.29,326.60,231.83,328.14,239.12,351.71,52.97,493.29,117.43,962.30,75.19,164.65,325.12,681.55,330.34,330.00,962.00,380.17,303.94,46.96,218.66,312.47,1565.79,70.44,438.96,1036.67,222.96,539.49,307.43,620.25,108.83,188.05,458.81,88.00,186.23,191.09,146.32,143.51,170.96,173.62,201.25,23.49,437.50,190.34,331.02,327.62,38.91,87.95,119.70,129.03
2026-01-20,246.47,317.83,231.92,328.72,231.00,332.60,52.10,485.39,112.22,962.94,73.35,163.70,312.34,684.86,322.16,322.00,943.37,375.11,289.70,48.56,218.21,302.74,1484.25,71.75,433.15,1039.55,222.41,531.74,302.84,604.12,109.45,181.10,453.48,87.26,178.07,179.92,147.66,145.96,168.53,167.18,195.71,23.45,419.25,188.36,338.43,325.15,39.08,86.24,118.71,129.60
2026-01-21,247.42,324.83,249.80,341.24,231.31,328.80,52.07,483.83,113.27,981.52,73.69,165.11,318.50,667.89,328.38,328.38,953.01,384.64,295.85,54.25,218.01,302.04,1518.03,72.01,439.35,1076.72,228.39,527.57,305.69,612.96,111.11,182.31,443.10,85.36,183.32,173.88,146.74,145.03,165.33,168.81,196.85,23.50,431.44,193.15,347.75,324.61,39.24,85.70,119.36,132.73
2026-01-22,248.12,318.39,253.73,344.68,234.34,325.49,52.45,484.49,115.06,974.84,74.33,165.05,295.00,661.67,330.84,330.54,954.65,381.03,293.00,54.32,218.49,303.63,1498.05,71.87,445.64,1085.57,220.70,532.86,306.03,647.63,109.18,182.05,450.11,83.54,184.84,178.18,144.40,148.87,165.90,170.05,195.69,23.58,449.36,193.73,354.47,325.69,39.48,87.61,117.83,132.76
2026-01-23,247.81,321.98,259.68,342.38,239.16,320.05,51.72,478.97,113.00,981.91,74.59,165.10,293.87,657.78,328.43,327.93,918.88,383.77,290.78,45.07,220.14,297.72,1510.82,72.88,451.57,1062.52,217.94,524.74,309.25,658.76,108.18,178.02,464.89,86.12,187.67,177.16,144.58,150.15,169.60,173.02,195.28,23.59,449.06,192.06,356.26,325.51,39.52,86.53,117.73,134.08
2026-01-26,255.17,319.06,251.31,347.28,238.42,324.85,52.02,483.47,114.22,976.34,77.01,165.88,295.06,665.99,333.59,333.26,931.86,386.53,294.65,42.49,221.49,301.04,1541.03,72.56,455.03,1060.98,222.87,527.36,312.95,672.36,107.40,180.88,469.21,85.70,186.47,182.44,145.87,149.49,167.47,175.76,193.49,23.45,435.20,195.32,351.64,327.81,39.62,87.62,117.64,133.95
2026-01-27,258.03,332.30,252.03,348.90,244.68,332.79,52.17,474.67,114.19,968.96,78.68,167.41,297.47,692.70,335.00,334.55,929.72,380.36,292.19,43.93,224.44,300.31,1614.23,73.55,453.03,1037.78,238.46,520.41,314.13,672.97,107.92,181.66,479.49,85.58,188.52,174.90,148.78,148.34,165.70,178.88,200.61,23.00,430.90,195.35,282.70,324.59,39.32,88.28,116.94,135.92
2026-01-28,256.20,336.33,252.74,339.87,243.01,333.24,51.81,473.49,113.61,959.47,78.96,168.28,292.48,711.59,336.28,336.01,936.81,375.30,292.49,48.78,227.72,300.77,1625.09,73.06,451.50,1022.09,239.58,521.37,312.80,668.73,106.90,181.34,480.53,84.64,191.52,172.80,148.50,147.34,157.35,178.59,198.80,24.07,431.46,214.77,294.02,326.31,39.41,87.60,116.57,136.67
2026-01-29,258.04,340.91,252.18,340.58,241.73,330.73,53.08,476.79,114.60,951.59,78.43,169.53,298.86,717.39,338.66,338.25,940.12,371.81,307.49,48.66,227.29,306.42,1682.52,73.43,455.00,1022.43,248.17,543.73,315.51,738.31,108.34,181.40,432.51,83.16,192.51,169.01,148.69,149.90,151.86,177.89,199.22,25.13,416.56,217.55,292.29,331.12,39.81,90.20,117.41,139.58
2026-01-30,259.24,321.92,236.73,339.53,239.30,331.30,53.20,480.53,115.11,940.25,78.32,175.19,306.79,726.37,338.53,338.00,935.41,374.59,304.96,46.47,227.25,305.89,1426.09,74.81,456.97,1035.42,233.46,538.79,315.00,716.50,110.27,182.80,429.31,83.49,191.13,164.58,153.63,151.77,146.59,179.44,200.26,26.21,430.41,215.55,286.93,321.17,44.52,90.05,119.14,140.46
2026-02-02,269.76,327.99,246.27,342.31,242.96,331.11,54.03,487.29,116.23,968.36,80.64,172.34,308.71,754.97,344.90,343.69,946.33,378.12,312.95,48.81,230.75,308.14,1408.62,75.33,460.16,1042.39,237.50,555.37,318.53,706.41,113.37,185.10,422.41,82.76,185.61,160.06,155.20,153.19,147.76,179.94,200.42,26.30,421.81,225.01,285.59,333.15,44.61,91.82,124.06,137.48
2026-02-03,269.23,318.27,242.11,336.26,238.62,320.33,54.45,493.74,117.71,977.92,83.11,176.32,309.93,780.25,340.70,339.71,938.99,381.10,292.64,49.25,233.10,314.85,1353.78,76.89,463.57,1001.79,230.10,550.72,319.48,691.70,115.84,182.91,410.27,79.94,180.34,154.67,162.85,155.32,157.88,177.00,202.83,26.83,421.96,225.21,284.18,328.25,46.25,91.86,127.71,142.78
2026-02-04,276.23,297.23,200.19,363.68,232.99,308.05,55.38,503.83,117.43,978.35,81.16,179.47,308.34,746.22,333.34,333.04,913.30,387.20,287.41,48.60,234.47,317.27,1305.52,77.35,473.33,1105.28,209.78,553.52,323.69,668.99,118.33,180.08,413.25,80.16,174.19,146.67,166.18,156.87,139.54,180.39,196.09,27.22,406.01,222.92,275.92,329.27,47.01,92.68,128.00,146.61
2026-02-05,275.65,303.61,192.50,365.27,222.69,310.51,54.94,503.89,115.74,989.29,82.36,177.49,306.37,737.53,331.33,331.25,890.41,382.37,288.25,48.24,237.79,310.16,1329.30,78.51,459.69,1019.14,213.31,551.89,323.48,670.21,119.75,175.84,392.77,80.87,171.88,136.48,167.53,158.61,130.01,182.00,195.32,27.31,397.21,223.98,268.55,328.45,47.10,91.56,126.94,145.11
2026-02-06,277.86,322.11,208.44,381.68,210.32,332.92,56.53,508.09,122.69,1001.16,84.82,179.11,321.00,779.35,323.10,322.86,928.75,385.15,297.24,50.59,239.99,322.40,1441.08,79.03,448.24,1056.42,231.01,548.74,327.16,661.46,121.93,179.96,400.23,82.20,185.41,142.82,170.49,159.17,135.90,182.81,198.00,27.13,411.11,221.44,276.65,330.90,46.31,93.97,131.18,148.06
